160 12720
0 1 16
0 2 6
0 3 69
0 4 48
0 5 14
0 6 18
0 7 9
0 8 18
0 9 11
0 10 8
0 11 77
0 12 81
0 13 42
0 14 70
0 15 21
0 16 19
0 17 82
0 18 99
0 19 82
0 20 72
0 21 98
0 22 70
0 23 96
0 24 75
0 25 51
0 26 36
0 27 93
0 28 52
0 29 72
0 30 100
0 31 67
0 32 99
0 33 89
0 34 4
0 35 19
0 36 29
0 37 2
0 38 65
0 39 95
0 40 56
0 41 36
0 42 95
0 43 87
0 44 58
0 45 66
0 46 100
0 47 23
0 48 76
0 49 41
0 50 68
0 51 92
0 52 50
0 53 3
0 54 6
0 55 4
0 56 38
0 57 61
0 58 41
0 59 82
0 60 62
0 61 8
0 62 32
0 63 98
0 64 29
0 65 12
0 66 92
0 67 35
0 68 99
0 69 56
0 70 7
0 71 47
0 72 9
0 73 49
0 74 35
0 75 73
0 76 87
0 77 49
0 78 79
0 79 75
0 80 41
0 81 76
0 82 9
0 83 24
0 84 6
0 85 87
0 86 4
0 87 84
0 88 14
0 89 94
0 90 59
0 91 55
0 92 76
0 93 37
0 94 72
0 95 14
0 96 83
0 97 35
0 98 89
0 99 40
0 100 2
0 101 41
0 102 99
0 103 33
0 104 71
0 105 91
0 106 44
0 107 43
0 108 46
0 109 86
0 110 24
0 111 47
0 112 70
0 113 28
0 114 97
0 115 62
0 116 64
0 117 28
0 118 86
0 119 45
0 120 24
0 121 56
0 122 8
0 123 14
0 124 65
0 125 76
0 126 61
0 127 33
0 128 13
0 129 39
0 130 4
0 131 34
0 132 60
0 133 21
0 134 26
0 135 49
0 136 95
0 137 11
0 138 76
0 139 51
0 140 10
0 141 75
0 142 9
0 143 80
0 144 77
0 145 30
0 146 48
0 147 14
0 148 92
0 149 36
0 150 77
0 151 58
0 152 46
0 153 35
0 154 40
0 155 4
0 156 7
0 157 78
0 158 36
0 159 41
1 2 11
1 3 92
1 4 6
1 5 45
1 6 72
1 7 1
1 8 27
1 9 35
1 10 100
1 11 31
1 12 22
1 13 84
1 14 28
1 15 94
1 16 33
1 17 73
1 18 53
1 19 86
1 20 37
1 21 94
1 22 29
1 23 32
1 24 16
1 25 2
1 26 25
1 27 86
1 28 52
1 29 79
1 30 42
1 31 72
1 32 22
1 33 85
1 34 13
1 35 97
1 36 37
1 37 1
1 38 7
1 39 72
1 40 59
1 41 55
1 42 54
1 43 36
1 44 42
1 45 85
1 46 28
1 47 89
1 48 67
1 49 44
1 50 57
1 51 99
1 52 83
1 53 71
1 54 36
1 55 73
1 56 21
1 57 14
1 58 10
1 59 81
1 60 63
1 61 21
1 62 28
1 63 83
1 64 99
1 65 100
1 66 38
1 67 50
1 68 38
1 69 60
1 70 81
1 71 48
1 72 52
1 73 17
1 74 85
1 75 82
1 76 85
1 77 52
1 78 43
1 79 78
1 80 85
1 81 79
1 82 46
1 83 21
1 84 76
1 85 10
1 86 82
1 87 21
1 88 5
1 89 7
1 90 15
1 91 81
1 92 95
1 93 1
1 94 99
1 95 99
1 96 77
1 97 52
1 98 28
1 99 95
1 100 61
1 101 66
1 102 82
1 103 76
1 104 99
1 105 25
1 106 94
1 107 72
1 108 40
1 109 55
1 110 5
1 111 33
1 112 69
1 113 34
1 114 32
1 115 97
1 116 36
1 117 81
1 118 64
1 119 42
1 120 31
1 121 42
1 122 50
1 123 12
1 124 16
1 125 89
1 126 41
1 127 7
1 128 79
1 129 76
1 130 33
1 131 91
1 132 68
1 133 94
1 134 35
1 135 17
1 136 62
1 137 8
1 138 90
1 139 28
1 140 39
1 141 96
1 142 64
1 143 39
1 144 34
1 145 33
1 146 98
1 147 59
1 148 38
1 149 68
1 150 53
1 151 41
1 152 48
1 153 58
1 154 89
1 155 62
1 156 73
1 157 20
1 158 63
1 159 2
2 3 25
2 4 64
2 5 54
2 6 96
2 7 67
2 8 56
2 9 39
2 10 93
2 11 77
2 12 93
2 13 49
2 14 28
2 15 16
2 16 30
2 17 80
2 18 54
2 19 33
2 20 32
2 21 100
2 22 61
2 23 60
2 24 59
2 25 28
2 26 41
2 27 13
2 28 81
2 29 67
2 30 20
2 31 72
2 32 95
2 33 77
2 34 98
2 35 60
2 36 94
2 37 17
2 38 87
2 39 37
2 40 78
2 41 57
2 42 5
2 43 27
2 44 85
2 45 51
2 46 58
2 47 75
2 48 62
2 49 57
2 50 37
2 51 25
2 52 86
2 53 24
2 54 58
2 55 97
2 56 62
2 57 63
2 58 32
2 59 74
2 60 3
2 61 37
2 62 36
2 63 12
2 64 6
2 65 81
2 66 6
2 67 100
2 68 58
2 69 79
2 70 59
2 71 92
2 72 48
2 73 62
2 74 7
2 75 55
2 76 87
2 77 15
2 78 26
2 79 91
2 80 83
2 81 17
2 82 90
2 83 61
2 84 98
2 85 93
2 86 21
2 87 19
2 88 66
2 89 9
2 90 79
2 91 18
2 92 23
2 93 55
2 94 47
2 95 91
2 96 5
2 97 98
2 98 64
2 99 65
2 100 47
2 101 39
2 102 17
2 103 27
2 104 76
2 105 68
2 106 52
2 107 2
2 108 21
2 109 56
2 110 18
2 111 83
2 112 86
2 113 73
2 114 62
2 115 29
2 116 49
2 117 32
2 118 88
2 119 36
2 120 54
2 121 27
2 122 69
2 123 31
2 124 49
2 125 65
2 126 39
2 127 31
2 128 35
2 129 2
2 130 63
2 131 59
2 132 76
2 133 10
2 134 98
2 135 66
2 136 93
2 137 68
2 138 78
2 139 15
2 140 8
2 141 22
2 142 73
2 143 4
2 144 76
2 145 26
2 146 28
2 147 87
2 148 14
2 149 6
2 150 70
2 151 86
2 152 88
2 153 73
2 154 96
2 155 44
2 156 35
2 157 66
2 158 91
2 159 83
3 4 84
3 5 48
3 6 78
3 7 79
3 8 59
3 9 51
3 10 26
3 11 81
3 12 30
3 13 13
3 14 94
3 15 62
3 16 1
3 17 16
3 18 99
3 19 96
3 20 63
3 21 4
3 22 34
3 23 19
3 24 11
3 25 37
3 26 54
3 27 41
3 28 91
3 29 35
3 30 51
3 31 93
3 32 36
3 33 87
3 34 61
3 35 11
3 36 84
3 37 13
3 38 52
3 39 98
3 40 63
3 41 24
3 42 59
3 43 95
3 44 30
3 45 74
3 46 59
3 47 4
3 48 91
3 49 98
3 50 86
3 51 3
3 52 59
3 53 85
3 54 100
3 55 29
3 56 46
3 57 72
3 58 67
3 59 4
3 60 72
3 61 91
3 62 48
3 63 28
3 64 60
3 65 5
3 66 35
3 67 62
3 68 27
3 69 18
3 70 53
3 71 76
3 72 41
3 73 91
3 74 39
3 75 68
3 76 75
3 77 42
3 78 5
3 79 98
3 80 27
3 81 37
3 82 99
3 83 22
3 84 47
3 85 93
3 86 92
3 87 68
3 88 92
3 89 41
3 90 26
3 91 13
3 92 39
3 93 42
3 94 46
3 95 41
3 96 84
3 97 35
3 98 21
3 99 83
3 100 36
3 101 1
3 102 54
3 103 62
3 104 27
3 105 83
3 106 58
3 107 66
3 108 87
3 109 89
3 110 8
3 111 53
3 112 51
3 113 52
3 114 24
3 115 56
3 116 30
3 117 88
3 118 55
3 119 25
3 120 55
3 121 23
3 122 80
3 123 88
3 124 91
3 125 75
3 126 61
3 127 37
3 128 26
3 129 64
3 130 45
3 131 79
3 132 82
3 133 55
3 134 68
3 135 58
3 136 5
3 137 65
3 138 21
3 139 10
3 140 80
3 141 100
3 142 50
3 143 46
3 144 60
3 145 88
3 146 58
3 147 97
3 148 47
3 149 9
3 150 90
3 151 38
3 152 94
3 153 77
3 154 82
3 155 1
3 156 30
3 157 66
3 158 54
3 159 74
4 5 92
4 6 42
4 7 54
4 8 63
4 9 67
4 10 77
4 11 51
4 12 92
4 13 53
4 14 74
4 15 25
4 16 83
4 17 50
4 18 43
4 19 32
4 20 1
4 21 56
4 22 11
4 23 54
4 24 85
4 25 74
4 26 83
4 27 15
4 28 73
4 29 49
4 30 85
4 31 85
4 32 87
4 33 2
4 34 12
4 35 38
4 36 40
4 37 81
4 38 31
4 39 57
4 40 59
4 41 4
4 42 6
4 43 75
4 44 68
4 45 19
4 46 22
4 47 33
4 48 55
4 49 10
4 50 44
4 51 12
4 52 34
4 53 86
4 54 55
4 55 9
4 56 34
4 57 40
4 58 37
4 59 8
4 60 72
4 61 88
4 62 39
4 63 71
4 64 86
4 65 68
4 66 55
4 67 90
4 68 77
4 69 85
4 70 1
4 71 51
4 72 19
4 73 28
4 74 35
4 75 95
4 76 80
4 77 77
4 78 64
4 79 67
4 80 31
4 81 100
4 82 68
4 83 11
4 84 38
4 85 76
4 86 21
4 87 22
4 88 65
4 89 90
4 90 57
4 91 90
4 92 8
4 93 67
4 94 35
4 95 86
4 96 93
4 97 94
4 98 46
4 99 78
4 100 96
4 101 55
4 102 27
4 103 27
4 104 61
4 105 5
4 106 4
4 107 54
4 108 68
4 109 12
4 110 59
4 111 17
4 112 77
4 113 77
4 114 46
4 115 36
4 116 97
4 117 82
4 118 98
4 119 57
4 120 80
4 121 19
4 122 78
4 123 5
4 124 91
4 125 96
4 126 57
4 127 96
4 128 20
4 129 8
4 130 11
4 131 100
4 132 97
4 133 69
4 134 83
4 135 98
4 136 28
4 137 85
4 138 11
4 139 31
4 140 70
4 141 1
4 142 75
4 143 2
4 144 45
4 145 38
4 146 72
4 147 21
4 148 85
4 149 2
4 150 56
4 151 41
4 152 100
4 153 1
4 154 69
4 155 6
4 156 55
4 157 100
4 158 21
4 159 52
5 6 4
5 7 49
5 8 10
5 9 37
5 10 82
5 11 80
5 12 3
5 13 82
5 14 16
5 15 89
5 16 41
5 17 97
5 18 75
5 19 31
5 20 50
5 21 25
5 22 31
5 23 50
5 24 78
5 25 26
5 26 9
5 27 16
5 28 23
5 29 47
5 30 35
5 31 75
5 32 77
5 33 33
5 34 43
5 35 11
5 36 65
5 37 51
5 38 4
5 39 85
5 40 67
5 41 14
5 42 36
5 43 22
5 44 79
5 45 2
5 46 68
5 47 4
5 48 51
5 49 11
5 50 1
5 51 54
5 52 24
5 53 63
5 54 8
5 55 29
5 56 90
5 57 98
5 58 68
5 59 92
5 60 69
5 61 37
5 62 89
5 63 69
5 64 18
5 65 32
5 66 41
5 67 62
5 68 57
5 69 48
5 70 55
5 71 77
5 72 8
5 73 98
5 74 73
5 75 19
5 76 19
5 77 85
5 78 4
5 79 45
5 80 26
5 81 57
5 82 53
5 83 81
5 84 54
5 85 50
5 86 80
5 87 39
5 88 75
5 89 3
5 90 64
5 91 35
5 92 64
5 93 100
5 94 39
5 95 93
5 96 23
5 97 4
5 98 11
5 99 47
5 100 28
5 101 1
5 102 68
5 103 13
5 104 46
5 105 8
5 106 70
5 107 6
5 108 66
5 109 80
5 110 36
5 111 69
5 112 65
5 113 17
5 114 39
5 115 15
5 116 98
5 117 23
5 118 4
5 119 69
5 120 40
5 121 80
5 122 52
5 123 62
5 124 83
5 125 81
5 126 49
5 127 74
5 128 46
5 129 35
5 130 31
5 131 90
5 132 45
5 133 4
5 134 2
5 135 96
5 136 8
5 137 37
5 138 90
5 139 4
5 140 4
5 141 17
5 142 41
5 143 40
5 144 12
5 145 38
5 146 62
5 147 97
5 148 69
5 149 53
5 150 30
5 151 41
5 152 45
5 153 39
5 154 29
5 155 66
5 156 40
5 157 41
5 158 74
5 159 34
6 7 40
6 8 12
6 9 18
6 10 82
6 11 40
6 12 87
6 13 16
6 14 14
6 15 96
6 16 84
6 17 29
6 18 75
6 19 27
6 20 9
6 21 36
6 22 71
6 23 33
6 24 59
6 25 87
6 26 32
6 27 74
6 28 90
6 29 96
6 30 74
6 31 76
6 32 58
6 33 76
6 34 69
6 35 54
6 36 64
6 37 16
6 38 95
6 39 76
6 40 95
6 41 55
6 42 39
6 43 88
6 44 22
6 45 8
6 46 19
6 47 64
6 48 18
6 49 21
6 50 5
6 51 64
6 52 55
6 53 81
6 54 72
6 55 75
6 56 23
6 57 1
6 58 86
6 59 45
6 60 6
6 61 1
6 62 68
6 63 59
6 64 55
6 65 73
6 66 25
6 67 60
6 68 26
6 69 92
6 70 34
6 71 36
6 72 91
6 73 43
6 74 85
6 75 66
6 76 17
6 77 98
6 78 30
6 79 62
6 80 11
6 81 99
6 82 64
6 83 67
6 84 89
6 85 55
6 86 47
6 87 16
6 88 70
6 89 12
6 90 1
6 91 2
6 92 43
6 93 57
6 94 6
6 95 69
6 96 64
6 97 24
6 98 54
6 99 13
6 100 89
6 101 81
6 102 35
6 103 58
6 104 73
6 105 28
6 106 41
6 107 40
6 108 6
6 109 89
6 110 68
6 111 8
6 112 70
6 113 73
6 114 65
6 115 43
6 116 51
6 117 77
6 118 43
6 119 63
6 120 4
6 121 78
6 122 41
6 123 33
6 124 13
6 125 5
6 126 53
6 127 81
6 128 6
6 129 55
6 130 63
6 131 21
6 132 33
6 133 66
6 134 31
6 135 73
6 136 42
6 137 24
6 138 15
6 139 20
6 140 89
6 141 61
6 142 37
6 143 17
6 144 53
6 145 8
6 146 56
6 147 10
6 148 27
6 149 15
6 150 37
6 151 13
6 152 53
6 153 14
6 154 49
6 155 5
6 156 75
6 157 65
6 158 19
6 159 3
7 8 91
7 9 46
7 10 38
7 11 46
7 12 76
7 13 26
7 14 21
7 15 88
7 16 14
7 17 54
7 18 72
7 19 44
7 20 13
7 21 41
7 22 60
7 23 77
7 24 24
7 25 17
7 26 10
7 27 4
7 28 79
7 29 22
7 30 85
7 31 49
7 32 38
7 33 40
7 34 24
7 35 16
7 36 46
7 37 20
7 38 41
7 39 49
7 40 32
7 41 55
7 42 19
7 43 15
7 44 81
7 45 64
7 46 98
7 47 37
7 48 38
7 49 44
7 50 21
7 51 46
7 52 52
7 53 100
7 54 44
7 55 81
7 56 82
7 57 35
7 58 6
7 59 52
7 60 14
7 61 25
7 62 16
7 63 58
7 64 19
7 65 80
7 66 40
7 67 56
7 68 32
7 69 55
7 70 64
7 71 60
7 72 28
7 73 32
7 74 6
7 75 90
7 76 92
7 77 12
7 78 97
7 79 45
7 80 80
7 81 83
7 82 63
7 83 24
7 84 45
7 85 69
7 86 16
7 87 14
7 88 56
7 89 57
7 90 25
7 91 60
7 92 3
7 93 36
7 94 64
7 95 14
7 96 38
7 97 52
7 98 61
7 99 50
7 100 1
7 101 21
7 102 82
7 103 13
7 104 67
7 105 60
7 106 20
7 107 9
7 108 37
7 109 80
7 110 6
7 111 18
7 112 19
7 113 84
7 114 83
7 115 41
7 116 96
7 117 86
7 118 53
7 119 1
7 120 94
7 121 44
7 122 34
7 123 13
7 124 2
7 125 22
7 126 24
7 127 62
7 128 96
7 129 61
7 130 29
7 131 51
7 132 8
7 133 83
7 134 8
7 135 6
7 136 28
7 137 35
7 138 62
7 139 94
7 140 28
7 141 28
7 142 95
7 143 48
7 144 45
7 145 28
7 146 67
7 147 49
7 148 62
7 149 63
7 150 12
7 151 50
7 152 99
7 153 65
7 154 23
7 155 12
7 156 9
7 157 9
7 158 53
7 159 68
8 9 23
8 10 73
8 11 80
8 12 15
8 13 82
8 14 93
8 15 16
8 16 97
8 17 48
8 18 31
8 19 20
8 20 73
8 21 72
8 22 73
8 23 84
8 24 28
8 25 93
8 26 46
8 27 4
8 28 43
8 29 20
8 30 71
8 31 87
8 32 7
8 33 82
8 34 68
8 35 37
8 36 75
8 37 73
8 38 49
8 39 30
8 40 78
8 41 26
8 42 35
8 43 60
8 44 65
8 45 50
8 46 12
8 47 98
8 48 70
8 49 89
8 50 24
8 51 50
8 52 32
8 53 23
8 54 51
8 55 67
8 56 57
8 57 84
8 58 22
8 59 30
8 60 19
8 61 94
8 62 96
8 63 67
8 64 95
8 65 18
8 66 98
8 67 11
8 68 14
8 69 97
8 70 17
8 71 67
8 72 2
8 73 50
8 74 83
8 75 5
8 76 57
8 77 68
8 78 22
8 79 35
8 80 81
8 81 48
8 82 70
8 83 89
8 84 29
8 85 6
8 86 87
8 87 9
8 88 16
8 89 2
8 90 51
8 91 83
8 92 39
8 93 38
8 94 56
8 95 74
8 96 43
8 97 11
8 98 95
8 99 94
8 100 50
8 101 78
8 102 62
8 103 27
8 104 3
8 105 60
8 106 51
8 107 45
8 108 49
8 109 94
8 110 31
8 111 93
8 112 13
8 113 45
8 114 84
8 115 40
8 116 86
8 117 38
8 118 56
8 119 35
8 120 94
8 121 16
8 122 29
8 123 94
8 124 61
8 125 53
8 126 80
8 127 22
8 128 18
8 129 21
8 130 4
8 131 89
8 132 20
8 133 48
8 134 94
8 135 61
8 136 69
8 137 28
8 138 62
8 139 72
8 140 11
8 141 14
8 142 77
8 143 69
8 144 37
8 145 48
8 146 94
8 147 75
8 148 68
8 149 93
8 150 6
8 151 64
8 152 83
8 153 12
8 154 69
8 155 10
8 156 60
8 157 22
8 158 13
8 159 77
9 10 24
9 11 98
9 12 26
9 13 69
9 14 92
9 15 48
9 16 54
9 17 55
9 18 71
9 19 14
9 20 98
9 21 60
9 22 95
9 23 89
9 24 76
9 25 77
9 26 86
9 27 10
9 28 86
9 29 37
9 30 47
9 31 38
9 32 12
9 33 100
9 34 77
9 35 55
9 36 69
9 37 87
9 38 52
9 39 6
9 40 45
9 41 11
9 42 52
9 43 89
9 44 66
9 45 98
9 46 47
9 47 16
9 48 56
9 49 46
9 50 14
9 51 100
9 52 28
9 53 50
9 54 13
9 55 43
9 56 87
9 57 74
9 58 90
9 59 97
9 60 8
9 61 84
9 62 20
9 63 89
9 64 50
9 65 13
9 66 45
9 67 99
9 68 13
9 69 100
9 70 40
9 71 39
9 72 10
9 73 97
9 74 49
9 75 45
9 76 4
9 77 4
9 78 4
9 79 30
9 80 96
9 81 61
9 82 25
9 83 24
9 84 64
9 85 32
9 86 31
9 87 57
9 88 53
9 89 26
9 90 61
9 91 25
9 92 33
9 93 94
9 94 15
9 95 25
9 96 78
9 97 80
9 98 73
9 99 77
9 100 60
9 101 76
9 102 74
9 103 60
9 104 91
9 105 77
9 106 10
9 107 25
9 108 55
9 109 38
9 110 39
9 111 71
9 112 1
9 113 2
9 114 43
9 115 19
9 116 49
9 117 81
9 118 7
9 119 41
9 120 82
9 121 23
9 122 51
9 123 7
9 124 88
9 125 74
9 126 31
9 127 61
9 128 45
9 129 32
9 130 77
9 131 85
9 132 13
9 133 4
9 134 50
9 135 86
9 136 44
9 137 86
9 138 26
9 139 11
9 140 76
9 141 7
9 142 13
9 143 75
9 144 25
9 145 30
9 146 57
9 147 54
9 148 20
9 149 37
9 150 37
9 151 12
9 152 98
9 153 77
9 154 61
9 155 34
9 156 6
9 157 42
9 158 92
9 159 29
10 11 87
10 12 80
10 13 86
10 14 57
10 15 32
10 16 59
10 17 22
10 18 87
10 19 35
10 20 59
10 21 63
10 22 22
10 23 82
10 24 61
10 25 5
10 26 88
10 27 16
10 28 11
10 29 25
10 30 37
10 31 3
10 32 58
10 33 12
10 34 11
10 35 54
10 36 98
10 37 68
10 38 75
10 39 100
10 40 15
10 41 35
10 42 10
10 43 46
10 44 98
10 45 86
10 46 74
10 47 7
10 48 18
10 49 16
10 50 24
10 51 42
10 52 28
10 53 86
10 54 56
10 55 37
10 56 74
10 57 73
10 58 21
10 59 84
10 60 20
10 61 97
10 62 46
10 63 33
10 64 81
10 65 68
10 66 76
10 67 99
10 68 74
10 69 46
10 70 84
10 71 60
10 72 83
10 73 50
10 74 54
10 75 68
10 76 9
10 77 75
10 78 4
10 79 7
10 80 24
10 81 3
10 82 73
10 83 87
10 84 14
10 85 25
10 86 29
10 87 77
10 88 37
10 89 2
10 90 58
10 91 69
10 92 16
10 93 95
10 94 71
10 95 6
10 96 7
10 97 47
10 98 52
10 99 23
10 100 32
10 101 82
10 102 2
10 103 96
10 104 51
10 105 28
10 106 43
10 107 38
10 108 4
10 109 9
10 110 59
10 111 16
10 112 73
10 113 57
10 114 26
10 115 51
10 116 85
10 117 46
10 118 56
10 119 92
10 120 11
10 121 15
10 122 26
10 123 67
10 124 56
10 125 69
10 126 88
10 127 20
10 128 88
10 129 25
10 130 85
10 131 17
10 132 95
10 133 41
10 134 9
10 135 64
10 136 61
10 137 70
10 138 10
10 139 3
10 140 13
10 141 57
10 142 50
10 143 19
10 144 18
10 145 91
10 146 67
10 147 68
10 148 19
10 149 47
10 150 17
10 151 11
10 152 90
10 153 22
10 154 84
10 155 33
10 156 46
10 157 2
10 158 91
10 159 73
11 12 46
11 13 25
11 14 93
11 15 96
11 16 19
11 17 79
11 18 93
11 19 41
11 20 54
11 21 21
11 22 48
11 23 16
11 24 73
11 25 72
11 26 63
11 27 71
11 28 71
11 29 6
11 30 57
11 31 74
11 32 41
11 33 92
11 34 2
11 35 91
11 36 8
11 37 64
11 38 40
11 39 29
11 40 53
11 41 76
11 42 84
11 43 46
11 44 5
11 45 4
11 46 44
11 47 8
11 48 61
11 49 71
11 50 31
11 51 33
11 52 36
11 53 78
11 54 73
11 55 77
11 56 79
11 57 30
11 58 7
11 59 40
11 60 64
11 61 12
11 62 89
11 63 58
11 64 54
11 65 6
11 66 94
11 67 27
11 68 36
11 69 20
11 70 55
11 71 25
11 72 46
11 73 91
11 74 8
11 75 52
11 76 13
11 77 49
11 78 52
11 79 85
11 80 39
11 81 20
11 82 72
11 83 38
11 84 86
11 85 21
11 86 32
11 87 26
11 88 81
11 89 43
11 90 2
11 91 92
11 92 71
11 93 61
11 94 53
11 95 49
11 96 53
11 97 27
11 98 88
11 99 23
11 100 92
11 101 31
11 102 92
11 103 85
11 104 42
11 105 6
11 106 22
11 107 2
11 108 88
11 109 18
11 110 40
11 111 33
11 112 30
11 113 8
11 114 79
11 115 85
11 116 11
11 117 56
11 118 56
11 119 20
11 120 40
11 121 42
11 122 77
11 123 38
11 124 78
11 125 60
11 126 10
11 127 88
11 128 86
11 129 43
11 130 11
11 131 51
11 132 47
11 133 78
11 134 94
11 135 78
11 136 82
11 137 49
11 138 3
11 139 9
11 140 57
11 141 96
11 142 58
11 143 31
11 144 53
11 145 16
11 146 19
11 147 5
11 148 19
11 149 46
11 150 100
11 151 84
11 152 25
11 153 58
11 154 42
11 155 64
11 156 4
11 157 50
11 158 26
11 159 59
12 13 72
12 14 36
12 15 65
12 16 74
12 17 22
12 18 13
12 19 93
12 20 89
12 21 24
12 22 68
12 23 65
12 24 30
12 25 31
12 26 83
12 27 63
12 28 15
12 29 44
12 30 1
12 31 88
12 32 69
12 33 25
12 34 63
12 35 63
12 36 41
12 37 59
12 38 34
12 39 28
12 40 38
12 41 36
12 42 24
12 43 38
12 44 58
12 45 39
12 46 80
12 47 83
12 48 67
12 49 13
12 50 91
12 51 26
12 52 74
12 53 32
12 54 63
12 55 39
12 56 23
12 57 53
12 58 39
12 59 68
12 60 63
12 61 83
12 62 65
12 63 35
12 64 12
12 65 16
12 66 61
12 67 96
12 68 93
12 69 61
12 70 79
12 71 45
12 72 90
12 73 27
12 74 53
12 75 87
12 76 35
12 77 22
12 78 17
12 79 38
12 80 26
12 81 85
12 82 48
12 83 57
12 84 24
12 85 14
12 86 8
12 87 10
12 88 20
12 89 74
12 90 37
12 91 77
12 92 66
12 93 14
12 94 11
12 95 35
12 96 59
12 97 1
12 98 95
12 99 62
12 100 87
12 101 77
12 102 74
12 103 44
12 104 50
12 105 80
12 106 36
12 107 5
12 108 54
12 109 28
12 110 99
12 111 54
12 112 10
12 113 89
12 114 8
12 115 72
12 116 35
12 117 10
12 118 83
12 119 35
12 120 65
12 121 76
12 122 43
12 123 3
12 124 45
12 125 4
12 126 21
12 127 23
12 128 53
12 129 49
12 130 60
12 131 85
12 132 38
12 133 71
12 134 22
12 135 4
12 136 10
12 137 88
12 138 17
12 139 37
12 140 87
12 141 14
12 142 75
12 143 24
12 144 68
12 145 14
12 146 99
12 147 21
12 148 95
12 149 57
12 150 98
12 151 97
12 152 3
12 153 81
12 154 23
12 155 84
12 156 36
12 157 35
12 158 23
12 159 92
13 14 89
13 15 23
13 16 34
13 17 55
13 18 29
13 19 66
13 20 97
13 21 67
13 22 6
13 23 52
13 24 6
13 25 9
13 26 99
13 27 2
13 28 4
13 29 9
13 30 25
13 31 39
13 32 33
13 33 55
13 34 23
13 35 6
13 36 59
13 37 86
13 38 24
13 39 13
13 40 94
13 41 82
13 42 76
13 43 11
13 44 66
13 45 90
13 46 49
13 47 72
13 48 42
13 49 63
13 50 73
13 51 53
13 52 95
13 53 78
13 54 61
13 55 42
13 56 67
13 57 66
13 58 87
13 59 20
13 60 3
13 61 99
13 62 12
13 63 59
13 64 62
13 65 47
13 66 44
13 67 16
13 68 72
13 69 2
13 70 91
13 71 47
13 72 85
13 73 16
13 74 53
13 75 34
13 76 83
13 77 72
13 78 66
13 79 76
13 80 96
13 81 60
13 82 84
13 83 55
13 84 22
13 85 63
13 86 53
13 87 96
13 88 93
13 89 35
13 90 96
13 91 85
13 92 86
13 93 89
13 94 31
13 95 78
13 96 46
13 97 98
13 98 26
13 99 12
13 100 57
13 101 52
13 102 91
13 103 46
13 104 56
13 105 44
13 106 91
13 107 69
13 108 37
13 109 76
13 110 49
13 111 54
13 112 36
13 113 3
13 114 38
13 115 73
13 116 99
13 117 75
13 118 24
13 119 6
13 120 1
13 121 60
13 122 19
13 123 79
13 124 62
13 125 63
13 126 70
13 127 92
13 128 42
13 129 57
13 130 75
13 131 96
13 132 100
13 133 84
13 134 95
13 135 77
13 136 62
13 137 72
13 138 10
13 139 57
13 140 6
13 141 58
13 142 38
13 143 53
13 144 93
13 145 27
13 146 11
13 147 85
13 148 54
13 149 96
13 150 70
13 151 8
13 152 41
13 153 44
13 154 44
13 155 54
13 156 70
13 157 2
13 158 45
13 159 91
14 15 100
14 16 35
14 17 42
14 18 86
14 19 38
14 20 10
14 21 54
14 22 59
14 23 31
14 24 7
14 25 59
14 26 79
14 27 100
14 28 3
14 29 54
14 30 47
14 31 79
14 32 73
14 33 88
14 34 68
14 35 58
14 36 79
14 37 80
14 38 23
14 39 6
14 40 67
14 41 90
14 42 6
14 43 10
14 44 42
14 45 16
14 46 55
14 47 11
14 48 55
14 49 32
14 50 93
14 51 22
14 52 13
14 53 46
14 54 28
14 55 97
14 56 88
14 57 62
14 58 97
14 59 8
14 60 50
14 61 88
14 62 81
14 63 71
14 64 91
14 65 20
14 66 57
14 67 58
14 68 40
14 69 50
14 70 44
14 71 45
14 72 14
14 73 92
14 74 90
14 75 97
14 76 66
14 77 68
14 78 7
14 79 47
14 80 93
14 81 44
14 82 58
14 83 28
14 84 13
14 85 36
14 86 80
14 87 73
14 88 58
14 89 76
14 90 27
14 91 78
14 92 61
14 93 63
14 94 55
14 95 22
14 96 4
14 97 2
14 98 92
14 99 57
14 100 15
14 101 75
14 102 36
14 103 20
14 104 81
14 105 70
14 106 50
14 107 45
14 108 85
14 109 20
14 110 27
14 111 71
14 112 93
14 113 95
14 114 94
14 115 74
14 116 18
14 117 74
14 118 2
14 119 86
14 120 66
14 121 5
14 122 50
14 123 51
14 124 18
14 125 50
14 126 80
14 127 89
14 128 24
14 129 18
14 130 14
14 131 63
14 132 19
14 133 72
14 134 52
14 135 71
14 136 2
14 137 32
14 138 2
14 139 85
14 140 39
14 141 74
14 142 18
14 143 74
14 144 17
14 145 57
14 146 24
14 147 36
14 148 45
14 149 8
14 150 50
14 151 70
14 152 33
14 153 8
14 154 89
14 155 47
14 156 93
14 157 30
14 158 25
14 159 69
15 16 4
15 17 50
15 18 58
15 19 51
15 20 33
15 21 5
15 22 25
15 23 88
15 24 80
15 25 6
15 26 7
15 27 83
15 28 33
15 29 59
15 30 63
15 31 42
15 32 34
15 33 95
15 34 18
15 35 76
15 36 98
15 37 20
15 38 99
15 39 93
15 40 1
15 41 45
15 42 47
15 43 30
15 44 96
15 45 28
15 46 94
15 47 93
15 48 21
15 49 66
15 50 57
15 51 34
15 52 2
15 53 55
15 54 80
15 55 5
15 56 26
15 57 91
15 58 35
15 59 43
15 60 66
15 61 72
15 62 23
15 63 47
15 64 20
15 65 65
15 66 65
15 67 41
15 68 50
15 69 28
15 70 99
15 71 19
15 72 36
15 73 44
15 74 76
15 75 33
15 76 84
15 77 6
15 78 88
15 79 56
15 80 76
15 81 95
15 82 77
15 83 26
15 84 69
15 85 37
15 86 62
15 87 23
15 88 86
15 89 95
15 90 38
15 91 62
15 92 1
15 93 89
15 94 12
15 95 81
15 96 74
15 97 73
15 98 19
15 99 13
15 100 20
15 101 7
15 102 46
15 103 39
15 104 75
15 105 97
15 106 11
15 107 27
15 108 67
15 109 56
15 110 38
15 111 29
15 112 66
15 113 2
15 114 44
15 115 34
15 116 76
15 117 15
15 118 98
15 119 1
15 120 61
15 121 79
15 122 13
15 123 90
15 124 14
15 125 85
15 126 78
15 127 58
15 128 5
15 129 69
15 130 79
15 131 37
15 132 12
15 133 72
15 134 29
15 135 10
15 136 2
15 137 65
15 138 19
15 139 5
15 140 98
15 141 9
15 142 27
15 143 20
15 144 59
15 145 12
15 146 91
15 147 10
15 148 76
15 149 67
15 150 4
15 151 27
15 152 3
15 153 69
15 154 94
15 155 7
15 156 10
15 157 54
15 158 6
15 159 57
16 17 7
16 18 32
16 19 57
16 20 9
16 21 36
16 22 82
16 23 89
16 24 18
16 25 78
16 26 73
16 27 34
16 28 12
16 29 70
16 30 54
16 31 33
16 32 16
16 33 26
16 34 73
16 35 86
16 36 51
16 37 38
16 38 42
16 39 1
16 40 62
16 41 92
16 42 48
16 43 70
16 44 24
16 45 54
16 46 88
16 47 89
16 48 91
16 49 80
16 50 70
16 51 57
16 52 47
16 53 77
16 54 81
16 55 7
16 56 56
16 57 72
16 58 75
16 59 93
16 60 95
16 61 29
16 62 61
16 63 31
16 64 29
16 65 84
16 66 88
16 67 96
16 68 74
16 69 95
16 70 19
16 71 76
16 72 8
16 73 43
16 74 54
16 75 97
16 76 11
16 77 22
16 78 54
16 79 86
16 80 97
16 81 68
16 82 39
16 83 7
16 84 50
16 85 80
16 86 4
16 87 83
16 88 19
16 89 18
16 90 16
16 91 42
16 92 16
16 93 22
16 94 37
16 95 13
16 96 78
16 97 4
16 98 91
16 99 62
16 100 29
16 101 32
16 102 22
16 103 48
16 104 23
16 105 75
16 106 27
16 107 73
16 108 50
16 109 8
16 110 16
16 111 30
16 112 62
16 113 79
16 114 34
16 115 26
16 116 72
16 117 80
16 118 57
16 119 65
16 120 14
16 121 96
16 122 62
16 123 78
16 124 27
16 125 73
16 126 80
16 127 5
16 128 14
16 129 86
16 130 66
16 131 43
16 132 11
16 133 65
16 134 15
16 135 31
16 136 4
16 137 6
16 138 68
16 139 65
16 140 42
16 141 41
16 142 58
16 143 13
16 144 4
16 145 38
16 146 23
16 147 21
16 148 9
16 149 89
16 150 35
16 151 90
16 152 23
16 153 25
16 154 79
16 155 24
16 156 65
16 157 93
16 158 18
16 159 23
17 18 88
17 19 64
17 20 41
17 21 34
17 22 55
17 23 3
17 24 42
17 25 49
17 26 99
17 27 53
17 28 63
17 29 22
17 30 53
17 31 5
17 32 58
17 33 1
17 34 88
17 35 6
17 36 34
17 37 89
17 38 10
17 39 21
17 40 89
17 41 5
17 42 33
17 43 61
17 44 13
17 45 32
17 46 75
17 47 87
17 48 73
17 49 67
17 50 24
17 51 22
17 52 81
17 53 26
17 54 41
17 55 75
17 56 19
17 57 16
17 58 81
17 59 78
17 60 97
17 61 86
17 62 98
17 63 29
17 64 33
17 65 99
17 66 29
17 67 35
17 68 49
17 69 88
17 70 5
17 71 33
17 72 23
17 73 31
17 74 29
17 75 84
17 76 86
17 77 52
17 78 77
17 79 10
17 80 35
17 81 64
17 82 57
17 83 87
17 84 69
17 85 36
17 86 19
17 87 60
17 88 45
17 89 83
17 90 29
17 91 23
17 92 10
17 93 42
17 94 61
17 95 4
17 96 13
17 97 64
17 98 87
17 99 69
17 100 6
17 101 44
17 102 1
17 103 23
17 104 63
17 105 8
17 106 68
17 107 24
17 108 44
17 109 91
17 110 26
17 111 89
17 112 84
17 113 31
17 114 41
17 115 22
17 116 43
17 117 56
17 118 60
17 119 27
17 120 98
17 121 52
17 122 83
17 123 13
17 124 82
17 125 30
17 126 71
17 127 38
17 128 74
17 129 89
17 130 18
17 131 85
17 132 8
17 133 54
17 134 19
17 135 56
17 136 42
17 137 100
17 138 89
17 139 1
17 140 88
17 141 29
17 142 84
17 143 26
17 144 93
17 145 62
17 146 67
17 147 6
17 148 44
17 149 46
17 150 85
17 151 6
17 152 31
17 153 68
17 154 16
17 155 66
17 156 90
17 157 87
17 158 46
17 159 68
18 19 99
18 20 54
18 21 80
18 22 77
18 23 22
18 24 29
18 25 93
18 26 74
18 27 28
18 28 46
18 29 67
18 30 24
18 31 24
18 32 16
18 33 17
18 34 40
18 35 1
18 36 8
18 37 68
18 38 86
18 39 54
18 40 56
18 41 71
18 42 76
18 43 28
18 44 34
18 45 22
18 46 99
18 47 52
18 48 59
18 49 71
18 50 34
18 51 33
18 52 51
18 53 8
18 54 73
18 55 21
18 56 68
18 57 2
18 58 3
18 59 5
18 60 55
18 61 44
18 62 18
18 63 46
18 64 21
18 65 5
18 66 22
18 67 91
18 68 34
18 69 43
18 70 82
18 71 14
18 72 75
18 73 3
18 74 86
18 75 91
18 76 44
18 77 30
18 78 32
18 79 56
18 80 99
18 81 88
18 82 62
18 83 21
18 84 30
18 85 93
18 86 79
18 87 11
18 88 62
18 89 79
18 90 65
18 91 36
18 92 62
18 93 90
18 94 92
18 95 33
18 96 48
18 97 74
18 98 24
18 99 51
18 100 63
18 101 98
18 102 64
18 103 28
18 104 68
18 105 13
18 106 5
18 107 19
18 108 37
18 109 54
18 110 57
18 111 2
18 112 7
18 113 39
18 114 57
18 115 64
18 116 3
18 117 52
18 118 90
18 119 22
18 120 82
18 121 80
18 122 58
18 123 44
18 124 44
18 125 3
18 126 10
18 127 91
18 128 92
18 129 61
18 130 97
18 131 43
18 132 6
18 133 100
18 134 76
18 135 14
18 136 56
18 137 73
18 138 78
18 139 24
18 140 39
18 141 26
18 142 34
18 143 16
18 144 70
18 145 75
18 146 90
18 147 100
18 148 73
18 149 71
18 150 66
18 151 37
18 152 7
18 153 87
18 154 46
18 155 52
18 156 61
18 157 68
18 158 76
18 159 86
19 20 38
19 21 62
19 22 9
19 23 98
19 24 61
19 25 36
19 26 40
19 27 43
19 28 89
19 29 98
19 30 65
19 31 100
19 32 41
19 33 65
19 34 95
19 35 74
19 36 90
19 37 24
19 38 54
19 39 61
19 40 58
19 41 17
19 42 17
19 43 17
19 44 5
19 45 70
19 46 81
19 47 48
19 48 62
19 49 58
19 50 67
19 51 76
19 52 100
19 53 70
19 54 80
19 55 17
19 56 28
19 57 88
19 58 7
19 59 36
19 60 55
19 61 90
19 62 32
19 63 20
19 64 5
19 65 55
19 66 68
19 67 19
19 68 89
19 69 24
19 70 42
19 71 10
19 72 79
19 73 18
19 74 95
19 75 20
19 76 42
19 77 13
19 78 99
19 79 18
19 80 22
19 81 40
19 82 17
19 83 15
19 84 54
19 85 74
19 86 50
19 87 68
19 88 37
19 89 35
19 90 86
19 91 62
19 92 70
19 93 1
19 94 41
19 95 29
19 96 69
19 97 63
19 98 34
19 99 76
19 100 23
19 101 65
19 102 11
19 103 24
19 104 37
19 105 84
19 106 17
19 107 100
19 108 1
19 109 80
19 110 60
19 111 14
19 112 78
19 113 13
19 114 53
19 115 75
19 116 20
19 117 78
19 118 59
19 119 63
19 120 23
19 121 94
19 122 99
19 123 46
19 124 83
19 125 81
19 126 98
19 127 73
19 128 8
19 129 13
19 130 52
19 131 3
19 132 19
19 133 91
19 134 5
19 135 6
19 136 56
19 137 84
19 138 73
19 139 34
19 140 49
19 141 85
19 142 82
19 143 1
19 144 80
19 145 67
19 146 64
19 147 96
19 148 73
19 149 12
19 150 95
19 151 76
19 152 86
19 153 70
19 154 93
19 155 3
19 156 53
19 157 83
19 158 58
19 159 71
20 21 52
20 22 77
20 23 35
20 24 69
20 25 9
20 26 63
20 27 67
20 28 17
20 29 16
20 30 31
20 31 86
20 32 17
20 33 99
20 34 87
20 35 70
20 36 84
20 37 32
20 38 24
20 39 38
20 40 45
20 41 6
20 42 49
20 43 12
20 44 5
20 45 52
20 46 15
20 47 95
20 48 53
20 49 92
20 50 58
20 51 24
20 52 83
20 53 26
20 54 35
20 55 85
20 56 73
20 57 79
20 58 8
20 59 51
20 60 16
20 61 89
20 62 64
20 63 21
20 64 97
20 65 53
20 66 4
20 67 79
20 68 94
20 69 44
20 70 85
20 71 42
20 72 34
20 73 14
20 74 82
20 75 98
20 76 83
20 77 23
20 78 91
20 79 67
20 80 41
20 81 51
20 82 69
20 83 90
20 84 38
20 85 44
20 86 38
20 87 10
20 88 78
20 89 27
20 90 95
20 91 34
20 92 63
20 93 6
20 94 21
20 95 6
20 96 27
20 97 68
20 98 61
20 99 1
20 100 81
20 101 78
20 102 57
20 103 38
20 104 51
20 105 87
20 106 79
20 107 52
20 108 35
20 109 59
20 110 49
20 111 70
20 112 80
20 113 22
20 114 3
20 115 20
20 116 2
20 117 71
20 118 29
20 119 15
20 120 94
20 121 1
20 122 98
20 123 43
20 124 84
20 125 51
20 126 24
20 127 44
20 128 60
20 129 4
20 130 10
20 131 72
20 132 32
20 133 32
20 134 55
20 135 21
20 136 36
20 137 57
20 138 56
20 139 48
20 140 38
20 141 2
20 142 26
20 143 52
20 144 83
20 145 45
20 146 15
20 147 78
20 148 39
20 149 96
20 150 29
20 151 7
20 152 68
20 153 88
20 154 83
20 155 53
20 156 69
20 157 11
20 158 79
20 159 1
21 22 3
21 23 46
21 24 16
21 25 64
21 26 12
21 27 14
21 28 92
21 29 33
21 30 37
21 31 33
21 32 15
21 33 14
21 34 3
21 35 33
21 36 8
21 37 94
21 38 30
21 39 11
21 40 5
21 41 81
21 42 41
21 43 26
21 44 18
21 45 26
21 46 77
21 47 52
21 48 68
21 49 45
21 50 56
21 51 9
21 52 12
21 53 64
21 54 77
21 55 54
21 56 94
21 57 65
21 58 7
21 59 77
21 60 71
21 61 60
21 62 54
21 63 50
21 64 78
21 65 23
21 66 76
21 67 16
21 68 39
21 69 91
21 70 58
21 71 41
21 72 83
21 73 42
21 74 68
21 75 97
21 76 36
21 77 35
21 78 84
21 79 20
21 80 63
21 81 89
21 82 40
21 83 27
21 84 43
21 85 47
21 86 57
21 87 58
21 88 71
21 89 53
21 90 26
21 91 10
21 92 17
21 93 90
21 94 29
21 95 97
21 96 80
21 97 51
21 98 2
21 99 21
21 100 22
21 101 31
21 102 46
21 103 85
21 104 69
21 105 90
21 106 67
21 107 19
21 108 33
21 109 20
21 110 18
21 111 81
21 112 81
21 113 19
21 114 56
21 115 96
21 116 16
21 117 94
21 118 62
21 119 12
21 120 74
21 121 96
21 122 15
21 123 6
21 124 18
21 125 74
21 126 97
21 127 23
21 128 55
21 129 32
21 130 86
21 131 3
21 132 23
21 133 13
21 134 70
21 135 85
21 136 8
21 137 52
21 138 11
21 139 2
21 140 99
21 141 30
21 142 5
21 143 66
21 144 4
21 145 28
21 146 94
21 147 80
21 148 96
21 149 51
21 150 10
21 151 77
21 152 79
21 153 81
21 154 27
21 155 25
21 156 52
21 157 6
21 158 72
21 159 33
22 23 39
22 24 26
22 25 23
22 26 1
22 27 70
22 28 67
22 29 26
22 30 15
22 31 7
22 32 21
22 33 27
22 34 10
22 35 70
22 36 88
22 37 61
22 38 76
22 39 3
22 40 39
22 41 30
22 42 54
22 43 70
22 44 44
22 45 19
22 46 5
22 47 2
22 48 19
22 49 21
22 50 29
22 51 55
22 52 65
22 53 73
22 54 7
22 55 55
22 56 100
22 57 37
22 58 2
22 59 5
22 60 86
22 61 63
22 62 70
22 63 97
22 64 13
22 65 26
22 66 70
22 67 33
22 68 84
22 69 97
22 70 57
22 71 22
22 72 89
22 73 23
22 74 9
22 75 56
22 76 61
22 77 98
22 78 31
22 79 62
22 80 10
22 81 57
22 82 70
22 83 45
22 84 20
22 85 24
22 86 64
22 87 71
22 88 64
22 89 62
22 90 94
22 91 4
22 92 28
22 93 48
22 94 36
22 95 30
22 96 91
22 97 18
22 98 46
22 99 68
22 100 41
22 101 51
22 102 97
22 103 91
22 104 48
22 105 28
22 106 87
22 107 3
22 108 59
22 109 32
22 110 12
22 111 96
22 112 87
22 113 97
22 114 32
22 115 54
22 116 47
22 117 95
22 118 72
22 119 84
22 120 83
22 121 21
22 122 43
22 123 68
22 124 20
22 125 28
22 126 50
22 127 72
22 128 65
22 129 36
22 130 51
22 131 53
22 132 74
22 133 36
22 134 19
22 135 100
22 136 92
22 137 90
22 138 100
22 139 77
22 140 9
22 141 51
22 142 8
22 143 8
22 144 32
22 145 89
22 146 5
22 147 86
22 148 53
22 149 47
22 150 40
22 151 70
22 152 43
22 153 27
22 154 97
22 155 1
22 156 100
22 157 32
22 158 69
22 159 22
23 24 60
23 25 17
23 26 15
23 27 52
23 28 9
23 29 90
23 30 32
23 31 17
23 32 5
23 33 81
23 34 32
23 35 66
23 36 20
23 37 2
23 38 12
23 39 86
23 40 43
23 41 13
23 42 57
23 43 70
23 44 5
23 45 34
23 46 27
23 47 93
23 48 16
23 49 46
23 50 54
23 51 3
23 52 18
23 53 72
23 54 27
23 55 33
23 56 90
23 57 17
23 58 28
23 59 38
23 60 72
23 61 18
23 62 4
23 63 73
23 64 56
23 65 29
23 66 57
23 67 57
23 68 67
23 69 20
23 70 4
23 71 76
23 72 80
23 73 54
23 74 75
23 75 32
23 76 42
23 77 74
23 78 2
23 79 66
23 80 75
23 81 39
23 82 66
23 83 4
23 84 25
23 85 86
23 86 100
23 87 74
23 88 65
23 89 42
23 90 75
23 91 46
23 92 27
23 93 30
23 94 26
23 95 14
23 96 62
23 97 49
23 98 45
23 99 93
23 100 87
23 101 40
23 102 23
23 103 20
23 104 100
23 105 85
23 106 79
23 107 94
23 108 62
23 109 39
23 110 60
23 111 25
23 112 52
23 113 62
23 114 88
23 115 58
23 116 14
23 117 32
23 118 5
23 119 49
23 120 95
23 121 77
23 122 82
23 123 46
23 124 43
23 125 85
23 126 49
23 127 79
23 128 42
23 129 76
23 130 99
23 131 17
23 132 57
23 133 23
23 134 66
23 135 99
23 136 66
23 137 48
23 138 10
23 139 27
23 140 18
23 141 77
23 142 49
23 143 5
23 144 65
23 145 38
23 146 59
23 147 5
23 148 23
23 149 50
23 150 38
23 151 60
23 152 63
23 153 90
23 154 78
23 155 94
23 156 38
23 157 10
23 158 46
23 159 9
24 25 30
24 26 97
24 27 71
24 28 42
24 29 29
24 30 73
24 31 18
24 32 56
24 33 11
24 34 73
24 35 31
24 36 54
24 37 49
24 38 31
24 39 27
24 40 56
24 41 47
24 42 55
24 43 95
24 44 81
24 45 66
24 46 26
24 47 74
24 48 90
24 49 19
24 50 23
24 51 73
24 52 78
24 53 60
24 54 19
24 55 78
24 56 71
24 57 60
24 58 51
24 59 58
24 60 8
24 61 35
24 62 52
24 63 32
24 64 65
24 65 52
24 66 76
24 67 62
24 68 75
24 69 74
24 70 82
24 71 61
24 72 21
24 73 35
24 74 81
24 75 59
24 76 92
24 77 85
24 78 24
24 79 29
24 80 48
24 81 42
24 82 40
24 83 58
24 84 32
24 85 32
24 86 16
24 87 44
24 88 47
24 89 66
24 90 68
24 91 53
24 92 86
24 93 80
24 94 81
24 95 100
24 96 96
24 97 24
24 98 91
24 99 99
24 100 66
24 101 78
24 102 42
24 103 95
24 104 31
24 105 34
24 106 38
24 107 84
24 108 32
24 109 87
24 110 43
24 111 17
24 112 87
24 113 13
24 114 45
24 115 94
24 116 52
24 117 75
24 118 39
24 119 61
24 120 24
24 121 64
24 122 50
24 123 47
24 124 98
24 125 89
24 126 8
24 127 70
24 128 60
24 129 26
24 130 56
24 131 33
24 132 12
24 133 17
24 134 11
24 135 25
24 136 59
24 137 94
24 138 53
24 139 22
24 140 13
24 141 82
24 142 59
24 143 93
24 144 17
24 145 59
24 146 81
24 147 9
24 148 81
24 149 25
24 150 95
24 151 50
24 152 49
24 153 13
24 154 9
24 155 89
24 156 16
24 157 90
24 158 55
24 159 69
25 26 20
25 27 46
25 28 81
25 29 43
25 30 48
25 31 52
25 32 85
25 33 79
25 34 47
25 35 32
25 36 99
25 37 32
25 38 2
25 39 85
25 40 24
25 41 56
25 42 86
25 43 28
25 44 45
25 45 39
25 46 38
25 47 35
25 48 22
25 49 83
25 50 98
25 51 65
25 52 83
25 53 88
25 54 18
25 55 85
25 56 95
25 57 25
25 58 18
25 59 13
25 60 39
25 61 53
25 62 6
25 63 67
25 64 37
25 65 75
25 66 68
25 67 79
25 68 54
25 69 84
25 70 62
25 71 56
25 72 62
25 73 31
25 74 33
25 75 12
25 76 18
25 77 75
25 78 92
25 79 31
25 80 35
25 81 63
25 82 37
25 83 65
25 84 34
25 85 73
25 86 37
25 87 21
25 88 96
25 89 23
25 90 100
25 91 35
25 92 77
25 93 22
25 94 94
25 95 81
25 96 73
25 97 70
25 98 6
25 99 58
25 100 98
25 101 90
25 102 66
25 103 85
25 104 47
25 105 20
25 106 27
25 107 50
25 108 54
25 109 89
25 110 3
25 111 28
25 112 6
25 113 10
25 114 94
25 115 73
25 116 89
25 117 4
25 118 94
25 119 85
25 120 13
25 121 14
25 122 67
25 123 28
25 124 62
25 125 27
25 126 49
25 127 7
25 128 68
25 129 22
25 130 59
25 131 81
25 132 11
25 133 91
25 134 93
25 135 34
25 136 56
25 137 65
25 138 54
25 139 51
25 140 18
25 141 87
25 142 51
25 143 35
25 144 51
25 145 35
25 146 6
25 147 8
25 148 73
25 149 36
25 150 35
25 151 7
25 152 32
25 153 19
25 154 83
25 155 32
25 156 6
25 157 43
25 158 80
25 159 46
26 27 9
26 28 96
26 29 96
26 30 82
26 31 77
26 32 64
26 33 43
26 34 44
26 35 56
26 36 12
26 37 50
26 38 50
26 39 93
26 40 67
26 41 40
26 42 17
26 43 18
26 44 35
26 45 92
26 46 83
26 47 13
26 48 6
26 49 31
26 50 73
26 51 80
26 52 88
26 53 41
26 54 31
26 55 17
26 56 88
26 57 61
26 58 80
26 59 96
26 60 93
26 61 95
26 62 33
26 63 49
26 64 61
26 65 18
26 66 65
26 67 83
26 68 68
26 69 82
26 70 8
26 71 11
26 72 67
26 73 88
26 74 92
26 75 29
26 76 95
26 77 45
26 78 53
26 79 68
26 80 51
26 81 91
26 82 23
26 83 82
26 84 3
26 85 35
26 86 85
26 87 86
26 88 8
26 89 45
26 90 54
26 91 22
26 92 31
26 93 20
26 94 60
26 95 50
26 96 83
26 97 83
26 98 15
26 99 16
26 100 39
26 101 71
26 102 19
26 103 28
26 104 80
26 105 44
26 106 28
26 107 5
26 108 70
26 109 13
26 110 52
26 111 46
26 112 7
26 113 31
26 114 95
26 115 92
26 116 71
26 117 16
26 118 6
26 119 86
26 120 12
26 121 2
26 122 75
26 123 27
26 124 3
26 125 13
26 126 25
26 127 68
26 128 32
26 129 66
26 130 47
26 131 71
26 132 10
26 133 60
26 134 23
26 135 84
26 136 100
26 137 12
26 138 33
26 139 24
26 140 39
26 141 57
26 142 27
26 143 17
26 144 91
26 145 77
26 146 22
26 147 47
26 148 19
26 149 100
26 150 5
26 151 92
26 152 29
26 153 85
26 154 13
26 155 54
26 156 52
26 157 28
26 158 42
26 159 33
27 28 12
27 29 36
27 30 44
27 31 86
27 32 25
27 33 34
27 34 60
27 35 31
27 36 17
27 37 14
27 38 24
27 39 83
27 40 74
27 41 5
27 42 3
27 43 25
27 44 100
27 45 59
27 46 40
27 47 72
27 48 100
27 49 3
27 50 42
27 51 75
27 52 74
27 53 83
27 54 61
27 55 38
27 56 7
27 57 81
27 58 7
27 59 79
27 60 70
27 61 58
27 62 85
27 63 37
27 64 28
27 65 17
27 66 91
27 67 61
27 68 99
27 69 93
27 70 76
27 71 80
27 72 37
27 73 57
27 74 25
27 75 74
27 76 5
27 77 100
27 78 24
27 79 80
27 80 16
27 81 85
27 82 22
27 83 85
27 84 7
27 85 95
27 86 18
27 87 40
27 88 60
27 89 45
27 90 22
27 91 37
27 92 47
27 93 66
27 94 88
27 95 55
27 96 18
27 97 67
27 98 62
27 99 98
27 100 28
27 101 22
27 102 6
27 103 41
27 104 31
27 105 76
27 106 53
27 107 88
27 108 69
27 109 91
27 110 90
27 111 89
27 112 93
27 113 24
27 114 83
27 115 51
27 116 66
27 117 59
27 118 71
27 119 100
27 120 23
27 121 19
27 122 87
27 123 47
27 124 22
27 125 18
27 126 88
27 127 100
27 128 26
27 129 76
27 130 41
27 131 42
27 132 74
27 133 52
27 134 78
27 135 85
27 136 65
27 137 46
27 138 6
27 139 31
27 140 79
27 141 31
27 142 85
27 143 66
27 144 47
27 145 81
27 146 40
27 147 90
27 148 86
27 149 9
27 150 40
27 151 70
27 152 35
27 153 6
27 154 7
27 155 60
27 156 17
27 157 89
27 158 72
27 159 45
28 29 50
28 30 97
28 31 98
28 32 32
28 33 81
28 34 87
28 35 49
28 36 29
28 37 54
28 38 21
28 39 18
28 40 76
28 41 7
28 42 90
28 43 74
28 44 60
28 45 37
28 46 94
28 47 88
28 48 99
28 49 28
28 50 84
28 51 10
28 52 5
28 53 69
28 54 84
28 55 67
28 56 81
28 57 76
28 58 99
28 59 70
28 60 52
28 61 66
28 62 34
28 63 61
28 64 43
28 65 91
28 66 33
28 67 83
28 68 31
28 69 58
28 70 88
28 71 85
28 72 16
28 73 30
28 74 35
28 75 39
28 76 63
28 77 89
28 78 19
28 79 45
28 80 65
28 81 63
28 82 53
28 83 92
28 84 25
28 85 41
28 86 56
28 87 5
28 88 94
28 89 11
28 90 76
28 91 59
28 92 85
28 93 24
28 94 43
28 95 90
28 96 45
28 97 64
28 98 86
28 99 52
28 100 67
28 101 85
28 102 94
28 103 17
28 104 92
28 105 81
28 106 79
28 107 40
28 108 12
28 109 58
28 110 91
28 111 7
28 112 74
28 113 83
28 114 5
28 115 84
28 116 50
28 117 21
28 118 8
28 119 47
28 120 82
28 121 86
28 122 19
28 123 85
28 124 38
28 125 24
28 126 35
28 127 43
28 128 10
28 129 51
28 130 78
28 131 74
28 132 43
28 133 9
28 134 80
28 135 68
28 136 75
28 137 17
28 138 38
28 139 93
28 140 49
28 141 27
28 142 38
28 143 16
28 144 60
28 145 95
28 146 23
28 147 58
28 148 52
28 149 6
28 150 41
28 151 8
28 152 13
28 153 93
28 154 32
28 155 35
28 156 39
28 157 65
28 158 62
28 159 52
29 30 64
29 31 89
29 32 52
29 33 94
29 34 53
29 35 90
29 36 42
29 37 58
29 38 3
29 39 80
29 40 22
29 41 75
29 42 87
29 43 96
29 44 36
29 45 17
29 46 38
29 47 65
29 48 69
29 49 10
29 50 20
29 51 81
29 52 80
29 53 71
29 54 99
29 55 68
29 56 53
29 57 84
29 58 65
29 59 40
29 60 36
29 61 36
29 62 45
29 63 17
29 64 6
29 65 94
29 66 53
29 67 66
29 68 6
29 69 60
29 70 98
29 71 42
29 72 34
29 73 96
29 74 56
29 75 33
29 76 75
29 77 76
29 78 92
29 79 76
29 80 48
29 81 65
29 82 40
29 83 25
29 84 45
29 85 51
29 86 7
29 87 8
29 88 27
29 89 52
29 90 96
29 91 50
29 92 41
29 93 70
29 94 18
29 95 99
29 96 21
29 97 94
29 98 31
29 99 54
29 100 99
29 101 74
29 102 37
29 103 29
29 104 37
29 105 90
29 106 41
29 107 50
29 108 45
29 109 5
29 110 6
29 111 8
29 112 34
29 113 18
29 114 12
29 115 11
29 116 25
29 117 34
29 118 72
29 119 73
29 120 38
29 121 8
29 122 97
29 123 82
29 124 10
29 125 61
29 126 6
29 127 69
29 128 78
29 129 11
29 130 94
29 131 49
29 132 87
29 133 36
29 134 80
29 135 2
29 136 86
29 137 53
29 138 39
29 139 78
29 140 43
29 141 67
29 142 11
29 143 38
29 144 50
29 145 52
29 146 88
29 147 51
29 148 42
29 149 82
29 150 100
29 151 16
29 152 20
29 153 73
29 154 12
29 155 65
29 156 42
29 157 44
29 158 60
29 159 64
30 31 14
30 32 100
30 33 64
30 34 11
30 35 66
30 36 56
30 37 23
30 38 2
30 39 15
30 40 83
30 41 23
30 42 48
30 43 44
30 44 81
30 45 4
30 46 76
30 47 97
30 48 87
30 49 57
30 50 38
30 51 52
30 52 37
30 53 72
30 54 32
30 55 15
30 56 45
30 57 58
30 58 97
30 59 28
30 60 29
30 61 74
30 62 42
30 63 68
30 64 55
30 65 50
30 66 49
30 67 96
30 68 42
30 69 3
30 70 52
30 71 20
30 72 27
30 73 91
30 74 25
30 75 69
30 76 58
30 77 15
30 78 65
30 79 31
30 80 26
30 81 86
30 82 27
30 83 55
30 84 100
30 85 77
30 86 85
30 87 99
30 88 1
30 89 2
30 90 88
30 91 84
30 92 61
30 93 34
30 94 35
30 95 47
30 96 1
30 97 84
30 98 11
30 99 67
30 100 49
30 101 99
30 102 86
30 103 83
30 104 98
30 105 73
30 106 82
30 107 87
30 108 75
30 109 27
30 110 24
30 111 16
30 112 74
30 113 35
30 114 12
30 115 30
30 116 17
30 117 99
30 118 77
30 119 18
30 120 12
30 121 20
30 122 56
30 123 36
30 124 48
30 125 25
30 126 38
30 127 36
30 128 28
30 129 62
30 130 6
30 131 67
30 132 29
30 133 28
30 134 17
30 135 25
30 136 80
30 137 27
30 138 73
30 139 9
30 140 100
30 141 56
30 142 90
30 143 71
30 144 19
30 145 18
30 146 33
30 147 17
30 148 17
30 149 47
30 150 100
30 151 11
30 152 8
30 153 89
30 154 36
30 155 54
30 156 9
30 157 5
30 158 8
30 159 15
31 32 19
31 33 38
31 34 31
31 35 22
31 36 74
31 37 9
31 38 65
31 39 47
31 40 1
31 41 49
31 42 6
31 43 39
31 44 18
31 45 35
31 46 75
31 47 91
31 48 15
31 49 25
31 50 67
31 51 11
31 52 36
31 53 74
31 54 42
31 55 86
31 56 5
31 57 89
31 58 96
31 59 49
31 60 90
31 61 32
31 62 84
31 63 13
31 64 50
31 65 86
31 66 95
31 67 19
31 68 81
31 69 27
31 70 91
31 71 78
31 72 49
31 73 25
31 74 66
31 75 1
31 76 69
31 77 13
31 78 28
31 79 70
31 80 73
31 81 4
31 82 13
31 83 78
31 84 25
31 85 22
31 86 85
31 87 65
31 88 54
31 89 69
31 90 10
31 91 36
31 92 86
31 93 59
31 94 29
31 95 68
31 96 91
31 97 72
31 98 13
31 99 84
31 100 16
31 101 1
31 102 98
31 103 89
31 104 54
31 105 36
31 106 13
31 107 37
31 108 42
31 109 41
31 110 84
31 111 95
31 112 9
31 113 81
31 114 81
31 115 88
31 116 50
31 117 42
31 118 18
31 119 4
31 120 59
31 121 73
31 122 35
31 123 37
31 124 10
31 125 61
31 126 48
31 127 92
31 128 18
31 129 39
31 130 26
31 131 67
31 132 57
31 133 85
31 134 47
31 135 69
31 136 82
31 137 68
31 138 30
31 139 30
31 140 73
31 141 41
31 142 29
31 143 22
31 144 72
31 145 48
31 146 68
31 147 75
31 148 27
31 149 7
31 150 39
31 151 96
31 152 76
31 153 96
31 154 71
31 155 24
31 156 78
31 157 47
31 158 53
31 159 14
32 33 82
32 34 19
32 35 49
32 36 81
32 37 97
32 38 43
32 39 57
32 40 29
32 41 96
32 42 22
32 43 75
32 44 73
32 45 59
32 46 72
32 47 52
32 48 20
32 49 53
32 50 6
32 51 40
32 52 52
32 53 82
32 54 67
32 55 46
32 56 44
32 57 42
32 58 95
32 59 80
32 60 13
32 61 26
32 62 72
32 63 13
32 64 68
32 65 2
32 66 13
32 67 58
32 68 3
32 69 86
32 70 88
32 71 79
32 72 26
32 73 45
32 74 43
32 75 75
32 76 2
32 77 94
32 78 32
32 79 85
32 80 78
32 81 73
32 82 6
32 83 15
32 84 23
32 85 70
32 86 83
32 87 41
32 88 98
32 89 40
32 90 5
32 91 51
32 92 92
32 93 39
32 94 57
32 95 83
32 96 86
32 97 11
32 98 5
32 99 27
32 100 6
32 101 79
32 102 89
32 103 98
32 104 74
32 105 44
32 106 4
32 107 96
32 108 2
32 109 8
32 110 55
32 111 8
32 112 3
32 113 86
32 114 90
32 115 41
32 116 87
32 117 100
32 118 91
32 119 25
32 120 61
32 121 98
32 122 49
32 123 47
32 124 75
32 125 25
32 126 83
32 127 4
32 128 73
32 129 62
32 130 96
32 131 99
32 132 66
32 133 36
32 134 28
32 135 87
32 136 1
32 137 37
32 138 43
32 139 37
32 140 91
32 141 6
32 142 32
32 143 9
32 144 88
32 145 96
32 146 2
32 147 98
32 148 39
32 149 69
32 150 100
32 151 68
32 152 94
32 153 86
32 154 61
32 155 3
32 156 60
32 157 61
32 158 70
32 159 90
33 34 78
33 35 99
33 36 86
33 37 30
33 38 80
33 39 29
33 40 99
33 41 32
33 42 76
33 43 15
33 44 42
33 45 60
33 46 4
33 47 84
33 48 48
33 49 36
33 50 29
33 51 9
33 52 79
33 53 62
33 54 87
33 55 77
33 56 66
33 57 28
33 58 64
33 59 35
33 60 92
33 61 9
33 62 14
33 63 15
33 64 22
33 65 21
33 66 68
33 67 74
33 68 9
33 69 33
33 70 11
33 71 57
33 72 90
33 73 68
33 74 47
33 75 45
33 76 98
33 77 72
33 78 28
33 79 49
33 80 25
33 81 35
33 82 49
33 83 88
33 84 2
33 85 20
33 86 30
33 87 62
33 88 78
33 89 22
33 90 75
33 91 24
33 92 51
33 93 28
33 94 47
33 95 66
33 96 14
33 97 54
33 98 85
33 99 93
33 100 61
33 101 40
33 102 35
33 103 53
33 104 78
33 105 75
33 106 1
33 107 7
33 108 73
33 109 14
33 110 90
33 111 15
33 112 79
33 113 41
33 114 77
33 115 86
33 116 18
33 117 81
33 118 73
33 119 84
33 120 27
33 121 98
33 122 81
33 123 75
33 124 28
33 125 39
33 126 23
33 127 89
33 128 53
33 129 33
33 130 30
33 131 83
33 132 37
33 133 98
33 134 36
33 135 86
33 136 55
33 137 12
33 138 93
33 139 77
33 140 46
33 141 18
33 142 35
33 143 16
33 144 35
33 145 56
33 146 34
33 147 98
33 148 81
33 149 31
33 150 4
33 151 1
33 152 83
33 153 47
33 154 80
33 155 68
33 156 40
33 157 35
33 158 71
33 159 50
34 35 73
34 36 92
34 37 64
34 38 16
34 39 10
34 40 82
34 41 10
34 42 96
34 43 33
34 44 59
34 45 2
34 46 40
34 47 46
34 48 24
34 49 64
34 50 48
34 51 18
34 52 68
34 53 41
34 54 55
34 55 29
34 56 69
34 57 68
34 58 63
34 59 67
34 60 72
34 61 77
34 62 68
34 63 92
34 64 49
34 65 67
34 66 6
34 67 39
34 68 91
34 69 84
34 70 12
34 71 80
34 72 46
34 73 90
34 74 92
34 75 88
34 76 33
34 77 10
34 78 32
34 79 36
34 80 75
34 81 54
34 82 65
34 83 7
34 84 35
34 85 82
34 86 31
34 87 5
34 88 33
34 89 44
34 90 24
34 91 38
34 92 20
34 93 50
34 94 63
34 95 82
34 96 94
34 97 6
34 98 49
34 99 72
34 100 74
34 101 62
34 102 43
34 103 20
34 104 78
34 105 20
34 106 23
34 107 49
34 108 29
34 109 52
34 110 24
34 111 86
34 112 73
34 113 93
34 114 75
34 115 6
34 116 82
34 117 89
34 118 23
34 119 4
34 120 42
34 121 70
34 122 87
34 123 63
34 124 67
34 125 86
34 126 43
34 127 43
34 128 37
34 129 30
34 130 95
34 131 93
34 132 84
34 133 92
34 134 19
34 135 11
34 136 36
34 137 51
34 138 63
34 139 43
34 140 76
34 141 20
34 142 65
34 143 22
34 144 11
34 145 53
34 146 53
34 147 30
34 148 21
34 149 27
34 150 92
34 151 59
34 152 72
34 153 40
34 154 32
34 155 46
34 156 53
34 157 28
34 158 44
34 159 2
35 36 30
35 37 10
35 38 82
35 39 90
35 40 48
35 41 79
35 42 9
35 43 63
35 44 16
35 45 58
35 46 64
35 47 54
35 48 58
35 49 57
35 50 4
35 51 32
35 52 84
35 53 58
35 54 97
35 55 66
35 56 75
35 57 28
35 58 94
35 59 59
35 60 68
35 61 39
35 62 39
35 63 51
35 64 93
35 65 17
35 66 61
35 67 64
35 68 85
35 69 96
35 70 82
35 71 10
35 72 53
35 73 20
35 74 35
35 75 8
35 76 52
35 77 20
35 78 29
35 79 63
35 80 52
35 81 44
35 82 74
35 83 42
35 84 24
35 85 14
35 86 79
35 87 45
35 88 17
35 89 91
35 90 24
35 91 26
35 92 53
35 93 46
35 94 9
35 95 29
35 96 4
35 97 86
35 98 82
35 99 56
35 100 24
35 101 7
35 102 66
35 103 73
35 104 80
35 105 44
35 106 99
35 107 50
35 108 67
35 109 13
35 110 79
35 111 41
35 112 16
35 113 84
35 114 80
35 115 71
35 116 19
35 117 23
35 118 43
35 119 81
35 120 69
35 121 11
35 122 69
35 123 41
35 124 46
35 125 43
35 126 51
35 127 80
35 128 86
35 129 41
35 130 94
35 131 23
35 132 68
35 133 54
35 134 91
35 135 53
35 136 35
35 137 82
35 138 19
35 139 55
35 140 7
35 141 55
35 142 40
35 143 27
35 144 95
35 145 93
35 146 18
35 147 27
35 148 18
35 149 44
35 150 8
35 151 43
35 152 9
35 153 50
35 154 90
35 155 64
35 156 95
35 157 52
35 158 20
35 159 59
36 37 27
36 38 18
36 39 84
36 40 22
36 41 50
36 42 48
36 43 6
36 44 41
36 45 31
36 46 82
36 47 98
36 48 85
36 49 81
36 50 11
36 51 71
36 52 89
36 53 61
36 54 70
36 55 86
36 56 70
36 57 98
36 58 38
36 59 69
36 60 66
36 61 62
36 62 83
36 63 6
36 64 11
36 65 1
36 66 23
36 67 86
36 68 88
36 69 37
36 70 65
36 71 6
36 72 64
36 73 32
36 74 75
36 75 24
36 76 8
36 77 65
36 78 47
36 79 12
36 80 7
36 81 76
36 82 27
36 83 69
36 84 62
36 85 88
36 86 52
36 87 23
36 88 47
36 89 82
36 90 83
36 91 99
36 92 69
36 93 58
36 94 10
36 95 14
36 96 20
36 97 70
36 98 70
36 99 28
36 100 5
36 101 65
36 102 73
36 103 22
36 104 16
36 105 92
36 106 10
36 107 4
36 108 49
36 109 35
36 110 14
36 111 78
36 112 16
36 113 16
36 114 60
36 115 50
36 116 62
36 117 38
36 118 95
36 119 30
36 120 66
36 121 65
36 122 38
36 123 88
36 124 65
36 125 72
36 126 49
36 127 61
36 128 17
36 129 47
36 130 18
36 131 72
36 132 93
36 133 73
36 134 17
36 135 3
36 136 55
36 137 33
36 138 96
36 139 30
36 140 65
36 141 45
36 142 2
36 143 40
36 144 8
36 145 53
36 146 62
36 147 58
36 148 59
36 149 62
36 150 90
36 151 46
36 152 22
36 153 71
36 154 59
36 155 23
36 156 66
36 157 15
36 158 53
36 159 71
37 38 8
37 39 8
37 40 56
37 41 77
37 42 79
37 43 41
37 44 87
37 45 38
37 46 73
37 47 43
37 48 78
37 49 64
37 50 93
37 51 19
37 52 27
37 53 11
37 54 23
37 55 67
37 56 89
37 57 87
37 58 10
37 59 70
37 60 59
37 61 61
37 62 54
37 63 76
37 64 49
37 65 86
37 66 38
37 67 46
37 68 73
37 69 79
37 70 100
37 71 4
37 72 66
37 73 76
37 74 55
37 75 75
37 76 4
37 77 61
37 78 25
37 79 99
37 80 20
37 81 13
37 82 73
37 83 67
37 84 56
37 85 25
37 86 91
37 87 25
37 88 65
37 89 48
37 90 32
37 91 45
37 92 4
37 93 59
37 94 31
37 95 36
37 96 80
37 97 68
37 98 57
37 99 62
37 100 38
37 101 61
37 102 85
37 103 24
37 104 63
37 105 59
37 106 40
37 107 70
37 108 46
37 109 19
37 110 4
37 111 9
37 112 37
37 113 21
37 114 13
37 115 82
37 116 55
37 117 71
37 118 82
37 119 97
37 120 44
37 121 73
37 122 100
37 123 61
37 124 80
37 125 98
37 126 75
37 127 37
37 128 48
37 129 40
37 130 62
37 131 91
37 132 68
37 133 62
37 134 16
37 135 43
37 136 53
37 137 33
37 138 6
37 139 30
37 140 64
37 141 82
37 142 84
37 143 7
37 144 36
37 145 73
37 146 29
37 147 19
37 148 15
37 149 9
37 150 24
37 151 72
37 152 38
37 153 14
37 154 2
37 155 6
37 156 2
37 157 10
37 158 69
37 159 60
38 39 39
38 40 87
38 41 69
38 42 30
38 43 49
38 44 19
38 45 86
38 46 73
38 47 53
38 48 36
38 49 7
38 50 87
38 51 3
38 52 23
38 53 80
38 54 3
38 55 85
38 56 97
38 57 65
38 58 72
38 59 97
38 60 29
38 61 50
38 62 73
38 63 80
38 64 44
38 65 65
38 66 85
38 67 13
38 68 53
38 69 46
38 70 95
38 71 97
38 72 68
38 73 92
38 74 65
38 75 31
38 76 40
38 77 89
38 78 42
38 79 21
38 80 65
38 81 67
38 82 18
38 83 19
38 84 79
38 85 7
38 86 92
38 87 73
38 88 74
38 89 32
38 90 4
38 91 66
38 92 63
38 93 42
38 94 33
38 95 70
38 96 14
38 97 66
38 98 77
38 99 31
38 100 36
38 101 67
38 102 35
38 103 61
38 104 33
38 105 95
38 106 82
38 107 37
38 108 11
38 109 3
38 110 29
38 111 95
38 112 72
38 113 42
38 114 17
38 115 66
38 116 85
38 117 54
38 118 37
38 119 81
38 120 86
38 121 79
38 122 46
38 123 49
38 124 35
38 125 54
38 126 55
38 127 46
38 128 14
38 129 2
38 130 17
38 131 18
38 132 7
38 133 30
38 134 41
38 135 57
38 136 47
38 137 79
38 138 11
38 139 95
38 140 32
38 141 43
38 142 20
38 143 61
38 144 64
38 145 20
38 146 8
38 147 53
38 148 62
38 149 16
38 150 42
38 151 65
38 152 50
38 153 81
38 154 85
38 155 14
38 156 53
38 157 10
38 158 36
38 159 1
39 40 75
39 41 58
39 42 55
39 43 78
39 44 45
39 45 86
39 46 93
39 47 55
39 48 13
39 49 68
39 50 73
39 51 6
39 52 73
39 53 3
39 54 68
39 55 49
39 56 3
39 57 38
39 58 32
39 59 20
39 60 46
39 61 74
39 62 31
39 63 35
39 64 10
39 65 2
39 66 42
39 67 37
39 68 32
39 69 53
39 70 93
39 71 76
39 72 48
39 73 11
39 74 42
39 75 65
39 76 22
39 77 96
39 78 70
39 79 51
39 80 3
39 81 66
39 82 86
39 83 10
39 84 39
39 85 76
39 86 55
39 87 58
39 88 47
39 89 34
39 90 92
39 91 77
39 92 73
39 93 56
39 94 19
39 95 11
39 96 60
39 97 10
39 98 50
39 99 91
39 100 15
39 101 19
39 102 65
39 103 15
39 104 3
39 105 82
39 106 14
39 107 23
39 108 37
39 109 71
39 110 64
39 111 23
39 112 30
39 113 74
39 114 82
39 115 10
39 116 51
39 117 61
39 118 89
39 119 74
39 120 5
39 121 37
39 122 52
39 123 3
39 124 27
39 125 42
39 126 95
39 127 22
39 128 29
39 129 84
39 130 82
39 131 33
39 132 26
39 133 69
39 134 99
39 135 79
39 136 91
39 137 7
39 138 24
39 139 33
39 140 55
39 141 91
39 142 1
39 143 19
39 144 12
39 145 89
39 146 37
39 147 25
39 148 5
39 149 90
39 150 2
39 151 67
39 152 47
39 153 59
39 154 69
39 155 50
39 156 4
39 157 12
39 158 95
39 159 91
40 41 8
40 42 29
40 43 34
40 44 88
40 45 97
40 46 83
40 47 19
40 48 55
40 49 57
40 50 6
40 51 12
40 52 23
40 53 100
40 54 88
40 55 19
40 56 78
40 57 16
40 58 64
40 59 76
40 60 76
40 61 82
40 62 38
40 63 85
40 64 97
40 65 41
40 66 59
40 67 42
40 68 23
40 69 7
40 70 82
40 71 84
40 72 86
40 73 32
40 74 91
40 75 50
40 76 23
40 77 78
40 78 20
40 79 9
40 80 41
40 81 37
40 82 9
40 83 35
40 84 4
40 85 24
40 86 24
40 87 58
40 88 97
40 89 71
40 90 31
40 91 17
40 92 47
40 93 17
40 94 92
40 95 28
40 96 84
40 97 14
40 98 62
40 99 36
40 100 22
40 101 23
40 102 20
40 103 86
40 104 88
40 105 77
40 106 3
40 107 82
40 108 6
40 109 70
40 110 93
40 111 39
40 112 11
40 113 9
40 114 64
40 115 76
40 116 92
40 117 32
40 118 76
40 119 28
40 120 93
40 121 75
40 122 91
40 123 68
40 124 23
40 125 89
40 126 92
40 127 29
40 128 82
40 129 86
40 130 52
40 131 97
40 132 76
40 133 9
40 134 97
40 135 12
40 136 59
40 137 45
40 138 42
40 139 63
40 140 27
40 141 11
40 142 58
40 143 50
40 144 57
40 145 5
40 146 39
40 147 90
40 148 85
40 149 11
40 150 100
40 151 80
40 152 80
40 153 100
40 154 98
40 155 17
40 156 38
40 157 98
40 158 16
40 159 96
41 42 26
41 43 53
41 44 91
41 45 47
41 46 93
41 47 40
41 48 3
41 49 80
41 50 95
41 51 16
41 52 42
41 53 96
41 54 9
41 55 25
41 56 90
41 57 41
41 58 6
41 59 92
41 60 74
41 61 38
41 62 12
41 63 64
41 64 7
41 65 90
41 66 47
41 67 83
41 68 59
41 69 94
41 70 70
41 71 39
41 72 9
41 73 2
41 74 77
41 75 21
41 76 79
41 77 86
41 78 63
41 79 56
41 80 13
41 81 23
41 82 57
41 83 16
41 84 16
41 85 8
41 86 26
41 87 30
41 88 98
41 89 21
41 90 100
41 91 92
41 92 88
41 93 8
41 94 36
41 95 2
41 96 26
41 97 92
41 98 90
41 99 88
41 100 12
41 101 34
41 102 66
41 103 39
41 104 57
41 105 34
41 106 94
41 107 7
41 108 61
41 109 15
41 110 89
41 111 78
41 112 3
41 113 7
41 114 76
41 115 37
41 116 51
41 117 22
41 118 14
41 119 13
41 120 46
41 121 93
41 122 71
41 123 88
41 124 33
41 125 8
41 126 6
41 127 86
41 128 29
41 129 31
41 130 7
41 131 48
41 132 71
41 133 90
41 134 70
41 135 51
41 136 79
41 137 45
41 138 65
41 139 14
41 140 16
41 141 80
41 142 15
41 143 18
41 144 5
41 145 8
41 146 61
41 147 62
41 148 37
41 149 87
41 150 84
41 151 7
41 152 74
41 153 23
41 154 18
41 155 28
41 156 18
41 157 11
41 158 78
41 159 30
42 43 66
42 44 6
42 45 99
42 46 35
42 47 28
42 48 82
42 49 37
42 50 70
42 51 51
42 52 37
42 53 34
42 54 18
42 55 14
42 56 20
42 57 65
42 58 66
42 59 83
42 60 89
42 61 87
42 62 3
42 63 13
42 64 15
42 65 35
42 66 74
42 67 72
42 68 24
42 69 44
42 70 61
42 71 28
42 72 100
42 73 98
42 74 73
42 75 70
42 76 37
42 77 47
42 78 71
42 79 42
42 80 94
42 81 11
42 82 40
42 83 99
42 84 93
42 85 74
42 86 48
42 87 32
42 88 100
42 89 22
42 90 63
42 91 60
42 92 72
42 93 97
42 94 55
42 95 71
42 96 39
42 97 11
42 98 96
42 99 51
42 100 93
42 101 49
42 102 71
42 103 8
42 104 47
42 105 71
42 106 97
42 107 66
42 108 58
42 109 21
42 110 6
42 111 80
42 112 8
42 113 59
42 114 31
42 115 31
42 116 75
42 117 36
42 118 31
42 119 37
42 120 85
42 121 74
42 122 30
42 123 73
42 124 13
42 125 63
42 126 36
42 127 94
42 128 38
42 129 85
42 130 18
42 131 88
42 132 95
42 133 58
42 134 27
42 135 74
42 136 63
42 137 64
42 138 85
42 139 80
42 140 9
42 141 15
42 142 56
42 143 38
42 144 57
42 145 100
42 146 37
42 147 58
42 148 51
42 149 39
42 150 85
42 151 65
42 152 93
42 153 82
42 154 19
42 155 59
42 156 53
42 157 4
42 158 14
42 159 99
43 44 90
43 45 71
43 46 25
43 47 55
43 48 28
43 49 9
43 50 79
43 51 11
43 52 77
43 53 86
43 54 53
43 55 87
43 56 78
43 57 78
43 58 55
43 59 78
43 60 77
43 61 38
43 62 89
43 63 44
43 64 48
43 65 50
43 66 39
43 67 9
43 68 51
43 69 88
43 70 68
43 71 22
43 72 71
43 73 51
43 74 49
43 75 87
43 76 33
43 77 74
43 78 13
43 79 31
43 80 53
43 81 95
43 82 34
43 83 83
43 84 17
43 85 73
43 86 13
43 87 73
43 88 55
43 89 66
43 90 59
43 91 16
43 92 34
43 93 43
43 94 1
43 95 56
43 96 16
43 97 76
43 98 30
43 99 96
43 100 85
43 101 31
43 102 34
43 103 23
43 104 66
43 105 3
43 106 74
43 107 58
43 108 36
43 109 8
43 110 43
43 111 47
43 112 29
43 113 99
43 114 87
43 115 87
43 116 18
43 117 35
43 118 92
43 119 19
43 120 36
43 121 2
43 122 85
43 123 61
43 124 20
43 125 100
43 126 21
43 127 30
43 128 34
43 129 71
43 130 41
43 131 26
43 132 81
43 133 100
43 134 60
43 135 40
43 136 25
43 137 40
43 138 77
43 139 60
43 140 95
43 141 80
43 142 26
43 143 60
43 144 60
43 145 14
43 146 39
43 147 5
43 148 11
43 149 95
43 150 9
43 151 98
43 152 24
43 153 13
43 154 93
43 155 38
43 156 78
43 157 26
43 158 7
43 159 36
44 45 99
44 46 83
44 47 45
44 48 38
44 49 98
44 50 2
44 51 51
44 52 59
44 53 100
44 54 42
44 55 71
44 56 48
44 57 26
44 58 9
44 59 40
44 60 61
44 61 69
44 62 51
44 63 98
44 64 83
44 65 42
44 66 30
44 67 6
44 68 12
44 69 14
44 70 47
44 71 72
44 72 97
44 73 1
44 74 86
44 75 84
44 76 79
44 77 37
44 78 98
44 79 92
44 80 84
44 81 98
44 82 54
44 83 41
44 84 22
44 85 95
44 86 77
44 87 99
44 88 64
44 89 80
44 90 31
44 91 59
44 92 84
44 93 93
44 94 58
44 95 36
44 96 34
44 97 71
44 98 60
44 99 43
44 100 76
44 101 87
44 102 88
44 103 36
44 104 76
44 105 45
44 106 31
44 107 19
44 108 64
44 109 17
44 110 45
44 111 35
44 112 25
44 113 89
44 114 98
44 115 29
44 116 70
44 117 90
44 118 64
44 119 62
44 120 64
44 121 5
44 122 44
44 123 88
44 124 32
44 125 42
44 126 24
44 127 97
44 128 62
44 129 87
44 130 35
44 131 16
44 132 72
44 133 54
44 134 26
44 135 69
44 136 84
44 137 68
44 138 39
44 139 99
44 140 51
44 141 35
44 142 64
44 143 52
44 144 99
44 145 41
44 146 50
44 147 2
44 148 97
44 149 23
44 150 69
44 151 32
44 152 28
44 153 66
44 154 80
44 155 5
44 156 85
44 157 36
44 158 10
44 159 10
45 46 45
45 47 54
45 48 25
45 49 3
45 50 95
45 51 48
45 52 1
45 53 8
45 54 62
45 55 66
45 56 36
45 57 52
45 58 51
45 59 76
45 60 57
45 61 67
45 62 18
45 63 64
45 64 18
45 65 16
45 66 61
45 67 81
45 68 19
45 69 88
45 70 7
45 71 74
45 72 65
45 73 32
45 74 57
45 75 37
45 76 12
45 77 83
45 78 34
45 79 71
45 80 37
45 81 100
45 82 32
45 83 83
45 84 16
45 85 66
45 86 19
45 87 90
45 88 14
45 89 82
45 90 20
45 91 31
45 92 16
45 93 92
45 94 99
45 95 81
45 96 12
45 97 60
45 98 79
45 99 6
45 100 57
45 101 61
45 102 25
45 103 64
45 104 85
45 105 59
45 106 64
45 107 54
45 108 89
45 109 18
45 110 49
45 111 91
45 112 49
45 113 1
45 114 89
45 115 40
45 116 2
45 117 26
45 118 14
45 119 55
45 120 98
45 121 73
45 122 47
45 123 71
45 124 28
45 125 14
45 126 17
45 127 82
45 128 53
45 129 12
45 130 44
45 131 40
45 132 87
45 133 81
45 134 18
45 135 79
45 136 18
45 137 96
45 138 34
45 139 98
45 140 70
45 141 38
45 142 13
45 143 85
45 144 53
45 145 99
45 146 98
45 147 59
45 148 38
45 149 13
45 150 62
45 151 85
45 152 53
45 153 94
45 154 29
45 155 50
45 156 72
45 157 43
45 158 66
45 159 100
46 47 13
46 48 32
46 49 86
46 50 49
46 51 18
46 52 98
46 53 76
46 54 94
46 55 38
46 56 61
46 57 50
46 58 87
46 59 50
46 60 50
46 61 54
46 62 37
46 63 77
46 64 70
46 65 45
46 66 38
46 67 92
46 68 49
46 69 80
46 70 87
46 71 70
46 72 26
46 73 88
46 74 43
46 75 11
46 76 97
46 77 85
46 78 59
46 79 47
46 80 19
46 81 8
46 82 90
46 83 75
46 84 9
46 85 63
46 86 67
46 87 20
46 88 95
46 89 26
46 90 95
46 91 96
46 92 46
46 93 93
46 94 47
46 95 17
46 96 55
46 97 55
46 98 99
46 99 59
46 100 30
46 101 53
46 102 73
46 103 43
46 104 60
46 105 52
46 106 21
46 107 11
46 108 7
46 109 5
46 110 15
46 111 91
46 112 54
46 113 75
46 114 98
46 115 63
46 116 39
46 117 52
46 118 86
46 119 16
46 120 17
46 121 50
46 122 100
46 123 91
46 124 27
46 125 37
46 126 73
46 127 74
46 128 44
46 129 46
46 130 50
46 131 15
46 132 71
46 133 52
46 134 49
46 135 45
46 136 56
46 137 1
46 138 5
46 139 39
46 140 37
46 141 58
46 142 47
46 143 64
46 144 31
46 145 30
46 146 82
46 147 76
46 148 65
46 149 47
46 150 37
46 151 36
46 152 87
46 153 10
46 154 79
46 155 70
46 156 55
46 157 46
46 158 93
46 159 45
47 48 68
47 49 46
47 50 85
47 51 99
47 52 30
47 53 59
47 54 28
47 55 100
47 56 4
47 57 100
47 58 13
47 59 81
47 60 39
47 61 35
47 62 21
47 63 1
47 64 35
47 65 73
47 66 26
47 67 98
47 68 26
47 69 76
47 70 60
47 71 46
47 72 77
47 73 81
47 74 95
47 75 19
47 76 36
47 77 19
47 78 10
47 79 60
47 80 22
47 81 38
47 82 94
47 83 37
47 84 80
47 85 67
47 86 28
47 87 3
47 88 51
47 89 10
47 90 18
47 91 87
47 92 19
47 93 48
47 94 10
47 95 86
47 96 100
47 97 17
47 98 79
47 99 59
47 100 85
47 101 14
47 102 20
47 103 75
47 104 41
47 105 7
47 106 3
47 107 61
47 108 98
47 109 45
47 110 92
47 111 29
47 112 85
47 113 84
47 114 68
47 115 45
47 116 42
47 117 39
47 118 62
47 119 75
47 120 90
47 121 88
47 122 89
47 123 21
47 124 2
47 125 40
47 126 22
47 127 11
47 128 19
47 129 41
47 130 34
47 131 65
47 132 20
47 133 52
47 134 51
47 135 16
47 136 1
47 137 59
47 138 53
47 139 76
47 140 30
47 141 49
47 142 37
47 143 78
47 144 25
47 145 18
47 146 27
47 147 61
47 148 5
47 149 71
47 150 51
47 151 60
47 152 40
47 153 43
47 154 87
47 155 62
47 156 29
47 157 53
47 158 29
47 159 48
48 49 20
48 50 75
48 51 23
48 52 55
48 53 86
48 54 9
48 55 73
48 56 96
48 57 69
48 58 73
48 59 76
48 60 97
48 61 21
48 62 19
48 63 61
48 64 73
48 65 76
48 66 4
48 67 80
48 68 93
48 69 14
48 70 25
48 71 58
48 72 39
48 73 16
48 74 12
48 75 85
48 76 82
48 77 29
48 78 56
48 79 54
48 80 47
48 81 54
48 82 61
48 83 54
48 84 18
48 85 14
48 86 50
48 87 35
48 88 57
48 89 9
48 90 14
48 91 4
48 92 89
48 93 22
48 94 1
48 95 1
48 96 39
48 97 63
48 98 39
48 99 6
48 100 58
48 101 53
48 102 46
48 103 21
48 104 36
48 105 67
48 106 46
48 107 6
48 108 77
48 109 55
48 110 55
48 111 55
48 112 7
48 113 21
48 114 38
48 115 46
48 116 37
48 117 10
48 118 10
48 119 58
48 120 79
48 121 60
48 122 61
48 123 38
48 124 63
48 125 17
48 126 38
48 127 1
48 128 23
48 129 31
48 130 93
48 131 27
48 132 57
48 133 36
48 134 36
48 135 14
48 136 90
48 137 10
48 138 82
48 139 70
48 140 89
48 141 69
48 142 94
48 143 8
48 144 22
48 145 69
48 146 36
48 147 40
48 148 38
48 149 52
48 150 85
48 151 7
48 152 23
48 153 28
48 154 2
48 155 52
48 156 9
48 157 43
48 158 68
48 159 68
49 50 49
49 51 53
49 52 14
49 53 29
49 54 19
49 55 16
49 56 82
49 57 74
49 58 94
49 59 27
49 60 82
49 61 53
49 62 75
49 63 78
49 64 49
49 65 71
49 66 34
49 67 71
49 68 20
49 69 99
49 70 23
49 71 41
49 72 61
49 73 46
49 74 60
49 75 4
49 76 56
49 77 93
49 78 34
49 79 79
49 80 52
49 81 88
49 82 75
49 83 86
49 84 79
49 85 2
49 86 76
49 87 100
49 88 84
49 89 38
49 90 58
49 91 98
49 92 47
49 93 80
49 94 57
49 95 17
49 96 57
49 97 86
49 98 59
49 99 13
49 100 60
49 101 7
49 102 20
49 103 15
49 104 75
49 105 36
49 106 81
49 107 73
49 108 20
49 109 17
49 110 1
49 111 37
49 112 41
49 113 43
49 114 14
49 115 39
49 116 96
49 117 77
49 118 20
49 119 30
49 120 38
49 121 71
49 122 39
49 123 96
49 124 96
49 125 47
49 126 96
49 127 45
49 128 35
49 129 77
49 130 30
49 131 68
49 132 31
49 133 43
49 134 50
49 135 38
49 136 85
49 137 68
49 138 86
49 139 13
49 140 93
49 141 13
49 142 82
49 143 15
49 144 90
49 145 22
49 146 71
49 147 51
49 148 22
49 149 44
49 150 84
49 151 40
49 152 13
49 153 74
49 154 34
49 155 74
49 156 84
49 157 95
49 158 67
49 159 95
50 51 99
50 52 69
50 53 21
50 54 20
50 55 5
50 56 85
50 57 10
50 58 83
50 59 74
50 60 93
50 61 97
50 62 37
50 63 23
50 64 72
50 65 50
50 66 8
50 67 74
50 68 99
50 69 78
50 70 24
50 71 64
50 72 37
50 73 49
50 74 28
50 75 76
50 76 95
50 77 46
50 78 75
50 79 61
50 80 17
50 81 26
50 82 65
50 83 83
50 84 54
50 85 46
50 86 27
50 87 1
50 88 36
50 89 90
50 90 68
50 91 58
50 92 44
50 93 51
50 94 65
50 95 47
50 96 5
50 97 67
50 98 27
50 99 75
50 100 5
50 101 83
50 102 74
50 103 81
50 104 65
50 105 28
50 106 69
50 107 27
50 108 63
50 109 42
50 110 71
50 111 15
50 112 50
50 113 44
50 114 58
50 115 98
50 116 43
50 117 74
50 118 31
50 119 73
50 120 81
50 121 24
50 122 36
50 123 91
50 124 83
50 125 85
50 126 49
50 127 46
50 128 31
50 129 38
50 130 83
50 131 41
50 132 54
50 133 42
50 134 44
50 135 96
50 136 91
50 137 28
50 138 54
50 139 71
50 140 100
50 141 81
50 142 2
50 143 42
50 144 88
50 145 57
50 146 68
50 147 80
50 148 36
50 149 31
50 150 97
50 151 84
50 152 67
50 153 31
50 154 27
50 155 24
50 156 99
50 157 73
50 158 17
50 159 95
51 52 47
51 53 7
51 54 74
51 55 40
51 56 55
51 57 46
51 58 61
51 59 46
51 60 21
51 61 94
51 62 79
51 63 42
51 64 46
51 65 13
51 66 56
51 67 35
51 68 21
51 69 35
51 70 45
51 71 90
51 72 94
51 73 13
51 74 22
51 75 49
51 76 2
51 77 14
51 78 71
51 79 49
51 80 11
51 81 11
51 82 17
51 83 47
51 84 61
51 85 84
51 86 61
51 87 36
51 88 96
51 89 37
51 90 83
51 91 65
51 92 64
51 93 1
51 94 51
51 95 93
51 96 52
51 97 82
51 98 15
51 99 87
51 100 77
51 101 73
51 102 41
51 103 34
51 104 38
51 105 81
51 106 76
51 107 49
51 108 2
51 109 36
51 110 95
51 111 37
51 112 41
51 113 75
51 114 43
51 115 64
51 116 47
51 117 18
51 118 70
51 119 4
51 120 32
51 121 99
51 122 71
51 123 11
51 124 48
51 125 68
51 126 97
51 127 99
51 128 52
51 129 67
51 130 94
51 131 1
51 132 57
51 133 92
51 134 49
51 135 71
51 136 46
51 137 88
51 138 2
51 139 5
51 140 34
51 141 71
51 142 52
51 143 52
51 144 78
51 145 38
51 146 100
51 147 16
51 148 61
51 149 49
51 150 58
51 151 34
51 152 38
51 153 41
51 154 77
51 155 49
51 156 55
51 157 54
51 158 21
51 159 49
52 53 64
52 54 22
52 55 47
52 56 2
52 57 27
52 58 63
52 59 95
52 60 85
52 61 93
52 62 13
52 63 47
52 64 93
52 65 4
52 66 11
52 67 60
52 68 57
52 69 5
52 70 37
52 71 48
52 72 50
52 73 6
52 74 18
52 75 6
52 76 14
52 77 4
52 78 100
52 79 19
52 80 100
52 81 5
52 82 69
52 83 40
52 84 2
52 85 23
52 86 57
52 87 17
52 88 2
52 89 36
52 90 91
52 91 14
52 92 85
52 93 50
52 94 39
52 95 91
52 96 55
52 97 67
52 98 72
52 99 87
52 100 25
52 101 53
52 102 55
52 103 61
52 104 45
52 105 13
52 106 71
52 107 76
52 108 45
52 109 42
52 110 58
52 111 51
52 112 62
52 113 88
52 114 94
52 115 35
52 116 18
52 117 50
52 118 96
52 119 63
52 120 58
52 121 77
52 122 54
52 123 64
52 124 72
52 125 14
52 126 83
52 127 74
52 128 21
52 129 67
52 130 4
52 131 46
52 132 31
52 133 33
52 134 2
52 135 65
52 136 60
52 137 46
52 138 27
52 139 5
52 140 30
52 141 83
52 142 99
52 143 27
52 144 46
52 145 26
52 146 43
52 147 21
52 148 25
52 149 74
52 150 74
52 151 39
52 152 91
52 153 38
52 154 7
52 155 27
52 156 50
52 157 62
52 158 2
52 159 24
53 54 79
53 55 74
53 56 76
53 57 26
53 58 66
53 59 58
53 60 61
53 61 10
53 62 69
53 63 22
53 64 92
53 65 17
53 66 46
53 67 29
53 68 76
53 69 56
53 70 98
53 71 7
53 72 48
53 73 69
53 74 93
53 75 20
53 76 10
53 77 71
53 78 16
53 79 6
53 80 58
53 81 96
53 82 32
53 83 99
53 84 47
53 85 5
53 86 23
53 87 40
53 88 35
53 89 24
53 90 48
53 91 77
53 92 48
53 93 69
53 94 70
53 95 80
53 96 71
53 97 65
53 98 80
53 99 45
53 100 96
53 101 45
53 102 54
53 103 46
53 104 7
53 105 54
53 106 9
53 107 76
53 108 58
53 109 7
53 110 80
53 111 68
53 112 10
53 113 45
53 114 95
53 115 15
53 116 94
53 117 15
53 118 48
53 119 86
53 120 67
53 121 84
53 122 85
53 123 32
53 124 20
53 125 47
53 126 91
53 127 77
53 128 46
53 129 31
53 130 92
53 131 52
53 132 43
53 133 96
53 134 37
53 135 74
53 136 13
53 137 42
53 138 41
53 139 36
53 140 82
53 141 3
53 142 79
53 143 36
53 144 32
53 145 33
53 146 7
53 147 89
53 148 85
53 149 32
53 150 81
53 151 79
53 152 63
53 153 56
53 154 21
53 155 39
53 156 5
53 157 26
53 158 77
53 159 9
54 55 64
54 56 73
54 57 39
54 58 34
54 59 24
54 60 6
54 61 23
54 62 43
54 63 24
54 64 71
54 65 91
54 66 53
54 67 4
54 68 64
54 69 73
54 70 17
54 71 86
54 72 70
54 73 47
54 74 48
54 75 51
54 76 58
54 77 55
54 78 18
54 79 83
54 80 62
54 81 65
54 82 58
54 83 27
54 84 58
54 85 63
54 86 27
54 87 43
54 88 10
54 89 55
54 90 56
54 91 41
54 92 47
54 93 11
54 94 64
54 95 54
54 96 29
54 97 73
54 98 32
54 99 94
54 100 18
54 101 86
54 102 30
54 103 74
54 104 15
54 105 75
54 106 10
54 107 82
54 108 57
54 109 83
54 110 5
54 111 38
54 112 35
54 113 70
54 114 60
54 115 87
54 116 44
54 117 44
54 118 18
54 119 76
54 120 15
54 121 65
54 122 4
54 123 7
54 124 88
54 125 30
54 126 81
54 127 15
54 128 63
54 129 69
54 130 58
54 131 67
54 132 20
54 133 66
54 134 26
54 135 53
54 136 71
54 137 43
54 138 58
54 139 79
54 140 27
54 141 94
54 142 20
54 143 46
54 144 77
54 145 53
54 146 18
54 147 79
54 148 47
54 149 73
54 150 15
54 151 6
54 152 67
54 153 49
54 154 68
54 155 50
54 156 73
54 157 40
54 158 74
54 159 92
55 56 76
55 57 90
55 58 4
55 59 26
55 60 52
55 61 55
55 62 19
55 63 70
55 64 91
55 65 19
55 66 20
55 67 16
55 68 25
55 69 29
55 70 13
55 71 31
55 72 21
55 73 93
55 74 87
55 75 72
55 76 2
55 77 5
55 78 94
55 79 19
55 80 1
55 81 88
55 82 86
55 83 17
55 84 11
55 85 2
55 86 44
55 87 17
55 88 68
55 89 45
55 90 97
55 91 76
55 92 30
55 93 57
55 94 2
55 95 34
55 96 34
55 97 1
55 98 94
55 99 88
55 100 65
55 101 29
55 102 94
55 103 25
55 104 64
55 105 87
55 106 54
55 107 89
55 108 22
55 109 82
55 110 57
55 111 36
55 112 42
55 113 31
55 114 61
55 115 7
55 116 99
55 117 24
55 118 60
55 119 42
55 120 1
55 121 39
55 122 92
55 123 97
55 124 9
55 125 83
55 126 49
55 127 100
55 128 46
55 129 58
55 130 91
55 131 58
55 132 69
55 133 41
55 134 59
55 135 64
55 136 23
55 137 97
55 138 4
55 139 11
55 140 65
55 141 55
55 142 88
55 143 41
55 144 7
55 145 22
55 146 83
55 147 11
55 148 34
55 149 81
55 150 5
55 151 41
55 152 100
55 153 79
55 154 58
55 155 69
55 156 62
55 157 45
55 158 36
55 159 39
56 57 55
56 58 77
56 59 7
56 60 45
56 61 36
56 62 87
56 63 35
56 64 32
56 65 72
56 66 74
56 67 28
56 68 71
56 69 53
56 70 11
56 71 49
56 72 8
56 73 1
56 74 37
56 75 37
56 76 15
56 77 45
56 78 100
56 79 54
56 80 64
56 81 78
56 82 24
56 83 11
56 84 49
56 85 8
56 86 29
56 87 63
56 88 94
56 89 87
56 90 2
56 91 73
56 92 85
56 93 56
56 94 39
56 95 99
56 96 6
56 97 93
56 98 77
56 99 96
56 100 92
56 101 25
56 102 17
56 103 2
56 104 37
56 105 3
56 106 16
56 107 16
56 108 94
56 109 82
56 110 78
56 111 60
56 112 2
56 113 58
56 114 34
56 115 46
56 116 41
56 117 30
56 118 1
56 119 26
56 120 82
56 121 12
56 122 28
56 123 93
56 124 76
56 125 18
56 126 94
56 127 7
56 128 26
56 129 56
56 130 3
56 131 11
56 132 100
56 133 35
56 134 87
56 135 17
56 136 44
56 137 75
56 138 76
56 139 68
56 140 28
56 141 9
56 142 68
56 143 38
56 144 58
56 145 47
56 146 97
56 147 68
56 148 78
56 149 70
56 150 8
56 151 61
56 152 96
56 153 2
56 154 77
56 155 73
56 156 93
56 157 52
56 158 14
56 159 98
57 58 49
57 59 73
57 60 30
57 61 83
57 62 15
57 63 28
57 64 91
57 65 61
57 66 77
57 67 86
57 68 6
57 69 30
57 70 44
57 71 34
57 72 67
57 73 26
57 74 11
57 75 91
57 76 57
57 77 54
57 78 39
57 79 68
57 80 76
57 81 50
57 82 50
57 83 32
57 84 38
57 85 72
57 86 64
57 87 35
57 88 80
57 89 10
57 90 7
57 91 1
57 92 54
57 93 64
57 94 81
57 95 87
57 96 74
57 97 13
57 98 36
57 99 6
57 100 40
57 101 97
57 102 5
57 103 94
57 104 12
57 105 79
57 106 18
57 107 89
57 108 15
57 109 75
57 110 99
57 111 1
57 112 32
57 113 1
57 114 5
57 115 85
57 116 4
57 117 13
57 118 35
57 119 54
57 120 94
57 121 42
57 122 46
57 123 60
57 124 86
57 125 6
57 126 44
57 127 86
57 128 97
57 129 99
57 130 60
57 131 97
57 132 50
57 133 71
57 134 30
57 135 94
57 136 73
57 137 87
57 138 14
57 139 81
57 140 21
57 141 93
57 142 48
57 143 34
57 144 12
57 145 72
57 146 71
57 147 37
57 148 75
57 149 76
57 150 45
57 151 8
57 152 75
57 153 4
57 154 61
57 155 36
57 156 25
57 157 79
57 158 75
57 159 46
58 59 74
58 60 70
58 61 47
58 62 73
58 63 6
58 64 49
58 65 5
58 66 82
58 67 51
58 68 14
58 69 80
58 70 34
58 71 32
58 72 37
58 73 58
58 74 92
58 75 90
58 76 2
58 77 99
58 78 65
58 79 58
58 80 83
58 81 95
58 82 92
58 83 74
58 84 60
58 85 44
58 86 66
58 87 28
58 88 55
58 89 3
58 90 18
58 91 61
58 92 34
58 93 44
58 94 66
58 95 33
58 96 36
58 97 32
58 98 92
58 99 74
58 100 58
58 101 40
58 102 84
58 103 72
58 104 5
58 105 86
58 106 7
58 107 21
58 108 53
58 109 65
58 110 16
58 111 47
58 112 55
58 113 90
58 114 59
58 115 37
58 116 68
58 117 61
58 118 60
58 119 20
58 120 87
58 121 7
58 122 70
58 123 6
58 124 42
58 125 98
58 126 43
58 127 48
58 128 89
58 129 79
58 130 84
58 131 89
58 132 30
58 133 42
58 134 4
58 135 89
58 136 4
58 137 13
58 138 93
58 139 80
58 140 57
58 141 52
58 142 50
58 143 7
58 144 93
58 145 47
58 146 67
58 147 42
58 148 3
58 149 58
58 150 17
58 151 71
58 152 30
58 153 68
58 154 46
58 155 93
58 156 18
58 157 31
58 158 72
58 159 39
59 60 93
59 61 61
59 62 8
59 63 52
59 64 22
59 65 94
59 66 29
59 67 2
59 68 51
59 69 13
59 70 62
59 71 60
59 72 22
59 73 69
59 74 18
59 75 25
59 76 76
59 77 99
59 78 83
59 79 59
59 80 63
59 81 84
59 82 80
59 83 63
59 84 97
59 85 36
59 86 5
59 87 70
59 88 4
59 89 41
59 90 1
59 91 29
59 92 23
59 93 9
59 94 19
59 95 57
59 96 37
59 97 95
59 98 12
59 99 73
59 100 76
59 101 12
59 102 26
59 103 100
59 104 46
59 105 4
59 106 19
59 107 22
59 108 31
59 109 58
59 110 87
59 111 6
59 112 43
59 113 92
59 114 11
59 115 62
59 116 36
59 117 33
59 118 82
59 119 69
59 120 33
59 121 36
59 122 25
59 123 64
59 124 50
59 125 65
59 126 17
59 127 29
59 128 5
59 129 60
59 130 21
59 131 33
59 132 94
59 133 20
59 134 39
59 135 80
59 136 99
59 137 18
59 138 49
59 139 5
59 140 77
59 141 40
59 142 21
59 143 26
59 144 40
59 145 84
59 146 96
59 147 93
59 148 91
59 149 47
59 150 25
59 151 26
59 152 51
59 153 88
59 154 38
59 155 11
59 156 61
59 157 10
59 158 80
59 159 60
60 61 91
60 62 28
60 63 88
60 64 99
60 65 5
60 66 21
60 67 89
60 68 17
60 69 72
60 70 92
60 71 67
60 72 55
60 73 28
60 74 70
60 75 89
60 76 18
60 77 71
60 78 36
60 79 86
60 80 31
60 81 36
60 82 40
60 83 93
60 84 3
60 85 99
60 86 50
60 87 98
60 88 86
60 89 72
60 90 2
60 91 25
60 92 46
60 93 67
60 94 43
60 95 9
60 96 26
60 97 10
60 98 99
60 99 17
60 100 8
60 101 55
60 102 76
60 103 90
60 104 1
60 105 29
60 106 96
60 107 63
60 108 85
60 109 42
60 110 64
60 111 4
60 112 96
60 113 75
60 114 34
60 115 95
60 116 82
60 117 61
60 118 14
60 119 31
60 120 57
60 121 26
60 122 46
60 123 44
60 124 36
60 125 34
60 126 59
60 127 88
60 128 80
60 129 36
60 130 98
60 131 63
60 132 100
60 133 100
60 134 17
60 135 26
60 136 90
60 137 26
60 138 25
60 139 6
60 140 69
60 141 87
60 142 56
60 143 85
60 144 57
60 145 22
60 146 53
60 147 85
60 148 52
60 149 3
60 150 9
60 151 85
60 152 82
60 153 27
60 154 40
60 155 35
60 156 88
60 157 82
60 158 2
60 159 92
61 62 40
61 63 77
61 64 19
61 65 82
61 66 11
61 67 69
61 68 52
61 69 29
61 70 56
61 71 78
61 72 34
61 73 11
61 74 17
61 75 97
61 76 75
61 77 82
61 78 53
61 79 17
61 80 28
61 81 11
61 82 69
61 83 64
61 84 60
61 85 17
61 86 45
61 87 79
61 88 62
61 89 84
61 90 99
61 91 15
61 92 19
61 93 80
61 94 76
61 95 37
61 96 73
61 97 46
61 98 74
61 99 93
61 100 37
61 101 96
61 102 3
61 103 95
61 104 43
61 105 67
61 106 6
61 107 21
61 108 21
61 109 1
61 110 32
61 111 29
61 112 27
61 113 94
61 114 57
61 115 72
61 116 78
61 117 30
61 118 70
61 119 31
61 120 37
61 121 1
61 122 18
61 123 18
61 124 47
61 125 98
61 126 16
61 127 95
61 128 91
61 129 22
61 130 89
61 131 72
61 132 53
61 133 31
61 134 71
61 135 41
61 136 92
61 137 47
61 138 66
61 139 74
61 140 56
61 141 82
61 142 24
61 143 14
61 144 4
61 145 41
61 146 70
61 147 78
61 148 73
61 149 83
61 150 46
61 151 1
61 152 55
61 153 77
61 154 5
61 155 21
61 156 54
61 157 74
61 158 21
61 159 34
62 63 7
62 64 67
62 65 18
62 66 90
62 67 46
62 68 90
62 69 52
62 70 27
62 71 99
62 72 63
62 73 35
62 74 46
62 75 90
62 76 24
62 77 34
62 78 8
62 79 55
62 80 91
62 81 81
62 82 67
62 83 61
62 84 97
62 85 31
62 86 47
62 87 83
62 88 99
62 89 4
62 90 76
62 91 52
62 92 2
62 93 37
62 94 46
62 95 42
62 96 27
62 97 14
62 98 27
62 99 92
62 100 63
62 101 56
62 102 15
62 103 75
62 104 88
62 105 33
62 106 47
62 107 37
62 108 98
62 109 94
62 110 35
62 111 3
62 112 26
62 113 92
62 114 46
62 115 63
62 116 58
62 117 76
62 118 98
62 119 25
62 120 81
62 121 53
62 122 32
62 123 94
62 124 86
62 125 61
62 126 21
62 127 93
62 128 46
62 129 61
62 130 54
62 131 3
62 132 61
62 133 14
62 134 60
62 135 82
62 136 5
62 137 2
62 138 2
62 139 10
62 140 10
62 141 87
62 142 98
62 143 17
62 144 56
62 145 33
62 146 40
62 147 68
62 148 76
62 149 73
62 150 46
62 151 90
62 152 13
62 153 32
62 154 18
62 155 94
62 156 62
62 157 98
62 158 43
62 159 17
63 64 52
63 65 59
63 66 22
63 67 99
63 68 45
63 69 64
63 70 87
63 71 33
63 72 61
63 73 62
63 74 32
63 75 60
63 76 62
63 77 57
63 78 24
63 79 17
63 80 37
63 81 33
63 82 95
63 83 95
63 84 34
63 85 44
63 86 54
63 87 86
63 88 13
63 89 82
63 90 50
63 91 68
63 92 33
63 93 9
63 94 70
63 95 14
63 96 18
63 97 68
63 98 16
63 99 99
63 100 21
63 101 48
63 102 60
63 103 75
63 104 98
63 105 28
63 106 84
63 107 5
63 108 80
63 109 17
63 110 6
63 111 97
63 112 81
63 113 20
63 114 93
63 115 82
63 116 63
63 117 9
63 118 84
63 119 53
63 120 52
63 121 81
63 122 44
63 123 23
63 124 66
63 125 98
63 126 73
63 127 82
63 128 26
63 129 64
63 130 89
63 131 96
63 132 53
63 133 8
63 134 98
63 135 83
63 136 49
63 137 21
63 138 94
63 139 53
63 140 96
63 141 76
63 142 47
63 143 94
63 144 48
63 145 25
63 146 18
63 147 99
63 148 3
63 149 49
63 150 75
63 151 18
63 152 50
63 153 98
63 154 91
63 155 82
63 156 74
63 157 95
63 158 61
63 159 19
64 65 7
64 66 55
64 67 90
64 68 33
64 69 10
64 70 13
64 71 35
64 72 21
64 73 50
64 74 17
64 75 47
64 76 24
64 77 65
64 78 41
64 79 69
64 80 18
64 81 79
64 82 73
64 83 42
64 84 28
64 85 35
64 86 59
64 87 63
64 88 65
64 89 28
64 90 90
64 91 12
64 92 31
64 93 72
64 94 30
64 95 80
64 96 46
64 97 48
64 98 26
64 99 11
64 100 1
64 101 48
64 102 2
64 103 84
64 104 16
64 105 29
64 106 2
64 107 95
64 108 71
64 109 9
64 110 80
64 111 73
64 112 30
64 113 66
64 114 49
64 115 87
64 116 23
64 117 76
64 118 68
64 119 9
64 120 26
64 121 40
64 122 56
64 123 87
64 124 55
64 125 84
64 126 98
64 127 87
64 128 43
64 129 66
64 130 51
64 131 37
64 132 51
64 133 61
64 134 38
64 135 40
64 136 84
64 137 95
64 138 24
64 139 55
64 140 64
64 141 43
64 142 7
64 143 46
64 144 84
64 145 27
64 146 68
64 147 61
64 148 78
64 149 8
64 150 95
64 151 55
64 152 58
64 153 36
64 154 19
64 155 95
64 156 63
64 157 77
64 158 58
64 159 58
65 66 95
65 67 84
65 68 57
65 69 99
65 70 91
65 71 87
65 72 57
65 73 21
65 74 44
65 75 96
65 76 95
65 77 5
65 78 39
65 79 63
65 80 25
65 81 66
65 82 45
65 83 25
65 84 32
65 85 11
65 86 40
65 87 19
65 88 74
65 89 10
65 90 25
65 91 79
65 92 97
65 93 70
65 94 4
65 95 46
65 96 61
65 97 83
65 98 52
65 99 80
65 100 23
65 101 49
65 102 75
65 103 7
65 104 91
65 105 1
65 106 100
65 107 50
65 108 3
65 109 94
65 110 48
65 111 17
65 112 16
65 113 47
65 114 57
65 115 64
65 116 48
65 117 13
65 118 77
65 119 88
65 120 41
65 121 59
65 122 33
65 123 37
65 124 40
65 125 4
65 126 1
65 127 23
65 128 26
65 129 64
65 130 51
65 131 7
65 132 6
65 133 40
65 134 57
65 135 60
65 136 93
65 137 64
65 138 8
65 139 70
65 140 25
65 141 5
65 142 57
65 143 50
65 144 81
65 145 86
65 146 78
65 147 88
65 148 82
65 149 77
65 150 83
65 151 45
65 152 22
65 153 30
65 154 5
65 155 11
65 156 81
65 157 42
65 158 38
65 159 18
66 67 1
66 68 61
66 69 23
66 70 2
66 71 20
66 72 78
66 73 67
66 74 89
66 75 47
66 76 29
66 77 72
66 78 63
66 79 10
66 80 31
66 81 52
66 82 25
66 83 22
66 84 37
66 85 3
66 86 17
66 87 16
66 88 28
66 89 80
66 90 88
66 91 52
66 92 40
66 93 66
66 94 58
66 95 71
66 96 79
66 97 35
66 98 66
66 99 39
66 100 17
66 101 3
66 102 2
66 103 88
66 104 72
66 105 70
66 106 30
66 107 27
66 108 50
66 109 40
66 110 52
66 111 52
66 112 10
66 113 70
66 114 59
66 115 12
66 116 6
66 117 86
66 118 97
66 119 96
66 120 89
66 121 17
66 122 57
66 123 69
66 124 36
66 125 33
66 126 95
66 127 23
66 128 77
66 129 43
66 130 52
66 131 35
66 132 66
66 133 87
66 134 44
66 135 24
66 136 11
66 137 96
66 138 99
66 139 34
66 140 26
66 141 91
66 142 12
66 143 60
66 144 1
66 145 60
66 146 67
66 147 21
66 148 30
66 149 23
66 150 29
66 151 76
66 152 43
66 153 41
66 154 77
66 155 72
66 156 64
66 157 8
66 158 94
66 159 42
67 68 75
67 69 39
67 70 39
67 71 25
67 72 5
67 73 96
67 74 91
67 75 28
67 76 86
67 77 92
67 78 6
67 79 13
67 80 85
67 81 69
67 82 4
67 83 60
67 84 21
67 85 9
67 86 53
67 87 51
67 88 35
67 89 10
67 90 30
67 91 59
67 92 83
67 93 37
67 94 35
67 95 39
67 96 4
67 97 3
67 98 20
67 99 23
67 100 92
67 101 8
67 102 33
67 103 86
67 104 34
67 105 36
67 106 84
67 107 20
67 108 33
67 109 79
67 110 78
67 111 95
67 112 36
67 113 76
67 114 24
67 115 61
67 116 3
67 117 74
67 118 76
67 119 73
67 120 12
67 121 76
67 122 83
67 123 32
67 124 24
67 125 29
67 126 27
67 127 99
67 128 47
67 129 26
67 130 62
67 131 51
67 132 95
67 133 83
67 134 16
67 135 39
67 136 72
67 137 19
67 138 40
67 139 76
67 140 4
67 141 22
67 142 32
67 143 16
67 144 52
67 145 30
67 146 76
67 147 33
67 148 41
67 149 52
67 150 48
67 151 29
67 152 34
67 153 50
67 154 78
67 155 90
67 156 43
67 157 27
67 158 49
67 159 60
68 69 79
68 70 13
68 71 35
68 72 96
68 73 47
68 74 40
68 75 99
68 76 91
68 77 100
68 78 15
68 79 53
68 80 75
68 81 10
68 82 33
68 83 56
68 84 50
68 85 98
68 86 19
68 87 35
68 88 14
68 89 99
68 90 40
68 91 7
68 92 29
68 93 98
68 94 100
68 95 22
68 96 46
68 97 95
68 98 40
68 99 47
68 100 64
68 101 86
68 102 1
68 103 24
68 104 94
68 105 20
68 106 6
68 107 92
68 108 89
68 109 81
68 110 1
68 111 31
68 112 98
68 113 2
68 114 17
68 115 64
68 116 7
68 117 88
68 118 46
68 119 100
68 120 51
68 121 46
68 122 31
68 123 80
68 124 75
68 125 21
68 126 53
68 127 91
68 128 34
68 129 27
68 130 27
68 131 21
68 132 38
68 133 48
68 134 37
68 135 41
68 136 71
68 137 63
68 138 40
68 139 97
68 140 91
68 141 55
68 142 48
68 143 42
68 144 1
68 145 41
68 146 68
68 147 59
68 148 4
68 149 16
68 150 10
68 151 7
68 152 38
68 153 48
68 154 39
68 155 93
68 156 95
68 157 46
68 158 48
68 159 12
69 70 28
69 71 94
69 72 26
69 73 58
69 74 45
69 75 62
69 76 66
69 77 3
69 78 38
69 79 38
69 80 52
69 81 97
69 82 40
69 83 63
69 84 70
69 85 66
69 86 25
69 87 20
69 88 13
69 89 7
69 90 12
69 91 4
69 92 7
69 93 15
69 94 53
69 95 50
69 96 7
69 97 82
69 98 62
69 99 44
69 100 41
69 101 14
69 102 52
69 103 36
69 104 75
69 105 66
69 106 2
69 107 78
69 108 91
69 109 65
69 110 41
69 111 90
69 112 98
69 113 96
69 114 66
69 115 87
69 116 56
69 117 26
69 118 73
69 119 88
69 120 77
69 121 19
69 122 5
69 123 78
69 124 41
69 125 59
69 126 90
69 127 84
69 128 81
69 129 76
69 130 81
69 131 70
69 132 5
69 133 96
69 134 62
69 135 73
69 136 46
69 137 61
69 138 69
69 139 59
69 140 65
69 141 86
69 142 60
69 143 12
69 144 47
69 145 93
69 146 61
69 147 65
69 148 82
69 149 52
69 150 43
69 151 94
69 152 75
69 153 26
69 154 47
69 155 76
69 156 37
69 157 12
69 158 67
69 159 19
70 71 54
70 72 77
70 73 59
70 74 41
70 75 55
70 76 95
70 77 89
70 78 84
70 79 55
70 80 60
70 81 27
70 82 22
70 83 39
70 84 73
70 85 56
70 86 85
70 87 15
70 88 52
70 89 65
70 90 79
70 91 80
70 92 25
70 93 44
70 94 11
70 95 60
70 96 29
70 97 25
70 98 7
70 99 67
70 100 42
70 101 58
70 102 68
70 103 37
70 104 31
70 105 63
70 106 3
70 107 88
70 108 70
70 109 75
70 110 28
70 111 74
70 112 85
70 113 49
70 114 75
70 115 20
70 116 12
70 117 100
70 118 82
70 119 86
70 120 8
70 121 63
70 122 69
70 123 37
70 124 6
70 125 98
70 126 32
70 127 81
70 128 89
70 129 10
70 130 1
70 131 19
70 132 39
70 133 95
70 134 16
70 135 98
70 136 1
70 137 11
70 138 61
70 139 90
70 140 42
70 141 42
70 142 92
70 143 89
70 144 87
70 145 39
70 146 87
70 147 40
70 148 81
70 149 50
70 150 32
70 151 26
70 152 63
70 153 59
70 154 34
70 155 47
70 156 56
70 157 41
70 158 6
70 159 71
71 72 20
71 73 98
71 74 76
71 75 21
71 76 45
71 77 19
71 78 19
71 79 95
71 80 69
71 81 79
71 82 32
71 83 57
71 84 28
71 85 26
71 86 29
71 87 73
71 88 69
71 89 100
71 90 18
71 91 31
71 92 50
71 93 1
71 94 16
71 95 94
71 96 68
71 97 15
71 98 38
71 99 25
71 100 92
71 101 51
71 102 34
71 103 74
71 104 63
71 105 7
71 106 45
71 107 94
71 108 99
71 109 81
71 110 13
71 111 75
71 112 69
71 113 75
71 114 63
71 115 24
71 116 60
71 117 7
71 118 81
71 119 53
71 120 14
71 121 79
71 122 14
71 123 7
71 124 84
71 125 3
71 126 44
71 127 11
71 128 81
71 129 31
71 130 69
71 131 16
71 132 42
71 133 59
71 134 81
71 135 30
71 136 94
71 137 75
71 138 14
71 139 92
71 140 44
71 141 45
71 142 47
71 143 46
71 144 56
71 145 64
71 146 13
71 147 84
71 148 27
71 149 96
71 150 47
71 151 41
71 152 27
71 153 62
71 154 66
71 155 69
71 156 100
71 157 54
71 158 14
71 159 45
72 73 91
72 74 72
72 75 35
72 76 5
72 77 31
72 78 23
72 79 26
72 80 52
72 81 3
72 82 12
72 83 37
72 84 60
72 85 96
72 86 95
72 87 67
72 88 29
72 89 78
72 90 8
72 91 18
72 92 30
72 93 52
72 94 66
72 95 82
72 96 40
72 97 32
72 98 47
72 99 4
72 100 8
72 101 32
72 102 2
72 103 22
72 104 14
72 105 50
72 106 47
72 107 93
72 108 52
72 109 35
72 110 64
72 111 30
72 112 10
72 113 6
72 114 24
72 115 73
72 116 81
72 117 16
72 118 48
72 119 98
72 120 25
72 121 77
72 122 80
72 123 98
72 124 52
72 125 75
72 126 17
72 127 57
72 128 40
72 129 19
72 130 57
72 131 4
72 132 19
72 133 35
72 134 48
72 135 25
72 136 5
72 137 66
72 138 56
72 139 56
72 140 47
72 141 43
72 142 31
72 143 13
72 144 90
72 145 42
72 146 33
72 147 9
72 148 1
72 149 13
72 150 35
72 151 88
72 152 79
72 153 53
72 154 32
72 155 17
72 156 54
72 157 16
72 158 46
72 159 13
73 74 35
73 75 95
73 76 88
73 77 60
73 78 52
73 79 42
73 80 47
73 81 36
73 82 93
73 83 7
73 84 38
73 85 3
73 86 87
73 87 1
73 88 70
73 89 69
73 90 6
73 91 58
73 92 59
73 93 50
73 94 84
73 95 73
73 96 5
73 97 12
73 98 60
73 99 27
73 100 76
73 101 84
73 102 58
73 103 45
73 104 62
73 105 54
73 106 53
73 107 4
73 108 9
73 109 35
73 110 34
73 111 93
73 112 31
73 113 20
73 114 18
73 115 86
73 116 16
73 117 99
73 118 1
73 119 4
73 120 28
73 121 71
73 122 94
73 123 48
73 124 95
73 125 28
73 126 44
73 127 82
73 128 51
73 129 21
73 130 90
73 131 10
73 132 79
73 133 49
73 134 47
73 135 75
73 136 56
73 137 10
73 138 98
73 139 57
73 140 78
73 141 50
73 142 97
73 143 89
73 144 18
73 145 95
73 146 83
73 147 5
73 148 29
73 149 42
73 150 43
73 151 99
73 152 9
73 153 98
73 154 64
73 155 91
73 156 25
73 157 64
73 158 85
73 159 77
74 75 91
74 76 75
74 77 38
74 78 23
74 79 40
74 80 77
74 81 79
74 82 99
74 83 91
74 84 84
74 85 12
74 86 46
74 87 84
74 88 27
74 89 41
74 90 53
74 91 61
74 92 78
74 93 53
74 94 84
74 95 49
74 96 28
74 97 62
74 98 76
74 99 44
74 100 47
74 101 1
74 102 42
74 103 28
74 104 69
74 105 41
74 106 69
74 107 37
74 108 11
74 109 91
74 110 45
74 111 59
74 112 6
74 113 81
74 114 91
74 115 93
74 116 34
74 117 19
74 118 38
74 119 97
74 120 33
74 121 20
74 122 1
74 123 94
74 124 37
74 125 21
74 126 18
74 127 72
74 128 78
74 129 49
74 130 74
74 131 40
74 132 49
74 133 25
74 134 72
74 135 4
74 136 71
74 137 27
74 138 94
74 139 87
74 140 63
74 141 77
74 142 51
74 143 98
74 144 13
74 145 92
74 146 94
74 147 98
74 148 55
74 149 72
74 150 3
74 151 53
74 152 86
74 153 8
74 154 45
74 155 50
74 156 68
74 157 98
74 158 49
74 159 9
75 76 72
75 77 20
75 78 79
75 79 43
75 80 60
75 81 26
75 82 70
75 83 94
75 84 21
75 85 51
75 86 78
75 87 62
75 88 97
75 89 57
75 90 39
75 91 19
75 92 21
75 93 38
75 94 63
75 95 70
75 96 21
75 97 84
75 98 18
75 99 44
75 100 88
75 101 41
75 102 69
75 103 12
75 104 45
75 105 36
75 106 79
75 107 98
75 108 83
75 109 11
75 110 53
75 111 62
75 112 43
75 113 33
75 114 67
75 115 61
75 116 68
75 117 42
75 118 48
75 119 80
75 120 62
75 121 92
75 122 12
75 123 27
75 124 33
75 125 23
75 126 86
75 127 89
75 128 39
75 129 25
75 130 28
75 131 56
75 132 65
75 133 71
75 134 84
75 135 92
75 136 19
75 137 86
75 138 46
75 139 45
75 140 46
75 141 47
75 142 11
75 143 14
75 144 51
75 145 85
75 146 27
75 147 78
75 148 43
75 149 21
75 150 23
75 151 98
75 152 80
75 153 3
75 154 29
75 155 29
75 156 74
75 157 95
75 158 77
75 159 90
76 77 78
76 78 16
76 79 98
76 80 60
76 81 80
76 82 66
76 83 44
76 84 45
76 85 72
76 86 46
76 87 48
76 88 69
76 89 25
76 90 60
76 91 76
76 92 73
76 93 57
76 94 48
76 95 69
76 96 18
76 97 90
76 98 88
76 99 76
76 100 91
76 101 55
76 102 56
76 103 89
76 104 91
76 105 81
76 106 88
76 107 93
76 108 83
76 109 58
76 110 39
76 111 33
76 112 74
76 113 79
76 114 57
76 115 75
76 116 9
76 117 64
76 118 42
76 119 75
76 120 65
76 121 94
76 122 90
76 123 75
76 124 71
76 125 60
76 126 83
76 127 79
76 128 4
76 129 32
76 130 64
76 131 17
76 132 41
76 133 89
76 134 17
76 135 18
76 136 95
76 137 68
76 138 96
76 139 10
76 140 57
76 141 69
76 142 25
76 143 47
76 144 3
76 145 55
76 146 65
76 147 45
76 148 54
76 149 34
76 150 89
76 151 50
76 152 85
76 153 52
76 154 37
76 155 56
76 156 58
76 157 89
76 158 5
76 159 93
77 78 79
77 79 99
77 80 46
77 81 5
77 82 28
77 83 56
77 84 9
77 85 95
77 86 86
77 87 54
77 88 26
77 89 38
77 90 12
77 91 38
77 92 71
77 93 85
77 94 27
77 95 63
77 96 63
77 97 59
77 98 77
77 99 44
77 100 28
77 101 47
77 102 53
77 103 61
77 104 51
77 105 63
77 106 69
77 107 30
77 108 5
77 109 64
77 110 85
77 111 8
77 112 74
77 113 88
77 114 47
77 115 96
77 116 48
77 117 54
77 118 46
77 119 9
77 120 68
77 121 4
77 122 67
77 123 96
77 124 41
77 125 28
77 126 85
77 127 57
77 128 27
77 129 13
77 130 30
77 131 34
77 132 64
77 133 10
77 134 23
77 135 23
77 136 30
77 137 57
77 138 11
77 139 32
77 140 78
77 141 15
77 142 40
77 143 89
77 144 74
77 145 94
77 146 46
77 147 95
77 148 20
77 149 56
77 150 37
77 151 52
77 152 25
77 153 14
77 154 8
77 155 47
77 156 80
77 157 95
77 158 47
77 159 25
78 79 20
78 80 91
78 81 42
78 82 11
78 83 23
78 84 77
78 85 25
78 86 14
78 87 21
78 88 73
78 89 5
78 90 18
78 91 54
78 92 4
78 93 57
78 94 85
78 95 22
78 96 66
78 97 15
78 98 67
78 99 12
78 100 66
78 101 81
78 102 63
78 103 48
78 104 76
78 105 12
78 106 2
78 107 29
78 108 85
78 109 44
78 110 72
78 111 29
78 112 20
78 113 33
78 114 48
78 115 71
78 116 42
78 117 4
78 118 52
78 119 47
78 120 47
78 121 47
78 122 87
78 123 54
78 124 82
78 125 54
78 126 82
78 127 14
78 128 95
78 129 57
78 130 82
78 131 80
78 132 46
78 133 73
78 134 54
78 135 55
78 136 93
78 137 55
78 138 6
78 139 8
78 140 52
78 141 89
78 142 10
78 143 43
78 144 21
78 145 25
78 146 46
78 147 31
78 148 29
78 149 69
78 150 94
78 151 19
78 152 67
78 153 47
78 154 92
78 155 50
78 156 53
78 157 87
78 158 56
78 159 42
79 80 73
79 81 65
79 82 94
79 83 96
79 84 70
79 85 33
79 86 98
79 87 4
79 88 32
79 89 38
79 90 60
79 91 2
79 92 5
79 93 84
79 94 64
79 95 48
79 96 80
79 97 64
79 98 76
79 99 23
79 100 20
79 101 95
79 102 64
79 103 30
79 104 40
79 105 29
79 106 95
79 107 93
79 108 87
79 109 24
79 110 33
79 111 54
79 112 87
79 113 69
79 114 62
79 115 93
79 116 79
79 117 53
79 118 43
79 119 67
79 120 40
79 121 11
79 122 59
79 123 39
79 124 70
79 125 41
79 126 74
79 127 58
79 128 27
79 129 17
79 130 9
79 131 91
79 132 48
79 133 36
79 134 51
79 135 61
79 136 95
79 137 3
79 138 94
79 139 7
79 140 30
79 141 20
79 142 55
79 143 18
79 144 53
79 145 69
79 146 31
79 147 53
79 148 9
79 149 37
79 150 62
79 151 37
79 152 90
79 153 16
79 154 92
79 155 53
79 156 58
79 157 38
79 158 16
79 159 79
80 81 21
80 82 41
80 83 82
80 84 91
80 85 97
80 86 50
80 87 74
80 88 35
80 89 99
80 90 30
80 91 80
80 92 80
80 93 40
80 94 38
80 95 84
80 96 71
80 97 23
80 98 48
80 99 41
80 100 64
80 101 19
80 102 19
80 103 57
80 104 72
80 105 72
80 106 55
80 107 89
80 108 52
80 109 69
80 110 83
80 111 32
80 112 42
80 113 18
80 114 18
80 115 2
80 116 43
80 117 76
80 118 38
80 119 5
80 120 38
80 121 60
80 122 5
80 123 49
80 124 39
80 125 100
80 126 85
80 127 9
80 128 12
80 129 58
80 130 43
80 131 34
80 132 26
80 133 11
80 134 97
80 135 47
80 136 6
80 137 15
80 138 30
80 139 72
80 140 26
80 141 14
80 142 45
80 143 3
80 144 58
80 145 11
80 146 24
80 147 81
80 148 82
80 149 18
80 150 23
80 151 42
80 152 68
80 153 18
80 154 97
80 155 78
80 156 23
80 157 9
80 158 26
80 159 81
81 82 23
81 83 89
81 84 45
81 85 13
81 86 12
81 87 16
81 88 6
81 89 74
81 90 90
81 91 35
81 92 65
81 93 62
81 94 24
81 95 4
81 96 16
81 97 88
81 98 61
81 99 100
81 100 6
81 101 37
81 102 79
81 103 29
81 104 64
81 105 14
81 106 73
81 107 87
81 108 87
81 109 26
81 110 92
81 111 96
81 112 68
81 113 3
81 114 32
81 115 19
81 116 37
81 117 56
81 118 36
81 119 33
81 120 55
81 121 47
81 122 38
81 123 82
81 124 9
81 125 13
81 126 64
81 127 62
81 128 92
81 129 77
81 130 21
81 131 16
81 132 90
81 133 95
81 134 99
81 135 37
81 136 98
81 137 96
81 138 11
81 139 50
81 140 50
81 141 38
81 142 92
81 143 39
81 144 96
81 145 50
81 146 9
81 147 24
81 148 35
81 149 48
81 150 38
81 151 50
81 152 14
81 153 93
81 154 93
81 155 3
81 156 29
81 157 40
81 158 10
81 159 21
82 83 85
82 84 75
82 85 16
82 86 95
82 87 22
82 88 60
82 89 83
82 90 68
82 91 61
82 92 98
82 93 83
82 94 10
82 95 38
82 96 22
82 97 94
82 98 79
82 99 22
82 100 67
82 101 34
82 102 5
82 103 79
82 104 79
82 105 95
82 106 42
82 107 59
82 108 25
82 109 48
82 110 52
82 111 5
82 112 24
82 113 27
82 114 34
82 115 35
82 116 73
82 117 97
82 118 53
82 119 53
82 120 11
82 121 56
82 122 28
82 123 79
82 124 23
82 125 57
82 126 72
82 127 98
82 128 50
82 129 10
82 130 96
82 131 10
82 132 82
82 133 92
82 134 30
82 135 6
82 136 53
82 137 7
82 138 19
82 139 56
82 140 42
82 141 88
82 142 100
82 143 40
82 144 59
82 145 82
82 146 63
82 147 78
82 148 39
82 149 15
82 150 38
82 151 38
82 152 65
82 153 72
82 154 98
82 155 62
82 156 89
82 157 1
82 158 96
82 159 76
83 84 8
83 85 25
83 86 70
83 87 3
83 88 51
83 89 91
83 90 64
83 91 81
83 92 64
83 93 14
83 94 94
83 95 28
83 96 61
83 97 23
83 98 19
83 99 15
83 100 65
83 101 94
83 102 29
83 103 27
83 104 4
83 105 41
83 106 13
83 107 69
83 108 92
83 109 57
83 110 14
83 111 85
83 112 14
83 113 82
83 114 96
83 115 7
83 116 51
83 117 82
83 118 89
83 119 88
83 120 77
83 121 27
83 122 45
83 123 75
83 124 11
83 125 81
83 126 18
83 127 24
83 128 19
83 129 87
83 130 12
83 131 23
83 132 91
83 133 51
83 134 34
83 135 45
83 136 21
83 137 22
83 138 19
83 139 2
83 140 86
83 141 82
83 142 95
83 143 75
83 144 50
83 145 91
83 146 96
83 147 69
83 148 35
83 149 70
83 150 88
83 151 69
83 152 86
83 153 36
83 154 86
83 155 27
83 156 8
83 157 11
83 158 64
83 159 57
84 85 22
84 86 96
84 87 31
84 88 91
84 89 38
84 90 14
84 91 15
84 92 41
84 93 5
84 94 85
84 95 13
84 96 47
84 97 47
84 98 25
84 99 4
84 100 95
84 101 6
84 102 56
84 103 70
84 104 22
84 105 65
84 106 13
84 107 50
84 108 68
84 109 40
84 110 94
84 111 5
84 112 74
84 113 98
84 114 26
84 115 47
84 116 89
84 117 72
84 118 5
84 119 27
84 120 52
84 121 60
84 122 57
84 123 60
84 124 42
84 125 43
84 126 78
84 127 50
84 128 30
84 129 66
84 130 86
84 131 51
84 132 86
84 133 28
84 134 64
84 135 25
84 136 11
84 137 100
84 138 39
84 139 92
84 140 55
84 141 36
84 142 43
84 143 20
84 144 12
84 145 59
84 146 25
84 147 21
84 148 82
84 149 95
84 150 45
84 151 99
84 152 50
84 153 49
84 154 76
84 155 7
84 156 89
84 157 32
84 158 44
84 159 36
85 86 100
85 87 94
85 88 38
85 89 53
85 90 2
85 91 40
85 92 99
85 93 97
85 94 39
85 95 40
85 96 47
85 97 59
85 98 39
85 99 19
85 100 76
85 101 23
85 102 76
85 103 31
85 104 59
85 105 48
85 106 19
85 107 9
85 108 47
85 109 45
85 110 95
85 111 75
85 112 9
85 113 89
85 114 30
85 115 11
85 116 94
85 117 81
85 118 76
85 119 88
85 120 11
85 121 5
85 122 9
85 123 86
85 124 5
85 125 54
85 126 45
85 127 76
85 128 63
85 129 86
85 130 96
85 131 81
85 132 90
85 133 100
85 134 90
85 135 29
85 136 75
85 137 27
85 138 74
85 139 87
85 140 81
85 141 62
85 142 37
85 143 88
85 144 16
85 145 43
85 146 53
85 147 54
85 148 100
85 149 57
85 150 65
85 151 94
85 152 72
85 153 54
85 154 90
85 155 42
85 156 16
85 157 30
85 158 2
85 159 89
86 87 92
86 88 12
86 89 77
86 90 63
86 91 70
86 92 32
86 93 63
86 94 72
86 95 100
86 96 54
86 97 84
86 98 74
86 99 51
86 100 28
86 101 60
86 102 44
86 103 50
86 104 32
86 105 93
86 106 58
86 107 34
86 108 50
86 109 63
86 110 93
86 111 52
86 112 53
86 113 83
86 114 66
86 115 54
86 116 92
86 117 81
86 118 82
86 119 93
86 120 15
86 121 8
86 122 42
86 123 66
86 124 53
86 125 45
86 126 97
86 127 68
86 128 90
86 129 87
86 130 62
86 131 89
86 132 27
86 133 30
86 134 16
86 135 2
86 136 87
86 137 84
86 138 81
86 139 87
86 140 2
86 141 20
86 142 59
86 143 64
86 144 20
86 145 60
86 146 32
86 147 7
86 148 83
86 149 29
86 150 90
86 151 33
86 152 87
86 153 55
86 154 2
86 155 12
86 156 75
86 157 22
86 158 21
86 159 86
87 88 28
87 89 25
87 90 45
87 91 86
87 92 69
87 93 58
87 94 55
87 95 39
87 96 74
87 97 34
87 98 19
87 99 92
87 100 85
87 101 47
87 102 94
87 103 100
87 104 75
87 105 57
87 106 10
87 107 47
87 108 51
87 109 85
87 110 28
87 111 28
87 112 72
87 113 31
87 114 35
87 115 100
87 116 79
87 117 13
87 118 23
87 119 95
87 120 73
87 121 36
87 122 48
87 123 100
87 124 12
87 125 46
87 126 69
87 127 67
87 128 31
87 129 7
87 130 64
87 131 58
87 132 36
87 133 89
87 134 1
87 135 70
87 136 37
87 137 49
87 138 28
87 139 68
87 140 5
87 141 89
87 142 32
87 143 34
87 144 2
87 145 23
87 146 46
87 147 94
87 148 82
87 149 84
87 150 12
87 151 65
87 152 78
87 153 53
87 154 92
87 155 90
87 156 18
87 157 48
87 158 87
87 159 38
88 89 17
88 90 100
88 91 88
88 92 25
88 93 27
88 94 89
88 95 13
88 96 60
88 97 44
88 98 94
88 99 31
88 100 53
88 101 89
88 102 64
88 103 88
88 104 95
88 105 93
88 106 32
88 107 42
88 108 36
88 109 47
88 110 63
88 111 88
88 112 79
88 113 31
88 114 100
88 115 61
88 116 93
88 117 38
88 118 92
88 119 55
88 120 59
88 121 10
88 122 25
88 123 95
88 124 86
88 125 46
88 126 62
88 127 3
88 128 41
88 129 50
88 130 84
88 131 100
88 132 43
88 133 16
88 134 52
88 135 3
88 136 69
88 137 70
88 138 33
88 139 83
88 140 84
88 141 17
88 142 41
88 143 79
88 144 49
88 145 72
88 146 31
88 147 13
88 148 26
88 149 79
88 150 49
88 151 83
88 152 47
88 153 17
88 154 5
88 155 24
88 156 24
88 157 9
88 158 32
88 159 37
89 90 38
89 91 43
89 92 1
89 93 16
89 94 58
89 95 72
89 96 74
89 97 52
89 98 71
89 99 32
89 100 48
89 101 67
89 102 37
89 103 93
89 104 98
89 105 70
89 106 11
89 107 48
89 108 25
89 109 37
89 110 86
89 111 82
89 112 44
89 113 16
89 114 32
89 115 2
89 116 56
89 117 42
89 118 43
89 119 99
89 120 66
89 121 91
89 122 12
89 123 9
89 124 55
89 125 80
89 126 62
89 127 30
89 128 95
89 129 45
89 130 49
89 131 100
89 132 70
89 133 37
89 134 22
89 135 22
89 136 90
89 137 100
89 138 13
89 139 15
89 140 8
89 141 29
89 142 42
89 143 54
89 144 73
89 145 15
89 146 11
89 147 55
89 148 91
89 149 14
89 150 61
89 151 36
89 152 2
89 153 23
89 154 20
89 155 86
89 156 41
89 157 81
89 158 97
89 159 94
90 91 51
90 92 67
90 93 1
90 94 58
90 95 32
90 96 87
90 97 51
90 98 90
90 99 10
90 100 76
90 101 33
90 102 63
90 103 17
90 104 67
90 105 4
90 106 43
90 107 61
90 108 13
90 109 64
90 110 81
90 111 41
90 112 72
90 113 3
90 114 3
90 115 80
90 116 19
90 117 73
90 118 67
90 119 72
90 120 64
90 121 16
90 122 92
90 123 18
90 124 72
90 125 82
90 126 51
90 127 81
90 128 38
90 129 49
90 130 39
90 131 30
90 132 70
90 133 10
90 134 37
90 135 50
90 136 69
90 137 70
90 138 11
90 139 52
90 140 61
90 141 16
90 142 55
90 143 71
90 144 13
90 145 5
90 146 21
90 147 66
90 148 77
90 149 81
90 150 56
90 151 100
90 152 9
90 153 53
90 154 27
90 155 1
90 156 81
90 157 88
90 158 4
90 159 32
91 92 67
91 93 5
91 94 57
91 95 72
91 96 45
91 97 96
91 98 36
91 99 74
91 100 36
91 101 21
91 102 9
91 103 40
91 104 34
91 105 1
91 106 62
91 107 55
91 108 32
91 109 96
91 110 8
91 111 98
91 112 54
91 113 93
91 114 61
91 115 9
91 116 67
91 117 70
91 118 20
91 119 24
91 120 3
91 121 43
91 122 84
91 123 86
91 124 88
91 125 58
91 126 45
91 127 93
91 128 57
91 129 31
91 130 33
91 131 87
91 132 63
91 133 67
91 134 87
91 135 48
91 136 35
91 137 82
91 138 20
91 139 91
91 140 61
91 141 15
91 142 94
91 143 30
91 144 1
91 145 35
91 146 63
91 147 43
91 148 68
91 149 19
91 150 2
91 151 42
91 152 88
91 153 97
91 154 3
91 155 39
91 156 31
91 157 63
91 158 17
91 159 72
92 93 94
92 94 70
92 95 92
92 96 80
92 97 72
92 98 64
92 99 56
92 100 92
92 101 87
92 102 37
92 103 51
92 104 57
92 105 43
92 106 97
92 107 89
92 108 25
92 109 51
92 110 9
92 111 13
92 112 61
92 113 21
92 114 85
92 115 13
92 116 45
92 117 88
92 118 18
92 119 94
92 120 76
92 121 5
92 122 36
92 123 79
92 124 91
92 125 96
92 126 97
92 127 38
92 128 1
92 129 4
92 130 76
92 131 57
92 132 8
92 133 83
92 134 70
92 135 70
92 136 35
92 137 45
92 138 94
92 139 50
92 140 20
92 141 58
92 142 99
92 143 100
92 144 29
92 145 70
92 146 7
92 147 29
92 148 34
92 149 83
92 150 23
92 151 98
92 152 52
92 153 14
92 154 96
92 155 39
92 156 96
92 157 78
92 158 4
92 159 72
93 94 84
93 95 86
93 96 12
93 97 26
93 98 63
93 99 57
93 100 62
93 101 57
93 102 2
93 103 30
93 104 25
93 105 57
93 106 88
93 107 89
93 108 24
93 109 79
93 110 96
93 111 55
93 112 52
93 113 82
93 114 36
93 115 49
93 116 63
93 117 99
93 118 88
93 119 31
93 120 88
93 121 17
93 122 93
93 123 88
93 124 70
93 125 12
93 126 100
93 127 35
93 128 95
93 129 90
93 130 2
93 131 79
93 132 6
93 133 23
93 134 56
93 135 90
93 136 12
93 137 27
93 138 99
93 139 46
93 140 68
93 141 27
93 142 10
93 143 6
93 144 12
93 145 94
93 146 56
93 147 32
93 148 84
93 149 54
93 150 88
93 151 44
93 152 92
93 153 80
93 154 13
93 155 23
93 156 12
93 157 8
93 158 67
93 159 100
94 95 49
94 96 95
94 97 59
94 98 65
94 99 37
94 100 35
94 101 21
94 102 52
94 103 37
94 104 1
94 105 38
94 106 25
94 107 50
94 108 41
94 109 63
94 110 97
94 111 43
94 112 32
94 113 84
94 114 48
94 115 92
94 116 11
94 117 49
94 118 29
94 119 92
94 120 51
94 121 8
94 122 56
94 123 17
94 124 10
94 125 96
94 126 74
94 127 22
94 128 27
94 129 13
94 130 23
94 131 9
94 132 4
94 133 100
94 134 65
94 135 90
94 136 50
94 137 63
94 138 97
94 139 69
94 140 62
94 141 69
94 142 90
94 143 21
94 144 14
94 145 70
94 146 11
94 147 75
94 148 96
94 149 22
94 150 22
94 151 21
94 152 75
94 153 95
94 154 84
94 155 55
94 156 90
94 157 40
94 158 1
94 159 36
95 96 57
95 97 9
95 98 11
95 99 47
95 100 36
95 101 37
95 102 39
95 103 35
95 104 45
95 105 25
95 106 64
95 107 57
95 108 21
95 109 6
95 110 2
95 111 38
95 112 7
95 113 56
95 114 47
95 115 2
95 116 28
95 117 24
95 118 37
95 119 12
95 120 62
95 121 23
95 122 98
95 123 63
95 124 50
95 125 63
95 126 100
95 127 11
95 128 82
95 129 91
95 130 28
95 131 54
95 132 81
95 133 51
95 134 67
95 135 15
95 136 43
95 137 52
95 138 19
95 139 72
95 140 78
95 141 62
95 142 25
95 143 16
95 144 56
95 145 93
95 146 93
95 147 93
95 148 29
95 149 34
95 150 53
95 151 2
95 152 63
95 153 90
95 154 9
95 155 9
95 156 92
95 157 61
95 158 19
95 159 24
96 97 80
96 98 24
96 99 80
96 100 92
96 101 93
96 102 22
96 103 33
96 104 47
96 105 68
96 106 77
96 107 82
96 108 74
96 109 67
96 110 11
96 111 16
96 112 37
96 113 55
96 114 73
96 115 71
96 116 56
96 117 100
96 118 41
96 119 21
96 120 83
96 121 83
96 122 34
96 123 69
96 124 50
96 125 65
96 126 3
96 127 56
96 128 96
96 129 81
96 130 59
96 131 53
96 132 89
96 133 20
96 134 57
96 135 26
96 136 90
96 137 53
96 138 41
96 139 96
96 140 97
96 141 2
96 142 52
96 143 56
96 144 4
96 145 32
96 146 62
96 147 27
96 148 15
96 149 52
96 150 59
96 151 16
96 152 54
96 153 11
96 154 57
96 155 86
96 156 81
96 157 26
96 158 7
96 159 46
97 98 81
97 99 2
97 100 57
97 101 18
97 102 57
97 103 85
97 104 60
97 105 19
97 106 98
97 107 93
97 108 85
97 109 88
97 110 88
97 111 75
97 112 61
97 113 71
97 114 44
97 115 29
97 116 22
97 117 47
97 118 50
97 119 75
97 120 33
97 121 52
97 122 77
97 123 60
97 124 20
97 125 87
97 126 10
97 127 36
97 128 25
97 129 55
97 130 14
97 131 41
97 132 29
97 133 38
97 134 51
97 135 53
97 136 64
97 137 43
97 138 26
97 139 20
97 140 82
97 141 66
97 142 77
97 143 44
97 144 45
97 145 62
97 146 95
97 147 11
97 148 78
97 149 65
97 150 51
97 151 97
97 152 9
97 153 75
97 154 81
97 155 99
97 156 53
97 157 3
97 158 45
97 159 90
98 99 11
98 100 14
98 101 25
98 102 8
98 103 70
98 104 97
98 105 80
98 106 50
98 107 66
98 108 25
98 109 2
98 110 44
98 111 5
98 112 9
98 113 45
98 114 26
98 115 15
98 116 94
98 117 5
98 118 25
98 119 52
98 120 81
98 121 54
98 122 30
98 123 46
98 124 65
98 125 79
98 126 69
98 127 82
98 128 13
98 129 5
98 130 35
98 131 45
98 132 18
98 133 60
98 134 97
98 135 26
98 136 43
98 137 82
98 138 92
98 139 69
98 140 77
98 141 68
98 142 41
98 143 84
98 144 93
98 145 75
98 146 39
98 147 49
98 148 69
98 149 50
98 150 64
98 151 38
98 152 48
98 153 60
98 154 9
98 155 32
98 156 11
98 157 98
98 158 31
98 159 16
99 100 76
99 101 92
99 102 6
99 103 82
99 104 28
99 105 3
99 106 85
99 107 91
99 108 51
99 109 99
99 110 66
99 111 62
99 112 4
99 113 57
99 114 45
99 115 20
99 116 73
99 117 35
99 118 64
99 119 66
99 120 94
99 121 33
99 122 40
99 123 37
99 124 76
99 125 86
99 126 68
99 127 82
99 128 5
99 129 47
99 130 30
99 131 91
99 132 82
99 133 48
99 134 39
99 135 2
99 136 55
99 137 55
99 138 37
99 139 80
99 140 84
99 141 85
99 142 58
99 143 74
99 144 12
99 145 2
99 146 72
99 147 97
99 148 98
99 149 3
99 150 95
99 151 39
99 152 6
99 153 46
99 154 40
99 155 29
99 156 68
99 157 10
99 158 93
99 159 59
100 101 77
100 102 89
100 103 28
100 104 3
100 105 58
100 106 75
100 107 17
100 108 57
100 109 43
100 110 10
100 111 64
100 112 96
100 113 56
100 114 37
100 115 33
100 116 80
100 117 77
100 118 75
100 119 17
100 120 4
100 121 94
100 122 51
100 123 31
100 124 50
100 125 55
100 126 86
100 127 51
100 128 73
100 129 87
100 130 82
100 131 49
100 132 73
100 133 100
100 134 89
100 135 71
100 136 49
100 137 56
100 138 89
100 139 50
100 140 54
100 141 52
100 142 23
100 143 67
100 144 44
100 145 12
100 146 55
100 147 84
100 148 1
100 149 30
100 150 52
100 151 56
100 152 69
100 153 39
100 154 71
100 155 99
100 156 36
100 157 50
100 158 76
100 159 1
101 102 84
101 103 17
101 104 35
101 105 20
101 106 4
101 107 43
101 108 48
101 109 80
101 110 95
101 111 55
101 112 84
101 113 80
101 114 14
101 115 33
101 116 64
101 117 19
101 118 20
101 119 25
101 120 94
101 121 36
101 122 43
101 123 49
101 124 93
101 125 27
101 126 84
101 127 75
101 128 85
101 129 48
101 130 43
101 131 68
101 132 46
101 133 57
101 134 36
101 135 59
101 136 24
101 137 62
101 138 74
101 139 88
101 140 51
101 141 41
101 142 55
101 143 55
101 144 2
101 145 56
101 146 37
101 147 60
101 148 64
101 149 30
101 150 61
101 151 78
101 152 64
101 153 21
101 154 86
101 155 44
101 156 1
101 157 34
101 158 47
101 159 56
102 103 72
102 104 63
102 105 60
102 106 74
102 107 65
102 108 82
102 109 33
102 110 100
102 111 82
102 112 8
102 113 37
102 114 87
102 115 49
102 116 13
102 117 93
102 118 50
102 119 14
102 120 92
102 121 57
102 122 19
102 123 35
102 124 58
102 125 72
102 126 12
102 127 68
102 128 22
102 129 46
102 130 11
102 131 40
102 132 41
102 133 45
102 134 33
102 135 66
102 136 95
102 137 49
102 138 58
102 139 79
102 140 65
102 141 2
102 142 34
102 143 63
102 144 83
102 145 14
102 146 35
102 147 21
102 148 14
102 149 40
102 150 54
102 151 96
102 152 51
102 153 40
102 154 68
102 155 79
102 156 81
102 157 96
102 158 84
102 159 25
103 104 91
103 105 25
103 106 100
103 107 27
103 108 20
103 109 65
103 110 98
103 111 12
103 112 69
103 113 85
103 114 66
103 115 34
103 116 15
103 117 76
103 118 98
103 119 5
103 120 17
103 121 23
103 122 51
103 123 62
103 124 11
103 125 70
103 126 99
103 127 62
103 128 100
103 129 72
103 130 24
103 131 22
103 132 95
103 133 11
103 134 48
103 135 70
103 136 72
103 137 34
103 138 91
103 139 81
103 140 98
103 141 11
103 142 12
103 143 40
103 144 33
103 145 15
103 146 59
103 147 35
103 148 16
103 149 47
103 150 7
103 151 90
103 152 28
103 153 5
103 154 62
103 155 50
103 156 44
103 157 67
103 158 14
103 159 56
104 105 84
104 106 62
104 107 84
104 108 39
104 109 37
104 110 13
104 111 77
104 112 43
104 113 27
104 114 21
104 115 34
104 116 40
104 117 13
104 118 73
104 119 21
104 120 19
104 121 60
104 122 41
104 123 78
104 124 53
104 125 82
104 126 25
104 127 61
104 128 48
104 129 11
104 130 12
104 131 83
104 132 96
104 133 95
104 134 7
104 135 44
104 136 37
104 137 46
104 138 17
104 139 86
104 140 97
104 141 40
104 142 87
104 143 56
104 144 2
104 145 19
104 146 83
104 147 59
104 148 60
104 149 18
104 150 42
104 151 35
104 152 89
104 153 88
104 154 10
104 155 45
104 156 41
104 157 91
104 158 80
104 159 5
105 106 35
105 107 62
105 108 6
105 109 7
105 110 64
105 111 65
105 112 86
105 113 30
105 114 15
105 115 76
105 116 48
105 117 60
105 118 81
105 119 95
105 120 86
105 121 4
105 122 54
105 123 88
105 124 15
105 125 31
105 126 39
105 127 2
105 128 76
105 129 26
105 130 61
105 131 82
105 132 63
105 133 81
105 134 60
105 135 79
105 136 37
105 137 11
105 138 25
105 139 76
105 140 31
105 141 12
105 142 8
105 143 40
105 144 47
105 145 93
105 146 58
105 147 46
105 148 40
105 149 59
105 150 9
105 151 27
105 152 89
105 153 73
105 154 66
105 155 51
105 156 49
105 157 83
105 158 6
105 159 48
106 107 11
106 108 69
106 109 47
106 110 72
106 111 2
106 112 56
106 113 57
106 114 52
106 115 23
106 116 15
106 117 69
106 118 17
106 119 79
106 120 19
106 121 80
106 122 97
106 123 62
106 124 53
106 125 32
106 126 63
106 127 44
106 128 66
106 129 4
106 130 94
106 131 22
106 132 67
106 133 11
106 134 3
106 135 99
106 136 90
106 137 20
106 138 26
106 139 37
106 140 8
106 141 66
106 142 31
106 143 66
106 144 26
106 145 65
106 146 73
106 147 14
106 148 68
106 149 79
106 150 11
106 151 12
106 152 96
106 153 2
106 154 94
106 155 62
106 156 80
106 157 61
106 158 51
106 159 38
107 108 42
107 109 44
107 110 16
107 111 27
107 112 4
107 113 70
107 114 25
107 115 25
107 116 22
107 117 88
107 118 47
107 119 99
107 120 45
107 121 3
107 122 39
107 123 5
107 124 84
107 125 85
107 126 4
107 127 38
107 128 40
107 129 76
107 130 12
107 131 24
107 132 97
107 133 80
107 134 85
107 135 14
107 136 86
107 137 19
107 138 7
107 139 60
107 140 91
107 141 19
107 142 22
107 143 86
107 144 88
107 145 79
107 146 30
107 147 33
107 148 79
107 149 49
107 150 91
107 151 23
107 152 8
107 153 53
107 154 34
107 155 36
107 156 13
107 157 7
107 158 85
107 159 24
108 109 68
108 110 43
108 111 79
108 112 78
108 113 96
108 114 41
108 115 25
108 116 1
108 117 4
108 118 29
108 119 10
108 120 64
108 121 63
108 122 40
108 123 26
108 124 14
108 125 31
108 126 20
108 127 24
108 128 67
108 129 68
108 130 18
108 131 97
108 132 35
108 133 66
108 134 92
108 135 78
108 136 76
108 137 14
108 138 9
108 139 41
108 140 74
108 141 86
108 142 57
108 143 15
108 144 60
108 145 92
108 146 38
108 147 54
108 148 85
108 149 27
108 150 14
108 151 14
108 152 80
108 153 54
108 154 3
108 155 71
108 156 55
108 157 95
108 158 91
108 159 68
109 110 38
109 111 53
109 112 34
109 113 18
109 114 50
109 115 100
109 116 64
109 117 79
109 118 28
109 119 93
109 120 84
109 121 81
109 122 13
109 123 97
109 124 12
109 125 3
109 126 3
109 127 83
109 128 67
109 129 89
109 130 75
109 131 50
109 132 95
109 133 9
109 134 32
109 135 80
109 136 48
109 137 97
109 138 45
109 139 88
109 140 97
109 141 54
109 142 53
109 143 34
109 144 58
109 145 66
109 146 77
109 147 54
109 148 17
109 149 81
109 150 82
109 151 40
109 152 3
109 153 81
109 154 44
109 155 76
109 156 52
109 157 56
109 158 23
109 159 76
110 111 42
110 112 66
110 113 24
110 114 58
110 115 15
110 116 50
110 117 90
110 118 44
110 119 45
110 120 47
110 121 35
110 122 48
110 123 10
110 124 3
110 125 23
110 126 3
110 127 22
110 128 89
110 129 39
110 130 1
110 131 6
110 132 39
110 133 76
110 134 93
110 135 70
110 136 54
110 137 99
110 138 49
110 139 67
110 140 57
110 141 75
110 142 56
110 143 20
110 144 85
110 145 34
110 146 93
110 147 42
110 148 16
110 149 10
110 150 82
110 151 60
110 152 60
110 153 30
110 154 89
110 155 94
110 156 36
110 157 4
110 158 33
110 159 70
111 112 67
111 113 88
111 114 40
111 115 22
111 116 48
111 117 2
111 118 61
111 119 98
111 120 49
111 121 68
111 122 28
111 123 52
111 124 13
111 125 67
111 126 73
111 127 62
111 128 52
111 129 17
111 130 97
111 131 44
111 132 24
111 133 38
111 134 15
111 135 59
111 136 14
111 137 90
111 138 44
111 139 27
111 140 6
111 141 46
111 142 11
111 143 25
111 144 49
111 145 79
111 146 13
111 147 41
111 148 86
111 149 53
111 150 41
111 151 30
111 152 28
111 153 87
111 154 79
111 155 98
111 156 99
111 157 39
111 158 24
111 159 67
112 113 35
112 114 6
112 115 57
112 116 2
112 117 78
112 118 95
112 119 37
112 120 55
112 121 82
112 122 89
112 123 79
112 124 20
112 125 58
112 126 76
112 127 54
112 128 41
112 129 34
112 130 41
112 131 95
112 132 28
112 133 72
112 134 79
112 135 41
112 136 97
112 137 47
112 138 26
112 139 6
112 140 69
112 141 38
112 142 51
112 143 75
112 144 41
112 145 20
112 146 11
112 147 18
112 148 14
112 149 53
112 150 88
112 151 46
112 152 34
112 153 59
112 154 90
112 155 3
112 156 18
112 157 78
112 158 15
112 159 16
113 114 48
113 115 93
113 116 17
113 117 20
113 118 53
113 119 33
113 120 46
113 121 72
113 122 74
113 123 85
113 124 57
113 125 73
113 126 81
113 127 68
113 128 9
113 129 29
113 130 41
113 131 23
113 132 28
113 133 37
113 134 40
113 135 70
113 136 30
113 137 40
113 138 50
113 139 81
113 140 75
113 141 12
113 142 44
113 143 85
113 144 64
113 145 83
113 146 52
113 147 67
113 148 50
113 149 11
113 150 8
113 151 39
113 152 47
113 153 13
113 154 9
113 155 52
113 156 32
113 157 11
113 158 9
113 159 68
114 115 48
114 116 56
114 117 91
114 118 35
114 119 69
114 120 77
114 121 79
114 122 66
114 123 96
114 124 59
114 125 22
114 126 79
114 127 24
114 128 20
114 129 63
114 130 39
114 131 33
114 132 31
114 133 78
114 134 30
114 135 82
114 136 66
114 137 25
114 138 15
114 139 17
114 140 65
114 141 94
114 142 18
114 143 58
114 144 2
114 145 60
114 146 70
114 147 66
114 148 75
114 149 41
114 150 98
114 151 69
114 152 49
114 153 33
114 154 11
114 155 39
114 156 91
114 157 14
114 158 11
114 159 70
115 116 63
115 117 67
115 118 65
115 119 29
115 120 2
115 121 74
115 122 66
115 123 37
115 124 40
115 125 2
115 126 46
115 127 63
115 128 45
115 129 24
115 130 7
115 131 100
115 132 74
115 133 43
115 134 65
115 135 17
115 136 7
115 137 64
115 138 19
115 139 71
115 140 21
115 141 87
115 142 44
115 143 50
115 144 19
115 145 34
115 146 63
115 147 18
115 148 89
115 149 77
115 150 23
115 151 87
115 152 93
115 153 97
115 154 61
115 155 36
115 156 59
115 157 72
115 158 63
115 159 68
116 117 83
116 118 58
116 119 24
116 120 1
116 121 20
116 122 54
116 123 16
116 124 60
116 125 37
116 126 82
116 127 24
116 128 64
116 129 39
116 130 16
116 131 71
116 132 7
116 133 86
116 134 5
116 135 10
116 136 50
116 137 15
116 138 19
116 139 34
116 140 91
116 141 8
116 142 13
116 143 21
116 144 71
116 145 49
116 146 73
116 147 36
116 148 55
116 149 95
116 150 19
116 151 3
116 152 25
116 153 92
116 154 58
116 155 70
116 156 3
116 157 36
116 158 37
116 159 45
117 118 52
117 119 76
117 120 71
117 121 85
117 122 56
117 123 86
117 124 78
117 125 75
117 126 47
117 127 26
117 128 4
117 129 73
117 130 21
117 131 26
117 132 15
117 133 10
117 134 48
117 135 99
117 136 36
117 137 38
117 138 58
117 139 40
117 140 52
117 141 75
117 142 5
117 143 2
117 144 25
117 145 27
117 146 79
117 147 40
117 148 90
117 149 87
117 150 37
117 151 50
117 152 3
117 153 66
117 154 2
117 155 49
117 156 74
117 157 97
117 158 54
117 159 76
118 119 91
118 120 37
118 121 56
118 122 61
118 123 84
118 124 48
118 125 52
118 126 56
118 127 66
118 128 76
118 129 90
118 130 23
118 131 50
118 132 75
118 133 90
118 134 75
118 135 40
118 136 96
118 137 20
118 138 57
118 139 54
118 140 53
118 141 59
118 142 56
118 143 69
118 144 77
118 145 47
118 146 42
118 147 8
118 148 49
118 149 40
118 150 60
118 151 44
118 152 30
118 153 47
118 154 72
118 155 80
118 156 29
118 157 23
118 158 22
118 159 17
119 120 91
119 121 19
119 122 75
119 123 29
119 124 57
119 125 49
119 126 89
119 127 52
119 128 98
119 129 76
119 130 46
119 131 72
119 132 100
119 133 14
119 134 53
119 135 16
119 136 2
119 137 20
119 138 72
119 139 3
119 140 46
119 141 60
119 142 40
119 143 2
119 144 42
119 145 71
119 146 1
119 147 10
119 148 38
119 149 4
119 150 55
119 151 81
119 152 52
119 153 35
119 154 12
119 155 5
119 156 18
119 157 44
119 158 57
119 159 34
120 121 28
120 122 36
120 123 60
120 124 31
120 125 87
120 126 52
120 127 88
120 128 74
120 129 1
120 130 79
120 131 63
120 132 30
120 133 96
120 134 73
120 135 1
120 136 86
120 137 6
120 138 82
120 139 81
120 140 36
120 141 66
120 142 49
120 143 18
120 144 98
120 145 78
120 146 68
120 147 73
120 148 78
120 149 90
120 150 36
120 151 58
120 152 4
120 153 26
120 154 90
120 155 89
120 156 2
120 157 6
120 158 81
120 159 48
121 122 43
121 123 31
121 124 10
121 125 39
121 126 54
121 127 55
121 128 30
121 129 32
121 130 2
121 131 33
121 132 96
121 133 97
121 134 81
121 135 31
121 136 4
121 137 96
121 138 13
121 139 75
121 140 59
121 141 30
121 142 89
121 143 18
121 144 65
121 145 50
121 146 5
121 147 19
121 148 84
121 149 67
121 150 96
121 151 58
121 152 87
121 153 75
121 154 72
121 155 90
121 156 34
121 157 73
121 158 63
121 159 19
122 123 71
122 124 4
122 125 78
122 126 71
122 127 84
122 128 73
122 129 71
122 130 43
122 131 86
122 132 74
122 133 30
122 134 52
122 135 49
122 136 55
122 137 57
122 138 4
122 139 27
122 140 15
122 141 35
122 142 1
122 143 96
122 144 52
122 145 84
122 146 54
122 147 52
122 148 10
122 149 56
122 150 98
122 151 51
122 152 99
122 153 70
122 154 6
122 155 66
122 156 13
122 157 66
122 158 35
122 159 33
123 124 93
123 125 33
123 126 78
123 127 62
123 128 92
123 129 95
123 130 40
123 131 6
123 132 11
123 133 87
123 134 83
123 135 65
123 136 89
123 137 47
123 138 6
123 139 35
123 140 44
123 141 4
123 142 26
123 143 88
123 144 72
123 145 11
123 146 8
123 147 8
123 148 38
123 149 73
123 150 59
123 151 57
123 152 95
123 153 59
123 154 46
123 155 84
123 156 26
123 157 80
123 158 89
123 159 60
124 125 4
124 126 16
124 127 18
124 128 59
124 129 77
124 130 95
124 131 83
124 132 89
124 133 17
124 134 63
124 135 86
124 136 58
124 137 40
124 138 13
124 139 59
124 140 48
124 141 34
124 142 33
124 143 5
124 144 59
124 145 79
124 146 39
124 147 41
124 148 46
124 149 67
124 150 78
124 151 10
124 152 64
124 153 42
124 154 81
124 155 48
124 156 4
124 157 6
124 158 15
124 159 90
125 126 53
125 127 15
125 128 32
125 129 97
125 130 30
125 131 23
125 132 21
125 133 79
125 134 59
125 135 35
125 136 25
125 137 81
125 138 90
125 139 68
125 140 74
125 141 72
125 142 87
125 143 63
125 144 86
125 145 6
125 146 83
125 147 41
125 148 36
125 149 57
125 150 89
125 151 77
125 152 43
125 153 97
125 154 19
125 155 16
125 156 3
125 157 28
125 158 15
125 159 60
126 127 94
126 128 61
126 129 100
126 130 2
126 131 38
126 132 41
126 133 19
126 134 92
126 135 25
126 136 53
126 137 11
126 138 66
126 139 12
126 140 59
126 141 37
126 142 35
126 143 23
126 144 33
126 145 68
126 146 25
126 147 68
126 148 41
126 149 87
126 150 65
126 151 52
126 152 50
126 153 14
126 154 40
126 155 91
126 156 92
126 157 37
126 158 7
126 159 76
127 128 11
127 129 41
127 130 43
127 131 100
127 132 11
127 133 86
127 134 16
127 135 33
127 136 78
127 137 92
127 138 93
127 139 17
127 140 75
127 141 71
127 142 83
127 143 97
127 144 70
127 145 53
127 146 100
127 147 19
127 148 22
127 149 44
127 150 16
127 151 51
127 152 2
127 153 4
127 154 34
127 155 70
127 156 86
127 157 63
127 158 10
127 159 71
128 129 74
128 130 49
128 131 37
128 132 98
128 133 91
128 134 15
128 135 93
128 136 62
128 137 46
128 138 81
128 139 38
128 140 83
128 141 81
128 142 55
128 143 35
128 144 92
128 145 76
128 146 36
128 147 84
128 148 40
128 149 91
128 150 4
128 151 32
128 152 24
128 153 85
128 154 61
128 155 78
128 156 82
128 157 34
128 158 32
128 159 86
129 130 22
129 131 11
129 132 71
129 133 91
129 134 96
129 135 8
129 136 23
129 137 10
129 138 55
129 139 39
129 140 94
129 141 91
129 142 34
129 143 78
129 144 29
129 145 74
129 146 41
129 147 41
129 148 31
129 149 17
129 150 49
129 151 47
129 152 38
129 153 25
129 154 60
129 155 53
129 156 89
129 157 88
129 158 61
129 159 76
130 131 8
130 132 80
130 133 21
130 134 51
130 135 7
130 136 2
130 137 76
130 138 80
130 139 70
130 140 35
130 141 19
130 142 95
130 143 4
130 144 99
130 145 86
130 146 65
130 147 53
130 148 40
130 149 85
130 150 8
130 151 17
130 152 54
130 153 81
130 154 45
130 155 77
130 156 98
130 157 34
130 158 85
130 159 84
131 132 94
131 133 18
131 134 26
131 135 50
131 136 35
131 137 32
131 138 3
131 139 69
131 140 43
131 141 88
131 142 45
131 143 6
131 144 66
131 145 62
131 146 90
131 147 16
131 148 81
131 149 17
131 150 55
131 151 71
131 152 57
131 153 35
131 154 15
131 155 14
131 156 28
131 157 76
131 158 29
131 159 60
132 133 82
132 134 64
132 135 2
132 136 3
132 137 77
132 138 46
132 139 77
132 140 46
132 141 76
132 142 78
132 143 38
132 144 77
132 145 95
132 146 80
132 147 47
132 148 4
132 149 97
132 150 42
132 151 74
132 152 62
132 153 67
132 154 67
132 155 79
132 156 61
132 157 12
132 158 28
132 159 54
133 134 31
133 135 54
133 136 25
133 137 72
133 138 40
133 139 74
133 140 77
133 141 60
133 142 96
133 143 76
133 144 98
133 145 64
133 146 84
133 147 85
133 148 43
133 149 39
133 150 7
133 151 38
133 152 96
133 153 19
133 154 13
133 155 38
133 156 22
133 157 13
133 158 100
133 159 6
134 135 8
134 136 39
134 137 93
134 138 37
134 139 74
134 140 24
134 141 69
134 142 58
134 143 67
134 144 11
134 145 13
134 146 82
134 147 77
134 148 30
134 149 11
134 150 100
134 151 97
134 152 25
134 153 8
134 154 25
134 155 33
134 156 69
134 157 25
134 158 22
134 159 100
135 136 46
135 137 54
135 138 13
135 139 87
135 140 35
135 141 80
135 142 88
135 143 27
135 144 93
135 145 23
135 146 51
135 147 53
135 148 8
135 149 90
135 150 88
135 151 54
135 152 74
135 153 50
135 154 65
135 155 54
135 156 48
135 157 95
135 158 82
135 159 12
136 137 36
136 138 65
136 139 1
136 140 74
136 141 39
136 142 82
136 143 39
136 144 98
136 145 56
136 146 19
136 147 21
136 148 43
136 149 66
136 150 73
136 151 72
136 152 90
136 153 30
136 154 32
136 155 5
136 156 94
136 157 85
136 158 89
136 159 73
137 138 5
137 139 24
137 140 45
137 141 60
137 142 36
137 143 23
137 144 65
137 145 48
137 146 52
137 147 61
137 148 50
137 149 51
137 150 60
137 151 29
137 152 27
137 153 93
137 154 49
137 155 74
137 156 77
137 157 93
137 158 25
137 159 57
138 139 18
138 140 43
138 141 69
138 142 99
138 143 33
138 144 31
138 145 96
138 146 67
138 147 18
138 148 55
138 149 26
138 150 81
138 151 60
138 152 20
138 153 36
138 154 1
138 155 53
138 156 32
138 157 54
138 158 28
138 159 96
139 140 85
139 141 20
139 142 61
139 143 84
139 144 57
139 145 26
139 146 61
139 147 44
139 148 35
139 149 92
139 150 82
139 151 73
139 152 13
139 153 16
139 154 52
139 155 6
139 156 99
139 157 69
139 158 65
139 159 96
140 141 58
140 142 100
140 143 98
140 144 57
140 145 87
140 146 10
140 147 84
140 148 79
140 149 45
140 150 14
140 151 44
140 152 66
140 153 82
140 154 4
140 155 16
140 156 95
140 157 76
140 158 15
140 159 13
141 142 50
141 143 18
141 144 48
141 145 15
141 146 4
141 147 60
141 148 14
141 149 30
141 150 69
141 151 98
141 152 58
141 153 48
141 154 55
141 155 97
141 156 3
141 157 97
141 158 54
141 159 31
142 143 70
142 144 56
142 145 67
142 146 32
142 147 27
142 148 20
142 149 98
142 150 67
142 151 53
142 152 16
142 153 23
142 154 64
142 155 14
142 156 95
142 157 93
142 158 44
142 159 2
143 144 51
143 145 93
143 146 41
143 147 13
143 148 79
143 149 7
143 150 45
143 151 58
143 152 72
143 153 18
143 154 37
143 155 80
143 156 6
143 157 56
143 158 28
143 159 44
144 145 42
144 146 89
144 147 99
144 148 84
144 149 23
144 150 31
144 151 38
144 152 78
144 153 69
144 154 29
144 155 65
144 156 94
144 157 22
144 158 37
144 159 15
145 146 27
145 147 79
145 148 8
145 149 33
145 150 63
145 151 88
145 152 36
145 153 19
145 154 54
145 155 41
145 156 27
145 157 42
145 158 41
145 159 83
146 147 49
146 148 83
146 149 7
146 150 66
146 151 66
146 152 29
146 153 45
146 154 71
146 155 15
146 156 19
146 157 79
146 158 54
146 159 13
147 148 97
147 149 98
147 150 72
147 151 24
147 152 68
147 153 23
147 154 13
147 155 77
147 156 65
147 157 59
147 158 70
147 159 10
148 149 43
148 150 93
148 151 56
148 152 55
148 153 54
148 154 75
148 155 79
148 156 9
148 157 7
148 158 18
148 159 95
149 150 2
149 151 63
149 152 69
149 153 28
149 154 80
149 155 76
149 156 60
149 157 28
149 158 45
149 159 53
150 151 60
150 152 89
150 153 98
150 154 34
150 155 100
150 156 10
150 157 23
150 158 60
150 159 1
151 152 99
151 153 42
151 154 57
151 155 54
151 156 24
151 157 19
151 158 3
151 159 76
152 153 86
152 154 96
152 155 13
152 156 20
152 157 72
152 158 1
152 159 93
153 154 97
153 155 53
153 156 60
153 157 25
153 158 41
153 159 38
154 155 69
154 156 29
154 157 20
154 158 46
154 159 6
155 156 85
155 157 19
155 158 90
155 159 99
156 157 4
156 158 53
156 159 83
157 158 96
157 159 16
158 159 79
