160 12720
0 1 76
0 2 91
0 3 9
0 4 52
0 5 87
0 6 17
0 7 4
0 8 12
0 9 100
0 10 89
0 11 7
0 12 25
0 13 81
0 14 87
0 15 11
0 16 72
0 17 76
0 18 75
0 19 36
0 20 43
0 21 62
0 22 99
0 23 4
0 24 57
0 25 68
0 26 62
0 27 95
0 28 28
0 29 93
0 30 82
0 31 35
0 32 19
0 33 31
0 34 39
0 35 41
0 36 66
0 37 79
0 38 1
0 39 46
0 40 69
0 41 26
0 42 17
0 43 56
0 44 45
0 45 92
0 46 15
0 47 13
0 48 36
0 49 38
0 50 1
0 51 50
0 52 37
0 53 47
0 54 10
0 55 77
0 56 35
0 57 41
0 58 43
0 59 28
0 60 63
0 61 16
0 62 77
0 63 79
0 64 73
0 65 13
0 66 24
0 67 33
0 68 36
0 69 100
0 70 44
0 71 73
0 72 39
0 73 67
0 74 66
0 75 6
0 76 93
0 77 51
0 78 21
0 79 14
0 80 12
0 81 92
0 82 89
0 83 22
0 84 97
0 85 42
0 86 17
0 87 70
0 88 41
0 89 65
0 90 34
0 91 30
0 92 12
0 93 90
0 94 53
0 95 83
0 96 4
0 97 62
0 98 80
0 99 100
0 100 14
0 101 1
0 102 35
0 103 97
0 104 22
0 105 56
0 106 19
0 107 38
0 108 84
0 109 23
0 110 44
0 111 99
0 112 88
0 113 60
0 114 13
0 115 19
0 116 92
0 117 9
0 118 94
0 119 13
0 120 69
0 121 96
0 122 60
0 123 43
0 124 27
0 125 77
0 126 39
0 127 91
0 128 26
0 129 3
0 130 25
0 131 12
0 132 14
0 133 40
0 134 48
0 135 47
0 136 2
0 137 16
0 138 8
0 139 73
0 140 26
0 141 72
0 142 63
0 143 87
0 144 60
0 145 54
0 146 79
0 147 82
0 148 10
0 149 86
0 150 47
0 151 63
0 152 6
0 153 42
0 154 5
0 155 54
0 156 16
0 157 91
0 158 51
0 159 85
1 2 36
1 3 65
1 4 84
1 5 89
1 6 98
1 7 83
1 8 39
1 9 35
1 10 92
1 11 48
1 12 60
1 13 28
1 14 23
1 15 11
1 16 32
1 17 72
1 18 67
1 19 7
1 20 100
1 21 16
1 22 50
1 23 60
1 24 83
1 25 11
1 26 66
1 27 67
1 28 82
1 29 72
1 30 29
1 31 16
1 32 51
1 33 3
1 34 50
1 35 99
1 36 82
1 37 58
1 38 52
1 39 47
1 40 18
1 41 47
1 42 92
1 43 57
1 44 62
1 45 17
1 46 55
1 47 35
1 48 60
1 49 77
1 50 59
1 51 63
1 52 8
1 53 90
1 54 22
1 55 89
1 56 39
1 57 9
1 58 67
1 59 50
1 60 58
1 61 80
1 62 74
1 63 28
1 64 77
1 65 2
1 66 92
1 67 98
1 68 68
1 69 10
1 70 89
1 71 10
1 72 34
1 73 22
1 74 15
1 75 72
1 76 48
1 77 72
1 78 95
1 79 34
1 80 65
1 81 62
1 82 70
1 83 50
1 84 9
1 85 30
1 86 66
1 87 68
1 88 45
1 89 7
1 90 87
1 91 23
1 92 61
1 93 34
1 94 60
1 95 73
1 96 47
1 97 93
1 98 82
1 99 62
1 100 19
1 101 78
1 102 36
1 103 73
1 104 10
1 105 73
1 106 87
1 107 92
1 108 34
1 109 35
1 110 77
1 111 26
1 112 12
1 113 52
1 114 60
1 115 14
1 116 34
1 117 12
1 118 2
1 119 39
1 120 22
1 121 63
1 122 11
1 123 32
1 124 10
1 125 20
1 126 93
1 127 89
1 128 61
1 129 64
1 130 98
1 131 65
1 132 88
1 133 63
1 134 1
1 135 53
1 136 63
1 137 7
1 138 34
1 139 9
1 140 16
1 141 39
1 142 98
1 143 70
1 144 20
1 145 28
1 146 40
1 147 59
1 148 15
1 149 54
1 150 43
1 151 3
1 152 10
1 153 95
1 154 100
1 155 1
1 156 48
1 157 43
1 158 46
1 159 79
2 3 74
2 4 35
2 5 13
2 6 53
2 7 52
2 8 5
2 9 27
2 10 4
2 11 4
2 12 24
2 13 51
2 14 3
2 15 44
2 16 71
2 17 27
2 18 14
2 19 26
2 20 88
2 21 33
2 22 29
2 23 73
2 24 36
2 25 21
2 26 22
2 27 83
2 28 99
2 29 51
2 30 77
2 31 12
2 32 53
2 33 89
2 34 11
2 35 86
2 36 18
2 37 65
2 38 83
2 39 72
2 40 43
2 41 52
2 42 33
2 43 76
2 44 93
2 45 48
2 46 23
2 47 38
2 48 66
2 49 93
2 50 7
2 51 33
2 52 71
2 53 37
2 54 100
2 55 14
2 56 85
2 57 88
2 58 1
2 59 20
2 60 88
2 61 1
2 62 45
2 63 87
2 64 89
2 65 29
2 66 42
2 67 61
2 68 3
2 69 22
2 70 26
2 71 48
2 72 63
2 73 53
2 74 87
2 75 41
2 76 35
2 77 60
2 78 60
2 79 32
2 80 35
2 81 71
2 82 17
2 83 44
2 84 24
2 85 14
2 86 40
2 87 77
2 88 65
2 89 10
2 90 56
2 91 58
2 92 29
2 93 72
2 94 91
2 95 69
2 96 19
2 97 77
2 98 50
2 99 73
2 100 23
2 101 72
2 102 87
2 103 83
2 104 84
2 105 17
2 106 38
2 107 31
2 108 77
2 109 58
2 110 41
2 111 18
2 112 81
2 113 27
2 114 19
2 115 12
2 116 23
2 117 3
2 118 69
2 119 88
2 120 63
2 121 45
2 122 61
2 123 51
2 124 14
2 125 64
2 126 89
2 127 14
2 128 43
2 129 34
2 130 71
2 131 77
2 132 5
2 133 70
2 134 47
2 135 13
2 136 96
2 137 4
2 138 91
2 139 76
2 140 69
2 141 69
2 142 9
2 143 29
2 144 98
2 145 65
2 146 92
2 147 8
2 148 71
2 149 28
2 150 32
2 151 52
2 152 100
2 153 96
2 154 17
2 155 79
2 156 94
2 157 51
2 158 74
2 159 68
3 4 64
3 5 81
3 6 28
3 7 98
3 8 1
3 9 55
3 10 92
3 11 91
3 12 12
3 13 87
3 14 67
3 15 47
3 16 68
3 17 77
3 18 84
3 19 91
3 20 39
3 21 52
3 22 90
3 23 74
3 24 77
3 25 23
3 26 29
3 27 98
3 28 83
3 29 88
3 30 86
3 31 2
3 32 52
3 33 96
3 34 1
3 35 78
3 36 73
3 37 6
3 38 53
3 39 95
3 40 26
3 41 10
3 42 70
3 43 28
3 44 81
3 45 28
3 46 57
3 47 50
3 48 94
3 49 17
3 50 48
3 51 20
3 52 16
3 53 15
3 54 41
3 55 85
3 56 17
3 57 53
3 58 95
3 59 17
3 60 45
3 61 3
3 62 70
3 63 49
3 64 40
3 65 14
3 66 89
3 67 81
3 68 26
3 69 68
3 70 15
3 71 86
3 72 57
3 73 10
3 74 54
3 75 32
3 76 26
3 77 61
3 78 17
3 79 26
3 80 20
3 81 31
3 82 97
3 83 9
3 84 76
3 85 25
3 86 15
3 87 66
3 88 39
3 89 53
3 90 17
3 91 63
3 92 63
3 93 61
3 94 40
3 95 1
3 96 13
3 97 32
3 98 31
3 99 66
3 100 53
3 101 67
3 102 81
3 103 76
3 104 82
3 105 7
3 106 23
3 107 34
3 108 62
3 109 53
3 110 98
3 111 15
3 112 71
3 113 90
3 114 29
3 115 77
3 116 32
3 117 33
3 118 39
3 119 47
3 120 85
3 121 11
3 122 87
3 123 74
3 124 98
3 125 9
3 126 39
3 127 63
3 128 15
3 129 76
3 130 65
3 131 64
3 132 90
3 133 72
3 134 85
3 135 3
3 136 65
3 137 15
3 138 38
3 139 40
3 140 60
3 141 11
3 142 72
3 143 42
3 144 78
3 145 96
3 146 23
3 147 47
3 148 34
3 149 81
3 150 30
3 151 6
3 152 87
3 153 3
3 154 38
3 155 27
3 156 84
3 157 59
3 158 29
3 159 73
4 5 29
4 6 59
4 7 40
4 8 41
4 9 25
4 10 20
4 11 6
4 12 74
4 13 70
4 14 40
4 15 48
4 16 66
4 17 79
4 18 68
4 19 39
4 20 2
4 21 57
4 22 73
4 23 57
4 24 51
4 25 24
4 26 12
4 27 67
4 28 18
4 29 83
4 30 27
4 31 8
4 32 91
4 33 87
4 34 58
4 35 39
4 36 57
4 37 51
4 38 80
4 39 25
4 40 18
4 41 11
4 42 99
4 43 94
4 44 59
4 45 16
4 46 9
4 47 3
4 48 74
4 49 69
4 50 57
4 51 48
4 52 39
4 53 10
4 54 14
4 55 56
4 56 16
4 57 83
4 58 77
4 59 55
4 60 16
4 61 37
4 62 96
4 63 24
4 64 45
4 65 42
4 66 54
4 67 70
4 68 39
4 69 95
4 70 59
4 71 89
4 72 53
4 73 37
4 74 29
4 75 30
4 76 65
4 77 45
4 78 60
4 79 100
4 80 72
4 81 26
4 82 50
4 83 64
4 84 10
4 85 96
4 86 56
4 87 33
4 88 49
4 89 35
4 90 11
4 91 51
4 92 11
4 93 50
4 94 81
4 95 96
4 96 85
4 97 88
4 98 37
4 99 58
4 100 35
4 101 80
4 102 63
4 103 9
4 104 83
4 105 34
4 106 3
4 107 84
4 108 5
4 109 35
4 110 95
4 111 93
4 112 43
4 113 56
4 114 6
4 115 24
4 116 99
4 117 22
4 118 34
4 119 38
4 120 59
4 121 96
4 122 26
4 123 74
4 124 11
4 125 70
4 126 5
4 127 31
4 128 5
4 129 91
4 130 62
4 131 84
4 132 42
4 133 36
4 134 50
4 135 41
4 136 50
4 137 81
4 138 58
4 139 26
4 140 61
4 141 26
4 142 1
4 143 37
4 144 22
4 145 40
4 146 35
4 147 41
4 148 36
4 149 69
4 150 41
4 151 52
4 152 52
4 153 75
4 154 98
4 155 74
4 156 30
4 157 48
4 158 49
4 159 16
5 6 13
5 7 83
5 8 61
5 9 31
5 10 81
5 11 97
5 12 65
5 13 78
5 14 19
5 15 18
5 16 2
5 17 85
5 18 59
5 19 5
5 20 87
5 21 68
5 22 71
5 23 87
5 24 9
5 25 72
5 26 63
5 27 64
5 28 38
5 29 92
5 30 55
5 31 59
5 32 12
5 33 3
5 34 12
5 35 38
5 36 100
5 37 1
5 38 9
5 39 61
5 40 79
5 41 1
5 42 34
5 43 99
5 44 9
5 45 20
5 46 17
5 47 36
5 48 100
5 49 11
5 50 33
5 51 80
5 52 80
5 53 61
5 54 15
5 55 96
5 56 12
5 57 79
5 58 80
5 59 83
5 60 57
5 61 36
5 62 14
5 63 36
5 64 32
5 65 34
5 66 72
5 67 100
5 68 3
5 69 42
5 70 72
5 71 11
5 72 90
5 73 18
5 74 52
5 75 48
5 76 92
5 77 53
5 78 52
5 79 2
5 80 54
5 81 69
5 82 18
5 83 42
5 84 98
5 85 67
5 86 38
5 87 75
5 88 39
5 89 25
5 90 31
5 91 46
5 92 15
5 93 88
5 94 3
5 95 82
5 96 59
5 97 37
5 98 35
5 99 79
5 100 8
5 101 59
5 102 24
5 103 69
5 104 63
5 105 75
5 106 97
5 107 41
5 108 86
5 109 28
5 110 80
5 111 100
5 112 30
5 113 63
5 114 41
5 115 53
5 116 74
5 117 5
5 118 78
5 119 59
5 120 94
5 121 78
5 122 17
5 123 25
5 124 57
5 125 82
5 126 3
5 127 17
5 128 90
5 129 49
5 130 97
5 131 32
5 132 19
5 133 14
5 134 4
5 135 64
5 136 66
5 137 25
5 138 39
5 139 22
5 140 10
5 141 81
5 142 77
5 143 84
5 144 66
5 145 17
5 146 89
5 147 41
5 148 31
5 149 49
5 150 65
5 151 52
5 152 20
5 153 72
5 154 66
5 155 64
5 156 3
5 157 78
5 158 53
5 159 22
6 7 28
6 8 26
6 9 12
6 10 48
6 11 7
6 12 22
6 13 76
6 14 9
6 15 8
6 16 56
6 17 48
6 18 50
6 19 85
6 20 25
6 21 29
6 22 78
6 23 13
6 24 90
6 25 65
6 26 71
6 27 88
6 28 79
6 29 32
6 30 34
6 31 35
6 32 67
6 33 82
6 34 97
6 35 45
6 36 99
6 37 12
6 38 71
6 39 39
6 40 2
6 41 97
6 42 68
6 43 22
6 44 72
6 45 43
6 46 99
6 47 87
6 48 63
6 49 54
6 50 79
6 51 85
6 52 87
6 53 39
6 54 73
6 55 28
6 56 92
6 57 80
6 58 76
6 59 73
6 60 37
6 61 4
6 62 16
6 63 97
6 64 20
6 65 55
6 66 16
6 67 94
6 68 90
6 69 60
6 70 81
6 71 60
6 72 9
6 73 25
6 74 89
6 75 3
6 76 97
6 77 73
6 78 81
6 79 61
6 80 44
6 81 83
6 82 77
6 83 30
6 84 94
6 85 56
6 86 30
6 87 82
6 88 95
6 89 78
6 90 69
6 91 90
6 92 79
6 93 7
6 94 63
6 95 20
6 96 54
6 97 96
6 98 18
6 99 88
6 100 5
6 101 9
6 102 13
6 103 23
6 104 8
6 105 81
6 106 8
6 107 14
6 108 65
6 109 27
6 110 100
6 111 64
6 112 97
6 113 35
6 114 95
6 115 14
6 116 21
6 117 29
6 118 75
6 119 28
6 120 52
6 121 81
6 122 58
6 123 22
6 124 65
6 125 22
6 126 11
6 127 59
6 128 39
6 129 65
6 130 26
6 131 22
6 132 37
6 133 73
6 134 24
6 135 2
6 136 93
6 137 7
6 138 44
6 139 100
6 140 67
6 141 15
6 142 35
6 143 47
6 144 9
6 145 31
6 146 3
6 147 67
6 148 92
6 149 1
6 150 12
6 151 1
6 152 89
6 153 75
6 154 17
6 155 82
6 156 62
6 157 40
6 158 65
6 159 82
7 8 18
7 9 64
7 10 36
7 11 42
7 12 19
7 13 89
7 14 25
7 15 65
7 16 72
7 17 52
7 18 5
7 19 70
7 20 25
7 21 20
7 22 82
7 23 90
7 24 14
7 25 66
7 26 41
7 27 46
7 28 73
7 29 75
7 30 20
7 31 40
7 32 69
7 33 54
7 34 54
7 35 62
7 36 37
7 37 89
7 38 59
7 39 19
7 40 29
7 41 41
7 42 65
7 43 95
7 44 37
7 45 3
7 46 77
7 47 11
7 48 58
7 49 36
7 50 80
7 51 89
7 52 99
7 53 82
7 54 54
7 55 39
7 56 43
7 57 38
7 58 56
7 59 20
7 60 42
7 61 19
7 62 69
7 63 68
7 64 86
7 65 63
7 66 79
7 67 9
7 68 34
7 69 41
7 70 1
7 71 79
7 72 93
7 73 46
7 74 46
7 75 78
7 76 83
7 77 91
7 78 34
7 79 18
7 80 68
7 81 87
7 82 45
7 83 63
7 84 91
7 85 93
7 86 5
7 87 36
7 88 7
7 89 48
7 90 89
7 91 31
7 92 47
7 93 88
7 94 83
7 95 11
7 96 69
7 97 70
7 98 56
7 99 49
7 100 24
7 101 34
7 102 62
7 103 93
7 104 77
7 105 75
7 106 96
7 107 96
7 108 87
7 109 11
7 110 61
7 111 6
7 112 39
7 113 93
7 114 29
7 115 91
7 116 81
7 117 13
7 118 30
7 119 46
7 120 19
7 121 62
7 122 31
7 123 86
7 124 47
7 125 43
7 126 82
7 127 69
7 128 75
7 129 97
7 130 100
7 131 80
7 132 8
7 133 66
7 134 39
7 135 53
7 136 31
7 137 90
7 138 54
7 139 50
7 140 50
7 141 20
7 142 80
7 143 22
7 144 90
7 145 17
7 146 91
7 147 21
7 148 67
7 149 62
7 150 45
7 151 55
7 152 74
7 153 25
7 154 71
7 155 13
7 156 79
7 157 20
7 158 19
7 159 49
8 9 65
8 10 88
8 11 17
8 12 50
8 13 96
8 14 88
8 15 78
8 16 40
8 17 48
8 18 66
8 19 39
8 20 59
8 21 67
8 22 67
8 23 41
8 24 59
8 25 88
8 26 90
8 27 85
8 28 68
8 29 92
8 30 63
8 31 96
8 32 35
8 33 41
8 34 98
8 35 22
8 36 81
8 37 86
8 38 98
8 39 17
8 40 41
8 41 48
8 42 42
8 43 51
8 44 93
8 45 63
8 46 59
8 47 92
8 48 37
8 49 16
8 50 6
8 51 5
8 52 36
8 53 62
8 54 8
8 55 24
8 56 62
8 57 95
8 58 84
8 59 86
8 60 57
8 61 14
8 62 61
8 63 34
8 64 36
8 65 66
8 66 12
8 67 87
8 68 30
8 69 22
8 70 54
8 71 33
8 72 35
8 73 86
8 74 1
8 75 66
8 76 98
8 77 51
8 78 82
8 79 43
8 80 60
8 81 57
8 82 25
8 83 91
8 84 66
8 85 94
8 86 81
8 87 8
8 88 77
8 89 58
8 90 75
8 91 44
8 92 19
8 93 15
8 94 62
8 95 3
8 96 15
8 97 73
8 98 96
8 99 70
8 100 5
8 101 58
8 102 63
8 103 2
8 104 80
8 105 34
8 106 78
8 107 35
8 108 82
8 109 100
8 110 34
8 111 76
8 112 29
8 113 91
8 114 48
8 115 63
8 116 78
8 117 71
8 118 94
8 119 9
8 120 88
8 121 73
8 122 22
8 123 8
8 124 70
8 125 34
8 126 60
8 127 91
8 128 100
8 129 83
8 130 5
8 131 59
8 132 64
8 133 81
8 134 60
8 135 38
8 136 45
8 137 93
8 138 91
8 139 31
8 140 77
8 141 63
8 142 25
8 143 75
8 144 84
8 145 23
8 146 11
8 147 15
8 148 73
8 149 50
8 150 84
8 151 75
8 152 93
8 153 53
8 154 88
8 155 81
8 156 98
8 157 76
8 158 34
8 159 12
9 10 39
9 11 68
9 12 49
9 13 80
9 14 44
9 15 12
9 16 33
9 17 65
9 18 79
9 19 100
9 20 57
9 21 46
9 22 24
9 23 24
9 24 30
9 25 25
9 26 49
9 27 18
9 28 91
9 29 26
9 30 66
9 31 75
9 32 68
9 33 86
9 34 38
9 35 11
9 36 53
9 37 66
9 38 5
9 39 97
9 40 3
9 41 28
9 42 61
9 43 100
9 44 28
9 45 6
9 46 71
9 47 99
9 48 49
9 49 41
9 50 21
9 51 78
9 52 38
9 53 76
9 54 76
9 55 39
9 56 72
9 57 72
9 58 68
9 59 15
9 60 32
9 61 8
9 62 23
9 63 92
9 64 14
9 65 28
9 66 25
9 67 28
9 68 56
9 69 70
9 70 58
9 71 46
9 72 98
9 73 100
9 74 64
9 75 17
9 76 22
9 77 72
9 78 38
9 79 70
9 80 63
9 81 67
9 82 72
9 83 93
9 84 7
9 85 15
9 86 82
9 87 74
9 88 93
9 89 66
9 90 77
9 91 26
9 92 66
9 93 91
9 94 83
9 95 44
9 96 71
9 97 57
9 98 100
9 99 53
9 100 90
9 101 57
9 102 21
9 103 36
9 104 5
9 105 25
9 106 38
9 107 50
9 108 76
9 109 22
9 110 66
9 111 12
9 112 67
9 113 67
9 114 28
9 115 8
9 116 82
9 117 40
9 118 78
9 119 49
9 120 87
9 121 50
9 122 89
9 123 16
9 124 28
9 125 59
9 126 19
9 127 91
9 128 92
9 129 12
9 130 74
9 131 21
9 132 55
9 133 2
9 134 94
9 135 37
9 136 43
9 137 80
9 138 93
9 139 90
9 140 59
9 141 56
9 142 65
9 143 45
9 144 17
9 145 42
9 146 16
9 147 47
9 148 55
9 149 94
9 150 86
9 151 90
9 152 39
9 153 74
9 154 74
9 155 17
9 156 29
9 157 10
9 158 20
9 159 94
10 11 40
10 12 39
10 13 40
10 14 38
10 15 78
10 16 37
10 17 51
10 18 30
10 19 98
10 20 56
10 21 73
10 22 66
10 23 42
10 24 93
10 25 12
10 26 95
10 27 67
10 28 92
10 29 31
10 30 95
10 31 30
10 32 47
10 33 1
10 34 6
10 35 61
10 36 91
10 37 18
10 38 73
10 39 27
10 40 78
10 41 22
10 42 27
10 43 28
10 44 62
10 45 5
10 46 59
10 47 6
10 48 49
10 49 99
10 50 11
10 51 7
10 52 49
10 53 32
10 54 88
10 55 69
10 56 84
10 57 79
10 58 20
10 59 51
10 60 48
10 61 1
10 62 17
10 63 98
10 64 12
10 65 34
10 66 72
10 67 14
10 68 7
10 69 8
10 70 12
10 71 44
10 72 24
10 73 60
10 74 80
10 75 98
10 76 64
10 77 5
10 78 89
10 79 90
10 80 89
10 81 3
10 82 7
10 83 33
10 84 78
10 85 44
10 86 72
10 87 70
10 88 10
10 89 99
10 90 72
10 91 25
10 92 22
10 93 46
10 94 85
10 95 21
10 96 72
10 97 51
10 98 3
10 99 17
10 100 23
10 101 79
10 102 9
10 103 58
10 104 85
10 105 90
10 106 47
10 107 74
10 108 37
10 109 75
10 110 50
10 111 70
10 112 44
10 113 59
10 114 89
10 115 51
10 116 85
10 117 8
10 118 20
10 119 39
10 120 38
10 121 54
10 122 50
10 123 72
10 124 92
10 125 96
10 126 12
10 127 53
10 128 88
10 129 81
10 130 49
10 131 79
10 132 77
10 133 84
10 134 93
10 135 42
10 136 19
10 137 30
10 138 58
10 139 90
10 140 4
10 141 62
10 142 19
10 143 77
10 144 41
10 145 72
10 146 41
10 147 40
10 148 59
10 149 92
10 150 77
10 151 77
10 152 48
10 153 45
10 154 58
10 155 88
10 156 66
10 157 75
10 158 78
10 159 87
11 12 83
11 13 54
11 14 56
11 15 65
11 16 48
11 17 70
11 18 20
11 19 78
11 20 1
11 21 92
11 22 84
11 23 12
11 24 82
11 25 84
11 26 82
11 27 43
11 28 69
11 29 28
11 30 42
11 31 73
11 32 68
11 33 18
11 34 31
11 35 35
11 36 51
11 37 30
11 38 87
11 39 47
11 40 60
11 41 6
11 42 25
11 43 49
11 44 4
11 45 63
11 46 25
11 47 74
11 48 82
11 49 6
11 50 84
11 51 92
11 52 3
11 53 26
11 54 37
11 55 59
11 56 86
11 57 66
11 58 80
11 59 13
11 60 67
11 61 51
11 62 46
11 63 85
11 64 87
11 65 11
11 66 29
11 67 45
11 68 21
11 69 84
11 70 76
11 71 22
11 72 36
11 73 50
11 74 41
11 75 60
11 76 32
11 77 26
11 78 73
11 79 59
11 80 96
11 81 15
11 82 27
11 83 72
11 84 55
11 85 23
11 86 34
11 87 55
11 88 28
11 89 10
11 90 24
11 91 68
11 92 49
11 93 80
11 94 17
11 95 24
11 96 94
11 97 81
11 98 4
11 99 31
11 100 86
11 101 73
11 102 74
11 103 53
11 104 27
11 105 25
11 106 48
11 107 7
11 108 9
11 109 11
11 110 5
11 111 36
11 112 36
11 113 29
11 114 70
11 115 64
11 116 34
11 117 84
11 118 86
11 119 20
11 120 14
11 121 78
11 122 79
11 123 10
11 124 1
11 125 76
11 126 53
11 127 16
11 128 50
11 129 76
11 130 91
11 131 40
11 132 91
11 133 32
11 134 9
11 135 16
11 136 42
11 137 39
11 138 43
11 139 25
11 140 18
11 141 28
11 142 46
11 143 92
11 144 23
11 145 77
11 146 18
11 147 7
11 148 81
11 149 93
11 150 17
11 151 3
11 152 37
11 153 88
11 154 97
11 155 33
11 156 42
11 157 19
11 158 62
11 159 27
12 13 85
12 14 60
12 15 43
12 16 87
12 17 42
12 18 83
12 19 5
12 20 4
12 21 4
12 22 90
12 23 78
12 24 13
12 25 56
12 26 3
12 27 59
12 28 25
12 29 80
12 30 88
12 31 38
12 32 40
12 33 23
12 34 8
12 35 9
12 36 72
12 37 4
12 38 96
12 39 41
12 40 26
12 41 4
12 42 96
12 43 87
12 44 34
12 45 84
12 46 67
12 47 76
12 48 52
12 49 46
12 50 100
12 51 8
12 52 64
12 53 19
12 54 24
12 55 75
12 56 29
12 57 87
12 58 14
12 59 94
12 60 69
12 61 32
12 62 13
12 63 65
12 64 76
12 65 29
12 66 85
12 67 100
12 68 72
12 69 26
12 70 17
12 71 5
12 72 16
12 73 35
12 74 59
12 75 49
12 76 92
12 77 78
12 78 65
12 79 91
12 80 25
12 81 33
12 82 15
12 83 94
12 84 19
12 85 79
12 86 83
12 87 4
12 88 57
12 89 13
12 90 3
12 91 95
12 92 3
12 93 34
12 94 9
12 95 38
12 96 58
12 97 13
12 98 57
12 99 89
12 100 37
12 101 68
12 102 37
12 103 17
12 104 89
12 105 27
12 106 75
12 107 77
12 108 94
12 109 48
12 110 94
12 111 99
12 112 68
12 113 44
12 114 54
12 115 93
12 116 18
12 117 14
12 118 60
12 119 74
12 120 62
12 121 3
12 122 40
12 123 26
12 124 77
12 125 23
12 126 39
12 127 32
12 128 36
12 129 96
12 130 16
12 131 26
12 132 68
12 133 24
12 134 27
12 135 73
12 136 9
12 137 35
12 138 19
12 139 46
12 140 27
12 141 13
12 142 33
12 143 14
12 144 83
12 145 26
12 146 52
12 147 35
12 148 30
12 149 37
12 150 85
12 151 21
12 152 28
12 153 65
12 154 3
12 155 91
12 156 81
12 157 75
12 158 87
12 159 84
13 14 4
13 15 61
13 16 94
13 17 8
13 18 23
13 19 37
13 20 97
13 21 45
13 22 33
13 23 14
13 24 51
13 25 40
13 26 58
13 27 21
13 28 44
13 29 22
13 30 14
13 31 38
13 32 75
13 33 56
13 34 26
13 35 29
13 36 37
13 37 60
13 38 65
13 39 27
13 40 95
13 41 86
13 42 37
13 43 72
13 44 83
13 45 69
13 46 85
13 47 41
13 48 33
13 49 100
13 50 82
13 51 37
13 52 26
13 53 44
13 54 35
13 55 10
13 56 19
13 57 1
13 58 39
13 59 66
13 60 48
13 61 9
13 62 40
13 63 8
13 64 60
13 65 13
13 66 8
13 67 100
13 68 33
13 69 85
13 70 26
13 71 25
13 72 91
13 73 48
13 74 81
13 75 83
13 76 19
13 77 88
13 78 51
13 79 60
13 80 31
13 81 76
13 82 26
13 83 71
13 84 71
13 85 41
13 86 65
13 87 30
13 88 46
13 89 33
13 90 78
13 91 77
13 92 8
13 93 70
13 94 20
13 95 44
13 96 64
13 97 40
13 98 73
13 99 32
13 100 89
13 101 94
13 102 66
13 103 69
13 104 8
13 105 6
13 106 45
13 107 34
13 108 18
13 109 9
13 110 65
13 111 72
13 112 32
13 113 89
13 114 19
13 115 8
13 116 70
13 117 57
13 118 31
13 119 95
13 120 60
13 121 79
13 122 22
13 123 50
13 124 93
13 125 48
13 126 85
13 127 24
13 128 53
13 129 80
13 130 7
13 131 12
13 132 10
13 133 81
13 134 38
13 135 99
13 136 48
13 137 86
13 138 11
13 139 48
13 140 6
13 141 73
13 142 94
13 143 48
13 144 1
13 145 59
13 146 96
13 147 1
13 148 22
13 149 64
13 150 65
13 151 17
13 152 51
13 153 16
13 154 33
13 155 93
13 156 5
13 157 71
13 158 92
13 159 8
14 15 24
14 16 82
14 17 55
14 18 97
14 19 41
14 20 36
14 21 54
14 22 7
14 23 40
14 24 23
14 25 81
14 26 9
14 27 83
14 28 89
14 29 96
14 30 99
14 31 64
14 32 64
14 33 54
14 34 97
14 35 59
14 36 5
14 37 94
14 38 31
14 39 59
14 40 86
14 41 91
14 42 91
14 43 11
14 44 26
14 45 78
14 46 22
14 47 25
14 48 83
14 49 67
14 50 78
14 51 68
14 52 25
14 53 14
14 54 83
14 55 67
14 56 87
14 57 78
14 58 53
14 59 75
14 60 91
14 61 69
14 62 66
14 63 53
14 64 65
14 65 82
14 66 33
14 67 99
14 68 27
14 69 5
14 70 93
14 71 36
14 72 39
14 73 10
14 74 51
14 75 47
14 76 64
14 77 17
14 78 34
14 79 97
14 80 17
14 81 58
14 82 27
14 83 24
14 84 15
14 85 17
14 86 81
14 87 10
14 88 58
14 89 86
14 90 61
14 91 50
14 92 7
14 93 56
14 94 22
14 95 87
14 96 2
14 97 64
14 98 16
14 99 69
14 100 80
14 101 57
14 102 31
14 103 9
14 104 54
14 105 75
14 106 17
14 107 21
14 108 41
14 109 74
14 110 23
14 111 26
14 112 39
14 113 88
14 114 51
14 115 45
14 116 17
14 117 1
14 118 95
14 119 48
14 120 47
14 121 50
14 122 62
14 123 89
14 124 38
14 125 100
14 126 1
14 127 90
14 128 26
14 129 54
14 130 8
14 131 77
14 132 44
14 133 6
14 134 69
14 135 38
14 136 85
14 137 79
14 138 36
14 139 22
14 140 80
14 141 51
14 142 96
14 143 20
14 144 49
14 145 53
14 146 48
14 147 93
14 148 20
14 149 100
14 150 80
14 151 33
14 152 17
14 153 97
14 154 36
14 155 93
14 156 18
14 157 5
14 158 61
14 159 75
15 16 68
15 17 59
15 18 49
15 19 41
15 20 84
15 21 30
15 22 60
15 23 31
15 24 37
15 25 43
15 26 9
15 27 92
15 28 33
15 29 88
15 30 23
15 31 46
15 32 20
15 33 97
15 34 39
15 35 59
15 36 30
15 37 75
15 38 33
15 39 15
15 40 84
15 41 64
15 42 60
15 43 94
15 44 2
15 45 3
15 46 81
15 47 42
15 48 32
15 49 59
15 50 45
15 51 4
15 52 10
15 53 27
15 54 98
15 55 88
15 56 5
15 57 36
15 58 28
15 59 39
15 60 77
15 61 70
15 62 60
15 63 76
15 64 56
15 65 38
15 66 53
15 67 29
15 68 40
15 69 77
15 70 71
15 71 94
15 72 51
15 73 41
15 74 62
15 75 3
15 76 8
15 77 97
15 78 67
15 79 20
15 80 87
15 81 63
15 82 55
15 83 27
15 84 51
15 85 3
15 86 43
15 87 7
15 88 74
15 89 56
15 90 83
15 91 29
15 92 86
15 93 26
15 94 58
15 95 66
15 96 39
15 97 56
15 98 97
15 99 87
15 100 56
15 101 74
15 102 82
15 103 30
15 104 8
15 105 43
15 106 97
15 107 83
15 108 53
15 109 56
15 110 89
15 111 3
15 112 61
15 113 3
15 114 29
15 115 14
15 116 21
15 117 73
15 118 98
15 119 29
15 120 37
15 121 21
15 122 52
15 123 44
15 124 89
15 125 2
15 126 87
15 127 2
15 128 100
15 129 77
15 130 75
15 131 84
15 132 76
15 133 65
15 134 91
15 135 66
15 136 42
15 137 75
15 138 97
15 139 12
15 140 9
15 141 88
15 142 45
15 143 83
15 144 77
15 145 42
15 146 79
15 147 100
15 148 67
15 149 87
15 150 2
15 151 52
15 152 17
15 153 19
15 154 28
15 155 25
15 156 92
15 157 66
15 158 80
15 159 65
16 17 54
16 18 4
16 19 22
16 20 20
16 21 60
16 22 56
16 23 26
16 24 47
16 25 69
16 26 49
16 27 11
16 28 85
16 29 52
16 30 3
16 31 10
16 32 18
16 33 63
16 34 35
16 35 46
16 36 87
16 37 74
16 38 19
16 39 77
16 40 23
16 41 55
16 42 11
16 43 86
16 44 7
16 45 63
16 46 37
16 47 23
16 48 69
16 49 30
16 50 8
16 51 94
16 52 66
16 53 32
16 54 93
16 55 66
16 56 69
16 57 83
16 58 66
16 59 93
16 60 30
16 61 26
16 62 84
16 63 50
16 64 47
16 65 57
16 66 37
16 67 97
16 68 5
16 69 16
16 70 96
16 71 40
16 72 90
16 73 4
16 74 1
16 75 58
16 76 11
16 77 44
16 78 65
16 79 39
16 80 74
16 81 5
16 82 70
16 83 97
16 84 48
16 85 1
16 86 22
16 87 54
16 88 52
16 89 14
16 90 64
16 91 83
16 92 17
16 93 47
16 94 28
16 95 64
16 96 46
16 97 59
16 98 66
16 99 43
16 100 81
16 101 89
16 102 96
16 103 5
16 104 29
16 105 92
16 106 55
16 107 97
16 108 81
16 109 95
16 110 3
16 111 65
16 112 89
16 113 68
16 114 44
16 115 66
16 116 45
16 117 6
16 118 71
16 119 57
16 120 43
16 121 9
16 122 12
16 123 82
16 124 60
16 125 96
16 126 22
16 127 10
16 128 62
16 129 77
16 130 38
16 131 21
16 132 65
16 133 95
16 134 62
16 135 53
16 136 32
16 137 65
16 138 74
16 139 68
16 140 12
16 141 12
16 142 43
16 143 13
16 144 4
16 145 37
16 146 75
16 147 14
16 148 78
16 149 99
16 150 51
16 151 69
16 152 39
16 153 77
16 154 10
16 155 24
16 156 40
16 157 27
16 158 64
16 159 78
17 18 59
17 19 50
17 20 24
17 21 65
17 22 74
17 23 34
17 24 85
17 25 46
17 26 70
17 27 76
17 28 84
17 29 79
17 30 15
17 31 20
17 32 75
17 33 40
17 34 64
17 35 1
17 36 23
17 37 33
17 38 37
17 39 58
17 40 32
17 41 59
17 42 85
17 43 96
17 44 55
17 45 64
17 46 1
17 47 60
17 48 46
17 49 37
17 50 70
17 51 29
17 52 7
17 53 84
17 54 23
17 55 95
17 56 43
17 57 35
17 58 92
17 59 73
17 60 4
17 61 30
17 62 49
17 63 16
17 64 74
17 65 48
17 66 56
17 67 90
17 68 83
17 69 38
17 70 4
17 71 9
17 72 14
17 73 31
17 74 54
17 75 16
17 76 12
17 77 32
17 78 29
17 79 12
17 80 70
17 81 74
17 82 77
17 83 8
17 84 75
17 85 37
17 86 2
17 87 98
17 88 96
17 89 16
17 90 71
17 91 22
17 92 93
17 93 6
17 94 58
17 95 18
17 96 77
17 97 14
17 98 37
17 99 35
17 100 85
17 101 1
17 102 76
17 103 42
17 104 2
17 105 47
17 106 96
17 107 20
17 108 98
17 109 72
17 110 7
17 111 63
17 112 14
17 113 90
17 114 29
17 115 81
17 116 6
17 117 76
17 118 46
17 119 72
17 120 78
17 121 79
17 122 25
17 123 18
17 124 24
17 125 90
17 126 79
17 127 79
17 128 12
17 129 21
17 130 74
17 131 37
17 132 89
17 133 90
17 134 81
17 135 19
17 136 12
17 137 21
17 138 72
17 139 75
17 140 25
17 141 29
17 142 68
17 143 92
17 144 25
17 145 52
17 146 90
17 147 97
17 148 65
17 149 75
17 150 30
17 151 51
17 152 92
17 153 52
17 154 22
17 155 78
17 156 47
17 157 37
17 158 75
17 159 66
18 19 11
18 20 23
18 21 94
18 22 71
18 23 26
18 24 96
18 25 68
18 26 73
18 27 35
18 28 14
18 29 60
18 30 85
18 31 49
18 32 43
18 33 42
18 34 57
18 35 4
18 36 98
18 37 40
18 38 37
18 39 61
18 40 87
18 41 3
18 42 6
18 43 41
18 44 29
18 45 89
18 46 60
18 47 21
18 48 16
18 49 100
18 50 71
18 51 74
18 52 4
18 53 57
18 54 37
18 55 35
18 56 79
18 57 11
18 58 78
18 59 25
18 60 95
18 61 17
18 62 79
18 63 85
18 64 11
18 65 80
18 66 61
18 67 80
18 68 71
18 69 66
18 70 82
18 71 48
18 72 55
18 73 86
18 74 55
18 75 53
18 76 35
18 77 42
18 78 2
18 79 47
18 80 68
18 81 39
18 82 21
18 83 36
18 84 33
18 85 83
18 86 95
18 87 53
18 88 42
18 89 24
18 90 18
18 91 28
18 92 69
18 93 68
18 94 21
18 95 33
18 96 96
18 97 12
18 98 2
18 99 16
18 100 18
18 101 66
18 102 84
18 103 88
18 104 19
18 105 85
18 106 82
18 107 51
18 108 40
18 109 62
18 110 55
18 111 37
18 112 97
18 113 15
18 114 55
18 115 45
18 116 33
18 117 20
18 118 12
18 119 53
18 120 89
18 121 79
18 122 24
18 123 93
18 124 86
18 125 75
18 126 76
18 127 48
18 128 4
18 129 61
18 130 76
18 131 15
18 132 11
18 133 93
18 134 32
18 135 46
18 136 82
18 137 30
18 138 68
18 139 42
18 140 35
18 141 62
18 142 90
18 143 91
18 144 83
18 145 41
18 146 14
18 147 57
18 148 52
18 149 24
18 150 66
18 151 34
18 152 45
18 153 85
18 154 77
18 155 98
18 156 28
18 157 39
18 158 40
18 159 82
19 20 96
19 21 1
19 22 63
19 23 74
19 24 91
19 25 79
19 26 46
19 27 46
19 28 17
19 29 14
19 30 92
19 31 86
19 32 68
19 33 54
19 34 60
19 35 62
19 36 15
19 37 1
19 38 23
19 39 30
19 40 90
19 41 55
19 42 58
19 43 37
19 44 2
19 45 71
19 46 20
19 47 98
19 48 69
19 49 83
19 50 94
19 51 51
19 52 5
19 53 98
19 54 13
19 55 32
19 56 66
19 57 5
19 58 63
19 59 46
19 60 94
19 61 46
19 62 11
19 63 66
19 64 59
19 65 20
19 66 23
19 67 70
19 68 31
19 69 61
19 70 23
19 71 20
19 72 25
19 73 17
19 74 73
19 75 46
19 76 92
19 77 35
19 78 83
19 79 26
19 80 88
19 81 11
19 82 6
19 83 88
19 84 31
19 85 26
19 86 79
19 87 16
19 88 95
19 89 14
19 90 23
19 91 47
19 92 26
19 93 56
19 94 86
19 95 25
19 96 37
19 97 43
19 98 41
19 99 76
19 100 43
19 101 80
19 102 33
19 103 86
19 104 4
19 105 100
19 106 32
19 107 6
19 108 60
19 109 54
19 110 66
19 111 70
19 112 1
19 113 47
19 114 41
19 115 49
19 116 78
19 117 3
19 118 86
19 119 6
19 120 66
19 121 87
19 122 58
19 123 66
19 124 91
19 125 42
19 126 83
19 127 7
19 128 36
19 129 11
19 130 34
19 131 33
19 132 69
19 133 16
19 134 39
19 135 42
19 136 27
19 137 5
19 138 90
19 139 98
19 140 72
19 141 89
19 142 21
19 143 92
19 144 74
19 145 11
19 146 78
19 147 8
19 148 30
19 149 68
19 150 42
19 151 50
19 152 25
19 153 30
19 154 44
19 155 8
19 156 69
19 157 97
19 158 91
19 159 72
20 21 89
20 22 60
20 23 70
20 24 1
20 25 61
20 26 96
20 27 5
20 28 67
20 29 80
20 30 17
20 31 21
20 32 52
20 33 94
20 34 34
20 35 49
20 36 76
20 37 93
20 38 71
20 39 13
20 40 12
20 41 65
20 42 39
20 43 23
20 44 33
20 45 27
20 46 93
20 47 62
20 48 2
20 49 79
20 50 71
20 51 59
20 52 32
20 53 56
20 54 30
20 55 56
20 56 82
20 57 14
20 58 3
20 59 77
20 60 55
20 61 91
20 62 62
20 63 90
20 64 42
20 65 6
20 66 87
20 67 42
20 68 59
20 69 59
20 70 11
20 71 54
20 72 97
20 73 37
20 74 72
20 75 63
20 76 96
20 77 4
20 78 24
20 79 80
20 80 10
20 81 50
20 82 91
20 83 96
20 84 38
20 85 53
20 86 71
20 87 30
20 88 14
20 89 85
20 90 60
20 91 99
20 92 45
20 93 12
20 94 20
20 95 38
20 96 38
20 97 2
20 98 27
20 99 35
20 100 65
20 101 24
20 102 33
20 103 36
20 104 74
20 105 63
20 106 63
20 107 35
20 108 39
20 109 17
20 110 46
20 111 77
20 112 82
20 113 14
20 114 99
20 115 38
20 116 7
20 117 6
20 118 27
20 119 42
20 120 93
20 121 8
20 122 62
20 123 76
20 124 85
20 125 62
20 126 31
20 127 65
20 128 34
20 129 8
20 130 99
20 131 67
20 132 66
20 133 64
20 134 96
20 135 33
20 136 56
20 137 72
20 138 37
20 139 99
20 140 3
20 141 74
20 142 11
20 143 66
20 144 98
20 145 25
20 146 87
20 147 87
20 148 41
20 149 58
20 150 94
20 151 72
20 152 37
20 153 29
20 154 73
20 155 18
20 156 9
20 157 62
20 158 38
20 159 94
21 22 39
21 23 30
21 24 27
21 25 90
21 26 96
21 27 53
21 28 92
21 29 34
21 30 23
21 31 85
21 32 14
21 33 86
21 34 2
21 35 55
21 36 75
21 37 60
21 38 95
21 39 4
21 40 78
21 41 54
21 42 5
21 43 73
21 44 97
21 45 8
21 46 4
21 47 54
21 48 92
21 49 41
21 50 67
21 51 91
21 52 91
21 53 44
21 54 58
21 55 22
21 56 7
21 57 54
21 58 40
21 59 96
21 60 94
21 61 28
21 62 5
21 63 69
21 64 11
21 65 63
21 66 49
21 67 83
21 68 25
21 69 42
21 70 76
21 71 9
21 72 59
21 73 40
21 74 90
21 75 6
21 76 76
21 77 98
21 78 93
21 79 45
21 80 54
21 81 23
21 82 53
21 83 22
21 84 91
21 85 56
21 86 20
21 87 84
21 88 18
21 89 9
21 90 37
21 91 4
21 92 84
21 93 78
21 94 9
21 95 24
21 96 16
21 97 62
21 98 67
21 99 9
21 100 44
21 101 44
21 102 6
21 103 73
21 104 94
21 105 37
21 106 85
21 107 20
21 108 84
21 109 26
21 110 92
21 111 92
21 112 33
21 113 85
21 114 58
21 115 73
21 116 65
21 117 100
21 118 95
21 119 83
21 120 71
21 121 70
21 122 82
21 123 46
21 124 98
21 125 37
21 126 32
21 127 83
21 128 67
21 129 28
21 130 62
21 131 75
21 132 89
21 133 78
21 134 40
21 135 99
21 136 20
21 137 80
21 138 9
21 139 35
21 140 48
21 141 68
21 142 19
21 143 24
21 144 40
21 145 98
21 146 12
21 147 50
21 148 23
21 149 55
21 150 89
21 151 77
21 152 3
21 153 41
21 154 28
21 155 84
21 156 91
21 157 26
21 158 23
21 159 36
22 23 71
22 24 68
22 25 65
22 26 29
22 27 64
22 28 54
22 29 94
22 30 25
22 31 15
22 32 50
22 33 95
22 34 92
22 35 34
22 36 57
22 37 37
22 38 18
22 39 46
22 40 78
22 41 7
22 42 41
22 43 86
22 44 26
22 45 91
22 46 3
22 47 95
22 48 6
22 49 69
22 50 80
22 51 41
22 52 92
22 53 83
22 54 17
22 55 62
22 56 91
22 57 91
22 58 3
22 59 83
22 60 3
22 61 61
22 62 15
22 63 97
22 64 94
22 65 75
22 66 53
22 67 48
22 68 7
22 69 97
22 70 44
22 71 57
22 72 40
22 73 51
22 74 55
22 75 39
22 76 99
22 77 37
22 78 18
22 79 51
22 80 44
22 81 71
22 82 84
22 83 45
22 84 3
22 85 30
22 86 78
22 87 33
22 88 14
22 89 98
22 90 14
22 91 47
22 92 39
22 93 86
22 94 99
22 95 51
22 96 70
22 97 45
22 98 32
22 99 47
22 100 57
22 101 1
22 102 62
22 103 93
22 104 87
22 105 52
22 106 47
22 107 22
22 108 78
22 109 98
22 110 23
22 111 67
22 112 8
22 113 62
22 114 75
22 115 38
22 116 22
22 117 68
22 118 65
22 119 81
22 120 7
22 121 62
22 122 85
22 123 85
22 124 83
22 125 78
22 126 93
22 127 55
22 128 14
22 129 45
22 130 88
22 131 62
22 132 84
22 133 18
22 134 26
22 135 54
22 136 12
22 137 6
22 138 42
22 139 9
22 140 97
22 141 18
22 142 4
22 143 23
22 144 97
22 145 86
22 146 66
22 147 97
22 148 11
22 149 95
22 150 100
22 151 72
22 152 59
22 153 35
22 154 28
22 155 18
22 156 97
22 157 74
22 158 21
22 159 38
23 24 93
23 25 62
23 26 5
23 27 6
23 28 80
23 29 94
23 30 33
23 31 53
23 32 76
23 33 74
23 34 81
23 35 26
23 36 56
23 37 10
23 38 91
23 39 56
23 40 80
23 41 96
23 42 78
23 43 95
23 44 73
23 45 48
23 46 73
23 47 23
23 48 81
23 49 3
23 50 10
23 51 59
23 52 94
23 53 25
23 54 95
23 55 59
23 56 61
23 57 50
23 58 87
23 59 99
23 60 82
23 61 41
23 62 71
23 63 58
23 64 99
23 65 6
23 66 93
23 67 73
23 68 86
23 69 32
23 70 62
23 71 80
23 72 43
23 73 18
23 74 58
23 75 2
23 76 55
23 77 58
23 78 48
23 79 26
23 80 25
23 81 76
23 82 65
23 83 64
23 84 30
23 85 92
23 86 12
23 87 93
23 88 92
23 89 89
23 90 95
23 91 80
23 92 15
23 93 88
23 94 50
23 95 1
23 96 95
23 97 82
23 98 72
23 99 21
23 100 8
23 101 94
23 102 26
23 103 7
23 104 5
23 105 55
23 106 61
23 107 38
23 108 50
23 109 21
23 110 22
23 111 83
23 112 92
23 113 49
23 114 64
23 115 30
23 116 65
23 117 51
23 118 46
23 119 33
23 120 73
23 121 52
23 122 97
23 123 31
23 124 23
23 125 32
23 126 80
23 127 68
23 128 4
23 129 89
23 130 14
23 131 69
23 132 36
23 133 87
23 134 82
23 135 55
23 136 4
23 137 95
23 138 24
23 139 94
23 140 40
23 141 46
23 142 10
23 143 60
23 144 43
23 145 51
23 146 6
23 147 29
23 148 85
23 149 36
23 150 86
23 151 2
23 152 44
23 153 94
23 154 2
23 155 39
23 156 40
23 157 35
23 158 14
23 159 66
24 25 57
24 26 32
24 27 7
24 28 74
24 29 38
24 30 83
24 31 26
24 32 89
24 33 4
24 34 42
24 35 21
24 36 37
24 37 10
24 38 88
24 39 29
24 40 50
24 41 60
24 42 41
24 43 23
24 44 83
24 45 87
24 46 56
24 47 7
24 48 14
24 49 53
24 50 5
24 51 34
24 52 79
24 53 45
24 54 37
24 55 69
24 56 7
24 57 70
24 58 40
24 59 47
24 60 5
24 61 42
24 62 95
24 63 50
24 64 25
24 65 60
24 66 78
24 67 29
24 68 39
24 69 92
24 70 92
24 71 25
24 72 61
24 73 3
24 74 46
24 75 19
24 76 58
24 77 49
24 78 20
24 79 1
24 80 73
24 81 18
24 82 97
24 83 17
24 84 38
24 85 46
24 86 82
24 87 71
24 88 77
24 89 34
24 90 23
24 91 52
24 92 36
24 93 22
24 94 88
24 95 100
24 96 13
24 97 88
24 98 18
24 99 14
24 100 54
24 101 38
24 102 64
24 103 90
24 104 7
24 105 21
24 106 18
24 107 72
24 108 51
24 109 51
24 110 17
24 111 33
24 112 66
24 113 70
24 114 65
24 115 2
24 116 52
24 117 16
24 118 34
24 119 72
24 120 87
24 121 48
24 122 13
24 123 67
24 124 64
24 125 88
24 126 51
24 127 45
24 128 16
24 129 21
24 130 34
24 131 51
24 132 44
24 133 34
24 134 49
24 135 24
24 136 31
24 137 82
24 138 26
24 139 52
24 140 93
24 141 12
24 142 64
24 143 79
24 144 5
24 145 14
24 146 34
24 147 45
24 148 88
24 149 43
24 150 63
24 151 81
24 152 33
24 153 48
24 154 71
24 155 77
24 156 52
24 157 37
24 158 86
24 159 70
25 26 49
25 27 42
25 28 40
25 29 30
25 30 26
25 31 96
25 32 39
25 33 43
25 34 76
25 35 34
25 36 93
25 37 44
25 38 95
25 39 60
25 40 1
25 41 26
25 42 20
25 43 48
25 44 67
25 45 42
25 46 51
25 47 78
25 48 57
25 49 70
25 50 24
25 51 30
25 52 50
25 53 56
25 54 89
25 55 76
25 56 43
25 57 28
25 58 62
25 59 40
25 60 13
25 61 14
25 62 20
25 63 29
25 64 75
25 65 80
25 66 33
25 67 48
25 68 11
25 69 38
25 70 94
25 71 71
25 72 96
25 73 64
25 74 39
25 75 18
25 76 4
25 77 27
25 78 6
25 79 80
25 80 49
25 81 44
25 82 95
25 83 43
25 84 16
25 85 99
25 86 34
25 87 38
25 88 18
25 89 98
25 90 97
25 91 64
25 92 67
25 93 26
25 94 92
25 95 39
25 96 86
25 97 62
25 98 33
25 99 33
25 100 13
25 101 49
25 102 41
25 103 47
25 104 64
25 105 7
25 106 4
25 107 25
25 108 61
25 109 84
25 110 55
25 111 65
25 112 35
25 113 6
25 114 38
25 115 21
25 116 48
25 117 59
25 118 94
25 119 79
25 120 26
25 121 82
25 122 55
25 123 74
25 124 97
25 125 89
25 126 70
25 127 5
25 128 24
25 129 39
25 130 53
25 131 3
25 132 53
25 133 42
25 134 2
25 135 6
25 136 47
25 137 2
25 138 36
25 139 57
25 140 89
25 141 54
25 142 29
25 143 25
25 144 75
25 145 93
25 146 13
25 147 32
25 148 77
25 149 46
25 150 44
25 151 34
25 152 41
25 153 41
25 154 11
25 155 12
25 156 45
25 157 75
25 158 51
25 159 6
26 27 98
26 28 49
26 29 91
26 30 24
26 31 44
26 32 32
26 33 26
26 34 1
26 35 20
26 36 96
26 37 41
26 38 46
26 39 85
26 40 40
26 41 70
26 42 89
26 43 68
26 44 58
26 45 69
26 46 52
26 47 8
26 48 69
26 49 55
26 50 36
26 51 3
26 52 81
26 53 9
26 54 34
26 55 40
26 56 50
26 57 47
26 58 83
26 59 42
26 60 96
26 61 98
26 62 71
26 63 45
26 64 100
26 65 23
26 66 65
26 67 25
26 68 64
26 69 66
26 70 37
26 71 90
26 72 43
26 73 53
26 74 88
26 75 82
26 76 35
26 77 79
26 78 5
26 79 19
26 80 81
26 81 52
26 82 67
26 83 56
26 84 45
26 85 92
26 86 29
26 87 14
26 88 57
26 89 56
26 90 95
26 91 20
26 92 94
26 93 35
26 94 22
26 95 72
26 96 87
26 97 38
26 98 56
26 99 78
26 100 96
26 101 42
26 102 40
26 103 10
26 104 5
26 105 55
26 106 70
26 107 71
26 108 35
26 109 50
26 110 8
26 111 59
26 112 86
26 113 17
26 114 16
26 115 8
26 116 72
26 117 22
26 118 32
26 119 58
26 120 97
26 121 63
26 122 87
26 123 26
26 124 43
26 125 75
26 126 5
26 127 51
26 128 52
26 129 43
26 130 3
26 131 67
26 132 54
26 133 87
26 134 14
26 135 53
26 136 34
26 137 40
26 138 73
26 139 80
26 140 25
26 141 3
26 142 64
26 143 22
26 144 12
26 145 41
26 146 87
26 147 58
26 148 67
26 149 32
26 150 86
26 151 96
26 152 69
26 153 19
26 154 90
26 155 9
26 156 91
26 157 89
26 158 72
26 159 69
27 28 13
27 29 71
27 30 48
27 31 47
27 32 17
27 33 11
27 34 43
27 35 17
27 36 14
27 37 45
27 38 37
27 39 16
27 40 25
27 41 51
27 42 34
27 43 78
27 44 92
27 45 15
27 46 33
27 47 10
27 48 34
27 49 62
27 50 47
27 51 92
27 52 7
27 53 37
27 54 60
27 55 52
27 56 29
27 57 49
27 58 49
27 59 26
27 60 80
27 61 61
27 62 47
27 63 96
27 64 12
27 65 13
27 66 95
27 67 52
27 68 51
27 69 27
27 70 17
27 71 89
27 72 34
27 73 60
27 74 16
27 75 8
27 76 39
27 77 11
27 78 8
27 79 22
27 80 19
27 81 58
27 82 4
27 83 56
27 84 47
27 85 61
27 86 57
27 87 19
27 88 54
27 89 97
27 90 86
27 91 43
27 92 81
27 93 48
27 94 3
27 95 46
27 96 40
27 97 57
27 98 7
27 99 24
27 100 82
27 101 1
27 102 36
27 103 84
27 104 68
27 105 46
27 106 7
27 107 9
27 108 20
27 109 23
27 110 37
27 111 74
27 112 83
27 113 27
27 114 39
27 115 97
27 116 41
27 117 15
27 118 63
27 119 70
27 120 52
27 121 8
27 122 71
27 123 62
27 124 67
27 125 89
27 126 36
27 127 59
27 128 94
27 129 56
27 130 26
27 131 95
27 132 76
27 133 99
27 134 21
27 135 58
27 136 58
27 137 78
27 138 81
27 139 32
27 140 38
27 141 19
27 142 54
27 143 75
27 144 81
27 145 54
27 146 94
27 147 28
27 148 65
27 149 19
27 150 39
27 151 24
27 152 38
27 153 6
27 154 9
27 155 98
27 156 29
27 157 32
27 158 54
27 159 90
28 29 17
28 30 32
28 31 91
28 32 15
28 33 9
28 34 14
28 35 54
28 36 2
28 37 81
28 38 77
28 39 29
28 40 88
28 41 93
28 42 46
28 43 91
28 44 15
28 45 39
28 46 57
28 47 53
28 48 33
28 49 61
28 50 35
28 51 90
28 52 38
28 53 87
28 54 42
28 55 38
28 56 32
28 57 43
28 58 96
28 59 8
28 60 63
28 61 75
28 62 3
28 63 9
28 64 58
28 65 58
28 66 3
28 67 40
28 68 72
28 69 94
28 70 81
28 71 15
28 72 67
28 73 78
28 74 51
28 75 46
28 76 95
28 77 9
28 78 63
28 79 62
28 80 1
28 81 55
28 82 5
28 83 74
28 84 91
28 85 20
28 86 22
28 87 2
28 88 32
28 89 49
28 90 37
28 91 2
28 92 26
28 93 75
28 94 51
28 95 75
28 96 11
28 97 97
28 98 23
28 99 15
28 100 74
28 101 42
28 102 40
28 103 44
28 104 19
28 105 61
28 106 88
28 107 79
28 108 48
28 109 94
28 110 26
28 111 100
28 112 39
28 113 70
28 114 75
28 115 93
28 116 96
28 117 50
28 118 42
28 119 27
28 120 89
28 121 31
28 122 7
28 123 75
28 124 76
28 125 30
28 126 10
28 127 80
28 128 22
28 129 24
28 130 12
28 131 26
28 132 47
28 133 30
28 134 60
28 135 29
28 136 6
28 137 51
28 138 12
28 139 85
28 140 95
28 141 76
28 142 13
28 143 97
28 144 87
28 145 52
28 146 29
28 147 46
28 148 13
28 149 100
28 150 39
28 151 66
28 152 16
28 153 3
28 154 55
28 155 18
28 156 73
28 157 92
28 158 40
28 159 40
29 30 42
29 31 83
29 32 28
29 33 63
29 34 38
29 35 21
29 36 55
29 37 2
29 38 42
29 39 31
29 40 76
29 41 60
29 42 27
29 43 9
29 44 35
29 45 83
29 46 68
29 47 28
29 48 34
29 49 52
29 50 42
29 51 76
29 52 75
29 53 19
29 54 76
29 55 24
29 56 18
29 57 34
29 58 3
29 59 7
29 60 25
29 61 12
29 62 30
29 63 32
29 64 53
29 65 28
29 66 59
29 67 63
29 68 71
29 69 56
29 70 25
29 71 21
29 72 56
29 73 19
29 74 83
29 75 8
29 76 42
29 77 51
29 78 65
29 79 45
29 80 55
29 81 64
29 82 35
29 83 99
29 84 69
29 85 70
29 86 53
29 87 49
29 88 92
29 89 79
29 90 42
29 91 77
29 92 96
29 93 66
29 94 89
29 95 16
29 96 63
29 97 71
29 98 39
29 99 52
29 100 99
29 101 59
29 102 25
29 103 95
29 104 35
29 105 12
29 106 10
29 107 36
29 108 50
29 109 12
29 110 39
29 111 96
29 112 54
29 113 6
29 114 50
29 115 97
29 116 38
29 117 61
29 118 87
29 119 39
29 120 26
29 121 78
29 122 6
29 123 7
29 124 82
29 125 45
29 126 50
29 127 42
29 128 40
29 129 25
29 130 35
29 131 88
29 132 78
29 133 72
29 134 40
29 135 19
29 136 72
29 137 68
29 138 18
29 139 50
29 140 90
29 141 8
29 142 50
29 143 14
29 144 92
29 145 5
29 146 42
29 147 16
29 148 77
29 149 44
29 150 90
29 151 3
29 152 25
29 153 99
29 154 89
29 155 83
29 156 13
29 157 84
29 158 31
29 159 27
30 31 89
30 32 17
30 33 88
30 34 85
30 35 56
30 36 72
30 37 95
30 38 99
30 39 93
30 40 92
30 41 77
30 42 7
30 43 31
30 44 48
30 45 90
30 46 68
30 47 80
30 48 5
30 49 2
30 50 93
30 51 21
30 52 84
30 53 73
30 54 91
30 55 87
30 56 81
30 57 41
30 58 10
30 59 40
30 60 40
30 61 48
30 62 29
30 63 46
30 64 10
30 65 58
30 66 32
30 67 37
30 68 10
30 69 43
30 70 76
30 71 26
30 72 94
30 73 93
30 74 90
30 75 39
30 76 31
30 77 66
30 78 97
30 79 40
30 80 18
30 81 11
30 82 73
30 83 64
30 84 34
30 85 24
30 86 81
30 87 5
30 88 81
30 89 45
30 90 64
30 91 58
30 92 81
30 93 12
30 94 23
30 95 54
30 96 95
30 97 82
30 98 97
30 99 85
30 100 37
30 101 41
30 102 83
30 103 66
30 104 70
30 105 78
30 106 5
30 107 33
30 108 73
30 109 80
30 110 14
30 111 74
30 112 4
30 113 98
30 114 23
30 115 86
30 116 66
30 117 73
30 118 31
30 119 69
30 120 84
30 121 43
30 122 30
30 123 63
30 124 3
30 125 6
30 126 4
30 127 25
30 128 95
30 129 57
30 130 39
30 131 100
30 132 93
30 133 37
30 134 14
30 135 43
30 136 91
30 137 16
30 138 14
30 139 74
30 140 80
30 141 98
30 142 9
30 143 28
30 144 9
30 145 16
30 146 40
30 147 58
30 148 49
30 149 92
30 150 74
30 151 56
30 152 90
30 153 50
30 154 9
30 155 10
30 156 82
30 157 66
30 158 95
30 159 40
31 32 66
31 33 57
31 34 49
31 35 13
31 36 46
31 37 62
31 38 1
31 39 58
31 40 89
31 41 22
31 42 3
31 43 28
31 44 19
31 45 45
31 46 66
31 47 88
31 48 60
31 49 57
31 50 41
31 51 100
31 52 35
31 53 38
31 54 51
31 55 97
31 56 27
31 57 75
31 58 16
31 59 50
31 60 75
31 61 10
31 62 93
31 63 96
31 64 36
31 65 73
31 66 15
31 67 83
31 68 68
31 69 20
31 70 70
31 71 1
31 72 39
31 73 65
31 74 45
31 75 45
31 76 100
31 77 14
31 78 16
31 79 97
31 80 37
31 81 96
31 82 33
31 83 35
31 84 29
31 85 41
31 86 11
31 87 73
31 88 49
31 89 97
31 90 20
31 91 84
31 92 79
31 93 31
31 94 56
31 95 68
31 96 18
31 97 29
31 98 19
31 99 80
31 100 53
31 101 52
31 102 13
31 103 74
31 104 63
31 105 15
31 106 25
31 107 31
31 108 11
31 109 46
31 110 69
31 111 95
31 112 29
31 113 43
31 114 23
31 115 17
31 116 69
31 117 62
31 118 45
31 119 25
31 120 94
31 121 17
31 122 90
31 123 51
31 124 64
31 125 48
31 126 77
31 127 71
31 128 61
31 129 15
31 130 94
31 131 58
31 132 48
31 133 75
31 134 25
31 135 95
31 136 5
31 137 65
31 138 54
31 139 26
31 140 66
31 141 82
31 142 86
31 143 81
31 144 3
31 145 74
31 146 83
31 147 71
31 148 18
31 149 33
31 150 43
31 151 19
31 152 44
31 153 77
31 154 17
31 155 36
31 156 26
31 157 70
31 158 26
31 159 63
32 33 47
32 34 7
32 35 38
32 36 87
32 37 50
32 38 60
32 39 88
32 40 21
32 41 58
32 42 44
32 43 98
32 44 87
32 45 19
32 46 61
32 47 71
32 48 38
32 49 73
32 50 19
32 51 91
32 52 72
32 53 79
32 54 83
32 55 38
32 56 7
32 57 58
32 58 25
32 59 95
32 60 94
32 61 13
32 62 20
32 63 13
32 64 81
32 65 91
32 66 18
32 67 49
32 68 48
32 69 61
32 70 52
32 71 86
32 72 12
32 73 88
32 74 26
32 75 16
32 76 39
32 77 18
32 78 31
32 79 18
32 80 25
32 81 4
32 82 84
32 83 7
32 84 48
32 85 63
32 86 53
32 87 25
32 88 85
32 89 67
32 90 55
32 91 29
32 92 37
32 93 70
32 94 3
32 95 37
32 96 96
32 97 41
32 98 6
32 99 55
32 100 38
32 101 95
32 102 90
32 103 65
32 104 96
32 105 22
32 106 32
32 107 97
32 108 99
32 109 73
32 110 2
32 111 10
32 112 68
32 113 92
32 114 93
32 115 18
32 116 6
32 117 15
32 118 60
32 119 92
32 120 99
32 121 96
32 122 63
32 123 24
32 124 32
32 125 96
32 126 70
32 127 20
32 128 76
32 129 89
32 130 91
32 131 32
32 132 99
32 133 95
32 134 56
32 135 48
32 136 84
32 137 86
32 138 55
32 139 6
32 140 23
32 141 26
32 142 27
32 143 98
32 144 62
32 145 75
32 146 6
32 147 3
32 148 89
32 149 67
32 150 39
32 151 11
32 152 34
32 153 47
32 154 49
32 155 85
32 156 82
32 157 77
32 158 11
32 159 57
33 34 32
33 35 82
33 36 50
33 37 26
33 38 14
33 39 45
33 40 6
33 41 57
33 42 62
33 43 23
33 44 80
33 45 56
33 46 51
33 47 44
33 48 86
33 49 13
33 50 53
33 51 41
33 52 90
33 53 3
33 54 52
33 55 83
33 56 52
33 57 21
33 58 73
33 59 58
33 60 62
33 61 61
33 62 10
33 63 6
33 64 61
33 65 68
33 66 51
33 67 85
33 68 7
33 69 4
33 70 3
33 71 16
33 72 99
33 73 64
33 74 14
33 75 47
33 76 47
33 77 10
33 78 97
33 79 85
33 80 17
33 81 56
33 82 52
33 83 43
33 84 22
33 85 78
33 86 87
33 87 73
33 88 75
33 89 33
33 90 95
33 91 13
33 92 84
33 93 52
33 94 7
33 95 71
33 96 36
33 97 19
33 98 48
33 99 1
33 100 37
33 101 79
33 102 72
33 103 41
33 104 41
33 105 28
33 106 56
33 107 22
33 108 60
33 109 44
33 110 63
33 111 35
33 112 21
33 113 24
33 114 75
33 115 64
33 116 89
33 117 42
33 118 19
33 119 2
33 120 85
33 121 8
33 122 59
33 123 78
33 124 28
33 125 8
33 126 82
33 127 39
33 128 73
33 129 66
33 130 11
33 131 70
33 132 34
33 133 52
33 134 28
33 135 56
33 136 93
33 137 76
33 138 16
33 139 52
33 140 37
33 141 88
33 142 38
33 143 37
33 144 90
33 145 65
33 146 87
33 147 23
33 148 8
33 149 86
33 150 57
33 151 4
33 152 53
33 153 9
33 154 30
33 155 23
33 156 22
33 157 99
33 158 99
33 159 71
34 35 30
34 36 48
34 37 38
34 38 47
34 39 42
34 40 85
34 41 27
34 42 16
34 43 44
34 44 47
34 45 28
34 46 25
34 47 84
34 48 27
34 49 70
34 50 56
34 51 79
34 52 23
34 53 89
34 54 52
34 55 89
34 56 58
34 57 3
34 58 11
34 59 63
34 60 70
34 61 77
34 62 2
34 63 27
34 64 63
34 65 8
34 66 99
34 67 82
34 68 45
34 69 8
34 70 100
34 71 41
34 72 38
34 73 30
34 74 53
34 75 21
34 76 11
34 77 31
34 78 68
34 79 21
34 80 50
34 81 45
34 82 89
34 83 21
34 84 22
34 85 85
34 86 92
34 87 65
34 88 50
34 89 3
34 90 96
34 91 75
34 92 100
34 93 59
34 94 28
34 95 34
34 96 40
34 97 19
34 98 45
34 99 70
34 100 40
34 101 4
34 102 63
34 103 29
34 104 83
34 105 75
34 106 83
34 107 89
34 108 99
34 109 8
34 110 74
34 111 86
34 112 77
34 113 85
34 114 23
34 115 57
34 116 52
34 117 88
34 118 84
34 119 7
34 120 75
34 121 55
34 122 55
34 123 68
34 124 63
34 125 68
34 126 52
34 127 98
34 128 41
34 129 59
34 130 32
34 131 57
34 132 82
34 133 98
34 134 60
34 135 46
34 136 68
34 137 67
34 138 28
34 139 72
34 140 63
34 141 96
34 142 39
34 143 18
34 144 46
34 145 15
34 146 40
34 147 80
34 148 84
34 149 11
34 150 92
34 151 39
34 152 5
34 153 29
34 154 41
34 155 12
34 156 83
34 157 62
34 158 90
34 159 8
35 36 66
35 37 46
35 38 97
35 39 22
35 40 40
35 41 32
35 42 50
35 43 83
35 44 34
35 45 26
35 46 33
35 47 48
35 48 35
35 49 27
35 50 89
35 51 91
35 52 72
35 53 5
35 54 12
35 55 100
35 56 20
35 57 45
35 58 22
35 59 10
35 60 36
35 61 12
35 62 84
35 63 52
35 64 86
35 65 51
35 66 84
35 67 98
35 68 92
35 69 98
35 70 84
35 71 25
35 72 65
35 73 79
35 74 11
35 75 96
35 76 84
35 77 13
35 78 46
35 79 23
35 80 84
35 81 4
35 82 2
35 83 77
35 84 89
35 85 73
35 86 22
35 87 77
35 88 24
35 89 82
35 90 45
35 91 5
35 92 74
35 93 27
35 94 72
35 95 68
35 96 80
35 97 82
35 98 47
35 99 78
35 100 17
35 101 18
35 102 4
35 103 52
35 104 16
35 105 67
35 106 62
35 107 32
35 108 7
35 109 5
35 110 44
35 111 74
35 112 4
35 113 48
35 114 11
35 115 4
35 116 5
35 117 31
35 118 37
35 119 8
35 120 11
35 121 28
35 122 57
35 123 20
35 124 12
35 125 39
35 126 54
35 127 11
35 128 16
35 129 82
35 130 66
35 131 61
35 132 11
35 133 16
35 134 85
35 135 77
35 136 60
35 137 59
35 138 44
35 139 98
35 140 58
35 141 70
35 142 81
35 143 77
35 144 12
35 145 91
35 146 96
35 147 21
35 148 83
35 149 14
35 150 8
35 151 35
35 152 43
35 153 87
35 154 67
35 155 79
35 156 71
35 157 20
35 158 32
35 159 22
36 37 43
36 38 83
36 39 23
36 40 100
36 41 64
36 42 25
36 43 75
36 44 96
36 45 47
36 46 13
36 47 90
36 48 28
36 49 85
36 50 79
36 51 26
36 52 26
36 53 83
36 54 89
36 55 5
36 56 25
36 57 16
36 58 35
36 59 51
36 60 97
36 61 39
36 62 70
36 63 38
36 64 25
36 65 14
36 66 23
36 67 50
36 68 75
36 69 54
36 70 81
36 71 91
36 72 85
36 73 10
36 74 1
36 75 96
36 76 75
36 77 71
36 78 72
36 79 49
36 80 6
36 81 5
36 82 64
36 83 23
36 84 30
36 85 82
36 86 65
36 87 12
36 88 15
36 89 70
36 90 28
36 91 49
36 92 45
36 93 98
36 94 98
36 95 11
36 96 30
36 97 96
36 98 78
36 99 42
36 100 11
36 101 21
36 102 39
36 103 45
36 104 17
36 105 29
36 106 93
36 107 3
36 108 32
36 109 48
36 110 30
36 111 59
36 112 40
36 113 42
36 114 32
36 115 91
36 116 46
36 117 89
36 118 13
36 119 97
36 120 96
36 121 86
36 122 47
36 123 33
36 124 12
36 125 61
36 126 33
36 127 15
36 128 43
36 129 34
36 130 66
36 131 2
36 132 16
36 133 79
36 134 3
36 135 50
36 136 18
36 137 66
36 138 85
36 139 48
36 140 94
36 141 45
36 142 2
36 143 30
36 144 74
36 145 5
36 146 68
36 147 71
36 148 20
36 149 83
36 150 47
36 151 87
36 152 47
36 153 78
36 154 100
36 155 39
36 156 19
36 157 5
36 158 58
36 159 89
37 38 6
37 39 31
37 40 59
37 41 23
37 42 23
37 43 42
37 44 38
37 45 17
37 46 17
37 47 2
37 48 28
37 49 45
37 50 57
37 51 68
37 52 47
37 53 65
37 54 36
37 55 2
37 56 6
37 57 56
37 58 78
37 59 75
37 60 21
37 61 21
37 62 32
37 63 26
37 64 85
37 65 54
37 66 65
37 67 67
37 68 14
37 69 75
37 70 28
37 71 80
37 72 63
37 73 65
37 74 28
37 75 86
37 76 15
37 77 9
37 78 86
37 79 48
37 80 54
37 81 56
37 82 96
37 83 18
37 84 22
37 85 67
37 86 75
37 87 48
37 88 10
37 89 87
37 90 18
37 91 9
37 92 34
37 93 67
37 94 49
37 95 12
37 96 67
37 97 5
37 98 68
37 99 56
37 100 92
37 101 84
37 102 24
37 103 52
37 104 60
37 105 96
37 106 76
37 107 87
37 108 76
37 109 53
37 110 71
37 111 85
37 112 27
37 113 14
37 114 95
37 115 76
37 116 30
37 117 44
37 118 5
37 119 7
37 120 81
37 121 90
37 122 12
37 123 93
37 124 74
37 125 91
37 126 95
37 127 12
37 128 99
37 129 38
37 130 60
37 131 3
37 132 37
37 133 41
37 134 88
37 135 62
37 136 38
37 137 76
37 138 79
37 139 78
37 140 11
37 141 24
37 142 71
37 143 88
37 144 72
37 145 14
37 146 42
37 147 3
37 148 30
37 149 43
37 150 69
37 151 85
37 152 70
37 153 11
37 154 49
37 155 74
37 156 49
37 157 10
37 158 95
37 159 84
38 39 93
38 40 17
38 41 10
38 42 64
38 43 48
38 44 61
38 45 21
38 46 70
38 47 36
38 48 100
38 49 8
38 50 69
38 51 16
38 52 19
38 53 97
38 54 70
38 55 89
38 56 58
38 57 25
38 58 45
38 59 100
38 60 87
38 61 95
38 62 55
38 63 85
38 64 84
38 65 6
38 66 58
38 67 65
38 68 53
38 69 71
38 70 94
38 71 31
38 72 33
38 73 88
38 74 13
38 75 94
38 76 67
38 77 50
38 78 65
38 79 91
38 80 65
38 81 69
38 82 35
38 83 4
38 84 67
38 85 81
38 86 10
38 87 15
38 88 67
38 89 9
38 90 13
38 91 33
38 92 98
38 93 3
38 94 77
38 95 23
38 96 66
38 97 9
38 98 80
38 99 69
38 100 100
38 101 8
38 102 74
38 103 79
38 104 19
38 105 65
38 106 19
38 107 54
38 108 72
38 109 43
38 110 46
38 111 5
38 112 14
38 113 99
38 114 39
38 115 59
38 116 79
38 117 31
38 118 88
38 119 75
38 120 68
38 121 68
38 122 24
38 123 3
38 124 84
38 125 45
38 126 91
38 127 90
38 128 79
38 129 22
38 130 22
38 131 46
38 132 37
38 133 87
38 134 23
38 135 30
38 136 84
38 137 14
38 138 32
38 139 31
38 140 54
38 141 100
38 142 80
38 143 10
38 144 5
38 145 12
38 146 28
38 147 15
38 148 75
38 149 32
38 150 74
38 151 72
38 152 45
38 153 38
38 154 12
38 155 23
38 156 69
38 157 16
38 158 48
38 159 46
39 40 7
39 41 51
39 42 65
39 43 49
39 44 81
39 45 8
39 46 57
39 47 32
39 48 34
39 49 10
39 50 52
39 51 91
39 52 44
39 53 29
39 54 95
39 55 81
39 56 40
39 57 26
39 58 81
39 59 21
39 60 81
39 61 56
39 62 48
39 63 64
39 64 89
39 65 46
39 66 77
39 67 12
39 68 68
39 69 30
39 70 23
39 71 59
39 72 31
39 73 59
39 74 35
39 75 7
39 76 87
39 77 47
39 78 1
39 79 91
39 80 71
39 81 28
39 82 19
39 83 37
39 84 100
39 85 83
39 86 29
39 87 63
39 88 39
39 89 61
39 90 14
39 91 77
39 92 75
39 93 76
39 94 47
39 95 98
39 96 85
39 97 58
39 98 63
39 99 34
39 100 33
39 101 78
39 102 5
39 103 61
39 104 57
39 105 36
39 106 12
39 107 18
39 108 93
39 109 76
39 110 70
39 111 43
39 112 19
39 113 38
39 114 44
39 115 65
39 116 71
39 117 33
39 118 86
39 119 61
39 120 58
39 121 39
39 122 37
39 123 77
39 124 90
39 125 16
39 126 13
39 127 56
39 128 84
39 129 23
39 130 8
39 131 41
39 132 74
39 133 13
39 134 92
39 135 25
39 136 12
39 137 71
39 138 24
39 139 8
39 140 30
39 141 30
39 142 91
39 143 20
39 144 54
39 145 95
39 146 16
39 147 9
39 148 82
39 149 44
39 150 19
39 151 85
39 152 55
39 153 59
39 154 55
39 155 16
39 156 24
39 157 15
39 158 33
39 159 82
40 41 49
40 42 10
40 43 42
40 44 13
40 45 20
40 46 95
40 47 77
40 48 14
40 49 6
40 50 31
40 51 89
40 52 72
40 53 9
40 54 13
40 55 11
40 56 46
40 57 3
40 58 21
40 59 99
40 60 64
40 61 89
40 62 73
40 63 92
40 64 75
40 65 62
40 66 72
40 67 14
40 68 56
40 69 41
40 70 42
40 71 46
40 72 53
40 73 87
40 74 14
40 75 52
40 76 88
40 77 24
40 78 8
40 79 91
40 80 88
40 81 54
40 82 96
40 83 34
40 84 25
40 85 15
40 86 57
40 87 86
40 88 94
40 89 3
40 90 96
40 91 89
40 92 8
40 93 18
40 94 22
40 95 53
40 96 67
40 97 50
40 98 91
40 99 42
40 100 43
40 101 12
40 102 13
40 103 60
40 104 61
40 105 28
40 106 57
40 107 34
40 108 6
40 109 70
40 110 12
40 111 92
40 112 37
40 113 6
40 114 48
40 115 49
40 116 17
40 117 75
40 118 93
40 119 74
40 120 30
40 121 73
40 122 63
40 123 16
40 124 42
40 125 64
40 126 77
40 127 98
40 128 74
40 129 58
40 130 31
40 131 34
40 132 33
40 133 52
40 134 73
40 135 66
40 136 96
40 137 79
40 138 83
40 139 49
40 140 22
40 141 53
40 142 31
40 143 69
40 144 60
40 145 42
40 146 37
40 147 13
40 148 1
40 149 47
40 150 69
40 151 7
40 152 29
40 153 81
40 154 67
40 155 51
40 156 1
40 157 10
40 158 43
40 159 11
41 42 41
41 43 65
41 44 31
41 45 32
41 46 85
41 47 48
41 48 60
41 49 57
41 50 37
41 51 74
41 52 1
41 53 55
41 54 68
41 55 32
41 56 44
41 57 6
41 58 32
41 59 47
41 60 36
41 61 66
41 62 98
41 63 34
41 64 41
41 65 24
41 66 52
41 67 88
41 68 92
41 69 58
41 70 78
41 71 44
41 72 7
41 73 11
41 74 90
41 75 53
41 76 34
41 77 3
41 78 80
41 79 17
41 80 41
41 81 43
41 82 19
41 83 75
41 84 13
41 85 38
41 86 28
41 87 74
41 88 79
41 89 68
41 90 9
41 91 54
41 92 94
41 93 24
41 94 97
41 95 4
41 96 33
41 97 47
41 98 96
41 99 35
41 100 87
41 101 70
41 102 23
41 103 40
41 104 65
41 105 34
41 106 89
41 107 11
41 108 62
41 109 15
41 110 100
41 111 75
41 112 75
41 113 8
41 114 1
41 115 78
41 116 59
41 117 45
41 118 98
41 119 100
41 120 87
41 121 16
41 122 52
41 123 100
41 124 31
41 125 27
41 126 53
41 127 1
41 128 63
41 129 75
41 130 11
41 131 81
41 132 27
41 133 12
41 134 64
41 135 50
41 136 40
41 137 31
41 138 28
41 139 22
41 140 55
41 141 67
41 142 29
41 143 38
41 144 94
41 145 18
41 146 99
41 147 86
41 148 83
41 149 49
41 150 33
41 151 30
41 152 44
41 153 78
41 154 81
41 155 71
41 156 3
41 157 67
41 158 80
41 159 65
42 43 24
42 44 25
42 45 13
42 46 17
42 47 22
42 48 93
42 49 53
42 50 85
42 51 19
42 52 79
42 53 60
42 54 76
42 55 93
42 56 46
42 57 63
42 58 32
42 59 45
42 60 79
42 61 65
42 62 70
42 63 63
42 64 51
42 65 13
42 66 20
42 67 95
42 68 78
42 69 18
42 70 56
42 71 90
42 72 38
42 73 51
42 74 78
42 75 52
42 76 37
42 77 49
42 78 6
42 79 56
42 80 13
42 81 51
42 82 28
42 83 32
42 84 39
42 85 4
42 86 66
42 87 30
42 88 93
42 89 45
42 90 78
42 91 88
42 92 50
42 93 38
42 94 17
42 95 33
42 96 70
42 97 33
42 98 37
42 99 16
42 100 65
42 101 19
42 102 26
42 103 8
42 104 47
42 105 30
42 106 11
42 107 79
42 108 54
42 109 51
42 110 13
42 111 63
42 112 72
42 113 87
42 114 47
42 115 15
42 116 22
42 117 40
42 118 87
42 119 20
42 120 37
42 121 35
42 122 71
42 123 32
42 124 46
42 125 3
42 126 3
42 127 67
42 128 32
42 129 20
42 130 37
42 131 91
42 132 91
42 133 4
42 134 88
42 135 38
42 136 45
42 137 47
42 138 8
42 139 38
42 140 4
42 141 35
42 142 69
42 143 80
42 144 90
42 145 8
42 146 59
42 147 97
42 148 26
42 149 26
42 150 80
42 151 69
42 152 10
42 153 8
42 154 55
42 155 40
42 156 71
42 157 29
42 158 64
42 159 34
43 44 75
43 45 89
43 46 17
43 47 13
43 48 15
43 49 51
43 50 100
43 51 77
43 52 12
43 53 48
43 54 80
43 55 29
43 56 88
43 57 56
43 58 74
43 59 61
43 60 75
43 61 38
43 62 55
43 63 48
43 64 11
43 65 29
43 66 67
43 67 47
43 68 47
43 69 61
43 70 98
43 71 82
43 72 92
43 73 91
43 74 66
43 75 28
43 76 100
43 77 45
43 78 81
43 79 57
43 80 31
43 81 80
43 82 18
43 83 22
43 84 98
43 85 69
43 86 62
43 87 13
43 88 13
43 89 77
43 90 74
43 91 21
43 92 97
43 93 48
43 94 38
43 95 37
43 96 70
43 97 69
43 98 83
43 99 40
43 100 47
43 101 93
43 102 98
43 103 71
43 104 29
43 105 61
43 106 27
43 107 13
43 108 25
43 109 96
43 110 23
43 111 68
43 112 4
43 113 81
43 114 74
43 115 73
43 116 17
43 117 86
43 118 17
43 119 84
43 120 4
43 121 85
43 122 36
43 123 84
43 124 48
43 125 56
43 126 41
43 127 19
43 128 40
43 129 83
43 130 25
43 131 42
43 132 70
43 133 90
43 134 30
43 135 11
43 136 25
43 137 21
43 138 18
43 139 73
43 140 75
43 141 8
43 142 93
43 143 57
43 144 61
43 145 27
43 146 100
43 147 16
43 148 30
43 149 97
43 150 77
43 151 41
43 152 21
43 153 11
43 154 69
43 155 31
43 156 60
43 157 22
43 158 99
43 159 48
44 45 81
44 46 30
44 47 76
44 48 33
44 49 35
44 50 34
44 51 37
44 52 78
44 53 11
44 54 74
44 55 49
44 56 68
44 57 66
44 58 77
44 59 73
44 60 18
44 61 95
44 62 13
44 63 51
44 64 35
44 65 74
44 66 15
44 67 84
44 68 71
44 69 63
44 70 80
44 71 64
44 72 64
44 73 44
44 74 25
44 75 55
44 76 26
44 77 25
44 78 45
44 79 75
44 80 51
44 81 5
44 82 29
44 83 56
44 84 65
44 85 4
44 86 46
44 87 77
44 88 39
44 89 71
44 90 57
44 91 43
44 92 55
44 93 81
44 94 90
44 95 1
44 96 11
44 97 63
44 98 17
44 99 40
44 100 74
44 101 51
44 102 96
44 103 21
44 104 89
44 105 32
44 106 47
44 107 69
44 108 53
44 109 29
44 110 64
44 111 81
44 112 41
44 113 63
44 114 100
44 115 46
44 116 54
44 117 18
44 118 35
44 119 43
44 120 53
44 121 22
44 122 17
44 123 85
44 124 85
44 125 87
44 126 90
44 127 92
44 128 13
44 129 73
44 130 60
44 131 38
44 132 33
44 133 77
44 134 49
44 135 24
44 136 64
44 137 59
44 138 14
44 139 6
44 140 80
44 141 83
44 142 11
44 143 40
44 144 66
44 145 99
44 146 55
44 147 82
44 148 12
44 149 62
44 150 16
44 151 30
44 152 28
44 153 12
44 154 100
44 155 60
44 156 77
44 157 7
44 158 41
44 159 55
45 46 49
45 47 56
45 48 3
45 49 85
45 50 10
45 51 57
45 52 38
45 53 43
45 54 98
45 55 56
45 56 24
45 57 18
45 58 97
45 59 39
45 60 100
45 61 70
45 62 30
45 63 21
45 64 48
45 65 56
45 66 81
45 67 7
45 68 2
45 69 73
45 70 70
45 71 83
45 72 63
45 73 12
45 74 26
45 75 41
45 76 24
45 77 66
45 78 19
45 79 84
45 80 65
45 81 52
45 82 96
45 83 15
45 84 31
45 85 39
45 86 69
45 87 30
45 88 50
45 89 55
45 90 9
45 91 56
45 92 79
45 93 23
45 94 74
45 95 44
45 96 22
45 97 42
45 98 6
45 99 99
45 100 65
45 101 49
45 102 60
45 103 22
45 104 13
45 105 53
45 106 46
45 107 94
45 108 100
45 109 33
45 110 48
45 111 21
45 112 39
45 113 26
45 114 5
45 115 61
45 116 27
45 117 55
45 118 14
45 119 58
45 120 52
45 121 61
45 122 86
45 123 12
45 124 38
45 125 13
45 126 15
45 127 38
45 128 78
45 129 41
45 130 62
45 131 46
45 132 48
45 133 74
45 134 8
45 135 80
45 136 5
45 137 49
45 138 27
45 139 73
45 140 90
45 141 68
45 142 37
45 143 99
45 144 70
45 145 4
45 146 25
45 147 31
45 148 63
45 149 57
45 150 68
45 151 64
45 152 46
45 153 65
45 154 33
45 155 93
45 156 13
45 157 49
45 158 80
45 159 2
46 47 77
46 48 87
46 49 15
46 50 98
46 51 64
46 52 95
46 53 25
46 54 71
46 55 92
46 56 24
46 57 60
46 58 29
46 59 90
46 60 71
46 61 73
46 62 42
46 63 73
46 64 59
46 65 73
46 66 92
46 67 39
46 68 74
46 69 9
46 70 20
46 71 73
46 72 91
46 73 49
46 74 29
46 75 68
46 76 5
46 77 96
46 78 37
46 79 92
46 80 70
46 81 90
46 82 28
46 83 19
46 84 2
46 85 67
46 86 56
46 87 27
46 88 71
46 89 95
46 90 20
46 91 78
46 92 24
46 93 53
46 94 85
46 95 22
46 96 12
46 97 13
46 98 60
46 99 24
46 100 91
46 101 59
46 102 86
46 103 85
46 104 68
46 105 85
46 106 45
46 107 76
46 108 97
46 109 80
46 110 78
46 111 42
46 112 53
46 113 66
46 114 12
46 115 4
46 116 39
46 117 28
46 118 71
46 119 5
46 120 77
46 121 2
46 122 69
46 123 2
46 124 47
46 125 73
46 126 48
46 127 8
46 128 77
46 129 94
46 130 42
46 131 4
46 132 90
46 133 68
46 134 83
46 135 88
46 136 54
46 137 12
46 138 99
46 139 10
46 140 39
46 141 30
46 142 45
46 143 14
46 144 60
46 145 22
46 146 76
46 147 86
46 148 58
46 149 97
46 150 80
46 151 76
46 152 91
46 153 74
46 154 87
46 155 31
46 156 15
46 157 40
46 158 43
46 159 55
47 48 95
47 49 11
47 50 57
47 51 37
47 52 48
47 53 31
47 54 98
47 55 25
47 56 38
47 57 76
47 58 25
47 59 30
47 60 91
47 61 85
47 62 45
47 63 61
47 64 87
47 65 22
47 66 4
47 67 16
47 68 41
47 69 15
47 70 44
47 71 40
47 72 81
47 73 42
47 74 60
47 75 42
47 76 89
47 77 43
47 78 70
47 79 35
47 80 17
47 81 49
47 82 68
47 83 60
47 84 63
47 85 31
47 86 31
47 87 69
47 88 57
47 89 65
47 90 38
47 91 25
47 92 74
47 93 10
47 94 52
47 95 45
47 96 80
47 97 46
47 98 19
47 99 96
47 100 84
47 101 97
47 102 27
47 103 18
47 104 61
47 105 64
47 106 54
47 107 47
47 108 47
47 109 59
47 110 36
47 111 69
47 112 94
47 113 40
47 114 12
47 115 92
47 116 54
47 117 54
47 118 54
47 119 4
47 120 70
47 121 17
47 122 11
47 123 90
47 124 11
47 125 33
47 126 55
47 127 89
47 128 33
47 129 66
47 130 99
47 131 25
47 132 67
47 133 12
47 134 50
47 135 95
47 136 23
47 137 79
47 138 80
47 139 39
47 140 43
47 141 14
47 142 72
47 143 44
47 144 86
47 145 69
47 146 48
47 147 35
47 148 16
47 149 7
47 150 33
47 151 1
47 152 56
47 153 94
47 154 11
47 155 94
47 156 26
47 157 85
47 158 10
47 159 29
48 49 80
48 50 12
48 51 6
48 52 64
48 53 5
48 54 71
48 55 85
48 56 12
48 57 74
48 58 37
48 59 88
48 60 93
48 61 52
48 62 40
48 63 52
48 64 99
48 65 95
48 66 65
48 67 90
48 68 15
48 69 88
48 70 54
48 71 41
48 72 19
48 73 98
48 74 54
48 75 57
48 76 36
48 77 43
48 78 88
48 79 67
48 80 79
48 81 75
48 82 54
48 83 53
48 84 31
48 85 75
48 86 1
48 87 96
48 88 80
48 89 32
48 90 86
48 91 26
48 92 18
48 93 9
48 94 99
48 95 1
48 96 72
48 97 35
48 98 48
48 99 52
48 100 49
48 101 71
48 102 86
48 103 53
48 104 76
48 105 30
48 106 39
48 107 34
48 108 60
48 109 19
48 110 45
48 111 36
48 112 30
48 113 6
48 114 82
48 115 91
48 116 54
48 117 18
48 118 38
48 119 6
48 120 9
48 121 83
48 122 51
48 123 46
48 124 15
48 125 63
48 126 60
48 127 74
48 128 65
48 129 13
48 130 7
48 131 60
48 132 86
48 133 80
48 134 92
48 135 81
48 136 39
48 137 78
48 138 21
48 139 71
48 140 10
48 141 61
48 142 73
48 143 86
48 144 85
48 145 13
48 146 27
48 147 71
48 148 86
48 149 96
48 150 1
48 151 47
48 152 35
48 153 98
48 154 63
48 155 6
48 156 29
48 157 37
48 158 66
48 159 34
49 50 56
49 51 97
49 52 99
49 53 58
49 54 95
49 55 89
49 56 68
49 57 79
49 58 54
49 59 69
49 60 10
49 61 5
49 62 3
49 63 57
49 64 19
49 65 96
49 66 92
49 67 64
49 68 94
49 69 76
49 70 89
49 71 31
49 72 77
49 73 40
49 74 70
49 75 56
49 76 38
49 77 96
49 78 65
49 79 23
49 80 82
49 81 16
49 82 91
49 83 38
49 84 96
49 85 54
49 86 54
49 87 48
49 88 71
49 89 86
49 90 67
49 91 100
49 92 45
49 93 48
49 94 72
49 95 91
49 96 11
49 97 15
49 98 33
49 99 69
49 100 65
49 101 78
49 102 5
49 103 19
49 104 91
49 105 44
49 106 76
49 107 24
49 108 79
49 109 14
49 110 62
49 111 47
49 112 99
49 113 88
49 114 9
49 115 82
49 116 17
49 117 12
49 118 61
49 119 21
49 120 33
49 121 5
49 122 53
49 123 56
49 124 88
49 125 92
49 126 11
49 127 25
49 128 59
49 129 97
49 130 38
49 131 1
49 132 60
49 133 22
49 134 66
49 135 16
49 136 83
49 137 72
49 138 75
49 139 51
49 140 58
49 141 74
49 142 33
49 143 4
49 144 46
49 145 77
49 146 69
49 147 31
49 148 43
49 149 78
49 150 46
49 151 52
49 152 15
49 153 55
49 154 39
49 155 58
49 156 17
49 157 90
49 158 18
49 159 3
50 51 13
50 52 71
50 53 45
50 54 83
50 55 55
50 56 73
50 57 67
50 58 89
50 59 49
50 60 79
50 61 41
50 62 33
50 63 50
50 64 7
50 65 73
50 66 71
50 67 53
50 68 36
50 69 71
50 70 30
50 71 83
50 72 43
50 73 45
50 74 58
50 75 23
50 76 45
50 77 92
50 78 24
50 79 19
50 80 36
50 81 65
50 82 69
50 83 89
50 84 98
50 85 94
50 86 98
50 87 79
50 88 81
50 89 89
50 90 3
50 91 34
50 92 93
50 93 5
50 94 46
50 95 28
50 96 12
50 97 65
50 98 15
50 99 100
50 100 34
50 101 52
50 102 45
50 103 39
50 104 84
50 105 65
50 106 75
50 107 34
50 108 35
50 109 96
50 110 91
50 111 22
50 112 60
50 113 51
50 114 24
50 115 78
50 116 29
50 117 71
50 118 12
50 119 48
50 120 90
50 121 80
50 122 47
50 123 58
50 124 72
50 125 37
50 126 12
50 127 46
50 128 23
50 129 63
50 130 17
50 131 73
50 132 30
50 133 78
50 134 36
50 135 8
50 136 37
50 137 36
50 138 20
50 139 56
50 140 1
50 141 50
50 142 88
50 143 24
50 144 37
50 145 76
50 146 49
50 147 24
50 148 77
50 149 75
50 150 54
50 151 83
50 152 32
50 153 90
50 154 70
50 155 86
50 156 83
50 157 76
50 158 41
50 159 50
51 52 85
51 53 9
51 54 43
51 55 4
51 56 62
51 57 40
51 58 78
51 59 35
51 60 44
51 61 55
51 62 94
51 63 2
51 64 17
51 65 48
51 66 29
51 67 95
51 68 87
51 69 63
51 70 100
51 71 35
51 72 61
51 73 86
51 74 26
51 75 91
51 76 52
51 77 34
51 78 4
51 79 65
51 80 10
51 81 80
51 82 99
51 83 44
51 84 37
51 85 68
51 86 46
51 87 60
51 88 40
51 89 64
51 90 85
51 91 11
51 92 76
51 93 74
51 94 97
51 95 90
51 96 61
51 97 81
51 98 72
51 99 47
51 100 27
51 101 19
51 102 53
51 103 20
51 104 70
51 105 6
51 106 82
51 107 39
51 108 18
51 109 36
51 110 85
51 111 74
51 112 42
51 113 46
51 114 57
51 115 17
51 116 65
51 117 49
51 118 43
51 119 23
51 120 1
51 121 64
51 122 3
51 123 46
51 124 95
51 125 95
51 126 41
51 127 55
51 128 6
51 129 31
51 130 31
51 131 69
51 132 39
51 133 51
51 134 51
51 135 99
51 136 68
51 137 83
51 138 30
51 139 79
51 140 28
51 141 30
51 142 74
51 143 19
51 144 94
51 145 56
51 146 74
51 147 67
51 148 49
51 149 28
51 150 98
51 151 13
51 152 12
51 153 85
51 154 61
51 155 54
51 156 66
51 157 81
51 158 83
51 159 69
52 53 78
52 54 63
52 55 35
52 56 48
52 57 2
52 58 90
52 59 66
52 60 92
52 61 12
52 62 28
52 63 4
52 64 30
52 65 74
52 66 73
52 67 24
52 68 31
52 69 69
52 70 81
52 71 32
52 72 69
52 73 55
52 74 12
52 75 26
52 76 88
52 77 72
52 78 99
52 79 21
52 80 1
52 81 21
52 82 93
52 83 76
52 84 72
52 85 87
52 86 75
52 87 94
52 88 47
52 89 24
52 90 42
52 91 41
52 92 54
52 93 28
52 94 75
52 95 99
52 96 60
52 97 92
52 98 10
52 99 82
52 100 21
52 101 62
52 102 12
52 103 59
52 104 38
52 105 88
52 106 75
52 107 54
52 108 93
52 109 25
52 110 53
52 111 13
52 112 53
52 113 89
52 114 28
52 115 55
52 116 75
52 117 36
52 118 10
52 119 34
52 120 65
52 121 46
52 122 47
52 123 21
52 124 69
52 125 98
52 126 13
52 127 36
52 128 45
52 129 18
52 130 26
52 131 72
52 132 21
52 133 27
52 134 74
52 135 5
52 136 81
52 137 65
52 138 1
52 139 74
52 140 60
52 141 30
52 142 60
52 143 15
52 144 92
52 145 52
52 146 82
52 147 64
52 148 21
52 149 24
52 150 34
52 151 67
52 152 16
52 153 7
52 154 35
52 155 91
52 156 65
52 157 56
52 158 72
52 159 10
53 54 90
53 55 13
53 56 10
53 57 1
53 58 84
53 59 85
53 60 53
53 61 21
53 62 63
53 63 44
53 64 57
53 65 46
53 66 92
53 67 83
53 68 13
53 69 52
53 70 96
53 71 11
53 72 80
53 73 36
53 74 24
53 75 5
53 76 1
53 77 1
53 78 98
53 79 77
53 80 84
53 81 70
53 82 27
53 83 73
53 84 74
53 85 27
53 86 50
53 87 77
53 88 68
53 89 21
53 90 30
53 91 89
53 92 77
53 93 43
53 94 58
53 95 15
53 96 46
53 97 43
53 98 38
53 99 100
53 100 86
53 101 52
53 102 59
53 103 43
53 104 11
53 105 81
53 106 70
53 107 32
53 108 36
53 109 29
53 110 74
53 111 70
53 112 55
53 113 66
53 114 100
53 115 94
53 116 96
53 117 81
53 118 17
53 119 75
53 120 49
53 121 86
53 122 2
53 123 94
53 124 25
53 125 99
53 126 55
53 127 22
53 128 70
53 129 59
53 130 27
53 131 94
53 132 7
53 133 13
53 134 35
53 135 57
53 136 54
53 137 45
53 138 52
53 139 16
53 140 35
53 141 4
53 142 9
53 143 85
53 144 64
53 145 4
53 146 45
53 147 6
53 148 25
53 149 48
53 150 59
53 151 94
53 152 16
53 153 93
53 154 13
53 155 73
53 156 65
53 157 99
53 158 71
53 159 83
54 55 79
54 56 44
54 57 33
54 58 35
54 59 7
54 60 31
54 61 52
54 62 21
54 63 72
54 64 29
54 65 94
54 66 48
54 67 92
54 68 24
54 69 87
54 70 74
54 71 89
54 72 66
54 73 2
54 74 61
54 75 16
54 76 38
54 77 30
54 78 99
54 79 22
54 80 100
54 81 58
54 82 41
54 83 24
54 84 41
54 85 7
54 86 87
54 87 98
54 88 78
54 89 5
54 90 20
54 91 50
54 92 9
54 93 67
54 94 49
54 95 56
54 96 44
54 97 67
54 98 68
54 99 81
54 100 14
54 101 93
54 102 94
54 103 85
54 104 5
54 105 18
54 106 11
54 107 72
54 108 85
54 109 67
54 110 94
54 111 55
54 112 32
54 113 97
54 114 57
54 115 40
54 116 66
54 117 35
54 118 98
54 119 91
54 120 49
54 121 37
54 122 80
54 123 100
54 124 28
54 125 25
54 126 45
54 127 45
54 128 72
54 129 18
54 130 7
54 131 94
54 132 44
54 133 47
54 134 78
54 135 25
54 136 1
54 137 87
54 138 38
54 139 34
54 140 38
54 141 35
54 142 51
54 143 50
54 144 94
54 145 50
54 146 74
54 147 68
54 148 83
54 149 5
54 150 96
54 151 58
54 152 33
54 153 23
54 154 60
54 155 2
54 156 26
54 157 87
54 158 81
54 159 77
55 56 16
55 57 95
55 58 84
55 59 98
55 60 83
55 61 19
55 62 19
55 63 50
55 64 77
55 65 65
55 66 92
55 67 28
55 68 84
55 69 18
55 70 56
55 71 65
55 72 25
55 73 45
55 74 29
55 75 36
55 76 41
55 77 32
55 78 20
55 79 89
55 80 56
55 81 91
55 82 51
55 83 84
55 84 12
55 85 31
55 86 96
55 87 46
55 88 49
55 89 55
55 90 84
55 91 25
55 92 55
55 93 18
55 94 51
55 95 3
55 96 34
55 97 68
55 98 19
55 99 70
55 100 20
55 101 56
55 102 36
55 103 31
55 104 16
55 105 83
55 106 43
55 107 5
55 108 94
55 109 51
55 110 22
55 111 89
55 112 80
55 113 37
55 114 42
55 115 38
55 116 19
55 117 71
55 118 87
55 119 65
55 120 68
55 121 24
55 122 55
55 123 74
55 124 20
55 125 99
55 126 68
55 127 20
55 128 82
55 129 74
55 130 70
55 131 86
55 132 26
55 133 49
55 134 90
55 135 48
55 136 56
55 137 6
55 138 84
55 139 78
55 140 12
55 141 41
55 142 27
55 143 26
55 144 91
55 145 66
55 146 78
55 147 83
55 148 98
55 149 68
55 150 6
55 151 65
55 152 34
55 153 36
55 154 4
55 155 68
55 156 10
55 157 42
55 158 50
55 159 26
56 57 26
56 58 41
56 59 95
56 60 18
56 61 79
56 62 39
56 63 58
56 64 36
56 65 51
56 66 83
56 67 43
56 68 62
56 69 28
56 70 78
56 71 75
56 72 99
56 73 80
56 74 47
56 75 58
56 76 26
56 77 87
56 78 77
56 79 93
56 80 4
56 81 75
56 82 11
56 83 79
56 84 30
56 85 62
56 86 52
56 87 18
56 88 23
56 89 15
56 90 89
56 91 68
56 92 6
56 93 11
56 94 40
56 95 25
56 96 75
56 97 96
56 98 51
56 99 98
56 100 84
56 101 97
56 102 53
56 103 6
56 104 1
56 105 24
56 106 49
56 107 15
56 108 15
56 109 68
56 110 95
56 111 82
56 112 2
56 113 88
56 114 3
56 115 55
56 116 85
56 117 100
56 118 37
56 119 34
56 120 94
56 121 42
56 122 14
56 123 26
56 124 11
56 125 80
56 126 23
56 127 21
56 128 11
56 129 82
56 130 87
56 131 46
56 132 45
56 133 48
56 134 52
56 135 74
56 136 50
56 137 42
56 138 86
56 139 20
56 140 34
56 141 70
56 142 92
56 143 56
56 144 64
56 145 20
56 146 73
56 147 83
56 148 65
56 149 5
56 150 97
56 151 32
56 152 55
56 153 44
56 154 63
56 155 60
56 156 40
56 157 31
56 158 18
56 159 76
57 58 70
57 59 13
57 60 52
57 61 27
57 62 95
57 63 82
57 64 38
57 65 13
57 66 50
57 67 65
57 68 4
57 69 9
57 70 10
57 71 87
57 72 41
57 73 68
57 74 79
57 75 1
57 76 70
57 77 36
57 78 76
57 79 71
57 80 53
57 81 79
57 82 59
57 83 68
57 84 33
57 85 85
57 86 99
57 87 28
57 88 47
57 89 53
57 90 54
57 91 3
57 92 98
57 93 24
57 94 5
57 95 78
57 96 22
57 97 32
57 98 20
57 99 93
57 100 35
57 101 46
57 102 95
57 103 16
57 104 44
57 105 39
57 106 31
57 107 14
57 108 13
57 109 41
57 110 4
57 111 71
57 112 38
57 113 11
57 114 84
57 115 35
57 116 55
57 117 27
57 118 95
57 119 97
57 120 93
57 121 28
57 122 42
57 123 39
57 124 70
57 125 94
57 126 6
57 127 20
57 128 71
57 129 57
57 130 47
57 131 56
57 132 7
57 133 17
57 134 28
57 135 100
57 136 89
57 137 1
57 138 74
57 139 60
57 140 79
57 141 32
57 142 49
57 143 11
57 144 34
57 145 36
57 146 53
57 147 57
57 148 18
57 149 20
57 150 4
57 151 33
57 152 55
57 153 38
57 154 54
57 155 89
57 156 82
57 157 85
57 158 40
57 159 2
58 59 34
58 60 16
58 61 19
58 62 68
58 63 97
58 64 65
58 65 92
58 66 58
58 67 67
58 68 28
58 69 15
58 70 94
58 71 44
58 72 94
58 73 82
58 74 69
58 75 55
58 76 49
58 77 71
58 78 54
58 79 63
58 80 59
58 81 54
58 82 84
58 83 99
58 84 31
58 85 88
58 86 54
58 87 38
58 88 47
58 89 98
58 90 92
58 91 96
58 92 72
58 93 53
58 94 38
58 95 18
58 96 42
58 97 3
58 98 38
58 99 24
58 100 23
58 101 42
58 102 32
58 103 16
58 104 20
58 105 83
58 106 85
58 107 61
58 108 81
58 109 56
58 110 27
58 111 45
58 112 94
58 113 88
58 114 67
58 115 88
58 116 34
58 117 22
58 118 48
58 119 88
58 120 11
58 121 99
58 122 9
58 123 55
58 124 13
58 125 44
58 126 53
58 127 71
58 128 62
58 129 63
58 130 39
58 131 95
58 132 25
58 133 13
58 134 51
58 135 13
58 136 41
58 137 85
58 138 91
58 139 15
58 140 25
58 141 28
58 142 51
58 143 46
58 144 62
58 145 73
58 146 79
58 147 14
58 148 51
58 149 62
58 150 54
58 151 10
58 152 85
58 153 80
58 154 39
58 155 15
58 156 94
58 157 75
58 158 65
58 159 6
59 60 10
59 61 77
59 62 49
59 63 28
59 64 86
59 65 8
59 66 37
59 67 81
59 68 99
59 69 72
59 70 33
59 71 58
59 72 27
59 73 55
59 74 70
59 75 44
59 76 56
59 77 43
59 78 38
59 79 56
59 80 51
59 81 15
59 82 5
59 83 89
59 84 54
59 85 97
59 86 69
59 87 45
59 88 35
59 89 1
59 90 20
59 91 61
59 92 17
59 93 46
59 94 40
59 95 36
59 96 88
59 97 10
59 98 97
59 99 49
59 100 63
59 101 7
59 102 10
59 103 88
59 104 80
59 105 13
59 106 74
59 107 24
59 108 71
59 109 21
59 110 31
59 111 91
59 112 92
59 113 7
59 114 37
59 115 60
59 116 40
59 117 15
59 118 51
59 119 49
59 120 33
59 121 44
59 122 18
59 123 38
59 124 33
59 125 62
59 126 70
59 127 100
59 128 98
59 129 73
59 130 39
59 131 10
59 132 2
59 133 24
59 134 60
59 135 1
59 136 97
59 137 23
59 138 97
59 139 94
59 140 66
59 141 35
59 142 99
59 143 98
59 144 63
59 145 31
59 146 75
59 147 23
59 148 7
59 149 43
59 150 95
59 151 1
59 152 51
59 153 47
59 154 87
59 155 90
59 156 46
59 157 8
59 158 4
59 159 93
60 61 54
60 62 53
60 63 74
60 64 12
60 65 65
60 66 26
60 67 71
60 68 34
60 69 68
60 70 69
60 71 95
60 72 63
60 73 32
60 74 6
60 75 88
60 76 44
60 77 1
60 78 19
60 79 92
60 80 75
60 81 38
60 82 16
60 83 82
60 84 23
60 85 67
60 86 1
60 87 57
60 88 63
60 89 85
60 90 95
60 91 28
60 92 77
60 93 3
60 94 88
60 95 23
60 96 58
60 97 6
60 98 25
60 99 90
60 100 48
60 101 20
60 102 25
60 103 57
60 104 57
60 105 29
60 106 45
60 107 50
60 108 82
60 109 89
60 110 25
60 111 61
60 112 2
60 113 91
60 114 44
60 115 16
60 116 44
60 117 14
60 118 75
60 119 94
60 120 74
60 121 72
60 122 20
60 123 41
60 124 27
60 125 25
60 126 38
60 127 77
60 128 7
60 129 87
60 130 50
60 131 90
60 132 45
60 133 35
60 134 99
60 135 41
60 136 1
60 137 27
60 138 61
60 139 16
60 140 22
60 141 16
60 142 88
60 143 89
60 144 45
60 145 24
60 146 41
60 147 91
60 148 67
60 149 5
60 150 99
60 151 89
60 152 3
60 153 20
60 154 14
60 155 47
60 156 60
60 157 63
60 158 35
60 159 57
61 62 72
61 63 82
61 64 60
61 65 55
61 66 7
61 67 14
61 68 43
61 69 18
61 70 63
61 71 37
61 72 7
61 73 16
61 74 16
61 75 48
61 76 85
61 77 79
61 78 50
61 79 59
61 80 35
61 81 11
61 82 58
61 83 53
61 84 50
61 85 74
61 86 60
61 87 58
61 88 84
61 89 2
61 90 68
61 91 55
61 92 74
61 93 95
61 94 93
61 95 31
61 96 43
61 97 29
61 98 84
61 99 92
61 100 89
61 101 95
61 102 49
61 103 50
61 104 21
61 105 55
61 106 72
61 107 26
61 108 95
61 109 41
61 110 93
61 111 63
61 112 44
61 113 70
61 114 38
61 115 11
61 116 48
61 117 60
61 118 80
61 119 65
61 120 56
61 121 20
61 122 29
61 123 13
61 124 59
61 125 35
61 126 27
61 127 64
61 128 49
61 129 20
61 130 99
61 131 2
61 132 24
61 133 42
61 134 68
61 135 83
61 136 19
61 137 33
61 138 43
61 139 80
61 140 37
61 141 88
61 142 18
61 143 86
61 144 5
61 145 77
61 146 89
61 147 28
61 148 3
61 149 8
61 150 89
61 151 25
61 152 65
61 153 92
61 154 78
61 155 17
61 156 22
61 157 67
61 158 11
61 159 46
62 63 80
62 64 47
62 65 55
62 66 45
62 67 79
62 68 25
62 69 9
62 70 18
62 71 74
62 72 47
62 73 88
62 74 23
62 75 73
62 76 31
62 77 94
62 78 20
62 79 80
62 80 22
62 81 75
62 82 88
62 83 82
62 84 16
62 85 36
62 86 3
62 87 100
62 88 73
62 89 90
62 90 66
62 91 2
62 92 79
62 93 2
62 94 43
62 95 37
62 96 7
62 97 100
62 98 76
62 99 48
62 100 83
62 101 39
62 102 49
62 103 18
62 104 54
62 105 23
62 106 21
62 107 84
62 108 59
62 109 49
62 110 46
62 111 74
62 112 89
62 113 10
62 114 35
62 115 10
62 116 59
62 117 74
62 118 54
62 119 45
62 120 93
62 121 47
62 122 62
62 123 72
62 124 5
62 125 25
62 126 78
62 127 50
62 128 20
62 129 1
62 130 30
62 131 69
62 132 58
62 133 89
62 134 62
62 135 65
62 136 71
62 137 51
62 138 4
62 139 20
62 140 65
62 141 38
62 142 51
62 143 61
62 144 51
62 145 94
62 146 82
62 147 10
62 148 62
62 149 15
62 150 33
62 151 74
62 152 60
62 153 95
62 154 85
62 155 23
62 156 10
62 157 29
62 158 43
62 159 75
63 64 26
63 65 97
63 66 35
63 67 63
63 68 20
63 69 6
63 70 60
63 71 87
63 72 95
63 73 32
63 74 33
63 75 34
63 76 82
63 77 90
63 78 62
63 79 65
63 80 91
63 81 80
63 82 26
63 83 5
63 84 76
63 85 24
63 86 94
63 87 70
63 88 25
63 89 51
63 90 29
63 91 32
63 92 46
63 93 64
63 94 57
63 95 100
63 96 13
63 97 91
63 98 47
63 99 87
63 100 21
63 101 92
63 102 66
63 103 77
63 104 2
63 105 25
63 106 30
63 107 10
63 108 46
63 109 12
63 110 99
63 111 18
63 112 1
63 113 89
63 114 29
63 115 4
63 116 73
63 117 29
63 118 20
63 119 77
63 120 91
63 121 9
63 122 53
63 123 8
63 124 88
63 125 44
63 126 54
63 127 89
63 128 87
63 129 82
63 130 89
63 131 55
63 132 50
63 133 58
63 134 73
63 135 98
63 136 20
63 137 100
63 138 1
63 139 16
63 140 3
63 141 23
63 142 89
63 143 12
63 144 20
63 145 7
63 146 8
63 147 64
63 148 64
63 149 70
63 150 58
63 151 33
63 152 99
63 153 82
63 154 29
63 155 16
63 156 49
63 157 55
63 158 37
63 159 20
64 65 84
64 66 10
64 67 11
64 68 60
64 69 33
64 70 11
64 71 34
64 72 27
64 73 55
64 74 84
64 75 10
64 76 39
64 77 31
64 78 58
64 79 54
64 80 95
64 81 78
64 82 66
64 83 25
64 84 4
64 85 32
64 86 25
64 87 37
64 88 55
64 89 61
64 90 43
64 91 25
64 92 85
64 93 43
64 94 22
64 95 83
64 96 15
64 97 62
64 98 55
64 99 35
64 100 71
64 101 1
64 102 74
64 103 22
64 104 36
64 105 11
64 106 89
64 107 23
64 108 88
64 109 26
64 110 61
64 111 24
64 112 55
64 113 69
64 114 12
64 115 26
64 116 55
64 117 36
64 118 99
64 119 2
64 120 56
64 121 95
64 122 100
64 123 53
64 124 87
64 125 59
64 126 65
64 127 47
64 128 17
64 129 59
64 130 54
64 131 11
64 132 67
64 133 92
64 134 59
64 135 42
64 136 4
64 137 13
64 138 11
64 139 17
64 140 92
64 141 5
64 142 20
64 143 51
64 144 90
64 145 31
64 146 76
64 147 50
64 148 35
64 149 7
64 150 32
64 151 33
64 152 37
64 153 34
64 154 54
64 155 97
64 156 60
64 157 26
64 158 99
64 159 20
65 66 51
65 67 93
65 68 15
65 69 90
65 70 52
65 71 85
65 72 37
65 73 94
65 74 32
65 75 30
65 76 66
65 77 2
65 78 48
65 79 60
65 80 47
65 81 51
65 82 37
65 83 25
65 84 49
65 85 90
65 86 96
65 87 12
65 88 24
65 89 58
65 90 41
65 91 89
65 92 95
65 93 83
65 94 58
65 95 72
65 96 87
65 97 39
65 98 59
65 99 16
65 100 74
65 101 85
65 102 87
65 103 82
65 104 56
65 105 25
65 106 32
65 107 20
65 108 94
65 109 20
65 110 15
65 111 34
65 112 48
65 113 47
65 114 1
65 115 4
65 116 94
65 117 39
65 118 10
65 119 5
65 120 82
65 121 1
65 122 29
65 123 4
65 124 92
65 125 80
65 126 47
65 127 91
65 128 67
65 129 55
65 130 49
65 131 15
65 132 14
65 133 26
65 134 71
65 135 50
65 136 47
65 137 100
65 138 62
65 139 7
65 140 69
65 141 23
65 142 32
65 143 22
65 144 88
65 145 87
65 146 7
65 147 89
65 148 12
65 149 79
65 150 71
65 151 42
65 152 95
65 153 60
65 154 75
65 155 90
65 156 55
65 157 11
65 158 53
65 159 34
66 67 29
66 68 99
66 69 20
66 70 18
66 71 97
66 72 7
66 73 61
66 74 52
66 75 79
66 76 16
66 77 24
66 78 40
66 79 48
66 80 97
66 81 71
66 82 73
66 83 74
66 84 47
66 85 13
66 86 79
66 87 17
66 88 14
66 89 33
66 90 57
66 91 59
66 92 36
66 93 61
66 94 27
66 95 12
66 96 75
66 97 89
66 98 15
66 99 99
66 100 79
66 101 16
66 102 49
66 103 12
66 104 93
66 105 57
66 106 58
66 107 93
66 108 31
66 109 65
66 110 43
66 111 60
66 112 96
66 113 97
66 114 63
66 115 91
66 116 20
66 117 4
66 118 30
66 119 22
66 120 22
66 121 31
66 122 11
66 123 76
66 124 89
66 125 41
66 126 82
66 127 28
66 128 81
66 129 46
66 130 79
66 131 96
66 132 61
66 133 42
66 134 19
66 135 35
66 136 87
66 137 55
66 138 23
66 139 33
66 140 41
66 141 59
66 142 71
66 143 56
66 144 98
66 145 100
66 146 14
66 147 62
66 148 79
66 149 91
66 150 61
66 151 88
66 152 5
66 153 95
66 154 41
66 155 39
66 156 3
66 157 8
66 158 93
66 159 27
67 68 55
67 69 68
67 70 77
67 71 76
67 72 98
67 73 93
67 74 57
67 75 19
67 76 94
67 77 10
67 78 8
67 79 9
67 80 84
67 81 6
67 82 37
67 83 52
67 84 95
67 85 62
67 86 63
67 87 16
67 88 100
67 89 37
67 90 69
67 91 59
67 92 90
67 93 56
67 94 14
67 95 52
67 96 75
67 97 29
67 98 60
67 99 99
67 100 61
67 101 5
67 102 65
67 103 79
67 104 68
67 105 29
67 106 84
67 107 94
67 108 28
67 109 8
67 110 4
67 111 96
67 112 71
67 113 39
67 114 67
67 115 94
67 116 71
67 117 82
67 118 89
67 119 74
67 120 90
67 121 8
67 122 9
67 123 26
67 124 4
67 125 40
67 126 55
67 127 16
67 128 33
67 129 50
67 130 56
67 131 40
67 132 77
67 133 12
67 134 55
67 135 5
67 136 45
67 137 24
67 138 100
67 139 30
67 140 95
67 141 70
67 142 50
67 143 34
67 144 89
67 145 55
67 146 81
67 147 6
67 148 72
67 149 39
67 150 71
67 151 82
67 152 31
67 153 2
67 154 59
67 155 35
67 156 33
67 157 9
67 158 29
67 159 71
68 69 51
68 70 80
68 71 24
68 72 44
68 73 8
68 74 86
68 75 17
68 76 3
68 77 91
68 78 3
68 79 86
68 80 80
68 81 91
68 82 33
68 83 77
68 84 79
68 85 21
68 86 84
68 87 96
68 88 77
68 89 83
68 90 35
68 91 24
68 92 19
68 93 98
68 94 82
68 95 60
68 96 73
68 97 51
68 98 28
68 99 55
68 100 73
68 101 66
68 102 59
68 103 7
68 104 36
68 105 69
68 106 32
68 107 63
68 108 42
68 109 52
68 110 64
68 111 96
68 112 65
68 113 53
68 114 51
68 115 98
68 116 72
68 117 28
68 118 55
68 119 20
68 120 99
68 121 47
68 122 9
68 123 9
68 124 58
68 125 1
68 126 39
68 127 12
68 128 90
68 129 48
68 130 53
68 131 2
68 132 57
68 133 42
68 134 24
68 135 5
68 136 87
68 137 91
68 138 11
68 139 4
68 140 55
68 141 52
68 142 22
68 143 79
68 144 80
68 145 43
68 146 23
68 147 38
68 148 34
68 149 56
68 150 55
68 151 99
68 152 99
68 153 56
68 154 60
68 155 51
68 156 48
68 157 49
68 158 58
68 159 38
69 70 70
69 71 77
69 72 98
69 73 83
69 74 58
69 75 73
69 76 50
69 77 35
69 78 54
69 79 2
69 80 76
69 81 53
69 82 47
69 83 84
69 84 12
69 85 64
69 86 94
69 87 10
69 88 89
69 89 33
69 90 33
69 91 22
69 92 26
69 93 6
69 94 81
69 95 64
69 96 31
69 97 19
69 98 48
69 99 53
69 100 90
69 101 48
69 102 4
69 103 94
69 104 1
69 105 12
69 106 76
69 107 90
69 108 34
69 109 97
69 110 85
69 111 15
69 112 21
69 113 43
69 114 96
69 115 5
69 116 67
69 117 48
69 118 2
69 119 100
69 120 85
69 121 91
69 122 36
69 123 97
69 124 83
69 125 29
69 126 47
69 127 92
69 128 8
69 129 7
69 130 8
69 131 67
69 132 18
69 133 41
69 134 18
69 135 21
69 136 96
69 137 67
69 138 70
69 139 81
69 140 97
69 141 90
69 142 93
69 143 61
69 144 73
69 145 80
69 146 81
69 147 56
69 148 2
69 149 18
69 150 39
69 151 75
69 152 17
69 153 14
69 154 34
69 155 33
69 156 49
69 157 23
69 158 68
69 159 36
70 71 90
70 72 43
70 73 49
70 74 71
70 75 37
70 76 89
70 77 13
70 78 86
70 79 35
70 80 92
70 81 47
70 82 33
70 83 3
70 84 27
70 85 1
70 86 67
70 87 29
70 88 61
70 89 96
70 90 73
70 91 2
70 92 89
70 93 51
70 94 15
70 95 42
70 96 41
70 97 27
70 98 12
70 99 66
70 100 41
70 101 2
70 102 22
70 103 83
70 104 98
70 105 84
70 106 13
70 107 94
70 108 58
70 109 86
70 110 97
70 111 55
70 112 46
70 113 90
70 114 23
70 115 42
70 116 42
70 117 92
70 118 7
70 119 97
70 120 9
70 121 1
70 122 88
70 123 14
70 124 21
70 125 16
70 126 60
70 127 1
70 128 55
70 129 19
70 130 58
70 131 8
70 132 53
70 133 14
70 134 24
70 135 76
70 136 63
70 137 97
70 138 75
70 139 63
70 140 16
70 141 25
70 142 59
70 143 78
70 144 62
70 145 56
70 146 40
70 147 35
70 148 30
70 149 60
70 150 3
70 151 29
70 152 63
70 153 90
70 154 45
70 155 27
70 156 95
70 157 89
70 158 58
70 159 59
71 72 45
71 73 10
71 74 92
71 75 39
71 76 34
71 77 83
71 78 16
71 79 100
71 80 93
71 81 9
71 82 49
71 83 85
71 84 65
71 85 70
71 86 86
71 87 67
71 88 2
71 89 97
71 90 30
71 91 43
71 92 21
71 93 20
71 94 31
71 95 62
71 96 64
71 97 19
71 98 80
71 99 100
71 100 5
71 101 17
71 102 26
71 103 69
71 104 64
71 105 35
71 106 61
71 107 96
71 108 49
71 109 75
71 110 78
71 111 89
71 112 68
71 113 81
71 114 5
71 115 72
71 116 76
71 117 14
71 118 41
71 119 82
71 120 75
71 121 54
71 122 68
71 123 68
71 124 50
71 125 56
71 126 84
71 127 75
71 128 58
71 129 62
71 130 50
71 131 31
71 132 24
71 133 93
71 134 53
71 135 71
71 136 66
71 137 25
71 138 23
71 139 79
71 140 44
71 141 75
71 142 87
71 143 64
71 144 85
71 145 18
71 146 12
71 147 26
71 148 37
71 149 93
71 150 71
71 151 27
71 152 52
71 153 35
71 154 42
71 155 50
71 156 62
71 157 57
71 158 72
71 159 69
72 73 77
72 74 20
72 75 88
72 76 66
72 77 80
72 78 21
72 79 98
72 80 21
72 81 61
72 82 71
72 83 53
72 84 81
72 85 19
72 86 71
72 87 42
72 88 12
72 89 48
72 90 46
72 91 48
72 92 43
72 93 63
72 94 2
72 95 42
72 96 4
72 97 60
72 98 5
72 99 76
72 100 90
72 101 24
72 102 74
72 103 89
72 104 23
72 105 41
72 106 86
72 107 29
72 108 5
72 109 5
72 110 48
72 111 32
72 112 95
72 113 56
72 114 10
72 115 51
72 116 37
72 117 21
72 118 11
72 119 50
72 120 14
72 121 18
72 122 7
72 123 80
72 124 55
72 125 50
72 126 59
72 127 32
72 128 87
72 129 11
72 130 14
72 131 99
72 132 49
72 133 1
72 134 27
72 135 19
72 136 84
72 137 63
72 138 12
72 139 25
72 140 30
72 141 53
72 142 84
72 143 37
72 144 5
72 145 27
72 146 27
72 147 22
72 148 47
72 149 69
72 150 68
72 151 59
72 152 60
72 153 91
72 154 89
72 155 50
72 156 7
72 157 98
72 158 30
72 159 75
73 74 67
73 75 10
73 76 86
73 77 67
73 78 57
73 79 54
73 80 53
73 81 93
73 82 30
73 83 9
73 84 32
73 85 10
73 86 21
73 87 83
73 88 30
73 89 29
73 90 58
73 91 79
73 92 90
73 93 43
73 94 62
73 95 81
73 96 44
73 97 89
73 98 29
73 99 59
73 100 91
73 101 28
73 102 33
73 103 21
73 104 50
73 105 78
73 106 54
73 107 97
73 108 46
73 109 84
73 110 39
73 111 72
73 112 61
73 113 63
73 114 82
73 115 3
73 116 88
73 117 30
73 118 91
73 119 87
73 120 30
73 121 1
73 122 58
73 123 90
73 124 34
73 125 81
73 126 27
73 127 35
73 128 7
73 129 10
73 130 85
73 131 88
73 132 87
73 133 100
73 134 37
73 135 20
73 136 100
73 137 85
73 138 60
73 139 74
73 140 73
73 141 8
73 142 42
73 143 71
73 144 82
73 145 39
73 146 12
73 147 22
73 148 3
73 149 18
73 150 72
73 151 1
73 152 45
73 153 49
73 154 78
73 155 28
73 156 85
73 157 97
73 158 46
73 159 9
74 75 28
74 76 65
74 77 80
74 78 71
74 79 53
74 80 60
74 81 54
74 82 28
74 83 5
74 84 76
74 85 41
74 86 12
74 87 7
74 88 55
74 89 1
74 90 34
74 91 19
74 92 20
74 93 59
74 94 64
74 95 38
74 96 95
74 97 75
74 98 77
74 99 59
74 100 79
74 101 26
74 102 77
74 103 95
74 104 12
74 105 99
74 106 67
74 107 6
74 108 37
74 109 71
74 110 58
74 111 24
74 112 58
74 113 96
74 114 22
74 115 78
74 116 24
74 117 80
74 118 57
74 119 63
74 120 22
74 121 7
74 122 5
74 123 97
74 124 52
74 125 6
74 126 55
74 127 48
74 128 40
74 129 95
74 130 12
74 131 21
74 132 72
74 133 40
74 134 15
74 135 85
74 136 21
74 137 87
74 138 37
74 139 25
74 140 62
74 141 82
74 142 67
74 143 83
74 144 32
74 145 89
74 146 27
74 147 90
74 148 26
74 149 11
74 150 29
74 151 77
74 152 39
74 153 56
74 154 43
74 155 38
74 156 79
74 157 15
74 158 13
74 159 64
75 76 77
75 77 50
75 78 90
75 79 16
75 80 38
75 81 70
75 82 17
75 83 27
75 84 1
75 85 34
75 86 1
75 87 54
75 88 95
75 89 55
75 90 86
75 91 48
75 92 63
75 93 54
75 94 20
75 95 23
75 96 5
75 97 77
75 98 84
75 99 6
75 100 6
75 101 92
75 102 74
75 103 46
75 104 99
75 105 41
75 106 39
75 107 74
75 108 6
75 109 84
75 110 7
75 111 52
75 112 63
75 113 43
75 114 32
75 115 69
75 116 46
75 117 61
75 118 26
75 119 2
75 120 80
75 121 13
75 122 48
75 123 79
75 124 60
75 125 50
75 126 1
75 127 6
75 128 89
75 129 51
75 130 99
75 131 58
75 132 47
75 133 37
75 134 24
75 135 92
75 136 9
75 137 93
75 138 85
75 139 64
75 140 96
75 141 53
75 142 82
75 143 52
75 144 97
75 145 74
75 146 31
75 147 1
75 148 11
75 149 44
75 150 53
75 151 36
75 152 34
75 153 46
75 154 49
75 155 92
75 156 1
75 157 44
75 158 14
75 159 23
76 77 91
76 78 9
76 79 16
76 80 41
76 81 62
76 82 86
76 83 91
76 84 30
76 85 60
76 86 95
76 87 8
76 88 54
76 89 86
76 90 26
76 91 87
76 92 47
76 93 53
76 94 64
76 95 20
76 96 66
76 97 47
76 98 33
76 99 32
76 100 21
76 101 88
76 102 16
76 103 79
76 104 76
76 105 44
76 106 10
76 107 42
76 108 56
76 109 74
76 110 48
76 111 88
76 112 31
76 113 62
76 114 75
76 115 19
76 116 71
76 117 21
76 118 88
76 119 22
76 120 19
76 121 18
76 122 60
76 123 1
76 124 51
76 125 23
76 126 7
76 127 83
76 128 11
76 129 98
76 130 52
76 131 19
76 132 40
76 133 81
76 134 89
76 135 81
76 136 85
76 137 98
76 138 17
76 139 15
76 140 27
76 141 1
76 142 73
76 143 3
76 144 62
76 145 100
76 146 32
76 147 69
76 148 52
76 149 16
76 150 43
76 151 75
76 152 30
76 153 98
76 154 78
76 155 31
76 156 51
76 157 55
76 158 47
76 159 42
77 78 8
77 79 1
77 80 91
77 81 60
77 82 68
77 83 95
77 84 52
77 85 11
77 86 29
77 87 7
77 88 32
77 89 7
77 90 24
77 91 28
77 92 69
77 93 35
77 94 56
77 95 96
77 96 14
77 97 52
77 98 16
77 99 60
77 100 95
77 101 71
77 102 2
77 103 80
77 104 40
77 105 61
77 106 85
77 107 1
77 108 4
77 109 44
77 110 15
77 111 25
77 112 82
77 113 28
77 114 50
77 115 50
77 116 19
77 117 17
77 118 39
77 119 87
77 120 56
77 121 53
77 122 42
77 123 78
77 124 24
77 125 58
77 126 70
77 127 55
77 128 90
77 129 26
77 130 78
77 131 79
77 132 61
77 133 61
77 134 9
77 135 92
77 136 32
77 137 28
77 138 38
77 139 91
77 140 95
77 141 95
77 142 15
77 143 65
77 144 91
77 145 23
77 146 73
77 147 80
77 148 10
77 149 93
77 150 22
77 151 11
77 152 51
77 153 71
77 154 65
77 155 67
77 156 100
77 157 52
77 158 55
77 159 76
78 79 80
78 80 38
78 81 83
78 82 27
78 83 79
78 84 22
78 85 58
78 86 48
78 87 65
78 88 97
78 89 53
78 90 17
78 91 33
78 92 97
78 93 89
78 94 57
78 95 53
78 96 11
78 97 93
78 98 31
78 99 4
78 100 4
78 101 48
78 102 78
78 103 45
78 104 26
78 105 62
78 106 34
78 107 97
78 108 80
78 109 61
78 110 56
78 111 37
78 112 46
78 113 4
78 114 87
78 115 64
78 116 41
78 117 30
78 118 39
78 119 79
78 120 2
78 121 65
78 122 65
78 123 16
78 124 39
78 125 22
78 126 17
78 127 12
78 128 84
78 129 87
78 130 6
78 131 70
78 132 21
78 133 20
78 134 43
78 135 78
78 136 45
78 137 70
78 138 56
78 139 57
78 140 28
78 141 9
78 142 76
78 143 42
78 144 37
78 145 48
78 146 64
78 147 81
78 148 35
78 149 90
78 150 22
78 151 44
78 152 8
78 153 2
78 154 44
78 155 15
78 156 45
78 157 61
78 158 16
78 159 74
79 80 79
79 81 24
79 82 59
79 83 30
79 84 15
79 85 1
79 86 67
79 87 90
79 88 50
79 89 30
79 90 98
79 91 36
79 92 56
79 93 90
79 94 76
79 95 2
79 96 9
79 97 42
79 98 49
79 99 71
79 100 10
79 101 94
79 102 1
79 103 25
79 104 75
79 105 39
79 106 30
79 107 15
79 108 2
79 109 38
79 110 68
79 111 100
79 112 18
79 113 32
79 114 83
79 115 85
79 116 22
79 117 93
79 118 22
79 119 48
79 120 14
79 121 57
79 122 36
79 123 28
79 124 26
79 125 41
79 126 56
79 127 99
79 128 43
79 129 71
79 130 46
79 131 9
79 132 38
79 133 41
79 134 56
79 135 59
79 136 97
79 137 64
79 138 83
79 139 90
79 140 36
79 141 82
79 142 80
79 143 63
79 144 44
79 145 4
79 146 47
79 147 65
79 148 34
79 149 52
79 150 100
79 151 52
79 152 96
79 153 85
79 154 77
79 155 32
79 156 32
79 157 19
79 158 54
79 159 77
80 81 27
80 82 60
80 83 11
80 84 94
80 85 88
80 86 27
80 87 11
80 88 68
80 89 75
80 90 79
80 91 48
80 92 53
80 93 86
80 94 48
80 95 24
80 96 13
80 97 51
80 98 40
80 99 57
80 100 50
80 101 4
80 102 98
80 103 39
80 104 69
80 105 35
80 106 55
80 107 6
80 108 34
80 109 27
80 110 70
80 111 26
80 112 84
80 113 43
80 114 91
80 115 18
80 116 17
80 117 85
80 118 67
80 119 25
80 120 7
80 121 30
80 122 31
80 123 40
80 124 28
80 125 83
80 126 98
80 127 11
80 128 87
80 129 10
80 130 66
80 131 24
80 132 74
80 133 86
80 134 97
80 135 24
80 136 39
80 137 84
80 138 67
80 139 66
80 140 59
80 141 12
80 142 24
80 143 54
80 144 17
80 145 49
80 146 25
80 147 28
80 148 34
80 149 81
80 150 43
80 151 76
80 152 10
80 153 10
80 154 49
80 155 4
80 156 92
80 157 40
80 158 20
80 159 6
81 82 73
81 83 85
81 84 70
81 85 84
81 86 29
81 87 73
81 88 90
81 89 67
81 90 25
81 91 83
81 92 80
81 93 73
81 94 77
81 95 23
81 96 17
81 97 16
81 98 26
81 99 35
81 100 74
81 101 90
81 102 47
81 103 11
81 104 1
81 105 79
81 106 60
81 107 41
81 108 3
81 109 25
81 110 1
81 111 83
81 112 68
81 113 29
81 114 28
81 115 40
81 116 89
81 117 86
81 118 84
81 119 45
81 120 22
81 121 17
81 122 39
81 123 1
81 124 11
81 125 2
81 126 48
81 127 67
81 128 91
81 129 14
81 130 42
81 131 78
81 132 1
81 133 27
81 134 89
81 135 78
81 136 95
81 137 61
81 138 82
81 139 12
81 140 95
81 141 27
81 142 92
81 143 40
81 144 72
81 145 40
81 146 98
81 147 33
81 148 63
81 149 86
81 150 66
81 151 67
81 152 51
81 153 20
81 154 36
81 155 89
81 156 77
81 157 55
81 158 32
81 159 60
82 83 4
82 84 72
82 85 78
82 86 51
82 87 21
82 88 57
82 89 2
82 90 89
82 91 34
82 92 25
82 93 76
82 94 35
82 95 49
82 96 86
82 97 95
82 98 7
82 99 50
82 100 72
82 101 47
82 102 16
82 103 56
82 104 62
82 105 84
82 106 78
82 107 23
82 108 16
82 109 59
82 110 33
82 111 25
82 112 30
82 113 7
82 114 55
82 115 60
82 116 93
82 117 91
82 118 74
82 119 57
82 120 39
82 121 39
82 122 37
82 123 58
82 124 55
82 125 15
82 126 31
82 127 59
82 128 83
82 129 65
82 130 74
82 131 100
82 132 20
82 133 55
82 134 35
82 135 8
82 136 12
82 137 53
82 138 41
82 139 93
82 140 97
82 141 8
82 142 69
82 143 53
82 144 23
82 145 40
82 146 54
82 147 67
82 148 8
82 149 51
82 150 2
82 151 44
82 152 73
82 153 53
82 154 25
82 155 77
82 156 56
82 157 34
82 158 84
82 159 85
83 84 47
83 85 22
83 86 13
83 87 21
83 88 1
83 89 69
83 90 92
83 91 69
83 92 5
83 93 63
83 94 88
83 95 78
83 96 82
83 97 19
83 98 28
83 99 8
83 100 86
83 101 65
83 102 91
83 103 97
83 104 2
83 105 70
83 106 41
83 107 87
83 108 13
83 109 13
83 110 27
83 111 87
83 112 3
83 113 21
83 114 83
83 115 47
83 116 68
83 117 49
83 118 45
83 119 79
83 120 48
83 121 65
83 122 1
83 123 56
83 124 16
83 125 85
83 126 26
83 127 65
83 128 64
83 129 40
83 130 86
83 131 73
83 132 16
83 133 57
83 134 56
83 135 49
83 136 2
83 137 2
83 138 58
83 139 24
83 140 55
83 141 37
83 142 94
83 143 55
83 144 67
83 145 46
83 146 89
83 147 36
83 148 33
83 149 82
83 150 97
83 151 15
83 152 2
83 153 87
83 154 84
83 155 33
83 156 13
83 157 47
83 158 64
83 159 6
84 85 84
84 86 94
84 87 12
84 88 20
84 89 73
84 90 93
84 91 10
84 92 13
84 93 50
84 94 87
84 95 12
84 96 48
84 97 39
84 98 56
84 99 81
84 100 74
84 101 9
84 102 30
84 103 5
84 104 99
84 105 33
84 106 43
84 107 43
84 108 59
84 109 13
84 110 59
84 111 99
84 112 47
84 113 6
84 114 43
84 115 94
84 116 13
84 117 85
84 118 20
84 119 26
84 120 50
84 121 75
84 122 87
84 123 98
84 124 52
84 125 6
84 126 15
84 127 66
84 128 19
84 129 59
84 130 45
84 131 44
84 132 39
84 133 27
84 134 39
84 135 10
84 136 47
84 137 7
84 138 11
84 139 10
84 140 27
84 141 72
84 142 62
84 143 51
84 144 82
84 145 34
84 146 44
84 147 47
84 148 14
84 149 100
84 150 14
84 151 47
84 152 16
84 153 89
84 154 75
84 155 35
84 156 54
84 157 65
84 158 96
84 159 24
85 86 75
85 87 29
85 88 41
85 89 75
85 90 43
85 91 41
85 92 7
85 93 93
85 94 45
85 95 30
85 96 76
85 97 83
85 98 50
85 99 34
85 100 83
85 101 73
85 102 52
85 103 75
85 104 33
85 105 85
85 106 61
85 107 17
85 108 44
85 109 2
85 110 84
85 111 59
85 112 85
85 113 90
85 114 26
85 115 77
85 116 51
85 117 46
85 118 62
85 119 67
85 120 83
85 121 2
85 122 75
85 123 27
85 124 12
85 125 11
85 126 59
85 127 23
85 128 64
85 129 61
85 130 47
85 131 98
85 132 69
85 133 37
85 134 14
85 135 66
85 136 67
85 137 32
85 138 67
85 139 72
85 140 30
85 141 85
85 142 42
85 143 35
85 144 7
85 145 82
85 146 49
85 147 92
85 148 66
85 149 17
85 150 44
85 151 69
85 152 16
85 153 70
85 154 67
85 155 97
85 156 91
85 157 86
85 158 97
85 159 60
86 87 62
86 88 25
86 89 86
86 90 16
86 91 88
86 92 54
86 93 30
86 94 64
86 95 59
86 96 82
86 97 51
86 98 52
86 99 90
86 100 24
86 101 38
86 102 61
86 103 71
86 104 18
86 105 57
86 106 87
86 107 46
86 108 49
86 109 43
86 110 52
86 111 60
86 112 72
86 113 52
86 114 63
86 115 45
86 116 97
86 117 92
86 118 90
86 119 21
86 120 35
86 121 12
86 122 59
86 123 9
86 124 24
86 125 7
86 126 28
86 127 33
86 128 28
86 129 11
86 130 13
86 131 85
86 132 90
86 133 35
86 134 60
86 135 44
86 136 20
86 137 53
86 138 51
86 139 38
86 140 36
86 141 24
86 142 83
86 143 99
86 144 96
86 145 29
86 146 7
86 147 41
86 148 20
86 149 100
86 150 53
86 151 94
86 152 86
86 153 70
86 154 84
86 155 91
86 156 5
86 157 69
86 158 25
86 159 17
87 88 10
87 89 87
87 90 7
87 91 49
87 92 48
87 93 93
87 94 59
87 95 8
87 96 52
87 97 73
87 98 61
87 99 32
87 100 87
87 101 64
87 102 73
87 103 75
87 104 9
87 105 40
87 106 9
87 107 72
87 108 12
87 109 10
87 110 46
87 111 20
87 112 52
87 113 97
87 114 66
87 115 95
87 116 30
87 117 77
87 118 30
87 119 68
87 120 29
87 121 25
87 122 58
87 123 82
87 124 70
87 125 68
87 126 38
87 127 32
87 128 54
87 129 68
87 130 64
87 131 14
87 132 78
87 133 12
87 134 47
87 135 18
87 136 94
87 137 37
87 138 26
87 139 11
87 140 57
87 141 70
87 142 75
87 143 9
87 144 76
87 145 48
87 146 31
87 147 82
87 148 31
87 149 27
87 150 60
87 151 71
87 152 38
87 153 89
87 154 47
87 155 16
87 156 93
87 157 99
87 158 60
87 159 77
88 89 14
88 90 36
88 91 98
88 92 77
88 93 90
88 94 76
88 95 61
88 96 80
88 97 22
88 98 55
88 99 9
88 100 12
88 101 72
88 102 78
88 103 100
88 104 75
88 105 47
88 106 21
88 107 56
88 108 44
88 109 75
88 110 84
88 111 24
88 112 17
88 113 1
88 114 51
88 115 71
88 116 83
88 117 11
88 118 87
88 119 34
88 120 83
88 121 89
88 122 68
88 123 89
88 124 44
88 125 32
88 126 76
88 127 99
88 128 38
88 129 42
88 130 63
88 131 27
88 132 52
88 133 25
88 134 34
88 135 22
88 136 63
88 137 8
88 138 95
88 139 97
88 140 69
88 141 96
88 142 51
88 143 18
88 144 16
88 145 32
88 146 43
88 147 44
88 148 25
88 149 100
88 150 11
88 151 30
88 152 41
88 153 72
88 154 67
88 155 20
88 156 86
88 157 10
88 158 24
88 159 96
89 90 23
89 91 36
89 92 21
89 93 3
89 94 56
89 95 64
89 96 86
89 97 62
89 98 96
89 99 10
89 100 100
89 101 53
89 102 55
89 103 88
89 104 72
89 105 34
89 106 81
89 107 46
89 108 70
89 109 29
89 110 58
89 111 40
89 112 38
89 113 84
89 114 89
89 115 60
89 116 15
89 117 93
89 118 86
89 119 33
89 120 81
89 121 42
89 122 10
89 123 5
89 124 77
89 125 68
89 126 58
89 127 26
89 128 35
89 129 25
89 130 44
89 131 51
89 132 3
89 133 1
89 134 9
89 135 12
89 136 71
89 137 86
89 138 80
89 139 89
89 140 79
89 141 37
89 142 45
89 143 76
89 144 14
89 145 71
89 146 59
89 147 33
89 148 4
89 149 29
89 150 65
89 151 35
89 152 81
89 153 78
89 154 19
89 155 30
89 156 69
89 157 2
89 158 88
89 159 74
90 91 40
90 92 17
90 93 49
90 94 34
90 95 6
90 96 61
90 97 49
90 98 64
90 99 77
90 100 30
90 101 45
90 102 79
90 103 65
90 104 91
90 105 8
90 106 48
90 107 59
90 108 25
90 109 80
90 110 96
90 111 84
90 112 61
90 113 34
90 114 88
90 115 90
90 116 77
90 117 52
90 118 17
90 119 66
90 120 89
90 121 67
90 122 85
90 123 35
90 124 67
90 125 45
90 126 15
90 127 50
90 128 20
90 129 62
90 130 65
90 131 48
90 132 24
90 133 100
90 134 84
90 135 41
90 136 87
90 137 5
90 138 56
90 139 28
90 140 27
90 141 83
90 142 35
90 143 93
90 144 76
90 145 45
90 146 29
90 147 74
90 148 3
90 149 25
90 150 70
90 151 47
90 152 39
90 153 60
90 154 23
90 155 64
90 156 41
90 157 64
90 158 19
90 159 98
91 92 13
91 93 38
91 94 18
91 95 28
91 96 83
91 97 20
91 98 78
91 99 77
91 100 36
91 101 27
91 102 1
91 103 30
91 104 49
91 105 82
91 106 55
91 107 70
91 108 69
91 109 97
91 110 19
91 111 97
91 112 98
91 113 5
91 114 20
91 115 85
91 116 40
91 117 100
91 118 91
91 119 4
91 120 12
91 121 43
91 122 89
91 123 60
91 124 51
91 125 48
91 126 12
91 127 70
91 128 66
91 129 58
91 130 20
91 131 63
91 132 70
91 133 71
91 134 12
91 135 61
91 136 33
91 137 17
91 138 17
91 139 95
91 140 93
91 141 53
91 142 94
91 143 74
91 144 22
91 145 88
91 146 14
91 147 71
91 148 35
91 149 13
91 150 56
91 151 76
91 152 30
91 153 70
91 154 65
91 155 7
91 156 5
91 157 93
91 158 12
91 159 16
92 93 7
92 94 14
92 95 12
92 96 36
92 97 4
92 98 86
92 99 73
92 100 7
92 101 11
92 102 84
92 103 41
92 104 28
92 105 57
92 106 7
92 107 90
92 108 24
92 109 71
92 110 55
92 111 14
92 112 39
92 113 69
92 114 64
92 115 18
92 116 87
92 117 64
92 118 24
92 119 95
92 120 67
92 121 41
92 122 77
92 123 29
92 124 70
92 125 96
92 126 66
92 127 76
92 128 99
92 129 36
92 130 98
92 131 91
92 132 23
92 133 15
92 134 2
92 135 32
92 136 35
92 137 87
92 138 83
92 139 54
92 140 16
92 141 80
92 142 82
92 143 28
92 144 52
92 145 39
92 146 84
92 147 30
92 148 25
92 149 3
92 150 72
92 151 26
92 152 88
92 153 1
92 154 59
92 155 15
92 156 30
92 157 65
92 158 54
92 159 77
93 94 85
93 95 2
93 96 14
93 97 67
93 98 75
93 99 14
93 100 59
93 101 40
93 102 21
93 103 56
93 104 42
93 105 93
93 106 47
93 107 72
93 108 88
93 109 38
93 110 99
93 111 88
93 112 81
93 113 75
93 114 47
93 115 42
93 116 89
93 117 36
93 118 42
93 119 83
93 120 60
93 121 26
93 122 12
93 123 63
93 124 33
93 125 45
93 126 88
93 127 22
93 128 96
93 129 57
93 130 75
93 131 10
93 132 42
93 133 71
93 134 33
93 135 92
93 136 66
93 137 66
93 138 85
93 139 26
93 140 2
93 141 79
93 142 83
93 143 5
93 144 53
93 145 30
93 146 25
93 147 26
93 148 24
93 149 64
93 150 82
93 151 88
93 152 17
93 153 11
93 154 28
93 155 96
93 156 59
93 157 36
93 158 83
93 159 24
94 95 32
94 96 2
94 97 16
94 98 89
94 99 63
94 100 37
94 101 79
94 102 3
94 103 91
94 104 64
94 105 5
94 106 13
94 107 13
94 108 24
94 109 58
94 110 79
94 111 19
94 112 28
94 113 29
94 114 17
94 115 9
94 116 91
94 117 70
94 118 73
94 119 55
94 120 46
94 121 9
94 122 28
94 123 31
94 124 20
94 125 10
94 126 30
94 127 46
94 128 95
94 129 34
94 130 26
94 131 98
94 132 63
94 133 24
94 134 3
94 135 100
94 136 44
94 137 55
94 138 2
94 139 82
94 140 32
94 141 35
94 142 51
94 143 35
94 144 62
94 145 35
94 146 90
94 147 2
94 148 69
94 149 49
94 150 23
94 151 19
94 152 51
94 153 17
94 154 26
94 155 88
94 156 75
94 157 41
94 158 72
94 159 15
95 96 19
95 97 61
95 98 10
95 99 53
95 100 37
95 101 51
95 102 31
95 103 27
95 104 48
95 105 14
95 106 88
95 107 78
95 108 21
95 109 97
95 110 34
95 111 47
95 112 59
95 113 1
95 114 100
95 115 97
95 116 76
95 117 18
95 118 22
95 119 41
95 120 57
95 121 35
95 122 100
95 123 30
95 124 66
95 125 17
95 126 26
95 127 8
95 128 26
95 129 30
95 130 75
95 131 65
95 132 88
95 133 54
95 134 5
95 135 66
95 136 38
95 137 10
95 138 11
95 139 85
95 140 13
95 141 33
95 142 27
95 143 17
95 144 97
95 145 10
95 146 16
95 147 53
95 148 45
95 149 38
95 150 7
95 151 26
95 152 84
95 153 63
95 154 2
95 155 20
95 156 37
95 157 94
95 158 49
95 159 23
96 97 72
96 98 58
96 99 13
96 100 86
96 101 85
96 102 53
96 103 92
96 104 13
96 105 45
96 106 28
96 107 4
96 108 33
96 109 46
96 110 59
96 111 43
96 112 78
96 113 33
96 114 43
96 115 16
96 116 93
96 117 37
96 118 100
96 119 83
96 120 74
96 121 50
96 122 98
96 123 42
96 124 61
96 125 55
96 126 34
96 127 46
96 128 84
96 129 68
96 130 70
96 131 52
96 132 58
96 133 55
96 134 29
96 135 91
96 136 35
96 137 1
96 138 3
96 139 88
96 140 22
96 141 61
96 142 46
96 143 67
96 144 56
96 145 79
96 146 42
96 147 6
96 148 100
96 149 2
96 150 75
96 151 84
96 152 81
96 153 89
96 154 74
96 155 41
96 156 98
96 157 95
96 158 20
96 159 78
97 98 62
97 99 78
97 100 54
97 101 8
97 102 10
97 103 41
97 104 30
97 105 96
97 106 10
97 107 29
97 108 84
97 109 100
97 110 86
97 111 49
97 112 48
97 113 12
97 114 79
97 115 82
97 116 91
97 117 61
97 118 19
97 119 72
97 120 57
97 121 61
97 122 40
97 123 85
97 124 32
97 125 44
97 126 15
97 127 81
97 128 4
97 129 73
97 130 76
97 131 57
97 132 9
97 133 70
97 134 58
97 135 59
97 136 17
97 137 36
97 138 89
97 139 65
97 140 63
97 141 8
97 142 62
97 143 58
97 144 70
97 145 84
97 146 78
97 147 41
97 148 52
97 149 8
97 150 51
97 151 37
97 152 71
97 153 25
97 154 82
97 155 78
97 156 42
97 157 30
97 158 26
97 159 45
98 99 68
98 100 4
98 101 76
98 102 7
98 103 41
98 104 75
98 105 15
98 106 18
98 107 16
98 108 50
98 109 74
98 110 24
98 111 55
98 112 62
98 113 50
98 114 59
98 115 62
98 116 96
98 117 77
98 118 43
98 119 2
98 120 34
98 121 38
98 122 11
98 123 14
98 124 46
98 125 97
98 126 91
98 127 23
98 128 42
98 129 79
98 130 29
98 131 9
98 132 77
98 133 49
98 134 56
98 135 68
98 136 83
98 137 94
98 138 5
98 139 100
98 140 93
98 141 31
98 142 20
98 143 74
98 144 37
98 145 60
98 146 53
98 147 58
98 148 84
98 149 68
98 150 8
98 151 42
98 152 52
98 153 81
98 154 93
98 155 88
98 156 49
98 157 16
98 158 20
98 159 4
99 100 60
99 101 31
99 102 64
99 103 38
99 104 64
99 105 58
99 106 78
99 107 67
99 108 38
99 109 74
99 110 85
99 111 19
99 112 43
99 113 11
99 114 66
99 115 95
99 116 59
99 117 73
99 118 66
99 119 70
99 120 41
99 121 64
99 122 32
99 123 13
99 124 87
99 125 13
99 126 32
99 127 82
99 128 62
99 129 40
99 130 84
99 131 63
99 132 24
99 133 72
99 134 93
99 135 89
99 136 36
99 137 80
99 138 75
99 139 26
99 140 57
99 141 75
99 142 83
99 143 17
99 144 79
99 145 70
99 146 63
99 147 35
99 148 24
99 149 32
99 150 92
99 151 15
99 152 1
99 153 15
99 154 58
99 155 9
99 156 8
99 157 79
99 158 59
99 159 66
100 101 77
100 102 19
100 103 78
100 104 56
100 105 11
100 106 35
100 107 16
100 108 26
100 109 88
100 110 51
100 111 82
100 112 8
100 113 100
100 114 56
100 115 50
100 116 36
100 117 86
100 118 47
100 119 41
100 120 52
100 121 59
100 122 78
100 123 51
100 124 97
100 125 63
100 126 68
100 127 24
100 128 6
100 129 54
100 130 20
100 131 61
100 132 36
100 133 33
100 134 25
100 135 49
100 136 48
100 137 60
100 138 90
100 139 97
100 140 51
100 141 66
100 142 88
100 143 20
100 144 85
100 145 80
100 146 13
100 147 56
100 148 75
100 149 27
100 150 21
100 151 36
100 152 93
100 153 44
100 154 73
100 155 34
100 156 37
100 157 47
100 158 20
100 159 82
101 102 100
101 103 3
101 104 85
101 105 62
101 106 4
101 107 12
101 108 82
101 109 18
101 110 65
101 111 66
101 112 58
101 113 44
101 114 4
101 115 54
101 116 37
101 117 51
101 118 100
101 119 49
101 120 64
101 121 12
101 122 73
101 123 5
101 124 86
101 125 79
101 126 59
101 127 75
101 128 87
101 129 45
101 130 11
101 131 59
101 132 23
101 133 37
101 134 84
101 135 78
101 136 82
101 137 6
101 138 80
101 139 5
101 140 66
101 141 78
101 142 51
101 143 30
101 144 88
101 145 68
101 146 46
101 147 73
101 148 38
101 149 56
101 150 61
101 151 51
101 152 88
101 153 8
101 154 80
101 155 34
101 156 55
101 157 64
101 158 68
101 159 78
102 103 69
102 104 78
102 105 54
102 106 86
102 107 59
102 108 92
102 109 98
102 110 63
102 111 100
102 112 51
102 113 61
102 114 19
102 115 22
102 116 30
102 117 38
102 118 34
102 119 85
102 120 15
102 121 9
102 122 10
102 123 72
102 124 50
102 125 11
102 126 21
102 127 40
102 128 39
102 129 14
102 130 3
102 131 35
102 132 9
102 133 93
102 134 97
102 135 29
102 136 50
102 137 33
102 138 90
102 139 39
102 140 45
102 141 56
102 142 91
102 143 29
102 144 25
102 145 16
102 146 41
102 147 72
102 148 30
102 149 35
102 150 55
102 151 7
102 152 59
102 153 29
102 154 67
102 155 9
102 156 80
102 157 39
102 158 60
102 159 52
103 104 66
103 105 99
103 106 33
103 107 62
103 108 63
103 109 34
103 110 38
103 111 67
103 112 29
103 113 45
103 114 98
103 115 19
103 116 67
103 117 24
103 118 62
103 119 18
103 120 87
103 121 95
103 122 56
103 123 25
103 124 6
103 125 49
103 126 62
103 127 23
103 128 34
103 129 26
103 130 3
103 131 77
103 132 60
103 133 3
103 134 7
103 135 53
103 136 34
103 137 18
103 138 94
103 139 77
103 140 47
103 141 70
103 142 45
103 143 95
103 144 83
103 145 60
103 146 50
103 147 8
103 148 72
103 149 38
103 150 40
103 151 28
103 152 69
103 153 75
103 154 74
103 155 28
103 156 77
103 157 77
103 158 77
103 159 33
104 105 30
104 106 14
104 107 95
104 108 42
104 109 41
104 110 22
104 111 27
104 112 1
104 113 36
104 114 51
104 115 16
104 116 12
104 117 9
104 118 28
104 119 44
104 120 97
104 121 51
104 122 21
104 123 73
104 124 9
104 125 83
104 126 15
104 127 25
104 128 92
104 129 59
104 130 9
104 131 91
104 132 50
104 133 13
104 134 87
104 135 92
104 136 56
104 137 59
104 138 58
104 139 72
104 140 81
104 141 27
104 142 100
104 143 13
104 144 70
104 145 12
104 146 65
104 147 21
104 148 52
104 149 81
104 150 67
104 151 57
104 152 31
104 153 91
104 154 96
104 155 88
104 156 99
104 157 90
104 158 8
104 159 66
105 106 17
105 107 54
105 108 40
105 109 19
105 110 31
105 111 42
105 112 21
105 113 41
105 114 67
105 115 84
105 116 88
105 117 69
105 118 55
105 119 57
105 120 47
105 121 70
105 122 65
105 123 36
105 124 53
105 125 5
105 126 29
105 127 87
105 128 45
105 129 53
105 130 3
105 131 59
105 132 49
105 133 56
105 134 38
105 135 89
105 136 2
105 137 72
105 138 34
105 139 14
105 140 100
105 141 62
105 142 87
105 143 100
105 144 73
105 145 67
105 146 52
105 147 56
105 148 12
105 149 30
105 150 87
105 151 30
105 152 42
105 153 49
105 154 67
105 155 26
105 156 16
105 157 1
105 158 82
105 159 25
106 107 12
106 108 55
106 109 66
106 110 6
106 111 43
106 112 94
106 113 55
106 114 24
106 115 22
106 116 73
106 117 48
106 118 81
106 119 43
106 120 63
106 121 82
106 122 88
106 123 79
106 124 31
106 125 58
106 126 68
106 127 93
106 128 88
106 129 29
106 130 40
106 131 8
106 132 41
106 133 47
106 134 60
106 135 54
106 136 3
106 137 98
106 138 36
106 139 95
106 140 87
106 141 24
106 142 59
106 143 24
106 144 62
106 145 38
106 146 76
106 147 51
106 148 47
106 149 38
106 150 85
106 151 4
106 152 53
106 153 96
106 154 24
106 155 96
106 156 56
106 157 87
106 158 87
106 159 35
107 108 81
107 109 60
107 110 97
107 111 42
107 112 70
107 113 13
107 114 10
107 115 6
107 116 63
107 117 13
107 118 20
107 119 55
107 120 47
107 121 70
107 122 69
107 123 44
107 124 28
107 125 10
107 126 62
107 127 8
107 128 32
107 129 5
107 130 85
107 131 100
107 132 90
107 133 82
107 134 34
107 135 86
107 136 72
107 137 29
107 138 90
107 139 75
107 140 62
107 141 15
107 142 37
107 143 18
107 144 40
107 145 99
107 146 43
107 147 45
107 148 79
107 149 26
107 150 16
107 151 4
107 152 77
107 153 62
107 154 4
107 155 3
107 156 2
107 157 49
107 158 47
107 159 17
108 109 23
108 110 33
108 111 22
108 112 44
108 113 68
108 114 65
108 115 47
108 116 16
108 117 14
108 118 100
108 119 79
108 120 95
108 121 52
108 122 51
108 123 25
108 124 60
108 125 94
108 126 2
108 127 81
108 128 76
108 129 89
108 130 16
108 131 15
108 132 50
108 133 23
108 134 5
108 135 53
108 136 60
108 137 8
108 138 8
108 139 24
108 140 70
108 141 28
108 142 78
108 143 11
108 144 43
108 145 58
108 146 37
108 147 91
108 148 49
108 149 67
108 150 2
108 151 99
108 152 78
108 153 97
108 154 30
108 155 24
108 156 60
108 157 77
108 158 71
108 159 27
109 110 100
109 111 29
109 112 20
109 113 20
109 114 99
109 115 12
109 116 29
109 117 92
109 118 41
109 119 56
109 120 97
109 121 21
109 122 31
109 123 63
109 124 52
109 125 13
109 126 36
109 127 5
109 128 29
109 129 58
109 130 62
109 131 30
109 132 37
109 133 15
109 134 60
109 135 37
109 136 93
109 137 13
109 138 25
109 139 48
109 140 84
109 141 15
109 142 6
109 143 11
109 144 8
109 145 98
109 146 89
109 147 71
109 148 26
109 149 51
109 150 85
109 151 84
109 152 17
109 153 59
109 154 43
109 155 21
109 156 54
109 157 53
109 158 71
109 159 76
110 111 6
110 112 15
110 113 61
110 114 48
110 115 2
110 116 8
110 117 63
110 118 81
110 119 31
110 120 32
110 121 55
110 122 79
110 123 72
110 124 6
110 125 56
110 126 5
110 127 54
110 128 24
110 129 85
110 130 5
110 131 89
110 132 27
110 133 13
110 134 38
110 135 16
110 136 43
110 137 1
110 138 8
110 139 92
110 140 22
110 141 48
110 142 81
110 143 26
110 144 18
110 145 51
110 146 40
110 147 25
110 148 78
110 149 4
110 150 38
110 151 53
110 152 9
110 153 27
110 154 88
110 155 8
110 156 15
110 157 36
110 158 25
110 159 29
111 112 9
111 113 87
111 114 17
111 115 93
111 116 25
111 117 25
111 118 68
111 119 90
111 120 7
111 121 85
111 122 71
111 123 77
111 124 82
111 125 18
111 126 32
111 127 96
111 128 18
111 129 57
111 130 35
111 131 94
111 132 19
111 133 66
111 134 89
111 135 66
111 136 59
111 137 66
111 138 7
111 139 72
111 140 10
111 141 61
111 142 24
111 143 42
111 144 46
111 145 79
111 146 36
111 147 21
111 148 22
111 149 52
111 150 73
111 151 61
111 152 95
111 153 91
111 154 3
111 155 34
111 156 40
111 157 97
111 158 28
111 159 12
112 113 52
112 114 27
112 115 72
112 116 25
112 117 78
112 118 95
112 119 47
112 120 16
112 121 19
112 122 97
112 123 56
112 124 68
112 125 6
112 126 5
112 127 91
112 128 41
112 129 14
112 130 34
112 131 55
112 132 52
112 133 63
112 134 12
112 135 22
112 136 47
112 137 43
112 138 53
112 139 95
112 140 33
112 141 98
112 142 36
112 143 48
112 144 9
112 145 12
112 146 28
112 147 25
112 148 100
112 149 20
112 150 81
112 151 90
112 152 62
112 153 13
112 154 19
112 155 26
112 156 53
112 157 97
112 158 22
112 159 15
113 114 67
113 115 17
113 116 97
113 117 29
113 118 75
113 119 77
113 120 64
113 121 39
113 122 93
113 123 68
113 124 83
113 125 22
113 126 29
113 127 45
113 128 34
113 129 74
113 130 75
113 131 55
113 132 67
113 133 10
113 134 94
113 135 56
113 136 69
113 137 35
113 138 96
113 139 14
113 140 68
113 141 53
113 142 41
113 143 76
113 144 52
113 145 60
113 146 62
113 147 44
113 148 48
113 149 7
113 150 49
113 151 50
113 152 35
113 153 51
113 154 35
113 155 60
113 156 44
113 157 3
113 158 20
113 159 17
114 115 50
114 116 27
114 117 65
114 118 33
114 119 50
114 120 22
114 121 23
114 122 77
114 123 54
114 124 93
114 125 57
114 126 5
114 127 38
114 128 16
114 129 61
114 130 66
114 131 23
114 132 77
114 133 23
114 134 55
114 135 20
114 136 81
114 137 96
114 138 75
114 139 21
114 140 23
114 141 13
114 142 6
114 143 60
114 144 57
114 145 96
114 146 77
114 147 28
114 148 4
114 149 64
114 150 81
114 151 39
114 152 55
114 153 98
114 154 4
114 155 85
114 156 59
114 157 12
114 158 59
114 159 64
115 116 30
115 117 26
115 118 37
115 119 5
115 120 96
115 121 38
115 122 21
115 123 31
115 124 60
115 125 57
115 126 59
115 127 36
115 128 79
115 129 84
115 130 96
115 131 59
115 132 89
115 133 53
115 134 52
115 135 82
115 136 74
115 137 45
115 138 88
115 139 94
115 140 3
115 141 60
115 142 22
115 143 31
115 144 61
115 145 39
115 146 77
115 147 41
115 148 27
115 149 13
115 150 94
115 151 10
115 152 7
115 153 56
115 154 64
115 155 53
115 156 83
115 157 8
115 158 66
115 159 34
116 117 40
116 118 66
116 119 36
116 120 4
116 121 36
116 122 69
116 123 47
116 124 16
116 125 83
116 126 58
116 127 47
116 128 55
116 129 40
116 130 55
116 131 59
116 132 66
116 133 35
116 134 8
116 135 73
116 136 44
116 137 56
116 138 83
116 139 79
116 140 74
116 141 83
116 142 61
116 143 92
116 144 39
116 145 96
116 146 34
116 147 3
116 148 79
116 149 89
116 150 42
116 151 73
116 152 18
116 153 46
116 154 58
116 155 33
116 156 45
116 157 27
116 158 81
116 159 16
117 118 17
117 119 89
117 120 19
117 121 61
117 122 88
117 123 77
117 124 100
117 125 98
117 126 82
117 127 43
117 128 76
117 129 45
117 130 83
117 131 55
117 132 43
117 133 10
117 134 75
117 135 69
117 136 60
117 137 89
117 138 36
117 139 50
117 140 35
117 141 38
117 142 45
117 143 57
117 144 42
117 145 86
117 146 52
117 147 74
117 148 95
117 149 7
117 150 68
117 151 70
117 152 42
117 153 68
117 154 94
117 155 56
117 156 89
117 157 15
117 158 88
117 159 83
118 119 10
118 120 43
118 121 43
118 122 74
118 123 30
118 124 100
118 125 71
118 126 47
118 127 64
118 128 63
118 129 38
118 130 31
118 131 80
118 132 15
118 133 67
118 134 24
118 135 93
118 136 88
118 137 22
118 138 26
118 139 70
118 140 65
118 141 98
118 142 93
118 143 34
118 144 64
118 145 74
118 146 35
118 147 18
118 148 2
118 149 37
118 150 80
118 151 36
118 152 75
118 153 92
118 154 10
118 155 95
118 156 89
118 157 32
118 158 11
118 159 100
119 120 15
119 121 78
119 122 54
119 123 40
119 124 80
119 125 22
119 126 54
119 127 28
119 128 34
119 129 3
119 130 97
119 131 22
119 132 56
119 133 32
119 134 23
119 135 97
119 136 72
119 137 3
119 138 12
119 139 2
119 140 13
119 141 30
119 142 92
119 143 24
119 144 80
119 145 67
119 146 72
119 147 90
119 148 98
119 149 46
119 150 37
119 151 81
119 152 41
119 153 87
119 154 46
119 155 39
119 156 97
119 157 53
119 158 3
119 159 16
120 121 53
120 122 17
120 123 3
120 124 82
120 125 6
120 126 49
120 127 36
120 128 44
120 129 74
120 130 91
120 131 87
120 132 54
120 133 65
120 134 47
120 135 24
120 136 20
120 137 1
120 138 42
120 139 4
120 140 36
120 141 71
120 142 62
120 143 85
120 144 65
120 145 5
120 146 90
120 147 62
120 148 42
120 149 86
120 150 26
120 151 20
120 152 56
120 153 32
120 154 13
120 155 60
120 156 24
120 157 21
120 158 4
120 159 1
121 122 20
121 123 85
121 124 66
121 125 73
121 126 69
121 127 85
121 128 84
121 129 22
121 130 17
121 131 55
121 132 69
121 133 64
121 134 23
121 135 33
121 136 22
121 137 22
121 138 74
121 139 93
121 140 49
121 141 32
121 142 37
121 143 77
121 144 61
121 145 37
121 146 49
121 147 57
121 148 68
121 149 99
121 150 14
121 151 65
121 152 93
121 153 32
121 154 39
121 155 8
121 156 80
121 157 60
121 158 18
121 159 4
122 123 32
122 124 92
122 125 57
122 126 48
122 127 77
122 128 99
122 129 11
122 130 93
122 131 59
122 132 22
122 133 58
122 134 77
122 135 98
122 136 35
122 137 3
122 138 41
122 139 80
122 140 33
122 141 91
122 142 68
122 143 26
122 144 16
122 145 99
122 146 84
122 147 41
122 148 39
122 149 32
122 150 76
122 151 88
122 152 100
122 153 48
122 154 69
122 155 31
122 156 69
122 157 66
122 158 38
122 159 6
123 124 69
123 125 18
123 126 17
123 127 53
123 128 8
123 129 1
123 130 56
123 131 34
123 132 45
123 133 63
123 134 65
123 135 62
123 136 100
123 137 55
123 138 25
123 139 24
123 140 95
123 141 88
123 142 11
123 143 74
123 144 43
123 145 72
123 146 51
123 147 54
123 148 47
123 149 45
123 150 41
123 151 60
123 152 17
123 153 3
123 154 4
123 155 27
123 156 19
123 157 5
123 158 98
123 159 79
124 125 60
124 126 30
124 127 25
124 128 35
124 129 64
124 130 11
124 131 67
124 132 77
124 133 92
124 134 29
124 135 9
124 136 88
124 137 2
124 138 23
124 139 14
124 140 59
124 141 52
124 142 85
124 143 87
124 144 56
124 145 31
124 146 68
124 147 34
124 148 17
124 149 66
124 150 37
124 151 97
124 152 69
124 153 57
124 154 64
124 155 9
124 156 9
124 157 21
124 158 59
124 159 31
125 126 65
125 127 74
125 128 70
125 129 89
125 130 20
125 131 11
125 132 73
125 133 82
125 134 63
125 135 91
125 136 49
125 137 52
125 138 83
125 139 3
125 140 79
125 141 13
125 142 5
125 143 24
125 144 8
125 145 7
125 146 21
125 147 99
125 148 76
125 149 4
125 150 21
125 151 94
125 152 54
125 153 10
125 154 83
125 155 82
125 156 62
125 157 40
125 158 8
125 159 24
126 127 90
126 128 42
126 129 34
126 130 97
126 131 36
126 132 78
126 133 67
126 134 94
126 135 25
126 136 46
126 137 84
126 138 82
126 139 32
126 140 58
126 141 95
126 142 84
126 143 5
126 144 52
126 145 53
126 146 19
126 147 83
126 148 94
126 149 81
126 150 11
126 151 60
126 152 52
126 153 4
126 154 12
126 155 39
126 156 56
126 157 30
126 158 62
126 159 36
127 128 7
127 129 57
127 130 37
127 131 65
127 132 2
127 133 74
127 134 37
127 135 72
127 136 20
127 137 77
127 138 60
127 139 62
127 140 26
127 141 10
127 142 56
127 143 2
127 144 64
127 145 88
127 146 82
127 147 5
127 148 58
127 149 41
127 150 100
127 151 67
127 152 92
127 153 8
127 154 32
127 155 35
127 156 83
127 157 37
127 158 61
127 159 32
128 129 65
128 130 30
128 131 20
128 132 72
128 133 19
128 134 70
128 135 96
128 136 84
128 137 88
128 138 43
128 139 7
128 140 84
128 141 84
128 142 91
128 143 57
128 144 19
128 145 86
128 146 78
128 147 94
128 148 67
128 149 93
128 150 47
128 151 81
128 152 25
128 153 69
128 154 86
128 155 55
128 156 16
128 157 48
128 158 39
128 159 71
129 130 67
129 131 47
129 132 30
129 133 56
129 134 59
129 135 97
129 136 72
129 137 47
129 138 1
129 139 72
129 140 38
129 141 90
129 142 75
129 143 8
129 144 80
129 145 7
129 146 7
129 147 17
129 148 33
129 149 70
129 150 2
129 151 78
129 152 61
129 153 87
129 154 10
129 155 39
129 156 47
129 157 70
129 158 88
129 159 94
130 131 41
130 132 90
130 133 23
130 134 72
130 135 53
130 136 97
130 137 11
130 138 43
130 139 88
130 140 47
130 141 63
130 142 100
130 143 89
130 144 26
130 145 16
130 146 91
130 147 30
130 148 74
130 149 24
130 150 47
130 151 39
130 152 71
130 153 82
130 154 79
130 155 47
130 156 12
130 157 43
130 158 45
130 159 51
131 132 97
131 133 70
131 134 66
131 135 52
131 136 61
131 137 50
131 138 97
131 139 17
131 140 48
131 141 2
131 142 15
131 143 93
131 144 19
131 145 2
131 146 68
131 147 11
131 148 56
131 149 61
131 150 68
131 151 99
131 152 69
131 153 81
131 154 7
131 155 78
131 156 48
131 157 99
131 158 1
131 159 35
132 133 86
132 134 14
132 135 15
132 136 33
132 137 94
132 138 80
132 139 58
132 140 45
132 141 9
132 142 87
132 143 17
132 144 67
132 145 98
132 146 75
132 147 57
132 148 21
132 149 44
132 150 90
132 151 25
132 152 40
132 153 77
132 154 91
132 155 17
132 156 93
132 157 36
132 158 65
132 159 40
133 134 31
133 135 43
133 136 62
133 137 97
133 138 52
133 139 9
133 140 15
133 141 41
133 142 73
133 143 53
133 144 86
133 145 22
133 146 26
133 147 25
133 148 13
133 149 34
133 150 82
133 151 50
133 152 31
133 153 47
133 154 76
133 155 32
133 156 3
133 157 46
133 158 80
133 159 5
134 135 48
134 136 70
134 137 68
134 138 77
134 139 55
134 140 36
134 141 100
134 142 67
134 143 44
134 144 12
134 145 60
134 146 79
134 147 40
134 148 59
134 149 23
134 150 43
134 151 62
134 152 15
134 153 11
134 154 18
134 155 7
134 156 72
134 157 17
134 158 51
134 159 57
135 136 46
135 137 94
135 138 21
135 139 76
135 140 65
135 141 28
135 142 96
135 143 4
135 144 95
135 145 97
135 146 32
135 147 96
135 148 72
135 149 39
135 150 48
135 151 29
135 152 87
135 153 60
135 154 61
135 155 31
135 156 69
135 157 95
135 158 25
135 159 11
136 137 67
136 138 41
136 139 81
136 140 41
136 141 43
136 142 6
136 143 37
136 144 36
136 145 70
136 146 32
136 147 37
136 148 57
136 149 2
136 150 37
136 151 48
136 152 7
136 153 95
136 154 59
136 155 87
136 156 26
136 157 58
136 158 75
136 159 26
137 138 26
137 139 4
137 140 62
137 141 53
137 142 56
137 143 15
137 144 17
137 145 5
137 146 44
137 147 42
137 148 76
137 149 63
137 150 54
137 151 94
137 152 10
137 153 15
137 154 95
137 155 74
137 156 41
137 157 63
137 158 66
137 159 9
138 139 5
138 140 67
138 141 72
138 142 27
138 143 84
138 144 51
138 145 60
138 146 59
138 147 100
138 148 29
138 149 31
138 150 57
138 151 9
138 152 68
138 153 96
138 154 19
138 155 25
138 156 78
138 157 54
138 158 40
138 159 12
139 140 79
139 141 66
139 142 47
139 143 27
139 144 17
139 145 84
139 146 22
139 147 58
139 148 63
139 149 61
139 150 71
139 151 91
139 152 31
139 153 97
139 154 92
139 155 14
139 156 97
139 157 47
139 158 6
139 159 6
140 141 100
140 142 80
140 143 10
140 144 87
140 145 30
140 146 15
140 147 25
140 148 98
140 149 37
140 150 49
140 151 74
140 152 53
140 153 64
140 154 47
140 155 12
140 156 7
140 157 91
140 158 45
140 159 25
141 142 79
141 143 86
141 144 46
141 145 49
141 146 68
141 147 72
141 148 12
141 149 11
141 150 75
141 151 53
141 152 62
141 153 15
141 154 90
141 155 46
141 156 100
141 157 62
141 158 55
141 159 1
142 143 58
142 144 71
142 145 94
142 146 38
142 147 51
142 148 3
142 149 2
142 150 86
142 151 72
142 152 26
142 153 33
142 154 31
142 155 97
142 156 55
142 157 10
142 158 54
142 159 29
143 144 78
143 145 9
143 146 35
143 147 80
143 148 6
143 149 20
143 150 51
143 151 56
143 152 26
143 153 69
143 154 2
143 155 16
143 156 20
143 157 59
143 158 36
143 159 25
144 145 64
144 146 10
144 147 8
144 148 92
144 149 65
144 150 88
144 151 95
144 152 28
144 153 85
144 154 17
144 155 39
144 156 33
144 157 20
144 158 87
144 159 66
145 146 86
145 147 6
145 148 68
145 149 2
145 150 70
145 151 42
145 152 80
145 153 81
145 154 86
145 155 97
145 156 99
145 157 98
145 158 89
145 159 13
146 147 35
146 148 27
146 149 30
146 150 97
146 151 60
146 152 8
146 153 3
146 154 68
146 155 73
146 156 77
146 157 63
146 158 1
146 159 44
147 148 57
147 149 55
147 150 60
147 151 97
147 152 69
147 153 9
147 154 3
147 155 15
147 156 14
147 157 79
147 158 9
147 159 60
148 149 94
148 150 96
148 151 44
148 152 97
148 153 22
148 154 29
148 155 14
148 156 89
148 157 14
148 158 90
148 159 100
149 150 57
149 151 19
149 152 10
149 153 57
149 154 40
149 155 19
149 156 67
149 157 11
149 158 1
149 159 93
150 151 77
150 152 17
150 153 34
150 154 41
150 155 75
150 156 82
150 157 74
150 158 33
150 159 64
151 152 91
151 153 52
151 154 44
151 155 15
151 156 8
151 157 46
151 158 90
151 159 92
152 153 91
152 154 92
152 155 46
152 156 44
152 157 69
152 158 18
152 159 87
153 154 38
153 155 17
153 156 72
153 157 37
153 158 17
153 159 7
154 155 29
154 156 13
154 157 51
154 158 55
154 159 27
155 156 37
155 157 76
155 158 88
155 159 13
156 157 23
156 158 40
156 159 16
157 158 78
157 159 14
158 159 91
