160 12720
0 1 53
0 2 36
0 3 39
0 4 7
0 5 83
0 6 68
0 7 49
0 8 82
0 9 72
0 10 90
0 11 65
0 12 79
0 13 74
0 14 84
0 15 79
0 16 12
0 17 25
0 18 64
0 19 59
0 20 86
0 21 86
0 22 60
0 23 90
0 24 16
0 25 34
0 26 75
0 27 29
0 28 29
0 29 45
0 30 36
0 31 24
0 32 40
0 33 35
0 34 49
0 35 55
0 36 49
0 37 36
0 38 38
0 39 37
0 40 91
0 41 14
0 42 94
0 43 68
0 44 87
0 45 80
0 46 33
0 47 44
0 48 25
0 49 70
0 50 92
0 51 86
0 52 33
0 53 63
0 54 45
0 55 94
0 56 43
0 57 61
0 58 28
0 59 13
0 60 85
0 61 17
0 62 89
0 63 46
0 64 89
0 65 89
0 66 77
0 67 40
0 68 60
0 69 88
0 70 69
0 71 98
0 72 41
0 73 54
0 74 59
0 75 61
0 76 34
0 77 14
0 78 75
0 79 23
0 80 29
0 81 50
0 82 42
0 83 18
0 84 49
0 85 26
0 86 99
0 87 66
0 88 99
0 89 74
0 90 12
0 91 100
0 92 25
0 93 7
0 94 49
0 95 86
0 96 2
0 97 75
0 98 63
0 99 73
0 100 1
0 101 70
0 102 89
0 103 35
0 104 84
0 105 72
0 106 26
0 107 17
0 108 32
0 109 41
0 110 13
0 111 88
0 112 43
0 113 10
0 114 76
0 115 50
0 116 49
0 117 18
0 118 18
0 119 2
0 120 11
0 121 35
0 122 54
0 123 72
0 124 8
0 125 54
0 126 9
0 127 70
0 128 25
0 129 44
0 130 30
0 131 82
0 132 84
0 133 78
0 134 65
0 135 29
0 136 39
0 137 74
0 138 55
0 139 14
0 140 7
0 141 1
0 142 48
0 143 8
0 144 19
0 145 5
0 146 90
0 147 69
0 148 75
0 149 89
0 150 31
0 151 70
0 152 52
0 153 65
0 154 62
0 155 51
0 156 97
0 157 77
0 158 39
0 159 60
1 2 23
1 3 50
1 4 11
1 5 90
1 6 77
1 7 84
1 8 12
1 9 50
1 10 83
1 11 35
1 12 71
1 13 17
1 14 90
1 15 31
1 16 28
1 17 66
1 18 62
1 19 53
1 20 14
1 21 8
1 22 99
1 23 23
1 24 40
1 25 36
1 26 40
1 27 45
1 28 19
1 29 58
1 30 78
1 31 99
1 32 65
1 33 14
1 34 9
1 35 34
1 36 91
1 37 16
1 38 72
1 39 14
1 40 65
1 41 29
1 42 95
1 43 58
1 44 33
1 45 43
1 46 70
1 47 10
1 48 85
1 49 5
1 50 12
1 51 30
1 52 35
1 53 39
1 54 93
1 55 57
1 56 64
1 57 85
1 58 22
1 59 90
1 60 13
1 61 49
1 62 65
1 63 55
1 64 18
1 65 23
1 66 22
1 67 61
1 68 80
1 69 8
1 70 9
1 71 47
1 72 56
1 73 87
1 74 27
1 75 88
1 76 80
1 77 17
1 78 16
1 79 43
1 80 5
1 81 55
1 82 40
1 83 29
1 84 29
1 85 18
1 86 26
1 87 98
1 88 83
1 89 73
1 90 99
1 91 2
1 92 21
1 93 53
1 94 67
1 95 18
1 96 70
1 97 27
1 98 71
1 99 23
1 100 35
1 101 98
1 102 17
1 103 4
1 104 13
1 105 46
1 106 63
1 107 69
1 108 100
1 109 80
1 110 47
1 111 34
1 112 45
1 113 88
1 114 36
1 115 10
1 116 8
1 117 84
1 118 82
1 119 79
1 120 24
1 121 98
1 122 56
1 123 37
1 124 40
1 125 88
1 126 96
1 127 41
1 128 33
1 129 10
1 130 45
1 131 15
1 132 32
1 133 60
1 134 75
1 135 1
1 136 64
1 137 98
1 138 95
1 139 31
1 140 82
1 141 55
1 142 52
1 143 15
1 144 15
1 145 71
1 146 46
1 147 51
1 148 94
1 149 73
1 150 21
1 151 50
1 152 40
1 153 87
1 154 3
1 155 89
1 156 35
1 157 30
1 158 46
1 159 64
2 3 21
2 4 29
2 5 30
2 6 67
2 7 12
2 8 21
2 9 65
2 10 35
2 11 43
2 12 78
2 13 18
2 14 79
2 15 21
2 16 23
2 17 11
2 18 46
2 19 4
2 20 7
2 21 51
2 22 54
2 23 25
2 24 42
2 25 37
2 26 29
2 27 54
2 28 37
2 29 14
2 30 19
2 31 29
2 32 9
2 33 71
2 34 57
2 35 93
2 36 5
2 37 86
2 38 70
2 39 78
2 40 59
2 41 70
2 42 3
2 43 86
2 44 28
2 45 34
2 46 74
2 47 31
2 48 39
2 49 20
2 50 57
2 51 88
2 52 60
2 53 97
2 54 52
2 55 71
2 56 46
2 57 83
2 58 61
2 59 32
2 60 44
2 61 49
2 62 26
2 63 90
2 64 42
2 65 65
2 66 87
2 67 78
2 68 97
2 69 98
2 70 22
2 71 23
2 72 2
2 73 39
2 74 3
2 75 41
2 76 89
2 77 56
2 78 61
2 79 52
2 80 17
2 81 38
2 82 34
2 83 14
2 84 72
2 85 87
2 86 12
2 87 17
2 88 42
2 89 16
2 90 2
2 91 76
2 92 12
2 93 13
2 94 61
2 95 56
2 96 49
2 97 99
2 98 74
2 99 68
2 100 60
2 101 94
2 102 78
2 103 33
2 104 40
2 105 99
2 106 16
2 107 83
2 108 8
2 109 26
2 110 76
2 111 88
2 112 95
2 113 25
2 114 29
2 115 8
2 116 62
2 117 38
2 118 84
2 119 75
2 120 56
2 121 65
2 122 88
2 123 30
2 124 72
2 125 92
2 126 32
2 127 38
2 128 7
2 129 73
2 130 39
2 131 45
2 132 92
2 133 64
2 134 69
2 135 74
2 136 53
2 137 70
2 138 10
2 139 84
2 140 9
2 141 77
2 142 6
2 143 25
2 144 79
2 145 58
2 146 20
2 147 89
2 148 100
2 149 9
2 150 33
2 151 19
2 152 28
2 153 12
2 154 11
2 155 56
2 156 90
2 157 41
2 158 69
2 159 56
3 4 36
3 5 4
3 6 4
3 7 69
3 8 5
3 9 85
3 10 70
3 11 65
3 12 68
3 13 45
3 14 58
3 15 45
3 16 85
3 17 95
3 18 36
3 19 89
3 20 93
3 21 16
3 22 48
3 23 80
3 24 1
3 25 86
3 26 95
3 27 36
3 28 63
3 29 58
3 30 40
3 31 28
3 32 21
3 33 38
3 34 99
3 35 43
3 36 82
3 37 81
3 38 7
3 39 40
3 40 77
3 41 72
3 42 52
3 43 75
3 44 46
3 45 64
3 46 43
3 47 8
3 48 55
3 49 71
3 50 22
3 51 3
3 52 50
3 53 57
3 54 90
3 55 2
3 56 3
3 57 34
3 58 31
3 59 97
3 60 49
3 61 52
3 62 24
3 63 16
3 64 2
3 65 62
3 66 10
3 67 9
3 68 64
3 69 64
3 70 57
3 71 87
3 72 57
3 73 22
3 74 86
3 75 37
3 76 8
3 77 66
3 78 16
3 79 55
3 80 25
3 81 3
3 82 93
3 83 80
3 84 92
3 85 87
3 86 38
3 87 36
3 88 51
3 89 96
3 90 90
3 91 4
3 92 4
3 93 13
3 94 90
3 95 56
3 96 12
3 97 11
3 98 8
3 99 87
3 100 24
3 101 57
3 102 90
3 103 10
3 104 84
3 105 43
3 106 59
3 107 100
3 108 15
3 109 92
3 110 40
3 111 61
3 112 2
3 113 54
3 114 16
3 115 97
3 116 91
3 117 2
3 118 88
3 119 44
3 120 73
3 121 87
3 122 71
3 123 81
3 124 37
3 125 81
3 126 49
3 127 76
3 128 17
3 129 23
3 130 47
3 131 1
3 132 38
3 133 75
3 134 73
3 135 36
3 136 59
3 137 3
3 138 65
3 139 94
3 140 41
3 141 94
3 142 42
3 143 23
3 144 7
3 145 53
3 146 42
3 147 83
3 148 19
3 149 75
3 150 40
3 151 98
3 152 51
3 153 45
3 154 19
3 155 62
3 156 61
3 157 65
3 158 74
3 159 20
4 5 96
4 6 7
4 7 73
4 8 67
4 9 62
4 10 89
4 11 32
4 12 75
4 13 28
4 14 27
4 15 59
4 16 74
4 17 42
4 18 49
4 19 38
4 20 29
4 21 48
4 22 12
4 23 37
4 24 15
4 25 26
4 26 6
4 27 29
4 28 11
4 29 48
4 30 74
4 31 16
4 32 72
4 33 77
4 34 21
4 35 92
4 36 90
4 37 68
4 38 28
4 39 57
4 40 52
4 41 49
4 42 91
4 43 41
4 44 61
4 45 52
4 46 76
4 47 74
4 48 42
4 49 93
4 50 95
4 51 48
4 52 96
4 53 9
4 54 33
4 55 92
4 56 7
4 57 58
4 58 4
4 59 39
4 60 69
4 61 100
4 62 34
4 63 11
4 64 60
4 65 12
4 66 16
4 67 82
4 68 64
4 69 5
4 70 8
4 71 5
4 72 20
4 73 15
4 74 48
4 75 1
4 76 82
4 77 37
4 78 76
4 79 61
4 80 24
4 81 11
4 82 66
4 83 90
4 84 94
4 85 43
4 86 72
4 87 79
4 88 21
4 89 70
4 90 16
4 91 73
4 92 84
4 93 73
4 94 54
4 95 79
4 96 28
4 97 13
4 98 36
4 99 91
4 100 52
4 101 11
4 102 47
4 103 86
4 104 7
4 105 78
4 106 9
4 107 77
4 108 61
4 109 71
4 110 42
4 111 84
4 112 15
4 113 97
4 114 54
4 115 85
4 116 55
4 117 34
4 118 80
4 119 83
4 120 7
4 121 44
4 122 56
4 123 42
4 124 93
4 125 96
4 126 4
4 127 47
4 128 80
4 129 13
4 130 72
4 131 21
4 132 59
4 133 44
4 134 2
4 135 80
4 136 92
4 137 28
4 138 87
4 139 76
4 140 11
4 141 55
4 142 83
4 143 47
4 144 35
4 145 65
4 146 63
4 147 19
4 148 64
4 149 52
4 150 69
4 151 19
4 152 21
4 153 33
4 154 93
4 155 57
4 156 29
4 157 60
4 158 63
4 159 89
5 6 1
5 7 96
5 8 17
5 9 52
5 10 30
5 11 96
5 12 62
5 13 81
5 14 61
5 15 19
5 16 78
5 17 39
5 18 30
5 19 57
5 20 88
5 21 42
5 22 19
5 23 28
5 24 18
5 25 63
5 26 11
5 27 62
5 28 26
5 29 97
5 30 51
5 31 60
5 32 90
5 33 43
5 34 69
5 35 60
5 36 9
5 37 41
5 38 9
5 39 29
5 40 54
5 41 26
5 42 24
5 43 40
5 44 33
5 45 67
5 46 98
5 47 99
5 48 6
5 49 78
5 50 87
5 51 4
5 52 32
5 53 96
5 54 59
5 55 7
5 56 74
5 57 94
5 58 31
5 59 93
5 60 9
5 61 26
5 62 14
5 63 80
5 64 91
5 65 77
5 66 85
5 67 56
5 68 47
5 69 58
5 70 30
5 71 93
5 72 26
5 73 14
5 74 50
5 75 40
5 76 44
5 77 63
5 78 14
5 79 51
5 80 35
5 81 46
5 82 15
5 83 60
5 84 91
5 85 47
5 86 69
5 87 2
5 88 59
5 89 3
5 90 84
5 91 93
5 92 96
5 93 46
5 94 4
5 95 36
5 96 40
5 97 16
5 98 21
5 99 88
5 100 5
5 101 64
5 102 92
5 103 49
5 104 64
5 105 37
5 106 33
5 107 44
5 108 35
5 109 19
5 110 50
5 111 12
5 112 82
5 113 88
5 114 57
5 115 51
5 116 21
5 117 75
5 118 6
5 119 82
5 120 23
5 121 63
5 122 25
5 123 65
5 124 52
5 125 28
5 126 18
5 127 45
5 128 96
5 129 40
5 130 96
5 131 78
5 132 44
5 133 25
5 134 20
5 135 33
5 136 87
5 137 88
5 138 62
5 139 77
5 140 46
5 141 80
5 142 14
5 143 47
5 144 96
5 145 85
5 146 59
5 147 53
5 148 13
5 149 3
5 150 52
5 151 89
5 152 8
5 153 10
5 154 27
5 155 73
5 156 63
5 157 17
5 158 53
5 159 56
6 7 15
6 8 15
6 9 6
6 10 47
6 11 89
6 12 65
6 13 5
6 14 11
6 15 29
6 16 59
6 17 5
6 18 25
6 19 52
6 20 29
6 21 15
6 22 13
6 23 44
6 24 81
6 25 33
6 26 2
6 27 82
6 28 45
6 29 29
6 30 12
6 31 45
6 32 90
6 33 98
6 34 48
6 35 32
6 36 97
6 37 3
6 38 17
6 39 14
6 40 7
6 41 61
6 42 61
6 43 98
6 44 36
6 45 70
6 46 43
6 47 25
6 48 75
6 49 9
6 50 52
6 51 93
6 52 77
6 53 83
6 54 55
6 55 5
6 56 96
6 57 7
6 58 37
6 59 30
6 60 97
6 61 47
6 62 64
6 63 21
6 64 36
6 65 49
6 66 51
6 67 6
6 68 75
6 69 58
6 70 27
6 71 86
6 72 19
6 73 53
6 74 50
6 75 50
6 76 28
6 77 96
6 78 35
6 79 45
6 80 70
6 81 76
6 82 96
6 83 94
6 84 54
6 85 43
6 86 14
6 87 85
6 88 96
6 89 19
6 90 1
6 91 89
6 92 76
6 93 43
6 94 65
6 95 59
6 96 7
6 97 41
6 98 23
6 99 45
6 100 28
6 101 65
6 102 19
6 103 1
6 104 16
6 105 24
6 106 76
6 107 31
6 108 39
6 109 34
6 110 92
6 111 45
6 112 92
6 113 18
6 114 11
6 115 74
6 116 12
6 117 68
6 118 82
6 119 43
6 120 51
6 121 66
6 122 15
6 123 39
6 124 5
6 125 46
6 126 79
6 127 99
6 128 67
6 129 58
6 130 77
6 131 86
6 132 74
6 133 45
6 134 35
6 135 6
6 136 2
6 137 64
6 138 36
6 139 97
6 140 17
6 141 32
6 142 60
6 143 83
6 144 14
6 145 43
6 146 91
6 147 70
6 148 77
6 149 7
6 150 6
6 151 68
6 152 86
6 153 46
6 154 80
6 155 45
6 156 17
6 157 28
6 158 12
6 159 11
7 8 39
7 9 35
7 10 59
7 11 79
7 12 84
7 13 54
7 14 44
7 15 1
7 16 57
7 17 91
7 18 58
7 19 76
7 20 15
7 21 14
7 22 82
7 23 37
7 24 69
7 25 9
7 26 75
7 27 97
7 28 25
7 29 27
7 30 3
7 31 27
7 32 36
7 33 82
7 34 51
7 35 55
7 36 40
7 37 69
7 38 64
7 39 27
7 40 13
7 41 94
7 42 10
7 43 13
7 44 78
7 45 9
7 46 35
7 47 46
7 48 65
7 49 27
7 50 12
7 51 4
7 52 39
7 53 91
7 54 28
7 55 53
7 56 12
7 57 62
7 58 57
7 59 90
7 60 52
7 61 49
7 62 84
7 63 55
7 64 51
7 65 69
7 66 40
7 67 27
7 68 64
7 69 25
7 70 42
7 71 32
7 72 15
7 73 78
7 74 81
7 75 8
7 76 62
7 77 36
7 78 81
7 79 11
7 80 3
7 81 59
7 82 17
7 83 76
7 84 71
7 85 45
7 86 20
7 87 10
7 88 91
7 89 55
7 90 42
7 91 6
7 92 24
7 93 69
7 94 36
7 95 57
7 96 68
7 97 52
7 98 24
7 99 64
7 100 4
7 101 36
7 102 75
7 103 22
7 104 10
7 105 48
7 106 50
7 107 9
7 108 78
7 109 72
7 110 35
7 111 82
7 112 87
7 113 23
7 114 60
7 115 8
7 116 76
7 117 72
7 118 20
7 119 100
7 120 75
7 121 45
7 122 80
7 123 74
7 124 66
7 125 73
7 126 7
7 127 39
7 128 69
7 129 17
7 130 49
7 131 6
7 132 36
7 133 70
7 134 37
7 135 17
7 136 93
7 137 52
7 138 11
7 139 32
7 140 41
7 141 45
7 142 41
7 143 59
7 144 98
7 145 73
7 146 98
7 147 49
7 148 22
7 149 14
7 150 32
7 151 96
7 152 35
7 153 73
7 154 57
7 155 30
7 156 11
7 157 94
7 158 56
7 159 50
8 9 17
8 10 45
8 11 75
8 12 37
8 13 52
8 14 83
8 15 43
8 16 22
8 17 8
8 18 44
8 19 74
8 20 35
8 21 13
8 22 99
8 23 45
8 24 18
8 25 25
8 26 18
8 27 10
8 28 3
8 29 28
8 30 68
8 31 100
8 32 40
8 33 60
8 34 85
8 35 79
8 36 90
8 37 89
8 38 48
8 39 33
8 40 89
8 41 98
8 42 18
8 43 78
8 44 95
8 45 8
8 46 84
8 47 50
8 48 46
8 49 20
8 50 39
8 51 79
8 52 10
8 53 5
8 54 20
8 55 90
8 56 100
8 57 9
8 58 35
8 59 86
8 60 68
8 61 34
8 62 87
8 63 10
8 64 48
8 65 75
8 66 91
8 67 36
8 68 65
8 69 11
8 70 88
8 71 99
8 72 76
8 73 84
8 74 95
8 75 82
8 76 82
8 77 57
8 78 54
8 79 89
8 80 86
8 81 12
8 82 64
8 83 94
8 84 52
8 85 27
8 86 90
8 87 56
8 88 96
8 89 13
8 90 92
8 91 23
8 92 72
8 93 50
8 94 59
8 95 74
8 96 78
8 97 28
8 98 14
8 99 27
8 100 46
8 101 97
8 102 8
8 103 81
8 104 79
8 105 99
8 106 58
8 107 88
8 108 21
8 109 1
8 110 89
8 111 26
8 112 35
8 113 81
8 114 73
8 115 70
8 116 69
8 117 34
8 118 42
8 119 67
8 120 53
8 121 91
8 122 10
8 123 97
8 124 48
8 125 16
8 126 29
8 127 86
8 128 30
8 129 74
8 130 20
8 131 30
8 132 40
8 133 61
8 134 14
8 135 64
8 136 88
8 137 5
8 138 48
8 139 2
8 140 86
8 141 35
8 142 96
8 143 22
8 144 17
8 145 66
8 146 58
8 147 23
8 148 3
8 149 61
8 150 75
8 151 58
8 152 78
8 153 30
8 154 98
8 155 19
8 156 68
8 157 36
8 158 58
8 159 60
9 10 85
9 11 51
9 12 16
9 13 38
9 14 54
9 15 82
9 16 25
9 17 52
9 18 42
9 19 93
9 20 79
9 21 49
9 22 49
9 23 96
9 24 100
9 25 20
9 26 64
9 27 89
9 28 74
9 29 29
9 30 93
9 31 3
9 32 7
9 33 93
9 34 99
9 35 27
9 36 23
9 37 31
9 38 38
9 39 72
9 40 28
9 41 27
9 42 33
9 43 3
9 44 100
9 45 68
9 46 36
9 47 79
9 48 56
9 49 36
9 50 40
9 51 64
9 52 3
9 53 22
9 54 45
9 55 99
9 56 41
9 57 98
9 58 67
9 59 91
9 60 8
9 61 11
9 62 100
9 63 80
9 64 17
9 65 61
9 66 93
9 67 63
9 68 52
9 69 93
9 70 33
9 71 28
9 72 30
9 73 72
9 74 7
9 75 65
9 76 80
9 77 68
9 78 76
9 79 1
9 80 36
9 81 43
9 82 28
9 83 23
9 84 5
9 85 12
9 86 83
9 87 69
9 88 39
9 89 5
9 90 91
9 91 4
9 92 90
9 93 54
9 94 15
9 95 89
9 96 62
9 97 28
9 98 62
9 99 12
9 100 78
9 101 45
9 102 18
9 103 87
9 104 47
9 105 4
9 106 55
9 107 86
9 108 18
9 109 2
9 110 27
9 111 86
9 112 100
9 113 94
9 114 59
9 115 52
9 116 42
9 117 74
9 118 6
9 119 21
9 120 73
9 121 17
9 122 10
9 123 24
9 124 16
9 125 31
9 126 35
9 127 40
9 128 44
9 129 56
9 130 98
9 131 63
9 132 41
9 133 4
9 134 51
9 135 3
9 136 95
9 137 10
9 138 49
9 139 58
9 140 84
9 141 40
9 142 77
9 143 50
9 144 61
9 145 68
9 146 88
9 147 48
9 148 6
9 149 53
9 150 73
9 151 6
9 152 60
9 153 31
9 154 60
9 155 30
9 156 24
9 157 12
9 158 47
9 159 75
10 11 76
10 12 82
10 13 41
10 14 38
10 15 71
10 16 67
10 17 29
10 18 71
10 19 74
10 20 69
10 21 56
10 22 92
10 23 81
10 24 92
10 25 31
10 26 66
10 27 88
10 28 70
10 29 8
10 30 98
10 31 5
10 32 54
10 33 64
10 34 87
10 35 99
10 36 80
10 37 32
10 38 91
10 39 2
10 40 89
10 41 56
10 42 9
10 43 54
10 44 60
10 45 50
10 46 71
10 47 9
10 48 47
10 49 17
10 50 8
10 51 25
10 52 50
10 53 96
10 54 33
10 55 80
10 56 30
10 57 68
10 58 52
10 59 44
10 60 39
10 61 98
10 62 79
10 63 17
10 64 13
10 65 83
10 66 83
10 67 13
10 68 58
10 69 70
10 70 44
10 71 69
10 72 96
10 73 47
10 74 8
10 75 34
10 76 37
10 77 61
10 78 14
10 79 62
10 80 77
10 81 29
10 82 41
10 83 73
10 84 56
10 85 75
10 86 7
10 87 27
10 88 30
10 89 35
10 90 55
10 91 47
10 92 26
10 93 45
10 94 53
10 95 24
10 96 71
10 97 37
10 98 85
10 99 72
10 100 40
10 101 85
10 102 25
10 103 39
10 104 79
10 105 52
10 106 79
10 107 16
10 108 65
10 109 81
10 110 81
10 111 92
10 112 24
10 113 58
10 114 71
10 115 25
10 116 42
10 117 23
10 118 73
10 119 48
10 120 61
10 121 34
10 122 49
10 123 12
10 124 57
10 125 33
10 126 62
10 127 22
10 128 29
10 129 2
10 130 43
10 131 28
10 132 32
10 133 89
10 134 61
10 135 84
10 136 37
10 137 64
10 138 5
10 139 94
10 140 90
10 141 61
10 142 60
10 143 62
10 144 26
10 145 18
10 146 82
10 147 45
10 148 98
10 149 41
10 150 47
10 151 77
10 152 48
10 153 20
10 154 95
10 155 89
10 156 87
10 157 98
10 158 72
10 159 14
11 12 62
11 13 90
11 14 27
11 15 50
11 16 85
11 17 4
11 18 12
11 19 8
11 20 83
11 21 44
11 22 28
11 23 44
11 24 43
11 25 84
11 26 97
11 27 24
11 28 80
11 29 11
11 30 59
11 31 33
11 32 70
11 33 44
11 34 77
11 35 6
11 36 22
11 37 1
11 38 92
11 39 7
11 40 60
11 41 38
11 42 63
11 43 51
11 44 9
11 45 63
11 46 74
11 47 27
11 48 94
11 49 70
11 50 6
11 51 6
11 52 30
11 53 93
11 54 50
11 55 30
11 56 63
11 57 25
11 58 63
11 59 77
11 60 87
11 61 76
11 62 11
11 63 3
11 64 43
11 65 35
11 66 36
11 67 24
11 68 2
11 69 46
11 70 16
11 71 23
11 72 26
11 73 29
11 74 4
11 75 53
11 76 43
11 77 56
11 78 68
11 79 65
11 80 25
11 81 44
11 82 24
11 83 34
11 84 6
11 85 21
11 86 83
11 87 22
11 88 49
11 89 97
11 90 91
11 91 24
11 92 84
11 93 63
11 94 50
11 95 7
11 96 54
11 97 36
11 98 44
11 99 8
11 100 33
11 101 58
11 102 10
11 103 83
11 104 1
11 105 59
11 106 10
11 107 63
11 108 27
11 109 74
11 110 2
11 111 98
11 112 22
11 113 50
11 114 4
11 115 13
11 116 69
11 117 95
11 118 56
11 119 47
11 120 25
11 121 54
11 122 82
11 123 31
11 124 46
11 125 86
11 126 21
11 127 81
11 128 28
11 129 22
11 130 20
11 131 8
11 132 54
11 133 82
11 134 65
11 135 71
11 136 38
11 137 79
11 138 6
11 139 73
11 140 12
11 141 82
11 142 8
11 143 68
11 144 85
11 145 21
11 146 65
11 147 67
11 148 21
11 149 17
11 150 69
11 151 91
11 152 3
11 153 51
11 154 92
11 155 36
11 156 19
11 157 72
11 158 37
11 159 21
12 13 7
12 14 27
12 15 19
12 16 60
12 17 29
12 18 31
12 19 90
12 20 26
12 21 52
12 22 25
12 23 76
12 24 60
12 25 22
12 26 36
12 27 70
12 28 2
12 29 20
12 30 98
12 31 65
12 32 15
12 33 70
12 34 23
12 35 49
12 36 95
12 37 7
12 38 86
12 39 80
12 40 29
12 41 8
12 42 78
12 43 20
12 44 83
12 45 68
12 46 51
12 47 87
12 48 75
12 49 55
12 50 83
12 51 10
12 52 62
12 53 51
12 54 97
12 55 54
12 56 92
12 57 56
12 58 95
12 59 35
12 60 13
12 61 5
12 62 50
12 63 93
12 64 8
12 65 81
12 66 77
12 67 6
12 68 19
12 69 25
12 70 69
12 71 24
12 72 19
12 73 9
12 74 89
12 75 40
12 76 51
12 77 35
12 78 15
12 79 6
12 80 92
12 81 33
12 82 52
12 83 86
12 84 47
12 85 62
12 86 33
12 87 63
12 88 45
12 89 88
12 90 78
12 91 31
12 92 30
12 93 86
12 94 26
12 95 99
12 96 19
12 97 78
12 98 14
12 99 70
12 100 65
12 101 84
12 102 1
12 103 88
12 104 29
12 105 79
12 106 61
12 107 66
12 108 58
12 109 55
12 110 53
12 111 68
12 112 40
12 113 86
12 114 74
12 115 41
12 116 53
12 117 34
12 118 51
12 119 54
12 120 89
12 121 38
12 122 27
12 123 34
12 124 50
12 125 35
12 126 27
12 127 18
12 128 29
12 129 63
12 130 39
12 131 26
12 132 96
12 133 21
12 134 53
12 135 99
12 136 73
12 137 4
12 138 23
12 139 18
12 140 82
12 141 6
12 142 7
12 143 85
12 144 35
12 145 34
12 146 11
12 147 33
12 148 98
12 149 97
12 150 96
12 151 69
12 152 65
12 153 39
12 154 3
12 155 60
12 156 7
12 157 6
12 158 93
12 159 29
13 14 91
13 15 65
13 16 2
13 17 9
13 18 87
13 19 68
13 20 26
13 21 86
13 22 33
13 23 61
13 24 36
13 25 11
13 26 83
13 27 66
13 28 49
13 29 80
13 30 5
13 31 40
13 32 52
13 33 88
13 34 44
13 35 95
13 36 74
13 37 98
13 38 90
13 39 28
13 40 9
13 41 9
13 42 98
13 43 62
13 44 35
13 45 75
13 46 45
13 47 26
13 48 72
13 49 56
13 50 5
13 51 54
13 52 9
13 53 64
13 54 4
13 55 53
13 56 95
13 57 15
13 58 55
13 59 95
13 60 46
13 61 66
13 62 43
13 63 29
13 64 30
13 65 34
13 66 56
13 67 56
13 68 29
13 69 40
13 70 99
13 71 8
13 72 89
13 73 10
13 74 73
13 75 96
13 76 80
13 77 60
13 78 22
13 79 97
13 80 55
13 81 57
13 82 52
13 83 98
13 84 70
13 85 49
13 86 55
13 87 91
13 88 18
13 89 44
13 90 98
13 91 51
13 92 38
13 93 3
13 94 53
13 95 2
13 96 88
13 97 10
13 98 44
13 99 18
13 100 30
13 101 99
13 102 74
13 103 62
13 104 59
13 105 65
13 106 74
13 107 92
13 108 64
13 109 51
13 110 94
13 111 9
13 112 30
13 113 26
13 114 99
13 115 86
13 116 41
13 117 46
13 118 49
13 119 86
13 120 12
13 121 100
13 122 16
13 123 25
13 124 15
13 125 30
13 126 68
13 127 57
13 128 58
13 129 70
13 130 64
13 131 63
13 132 95
13 133 69
13 134 58
13 135 57
13 136 72
13 137 25
13 138 50
13 139 71
13 140 47
13 141 43
13 142 18
13 143 99
13 144 64
13 145 71
13 146 15
13 147 79
13 148 98
13 149 17
13 150 38
13 151 11
13 152 35
13 153 80
13 154 95
13 155 31
13 156 26
13 157 11
13 158 35
13 159 54
14 15 80
14 16 42
14 17 86
14 18 88
14 19 80
14 20 56
14 21 73
14 22 25
14 23 47
14 24 2
14 25 67
14 26 75
14 27 49
14 28 31
14 29 32
14 30 82
14 31 75
14 32 60
14 33 49
14 34 41
14 35 52
14 36 86
14 37 14
14 38 79
14 39 73
14 40 69
14 41 36
14 42 38
14 43 10
14 44 58
14 45 61
14 46 3
14 47 13
14 48 69
14 49 19
14 50 97
14 51 7
14 52 14
14 53 91
14 54 81
14 55 12
14 56 74
14 57 29
14 58 42
14 59 22
14 60 76
14 61 60
14 62 68
14 63 37
14 64 81
14 65 91
14 66 92
14 67 1
14 68 26
14 69 43
14 70 40
14 71 22
14 72 71
14 73 56
14 74 55
14 75 16
14 76 21
14 77 11
14 78 6
14 79 3
14 80 16
14 81 43
14 82 49
14 83 67
14 84 3
14 85 51
14 86 52
14 87 68
14 88 14
14 89 46
14 90 71
14 91 3
14 92 71
14 93 86
14 94 73
14 95 42
14 96 78
14 97 31
14 98 41
14 99 49
14 100 92
14 101 89
14 102 74
14 103 23
14 104 13
14 105 99
14 106 67
14 107 48
14 108 59
14 109 67
14 110 57
14 111 92
14 112 47
14 113 17
14 114 19
14 115 49
14 116 59
14 117 18
14 118 74
14 119 57
14 120 68
14 121 16
14 122 30
14 123 16
14 124 90
14 125 80
14 126 11
14 127 53
14 128 61
14 129 71
14 130 38
14 131 32
14 132 17
14 133 97
14 134 63
14 135 11
14 136 7
14 137 59
14 138 19
14 139 57
14 140 60
14 141 13
14 142 46
14 143 100
14 144 13
14 145 57
14 146 11
14 147 23
14 148 54
14 149 26
14 150 62
14 151 21
14 152 74
14 153 6
14 154 54
14 155 35
14 156 100
14 157 61
14 158 79
14 159 57
15 16 66
15 17 92
15 18 41
15 19 29
15 20 89
15 21 44
15 22 68
15 23 55
15 24 38
15 25 62
15 26 25
15 27 33
15 28 62
15 29 86
15 30 60
15 31 74
15 32 48
15 33 47
15 34 19
15 35 28
15 36 29
15 37 5
15 38 26
15 39 15
15 40 4
15 41 56
15 42 89
15 43 19
15 44 40
15 45 2
15 46 91
15 47 44
15 48 77
15 49 83
15 50 49
15 51 20
15 52 93
15 53 92
15 54 27
15 55 20
15 56 14
15 57 86
15 58 5
15 59 34
15 60 89
15 61 2
15 62 77
15 63 37
15 64 49
15 65 97
15 66 66
15 67 5
15 68 97
15 69 8
15 70 92
15 71 28
15 72 68
15 73 99
15 74 82
15 75 82
15 76 25
15 77 57
15 78 61
15 79 97
15 80 87
15 81 10
15 82 93
15 83 13
15 84 90
15 85 90
15 86 92
15 87 51
15 88 62
15 89 62
15 90 28
15 91 74
15 92 82
15 93 69
15 94 24
15 95 98
15 96 60
15 97 2
15 98 51
15 99 8
15 100 87
15 101 40
15 102 77
15 103 6
15 104 57
15 105 29
15 106 97
15 107 37
15 108 3
15 109 35
15 110 53
15 111 39
15 112 62
15 113 83
15 114 99
15 115 75
15 116 98
15 117 48
15 118 36
15 119 23
15 120 84
15 121 62
15 122 44
15 123 53
15 124 66
15 125 42
15 126 100
15 127 32
15 128 75
15 129 22
15 130 67
15 131 32
15 132 83
15 133 65
15 134 94
15 135 49
15 136 34
15 137 22
15 138 87
15 139 92
15 140 28
15 141 98
15 142 56
15 143 22
15 144 5
15 145 99
15 146 12
15 147 38
15 148 39
15 149 74
15 150 88
15 151 69
15 152 53
15 153 1
15 154 75
15 155 93
15 156 24
15 157 76
15 158 54
15 159 85
16 17 32
16 18 91
16 19 17
16 20 94
16 21 11
16 22 56
16 23 70
16 24 53
16 25 12
16 26 36
16 27 73
16 28 19
16 29 100
16 30 54
16 31 37
16 32 26
16 33 32
16 34 69
16 35 71
16 36 59
16 37 87
16 38 65
16 39 69
16 40 47
16 41 94
16 42 75
16 43 81
16 44 44
16 45 39
16 46 89
16 47 96
16 48 29
16 49 29
16 50 22
16 51 58
16 52 31
16 53 100
16 54 58
16 55 48
16 56 88
16 57 85
16 58 25
16 59 44
16 60 15
16 61 5
16 62 80
16 63 61
16 64 17
16 65 3
16 66 33
16 67 21
16 68 5
16 69 84
16 70 12
16 71 71
16 72 24
16 73 56
16 74 57
16 75 79
16 76 97
16 77 51
16 78 69
16 79 11
16 80 15
16 81 57
16 82 69
16 83 24
16 84 88
16 85 52
16 86 34
16 87 12
16 88 23
16 89 60
16 90 93
16 91 74
16 92 96
16 93 56
16 94 68
16 95 80
16 96 78
16 97 3
16 98 99
16 99 3
16 100 56
16 101 97
16 102 33
16 103 6
16 104 23
16 105 91
16 106 38
16 107 52
16 108 70
16 109 65
16 110 37
16 111 29
16 112 9
16 113 32
16 114 55
16 115 23
16 116 44
16 117 13
16 118 1
16 119 43
16 120 64
16 121 63
16 122 30
16 123 9
16 124 99
16 125 70
16 126 74
16 127 54
16 128 39
16 129 65
16 130 93
16 131 29
16 132 71
16 133 29
16 134 6
16 135 92
16 136 43
16 137 4
16 138 19
16 139 15
16 140 22
16 141 37
16 142 2
16 143 64
16 144 26
16 145 79
16 146 96
16 147 83
16 148 38
16 149 39
16 150 78
16 151 51
16 152 74
16 153 81
16 154 96
16 155 88
16 156 46
16 157 2
16 158 73
16 159 54
17 18 26
17 19 64
17 20 40
17 21 68
17 22 27
17 23 95
17 24 18
17 25 1
17 26 39
17 27 75
17 28 54
17 29 20
17 30 19
17 31 51
17 32 51
17 33 75
17 34 7
17 35 4
17 36 53
17 37 24
17 38 29
17 39 70
17 40 81
17 41 46
17 42 61
17 43 84
17 44 32
17 45 16
17 46 45
17 47 56
17 48 18
17 49 37
17 50 25
17 51 64
17 52 66
17 53 24
17 54 40
17 55 30
17 56 51
17 57 17
17 58 60
17 59 5
17 60 61
17 61 72
17 62 66
17 63 30
17 64 78
17 65 70
17 66 33
17 67 81
17 68 7
17 69 29
17 70 84
17 71 63
17 72 100
17 73 67
17 74 46
17 75 33
17 76 10
17 77 80
17 78 22
17 79 19
17 80 48
17 81 92
17 82 32
17 83 49
17 84 81
17 85 92
17 86 2
17 87 56
17 88 8
17 89 94
17 90 79
17 91 69
17 92 18
17 93 38
17 94 33
17 95 44
17 96 43
17 97 52
17 98 18
17 99 32
17 100 22
17 101 52
17 102 37
17 103 12
17 104 9
17 105 99
17 106 79
17 107 41
17 108 24
17 109 6
17 110 65
17 111 33
17 112 96
17 113 83
17 114 68
17 115 55
17 116 68
17 117 11
17 118 89
17 119 74
17 120 53
17 121 19
17 122 16
17 123 14
17 124 85
17 125 34
17 126 35
17 127 82
17 128 2
17 129 2
17 130 22
17 131 16
17 132 5
17 133 32
17 134 64
17 135 92
17 136 12
17 137 27
17 138 67
17 139 39
17 140 50
17 141 20
17 142 13
17 143 41
17 144 31
17 145 71
17 146 67
17 147 42
17 148 80
17 149 55
17 150 22
17 151 51
17 152 43
17 153 53
17 154 55
17 155 42
17 156 96
17 157 3
17 158 59
17 159 17
18 19 85
18 20 100
18 21 37
18 22 73
18 23 81
18 24 35
18 25 37
18 26 79
18 27 23
18 28 13
18 29 19
18 30 98
18 31 97
18 32 33
18 33 57
18 34 49
18 35 13
18 36 56
18 37 9
18 38 74
18 39 100
18 40 57
18 41 43
18 42 38
18 43 22
18 44 53
18 45 98
18 46 28
18 47 85
18 48 16
18 49 3
18 50 27
18 51 100
18 52 60
18 53 27
18 54 2
18 55 91
18 56 55
18 57 82
18 58 54
18 59 44
18 60 43
18 61 41
18 62 71
18 63 90
18 64 81
18 65 25
18 66 45
18 67 51
18 68 1
18 69 37
18 70 37
18 71 91
18 72 15
18 73 31
18 74 86
18 75 68
18 76 33
18 77 2
18 78 13
18 79 66
18 80 38
18 81 70
18 82 78
18 83 63
18 84 80
18 85 94
18 86 77
18 87 4
18 88 48
18 89 24
18 90 39
18 91 96
18 92 58
18 93 30
18 94 1
18 95 100
18 96 85
18 97 46
18 98 31
18 99 8
18 100 50
18 101 43
18 102 71
18 103 68
18 104 97
18 105 20
18 106 69
18 107 89
18 108 84
18 109 77
18 110 99
18 111 48
18 112 96
18 113 79
18 114 75
18 115 100
18 116 38
18 117 16
18 118 26
18 119 17
18 120 96
18 121 58
18 122 74
18 123 50
18 124 62
18 125 20
18 126 9
18 127 49
18 128 47
18 129 2
18 130 13
18 131 100
18 132 5
18 133 70
18 134 96
18 135 50
18 136 10
18 137 85
18 138 24
18 139 9
18 140 63
18 141 10
18 142 70
18 143 61
18 144 62
18 145 36
18 146 61
18 147 79
18 148 99
18 149 1
18 150 3
18 151 7
18 152 15
18 153 40
18 154 45
18 155 69
18 156 62
18 157 56
18 158 99
18 159 43
19 20 18
19 21 35
19 22 76
19 23 98
19 24 45
19 25 94
19 26 66
19 27 80
19 28 69
19 29 27
19 30 37
19 31 33
19 32 83
19 33 51
19 34 45
19 35 33
19 36 46
19 37 83
19 38 65
19 39 39
19 40 11
19 41 21
19 42 47
19 43 71
19 44 53
19 45 90
19 46 21
19 47 72
19 48 23
19 49 54
19 50 5
19 51 15
19 52 33
19 53 9
19 54 78
19 55 84
19 56 88
19 57 96
19 58 74
19 59 87
19 60 46
19 61 69
19 62 3
19 63 72
19 64 75
19 65 92
19 66 49
19 67 68
19 68 93
19 69 32
19 70 39
19 71 93
19 72 20
19 73 84
19 74 77
19 75 36
19 76 24
19 77 22
19 78 90
19 79 31
19 80 4
19 81 64
19 82 48
19 83 72
19 84 40
19 85 5
19 86 95
19 87 34
19 88 41
19 89 98
19 90 86
19 91 21
19 92 34
19 93 23
19 94 79
19 95 98
19 96 26
19 97 16
19 98 38
19 99 69
19 100 45
19 101 96
19 102 88
19 103 30
19 104 62
19 105 48
19 106 95
19 107 58
19 108 5
19 109 97
19 110 65
19 111 11
19 112 76
19 113 41
19 114 51
19 115 17
19 116 35
19 117 33
19 118 2
19 119 67
19 120 17
19 121 90
19 122 39
19 123 63
19 124 8
19 125 34
19 126 84
19 127 53
19 128 25
19 129 42
19 130 51
19 131 54
19 132 62
19 133 54
19 134 82
19 135 71
19 136 51
19 137 59
19 138 75
19 139 94
19 140 18
19 141 57
19 142 31
19 143 37
19 144 42
19 145 98
19 146 98
19 147 28
19 148 68
19 149 76
19 150 38
19 151 79
19 152 12
19 153 80
19 154 68
19 155 3
19 156 17
19 157 71
19 158 5
19 159 78
20 21 38
20 22 73
20 23 69
20 24 53
20 25 61
20 26 78
20 27 53
20 28 18
20 29 36
20 30 67
20 31 52
20 32 12
20 33 20
20 34 24
20 35 98
20 36 5
20 37 97
20 38 87
20 39 2
20 40 84
20 41 67
20 42 67
20 43 95
20 44 93
20 45 36
20 46 46
20 47 82
20 48 28
20 49 72
20 50 79
20 51 33
20 52 63
20 53 2
20 54 20
20 55 13
20 56 74
20 57 57
20 58 52
20 59 30
20 60 28
20 61 94
20 62 65
20 63 80
20 64 63
20 65 30
20 66 78
20 67 82
20 68 4
20 69 51
20 70 58
20 71 82
20 72 2
20 73 78
20 74 93
20 75 16
20 76 83
20 77 40
20 78 18
20 79 2
20 80 25
20 81 9
20 82 2
20 83 47
20 84 44
20 85 80
20 86 76
20 87 97
20 88 56
20 89 82
20 90 64
20 91 86
20 92 70
20 93 30
20 94 15
20 95 29
20 96 16
20 97 19
20 98 80
20 99 8
20 100 19
20 101 75
20 102 89
20 103 24
20 104 60
20 105 51
20 106 53
20 107 32
20 108 88
20 109 69
20 110 13
20 111 64
20 112 33
20 113 69
20 114 4
20 115 87
20 116 6
20 117 3
20 118 12
20 119 33
20 120 23
20 121 21
20 122 4
20 123 74
20 124 90
20 125 46
20 126 97
20 127 30
20 128 64
20 129 3
20 130 3
20 131 64
20 132 94
20 133 79
20 134 2
20 135 98
20 136 81
20 137 35
20 138 44
20 139 52
20 140 74
20 141 10
20 142 5
20 143 85
20 144 83
20 145 50
20 146 44
20 147 55
20 148 76
20 149 32
20 150 16
20 151 23
20 152 25
20 153 39
20 154 71
20 155 100
20 156 73
20 157 69
20 158 55
20 159 59
21 22 39
21 23 58
21 24 96
21 25 6
21 26 8
21 27 57
21 28 20
21 29 66
21 30 40
21 31 11
21 32 3
21 33 65
21 34 38
21 35 91
21 36 67
21 37 1
21 38 42
21 39 32
21 40 76
21 41 53
21 42 13
21 43 93
21 44 100
21 45 54
21 46 32
21 47 80
21 48 87
21 49 6
21 50 67
21 51 56
21 52 84
21 53 84
21 54 29
21 55 18
21 56 4
21 57 18
21 58 99
21 59 71
21 60 90
21 61 24
21 62 72
21 63 100
21 64 83
21 65 52
21 66 24
21 67 2
21 68 36
21 69 38
21 70 26
21 71 5
21 72 56
21 73 17
21 74 22
21 75 14
21 76 72
21 77 62
21 78 12
21 79 95
21 80 56
21 81 33
21 82 38
21 83 96
21 84 52
21 85 48
21 86 69
21 87 67
21 88 11
21 89 62
21 90 76
21 91 23
21 92 38
21 93 32
21 94 61
21 95 76
21 96 58
21 97 87
21 98 91
21 99 1
21 100 90
21 101 22
21 102 91
21 103 69
21 104 55
21 105 100
21 106 47
21 107 48
21 108 80
21 109 55
21 110 91
21 111 16
21 112 28
21 113 4
21 114 64
21 115 8
21 116 88
21 117 87
21 118 12
21 119 97
21 120 12
21 121 30
21 122 3
21 123 33
21 124 17
21 125 71
21 126 75
21 127 90
21 128 19
21 129 86
21 130 36
21 131 45
21 132 82
21 133 48
21 134 7
21 135 78
21 136 17
21 137 19
21 138 74
21 139 43
21 140 35
21 141 77
21 142 89
21 143 57
21 144 30
21 145 22
21 146 63
21 147 53
21 148 84
21 149 5
21 150 70
21 151 21
21 152 54
21 153 82
21 154 73
21 155 40
21 156 9
21 157 19
21 158 90
21 159 13
22 23 31
22 24 34
22 25 11
22 26 74
22 27 40
22 28 55
22 29 43
22 30 27
22 31 35
22 32 89
22 33 68
22 34 15
22 35 56
22 36 43
22 37 16
22 38 36
22 39 90
22 40 18
22 41 20
22 42 10
22 43 86
22 44 94
22 45 91
22 46 73
22 47 17
22 48 97
22 49 39
22 50 3
22 51 37
22 52 8
22 53 51
22 54 15
22 55 98
22 56 94
22 57 14
22 58 4
22 59 10
22 60 53
22 61 57
22 62 92
22 63 5
22 64 79
22 65 87
22 66 65
22 67 53
22 68 57
22 69 82
22 70 19
22 71 30
22 72 59
22 73 44
22 74 55
22 75 14
22 76 21
22 77 9
22 78 4
22 79 28
22 80 76
22 81 23
22 82 61
22 83 78
22 84 34
22 85 24
22 86 86
22 87 17
22 88 34
22 89 80
22 90 7
22 91 97
22 92 32
22 93 12
22 94 10
22 95 63
22 96 3
22 97 15
22 98 58
22 99 56
22 100 25
22 101 39
22 102 22
22 103 65
22 104 47
22 105 53
22 106 33
22 107 87
22 108 63
22 109 96
22 110 11
22 111 48
22 112 70
22 113 62
22 114 48
22 115 88
22 116 31
22 117 22
22 118 23
22 119 22
22 120 22
22 121 57
22 122 53
22 123 97
22 124 29
22 125 24
22 126 71
22 127 79
22 128 67
22 129 84
22 130 80
22 131 2
22 132 82
22 133 22
22 134 35
22 135 19
22 136 40
22 137 16
22 138 75
22 139 63
22 140 95
22 141 31
22 142 47
22 143 4
22 144 33
22 145 4
22 146 29
22 147 44
22 148 57
22 149 6
22 150 29
22 151 69
22 152 53
22 153 55
22 154 26
22 155 24
22 156 81
22 157 86
22 158 27
22 159 52
23 24 72
23 25 16
23 26 100
23 27 1
23 28 73
23 29 9
23 30 58
23 31 81
23 32 47
23 33 25
23 34 58
23 35 38
23 36 62
23 37 63
23 38 33
23 39 80
23 40 66
23 41 12
23 42 7
23 43 85
23 44 43
23 45 80
23 46 50
23 47 73
23 48 46
23 49 96
23 50 55
23 51 76
23 52 33
23 53 97
23 54 60
23 55 18
23 56 73
23 57 71
23 58 77
23 59 77
23 60 22
23 61 97
23 62 80
23 63 9
23 64 44
23 65 17
23 66 23
23 67 33
23 68 49
23 69 39
23 70 84
23 71 4
23 72 32
23 73 85
23 74 75
23 75 23
23 76 38
23 77 41
23 78 64
23 79 14
23 80 83
23 81 20
23 82 64
23 83 98
23 84 32
23 85 35
23 86 4
23 87 30
23 88 85
23 89 12
23 90 26
23 91 98
23 92 2
23 93 94
23 94 35
23 95 45
23 96 76
23 97 100
23 98 72
23 99 25
23 100 86
23 101 8
23 102 55
23 103 47
23 104 82
23 105 96
23 106 6
23 107 55
23 108 28
23 109 96
23 110 98
23 111 8
23 112 96
23 113 92
23 114 18
23 115 10
23 116 36
23 117 59
23 118 7
23 119 8
23 120 97
23 121 57
23 122 59
23 123 66
23 124 73
23 125 69
23 126 76
23 127 36
23 128 7
23 129 48
23 130 89
23 131 2
23 132 27
23 133 15
23 134 32
23 135 55
23 136 17
23 137 41
23 138 35
23 139 42
23 140 7
23 141 38
23 142 90
23 143 58
23 144 4
23 145 36
23 146 21
23 147 94
23 148 23
23 149 46
23 150 75
23 151 42
23 152 52
23 153 48
23 154 54
23 155 65
23 156 81
23 157 87
23 158 50
23 159 51
24 25 32
24 26 57
24 27 100
24 28 26
24 29 81
24 30 36
24 31 48
24 32 8
24 33 12
24 34 27
24 35 91
24 36 77
24 37 33
24 38 87
24 39 48
24 40 100
24 41 81
24 42 33
24 43 58
24 44 18
24 45 100
24 46 55
24 47 64
24 48 78
24 49 18
24 50 8
24 51 36
24 52 35
24 53 93
24 54 36
24 55 25
24 56 4
24 57 24
24 58 75
24 59 48
24 60 73
24 61 70
24 62 75
24 63 39
24 64 30
24 65 48
24 66 72
24 67 70
24 68 40
24 69 66
24 70 61
24 71 11
24 72 90
24 73 60
24 74 93
24 75 72
24 76 24
24 77 99
24 78 16
24 79 21
24 80 55
24 81 6
24 82 66
24 83 13
24 84 72
24 85 80
24 86 52
24 87 23
24 88 83
24 89 40
24 90 22
24 91 18
24 92 17
24 93 79
24 94 59
24 95 32
24 96 33
24 97 1
24 98 59
24 99 88
24 100 98
24 101 30
24 102 84
24 103 36
24 104 28
24 105 33
24 106 18
24 107 43
24 108 7
24 109 2
24 110 35
24 111 98
24 112 15
24 113 57
24 114 46
24 115 97
24 116 50
24 117 61
24 118 47
24 119 57
24 120 93
24 121 70
24 122 86
24 123 52
24 124 49
24 125 80
24 126 45
24 127 26
24 128 20
24 129 93
24 130 41
24 131 100
24 132 52
24 133 84
24 134 66
24 135 27
24 136 21
24 137 72
24 138 39
24 139 26
24 140 41
24 141 23
24 142 43
24 143 68
24 144 27
24 145 19
24 146 37
24 147 63
24 148 33
24 149 28
24 150 66
24 151 3
24 152 41
24 153 48
24 154 54
24 155 66
24 156 25
24 157 52
24 158 89
24 159 72
25 26 38
25 27 37
25 28 73
25 29 6
25 30 91
25 31 37
25 32 58
25 33 11
25 34 54
25 35 13
25 36 78
25 37 7
25 38 9
25 39 7
25 40 41
25 41 28
25 42 28
25 43 100
25 44 95
25 45 15
25 46 50
25 47 46
25 48 51
25 49 37
25 50 99
25 51 72
25 52 36
25 53 25
25 54 46
25 55 49
25 56 61
25 57 41
25 58 77
25 59 59
25 60 4
25 61 24
25 62 69
25 63 53
25 64 65
25 65 15
25 66 89
25 67 89
25 68 46
25 69 60
25 70 29
25 71 22
25 72 19
25 73 11
25 74 87
25 75 12
25 76 78
25 77 91
25 78 79
25 79 29
25 80 56
25 81 4
25 82 17
25 83 56
25 84 10
25 85 95
25 86 58
25 87 72
25 88 53
25 89 91
25 90 31
25 91 2
25 92 18
25 93 51
25 94 39
25 95 27
25 96 90
25 97 97
25 98 45
25 99 1
25 100 46
25 101 58
25 102 81
25 103 31
25 104 1
25 105 32
25 106 39
25 107 75
25 108 29
25 109 2
25 110 44
25 111 12
25 112 47
25 113 78
25 114 84
25 115 30
25 116 37
25 117 47
25 118 25
25 119 88
25 120 56
25 121 66
25 122 41
25 123 32
25 124 56
25 125 69
25 126 67
25 127 57
25 128 32
25 129 17
25 130 77
25 131 68
25 132 96
25 133 29
25 134 65
25 135 88
25 136 4
25 137 65
25 138 58
25 139 73
25 140 90
25 141 93
25 142 93
25 143 48
25 144 39
25 145 50
25 146 30
25 147 55
25 148 86
25 149 28
25 150 25
25 151 25
25 152 21
25 153 27
25 154 93
25 155 69
25 156 31
25 157 43
25 158 58
25 159 63
26 27 28
26 28 100
26 29 73
26 30 19
26 31 87
26 32 26
26 33 46
26 34 89
26 35 35
26 36 47
26 37 45
26 38 91
26 39 20
26 40 98
26 41 97
26 42 19
26 43 18
26 44 25
26 45 46
26 46 87
26 47 86
26 48 7
26 49 94
26 50 53
26 51 95
26 52 66
26 53 89
26 54 13
26 55 71
26 56 60
26 57 72
26 58 87
26 59 80
26 60 30
26 61 67
26 62 7
26 63 71
26 64 13
26 65 17
26 66 88
26 67 34
26 68 59
26 69 90
26 70 68
26 71 19
26 72 42
26 73 12
26 74 38
26 75 95
26 76 46
26 77 20
26 78 88
26 79 85
26 80 19
26 81 30
26 82 22
26 83 69
26 84 7
26 85 64
26 86 28
26 87 28
26 88 30
26 89 16
26 90 42
26 91 22
26 92 81
26 93 7
26 94 96
26 95 65
26 96 30
26 97 52
26 98 58
26 99 31
26 100 70
26 101 19
26 102 76
26 103 24
26 104 65
26 105 100
26 106 18
26 107 27
26 108 31
26 109 25
26 110 47
26 111 83
26 112 51
26 113 92
26 114 74
26 115 26
26 116 15
26 117 20
26 118 75
26 119 7
26 120 13
26 121 54
26 122 7
26 123 51
26 124 30
26 125 31
26 126 55
26 127 13
26 128 68
26 129 49
26 130 47
26 131 93
26 132 88
26 133 16
26 134 64
26 135 82
26 136 24
26 137 90
26 138 6
26 139 73
26 140 26
26 141 32
26 142 76
26 143 4
26 144 60
26 145 53
26 146 72
26 147 41
26 148 48
26 149 3
26 150 7
26 151 52
26 152 19
26 153 2
26 154 83
26 155 63
26 156 46
26 157 65
26 158 93
26 159 55
27 28 41
27 29 60
27 30 75
27 31 24
27 32 69
27 33 97
27 34 73
27 35 100
27 36 26
27 37 77
27 38 25
27 39 9
27 40 77
27 41 26
27 42 72
27 43 42
27 44 42
27 45 93
27 46 1
27 47 3
27 48 57
27 49 100
27 50 90
27 51 55
27 52 35
27 53 69
27 54 68
27 55 100
27 56 69
27 57 98
27 58 19
27 59 88
27 60 35
27 61 47
27 62 32
27 63 14
27 64 12
27 65 69
27 66 47
27 67 36
27 68 27
27 69 29
27 70 33
27 71 83
27 72 94
27 73 65
27 74 54
27 75 50
27 76 4
27 77 46
27 78 46
27 79 33
27 80 91
27 81 85
27 82 22
27 83 88
27 84 56
27 85 49
27 86 82
27 87 99
27 88 35
27 89 87
27 90 88
27 91 67
27 92 25
27 93 56
27 94 86
27 95 68
27 96 90
27 97 60
27 98 27
27 99 52
27 100 62
27 101 74
27 102 1
27 103 33
27 104 50
27 105 62
27 106 58
27 107 66
27 108 54
27 109 6
27 110 67
27 111 10
27 112 13
27 113 90
27 114 82
27 115 44
27 116 99
27 117 13
27 118 87
27 119 33
27 120 63
27 121 42
27 122 61
27 123 84
27 124 6
27 125 97
27 126 6
27 127 98
27 128 60
27 129 83
27 130 22
27 131 3
27 132 13
27 133 16
27 134 8
27 135 55
27 136 65
27 137 52
27 138 28
27 139 18
27 140 2
27 141 18
27 142 36
27 143 59
27 144 72
27 145 83
27 146 21
27 147 52
27 148 61
27 149 84
27 150 80
27 151 12
27 152 25
27 153 68
27 154 38
27 155 61
27 156 35
27 157 50
27 158 54
27 159 83
28 29 30
28 30 61
28 31 37
28 32 87
28 33 60
28 34 53
28 35 96
28 36 27
28 37 30
28 38 63
28 39 81
28 40 92
28 41 58
28 42 23
28 43 77
28 44 22
28 45 17
28 46 90
28 47 27
28 48 33
28 49 20
28 50 49
28 51 47
28 52 70
28 53 96
28 54 97
28 55 11
28 56 52
28 57 21
28 58 82
28 59 90
28 60 58
28 61 34
28 62 50
28 63 78
28 64 99
28 65 81
28 66 97
28 67 26
28 68 4
28 69 13
28 70 21
28 71 7
28 72 27
28 73 33
28 74 98
28 75 97
28 76 40
28 77 27
28 78 57
28 79 58
28 80 50
28 81 46
28 82 56
28 83 89
28 84 26
28 85 86
28 86 29
28 87 58
28 88 15
28 89 22
28 90 76
28 91 65
28 92 16
28 93 12
28 94 73
28 95 94
28 96 79
28 97 47
28 98 39
28 99 41
28 100 57
28 101 16
28 102 75
28 103 14
28 104 30
28 105 38
28 106 14
28 107 20
28 108 3
28 109 88
28 110 31
28 111 4
28 112 10
28 113 44
28 114 34
28 115 7
28 116 24
28 117 61
28 118 17
28 119 11
28 120 81
28 121 59
28 122 2
28 123 93
28 124 67
28 125 38
28 126 57
28 127 46
28 128 57
28 129 100
28 130 55
28 131 85
28 132 31
28 133 74
28 134 11
28 135 63
28 136 10
28 137 50
28 138 64
28 139 60
28 140 98
28 141 50
28 142 65
28 143 55
28 144 66
28 145 91
28 146 8
28 147 24
28 148 24
28 149 98
28 150 84
28 151 29
28 152 96
28 153 10
28 154 25
28 155 75
28 156 75
28 157 84
28 158 61
28 159 12
29 30 44
29 31 91
29 32 24
29 33 19
29 34 78
29 35 39
29 36 95
29 37 21
29 38 15
29 39 66
29 40 42
29 41 35
29 42 13
29 43 93
29 44 74
29 45 28
29 46 67
29 47 54
29 48 46
29 49 91
29 50 84
29 51 21
29 52 86
29 53 19
29 54 66
29 55 30
29 56 62
29 57 99
29 58 90
29 59 7
29 60 47
29 61 100
29 62 55
29 63 85
29 64 79
29 65 2
29 66 96
29 67 29
29 68 23
29 69 4
29 70 4
29 71 64
29 72 47
29 73 95
29 74 12
29 75 15
29 76 61
29 77 57
29 78 49
29 79 30
29 80 25
29 81 10
29 82 6
29 83 3
29 84 91
29 85 84
29 86 39
29 87 8
29 88 75
29 89 51
29 90 26
29 91 79
29 92 53
29 93 94
29 94 2
29 95 8
29 96 32
29 97 15
29 98 5
29 99 10
29 100 35
29 101 99
29 102 12
29 103 67
29 104 87
29 105 74
29 106 14
29 107 68
29 108 57
29 109 87
29 110 91
29 111 13
29 112 73
29 113 61
29 114 14
29 115 20
29 116 11
29 117 7
29 118 84
29 119 47
29 120 47
29 121 76
29 122 38
29 123 7
29 124 68
29 125 4
29 126 70
29 127 69
29 128 19
29 129 86
29 130 6
29 131 63
29 132 50
29 133 14
29 134 55
29 135 52
29 136 21
29 137 22
29 138 43
29 139 34
29 140 49
29 141 91
29 142 71
29 143 32
29 144 95
29 145 93
29 146 51
29 147 67
29 148 96
29 149 56
29 150 46
29 151 85
29 152 56
29 153 32
29 154 23
29 155 36
29 156 68
29 157 5
29 158 26
29 159 50
30 31 57
30 32 80
30 33 35
30 34 68
30 35 22
30 36 23
30 37 46
30 38 46
30 39 35
30 40 48
30 41 2
30 42 76
30 43 42
30 44 85
30 45 85
30 46 51
30 47 36
30 48 7
30 49 5
30 50 84
30 51 99
30 52 50
30 53 61
30 54 78
30 55 76
30 56 7
30 57 4
30 58 58
30 59 61
30 60 28
30 61 64
30 62 48
30 63 38
30 64 51
30 65 100
30 66 60
30 67 5
30 68 6
30 69 68
30 70 26
30 71 59
30 72 74
30 73 13
30 74 80
30 75 56
30 76 42
30 77 54
30 78 86
30 79 90
30 80 68
30 81 38
30 82 88
30 83 74
30 84 59
30 85 43
30 86 80
30 87 31
30 88 76
30 89 92
30 90 18
30 91 16
30 92 62
30 93 8
30 94 38
30 95 37
30 96 22
30 97 99
30 98 94
30 99 19
30 100 72
30 101 2
30 102 61
30 103 87
30 104 67
30 105 20
30 106 58
30 107 22
30 108 74
30 109 68
30 110 79
30 111 9
30 112 45
30 113 75
30 114 75
30 115 55
30 116 51
30 117 58
30 118 4
30 119 11
30 120 98
30 121 32
30 122 9
30 123 54
30 124 33
30 125 44
30 126 15
30 127 6
30 128 29
30 129 18
30 130 40
30 131 96
30 132 61
30 133 43
30 134 19
30 135 67
30 136 89
30 137 67
30 138 45
30 139 72
30 140 77
30 141 17
30 142 98
30 143 56
30 144 48
30 145 98
30 146 61
30 147 95
30 148 52
30 149 45
30 150 62
30 151 77
30 152 78
30 153 83
30 154 3
30 155 14
30 156 4
30 157 11
30 158 5
30 159 15
31 32 90
31 33 23
31 34 68
31 35 33
31 36 98
31 37 71
31 38 23
31 39 44
31 40 24
31 41 11
31 42 3
31 43 17
31 44 19
31 45 96
31 46 98
31 47 94
31 48 62
31 49 92
31 50 56
31 51 45
31 52 100
31 53 45
31 54 39
31 55 78
31 56 57
31 57 85
31 58 63
31 59 76
31 60 100
31 61 67
31 62 51
31 63 3
31 64 88
31 65 19
31 66 93
31 67 73
31 68 49
31 69 82
31 70 29
31 71 93
31 72 92
31 73 100
31 74 15
31 75 7
31 76 94
31 77 85
31 78 3
31 79 22
31 80 63
31 81 12
31 82 54
31 83 85
31 84 10
31 85 52
31 86 36
31 87 84
31 88 46
31 89 61
31 90 98
31 91 49
31 92 67
31 93 59
31 94 67
31 95 14
31 96 87
31 97 29
31 98 64
31 99 83
31 100 10
31 101 5
31 102 70
31 103 52
31 104 26
31 105 24
31 106 43
31 107 77
31 108 84
31 109 11
31 110 87
31 111 2
31 112 56
31 113 18
31 114 78
31 115 44
31 116 36
31 117 31
31 118 77
31 119 41
31 120 51
31 121 20
31 122 22
31 123 7
31 124 49
31 125 21
31 126 40
31 127 36
31 128 33
31 129 55
31 130 79
31 131 64
31 132 20
31 133 1
31 134 32
31 135 11
31 136 27
31 137 38
31 138 77
31 139 40
31 140 54
31 141 74
31 142 31
31 143 25
31 144 98
31 145 29
31 146 90
31 147 37
31 148 20
31 149 5
31 150 15
31 151 26
31 152 53
31 153 98
31 154 22
31 155 61
31 156 49
31 157 35
31 158 16
31 159 69
32 33 2
32 34 34
32 35 6
32 36 78
32 37 4
32 38 65
32 39 47
32 40 53
32 41 72
32 42 4
32 43 78
32 44 97
32 45 49
32 46 5
32 47 48
32 48 85
32 49 17
32 50 5
32 51 11
32 52 9
32 53 74
32 54 72
32 55 77
32 56 59
32 57 26
32 58 27
32 59 50
32 60 56
32 61 49
32 62 81
32 63 38
32 64 57
32 65 24
32 66 78
32 67 75
32 68 8
32 69 38
32 70 40
32 71 97
32 72 94
32 73 67
32 74 15
32 75 9
32 76 21
32 77 52
32 78 78
32 79 93
32 80 67
32 81 92
32 82 92
32 83 75
32 84 29
32 85 52
32 86 18
32 87 20
32 88 51
32 89 72
32 90 93
32 91 16
32 92 66
32 93 5
32 94 19
32 95 6
32 96 87
32 97 6
32 98 94
32 99 64
32 100 8
32 101 66
32 102 33
32 103 36
32 104 67
32 105 27
32 106 57
32 107 47
32 108 56
32 109 52
32 110 17
32 111 94
32 112 46
32 113 41
32 114 4
32 115 85
32 116 12
32 117 95
32 118 72
32 119 91
32 120 32
32 121 48
32 122 23
32 123 12
32 124 50
32 125 29
32 126 22
32 127 11
32 128 39
32 129 10
32 130 79
32 131 59
32 132 16
32 133 21
32 134 87
32 135 86
32 136 44
32 137 30
32 138 42
32 139 28
32 140 29
32 141 78
32 142 16
32 143 24
32 144 27
32 145 24
32 146 94
32 147 97
32 148 79
32 149 62
32 150 58
32 151 77
32 152 60
32 153 88
32 154 76
32 155 39
32 156 60
32 157 16
32 158 97
32 159 34
33 34 6
33 35 28
33 36 82
33 37 48
33 38 52
33 39 96
33 40 92
33 41 28
33 42 58
33 43 77
33 44 9
33 45 36
33 46 49
33 47 4
33 48 3
33 49 76
33 50 8
33 51 11
33 52 82
33 53 6
33 54 91
33 55 63
33 56 89
33 57 32
33 58 37
33 59 19
33 60 43
33 61 66
33 62 89
33 63 95
33 64 43
33 65 91
33 66 97
33 67 96
33 68 75
33 69 47
33 70 72
33 71 13
33 72 23
33 73 94
33 74 35
33 75 46
33 76 55
33 77 91
33 78 99
33 79 46
33 80 27
33 81 68
33 82 32
33 83 43
33 84 35
33 85 40
33 86 80
33 87 11
33 88 85
33 89 96
33 90 58
33 91 11
33 92 20
33 93 20
33 94 89
33 95 75
33 96 32
33 97 64
33 98 55
33 99 29
33 100 55
33 101 38
33 102 48
33 103 7
33 104 89
33 105 61
33 106 21
33 107 51
33 108 60
33 109 1
33 110 46
33 111 92
33 112 62
33 113 6
33 114 16
33 115 32
33 116 55
33 117 41
33 118 23
33 119 87
33 120 71
33 121 5
33 122 73
33 123 74
33 124 96
33 125 77
33 126 90
33 127 5
33 128 96
33 129 7
33 130 15
33 131 66
33 132 5
33 133 25
33 134 77
33 135 33
33 136 58
33 137 95
33 138 4
33 139 54
33 140 96
33 141 95
33 142 89
33 143 53
33 144 62
33 145 5
33 146 19
33 147 59
33 148 35
33 149 10
33 150 91
33 151 9
33 152 60
33 153 62
33 154 4
33 155 43
33 156 20
33 157 2
33 158 27
33 159 73
34 35 80
34 36 42
34 37 94
34 38 31
34 39 56
34 40 33
34 41 10
34 42 37
34 43 77
34 44 32
34 45 49
34 46 28
34 47 58
34 48 10
34 49 36
34 50 65
34 51 100
34 52 49
34 53 98
34 54 68
34 55 88
34 56 20
34 57 71
34 58 90
34 59 98
34 60 18
34 61 18
34 62 61
34 63 6
34 64 74
34 65 20
34 66 61
34 67 86
34 68 86
34 69 43
34 70 62
34 71 56
34 72 8
34 73 14
34 74 98
34 75 75
34 76 9
34 77 4
34 78 30
34 79 34
34 80 49
34 81 58
34 82 56
34 83 54
34 84 75
34 85 72
34 86 56
34 87 7
34 88 95
34 89 12
34 90 36
34 91 17
34 92 14
34 93 81
34 94 100
34 95 7
34 96 57
34 97 55
34 98 72
34 99 93
34 100 60
34 101 1
34 102 81
34 103 13
34 104 48
34 105 42
34 106 72
34 107 73
34 108 54
34 109 23
34 110 23
34 111 72
34 112 49
34 113 67
34 114 62
34 115 23
34 116 99
34 117 100
34 118 53
34 119 16
34 120 5
34 121 19
34 122 99
34 123 19
34 124 98
34 125 5
34 126 52
34 127 72
34 128 22
34 129 14
34 130 84
34 131 7
34 132 38
34 133 69
34 134 23
34 135 77
34 136 93
34 137 75
34 138 45
34 139 99
34 140 89
34 141 66
34 142 62
34 143 13
34 144 67
34 145 79
34 146 56
34 147 41
34 148 4
34 149 77
34 150 91
34 151 54
34 152 99
34 153 59
34 154 84
34 155 75
34 156 47
34 157 90
34 158 2
34 159 96
35 36 100
35 37 39
35 38 59
35 39 6
35 40 76
35 41 77
35 42 15
35 43 90
35 44 59
35 45 33
35 46 96
35 47 55
35 48 18
35 49 49
35 50 11
35 51 60
35 52 40
35 53 95
35 54 82
35 55 81
35 56 26
35 57 63
35 58 11
35 59 53
35 60 62
35 61 41
35 62 100
35 63 4
35 64 9
35 65 7
35 66 68
35 67 91
35 68 44
35 69 36
35 70 45
35 71 75
35 72 6
35 73 6
35 74 27
35 75 60
35 76 99
35 77 76
35 78 93
35 79 100
35 80 6
35 81 35
35 82 44
35 83 90
35 84 48
35 85 65
35 86 36
35 87 51
35 88 47
35 89 56
35 90 100
35 91 89
35 92 74
35 93 6
35 94 38
35 95 27
35 96 71
35 97 13
35 98 53
35 99 49
35 100 44
35 101 90
35 102 30
35 103 6
35 104 29
35 105 30
35 106 86
35 107 45
35 108 39
35 109 95
35 110 76
35 111 23
35 112 68
35 113 13
35 114 34
35 115 83
35 116 67
35 117 89
35 118 85
35 119 1
35 120 62
35 121 46
35 122 38
35 123 28
35 124 68
35 125 33
35 126 11
35 127 6
35 128 24
35 129 2
35 130 47
35 131 38
35 132 29
35 133 34
35 134 5
35 135 75
35 136 77
35 137 56
35 138 36
35 139 49
35 140 50
35 141 64
35 142 90
35 143 10
35 144 96
35 145 43
35 146 9
35 147 87
35 148 41
35 149 64
35 150 71
35 151 97
35 152 23
35 153 50
35 154 71
35 155 72
35 156 87
35 157 34
35 158 58
35 159 33
36 37 90
36 38 52
36 39 41
36 40 17
36 41 28
36 42 2
36 43 83
36 44 13
36 45 77
36 46 96
36 47 75
36 48 26
36 49 4
36 50 89
36 51 39
36 52 66
36 53 29
36 54 48
36 55 20
36 56 58
36 57 87
36 58 95
36 59 33
36 60 89
36 61 43
36 62 39
36 63 33
36 64 10
36 65 57
36 66 77
36 67 18
36 68 51
36 69 17
36 70 95
36 71 91
36 72 52
36 73 74
36 74 9
36 75 85
36 76 96
36 77 76
36 78 23
36 79 45
36 80 43
36 81 24
36 82 66
36 83 72
36 84 47
36 85 59
36 86 19
36 87 28
36 88 70
36 89 30
36 90 49
36 91 90
36 92 54
36 93 86
36 94 65
36 95 27
36 96 15
36 97 31
36 98 52
36 99 22
36 100 27
36 101 52
36 102 17
36 103 20
36 104 34
36 105 11
36 106 50
36 107 38
36 108 44
36 109 57
36 110 24
36 111 47
36 112 36
36 113 33
36 114 89
36 115 36
36 116 64
36 117 35
36 118 17
36 119 63
36 120 40
36 121 28
36 122 7
36 123 88
36 124 47
36 125 72
36 126 13
36 127 8
36 128 73
36 129 89
36 130 64
36 131 20
36 132 28
36 133 63
36 134 32
36 135 20
36 136 71
36 137 11
36 138 8
36 139 50
36 140 37
36 141 66
36 142 56
36 143 13
36 144 33
36 145 82
36 146 82
36 147 31
36 148 76
36 149 30
36 150 6
36 151 8
36 152 13
36 153 60
36 154 16
36 155 68
36 156 56
36 157 43
36 158 77
36 159 21
37 38 42
37 39 81
37 40 53
37 41 53
37 42 54
37 43 17
37 44 36
37 45 81
37 46 2
37 47 79
37 48 33
37 49 92
37 50 80
37 51 72
37 52 59
37 53 78
37 54 61
37 55 24
37 56 73
37 57 31
37 58 47
37 59 13
37 60 72
37 61 45
37 62 82
37 63 55
37 64 35
37 65 80
37 66 45
37 67 84
37 68 19
37 69 1
37 70 67
37 71 86
37 72 13
37 73 37
37 74 92
37 75 84
37 76 21
37 77 14
37 78 20
37 79 24
37 80 75
37 81 87
37 82 38
37 83 90
37 84 28
37 85 67
37 86 25
37 87 82
37 88 73
37 89 18
37 90 97
37 91 11
37 92 19
37 93 87
37 94 32
37 95 50
37 96 29
37 97 79
37 98 66
37 99 28
37 100 72
37 101 92
37 102 28
37 103 92
37 104 14
37 105 85
37 106 64
37 107 64
37 108 12
37 109 2
37 110 19
37 111 32
37 112 56
37 113 29
37 114 90
37 115 63
37 116 9
37 117 5
37 118 5
37 119 23
37 120 58
37 121 87
37 122 18
37 123 63
37 124 59
37 125 38
37 126 7
37 127 63
37 128 28
37 129 73
37 130 88
37 131 57
37 132 10
37 133 3
37 134 10
37 135 86
37 136 46
37 137 27
37 138 87
37 139 27
37 140 22
37 141 20
37 142 9
37 143 25
37 144 57
37 145 79
37 146 4
37 147 86
37 148 51
37 149 48
37 150 7
37 151 45
37 152 5
37 153 8
37 154 55
37 155 96
37 156 89
37 157 59
37 158 46
37 159 2
38 39 8
38 40 60
38 41 7
38 42 56
38 43 31
38 44 50
38 45 3
38 46 5
38 47 80
38 48 46
38 49 89
38 50 98
38 51 60
38 52 45
38 53 1
38 54 52
38 55 80
38 56 58
38 57 97
38 58 79
38 59 63
38 60 92
38 61 13
38 62 19
38 63 61
38 64 6
38 65 89
38 66 15
38 67 28
38 68 33
38 69 41
38 70 9
38 71 9
38 72 95
38 73 46
38 74 86
38 75 20
38 76 43
38 77 84
38 78 50
38 79 28
38 80 26
38 81 100
38 82 38
38 83 34
38 84 92
38 85 99
38 86 87
38 87 9
38 88 29
38 89 26
38 90 20
38 91 50
38 92 57
38 93 72
38 94 69
38 95 39
38 96 9
38 97 20
38 98 91
38 99 32
38 100 4
38 101 4
38 102 91
38 103 8
38 104 53
38 105 98
38 106 24
38 107 98
38 108 26
38 109 38
38 110 83
38 111 75
38 112 61
38 113 66
38 114 9
38 115 8
38 116 56
38 117 72
38 118 71
38 119 8
38 120 36
38 121 17
38 122 16
38 123 91
38 124 12
38 125 36
38 126 83
38 127 1
38 128 53
38 129 18
38 130 86
38 131 71
38 132 36
38 133 41
38 134 27
38 135 59
38 136 17
38 137 64
38 138 31
38 139 69
38 140 9
38 141 8
38 142 78
38 143 75
38 144 9
38 145 29
38 146 62
38 147 65
38 148 66
38 149 62
38 150 97
38 151 66
38 152 11
38 153 61
38 154 92
38 155 35
38 156 40
38 157 89
38 158 64
38 159 12
39 40 43
39 41 45
39 42 10
39 43 37
39 44 8
39 45 20
39 46 63
39 47 97
39 48 65
39 49 9
39 50 100
39 51 3
39 52 38
39 53 10
39 54 76
39 55 30
39 56 8
39 57 66
39 58 12
39 59 35
39 60 9
39 61 2
39 62 16
39 63 73
39 64 63
39 65 73
39 66 48
39 67 66
39 68 76
39 69 68
39 70 73
39 71 42
39 72 35
39 73 29
39 74 11
39 75 72
39 76 77
39 77 34
39 78 58
39 79 35
39 80 49
39 81 96
39 82 75
39 83 54
39 84 51
39 85 16
39 86 58
39 87 75
39 88 44
39 89 84
39 90 66
39 91 49
39 92 26
39 93 41
39 94 42
39 95 33
39 96 76
39 97 39
39 98 15
39 99 95
39 100 50
39 101 37
39 102 52
39 103 34
39 104 35
39 105 98
39 106 7
39 107 70
39 108 89
39 109 56
39 110 97
39 111 61
39 112 18
39 113 84
39 114 81
39 115 33
39 116 19
39 117 49
39 118 94
39 119 21
39 120 9
39 121 84
39 122 41
39 123 21
39 124 33
39 125 51
39 126 4
39 127 49
39 128 79
39 129 79
39 130 44
39 131 62
39 132 9
39 133 62
39 134 23
39 135 43
39 136 82
39 137 51
39 138 72
39 139 99
39 140 50
39 141 19
39 142 57
39 143 70
39 144 94
39 145 23
39 146 99
39 147 95
39 148 71
39 149 61
39 150 72
39 151 7
39 152 67
39 153 7
39 154 88
39 155 30
39 156 18
39 157 33
39 158 4
39 159 82
40 41 60
40 42 59
40 43 41
40 44 14
40 45 64
40 46 79
40 47 23
40 48 47
40 49 87
40 50 11
40 51 64
40 52 46
40 53 64
40 54 65
40 55 85
40 56 18
40 57 82
40 58 83
40 59 73
40 60 24
40 61 71
40 62 49
40 63 58
40 64 28
40 65 5
40 66 100
40 67 6
40 68 49
40 69 24
40 70 27
40 71 37
40 72 93
40 73 35
40 74 35
40 75 66
40 76 70
40 77 62
40 78 55
40 79 94
40 80 86
40 81 8
40 82 38
40 83 25
40 84 80
40 85 58
40 86 36
40 87 3
40 88 86
40 89 51
40 90 60
40 91 28
40 92 58
40 93 89
40 94 31
40 95 98
40 96 62
40 97 75
40 98 42
40 99 56
40 100 10
40 101 51
40 102 47
40 103 57
40 104 73
40 105 80
40 106 96
40 107 38
40 108 96
40 109 97
40 110 66
40 111 45
40 112 46
40 113 36
40 114 79
40 115 27
40 116 9
40 117 45
40 118 83
40 119 75
40 120 42
40 121 25
40 122 26
40 123 33
40 124 44
40 125 77
40 126 9
40 127 4
40 128 29
40 129 19
40 130 19
40 131 60
40 132 32
40 133 97
40 134 47
40 135 85
40 136 58
40 137 35
40 138 22
40 139 43
40 140 48
40 141 53
40 142 25
40 143 38
40 144 32
40 145 50
40 146 38
40 147 75
40 148 17
40 149 26
40 150 33
40 151 67
40 152 44
40 153 3
40 154 31
40 155 31
40 156 95
40 157 48
40 158 34
40 159 27
41 42 41
41 43 24
41 44 83
41 45 56
41 46 44
41 47 19
41 48 43
41 49 67
41 50 80
41 51 24
41 52 11
41 53 45
41 54 13
41 55 77
41 56 62
41 57 52
41 58 91
41 59 97
41 60 32
41 61 55
41 62 91
41 63 32
41 64 42
41 65 74
41 66 63
41 67 20
41 68 66
41 69 72
41 70 36
41 71 18
41 72 100
41 73 40
41 74 3
41 75 27
41 76 53
41 77 85
41 78 47
41 79 54
41 80 75
41 81 15
41 82 5
41 83 70
41 84 99
41 85 83
41 86 46
41 87 69
41 88 14
41 89 60
41 90 71
41 91 78
41 92 63
41 93 34
41 94 41
41 95 36
41 96 38
41 97 24
41 98 1
41 99 26
41 100 34
41 101 14
41 102 70
41 103 76
41 104 38
41 105 68
41 106 1
41 107 52
41 108 65
41 109 16
41 110 89
41 111 10
41 112 32
41 113 83
41 114 6
41 115 78
41 116 48
41 117 47
41 118 5
41 119 61
41 120 47
41 121 38
41 122 63
41 123 72
41 124 76
41 125 80
41 126 100
41 127 11
41 128 43
41 129 2
41 130 31
41 131 60
41 132 24
41 133 2
41 134 11
41 135 81
41 136 74
41 137 98
41 138 42
41 139 48
41 140 33
41 141 41
41 142 78
41 143 87
41 144 12
41 145 58
41 146 49
41 147 36
41 148 64
41 149 40
41 150 66
41 151 18
41 152 55
41 153 82
41 154 35
41 155 97
41 156 24
41 157 10
41 158 49
41 159 44
42 43 26
42 44 26
42 45 29
42 46 34
42 47 19
42 48 24
42 49 69
42 50 65
42 51 74
42 52 42
42 53 95
42 54 27
42 55 74
42 56 85
42 57 17
42 58 48
42 59 51
42 60 100
42 61 33
42 62 47
42 63 54
42 64 61
42 65 19
42 66 8
42 67 86
42 68 34
42 69 18
42 70 71
42 71 10
42 72 94
42 73 74
42 74 36
42 75 93
42 76 45
42 77 84
42 78 69
42 79 51
42 80 24
42 81 79
42 82 61
42 83 78
42 84 92
42 85 47
42 86 32
42 87 15
42 88 3
42 89 31
42 90 99
42 91 46
42 92 32
42 93 22
42 94 18
42 95 78
42 96 29
42 97 29
42 98 64
42 99 7
42 100 49
42 101 85
42 102 70
42 103 38
42 104 94
42 105 48
42 106 78
42 107 82
42 108 70
42 109 65
42 110 61
42 111 51
42 112 65
42 113 99
42 114 67
42 115 29
42 116 77
42 117 75
42 118 41
42 119 16
42 120 56
42 121 24
42 122 84
42 123 90
42 124 7
42 125 58
42 126 97
42 127 38
42 128 59
42 129 34
42 130 47
42 131 45
42 132 12
42 133 5
42 134 27
42 135 34
42 136 24
42 137 90
42 138 84
42 139 9
42 140 60
42 141 12
42 142 10
42 143 63
42 144 40
42 145 61
42 146 45
42 147 83
42 148 30
42 149 34
42 150 27
42 151 20
42 152 2
42 153 66
42 154 69
42 155 79
42 156 14
42 157 12
42 158 34
42 159 23
43 44 34
43 45 14
43 46 38
43 47 52
43 48 65
43 49 59
43 50 38
43 51 10
43 52 94
43 53 36
43 54 59
43 55 25
43 56 37
43 57 54
43 58 32
43 59 41
43 60 11
43 61 51
43 62 33
43 63 33
43 64 95
43 65 78
43 66 39
43 67 42
43 68 6
43 69 27
43 70 36
43 71 12
43 72 94
43 73 61
43 74 7
43 75 83
43 76 41
43 77 43
43 78 70
43 79 11
43 80 79
43 81 98
43 82 9
43 83 99
43 84 1
43 85 34
43 86 75
43 87 60
43 88 11
43 89 4
43 90 93
43 91 89
43 92 12
43 93 30
43 94 72
43 95 24
43 96 51
43 97 81
43 98 1
43 99 26
43 100 82
43 101 35
43 102 1
43 103 71
43 104 96
43 105 51
43 106 33
43 107 40
43 108 64
43 109 100
43 110 69
43 111 68
43 112 89
43 113 58
43 114 86
43 115 33
43 116 73
43 117 78
43 118 21
43 119 12
43 120 94
43 121 63
43 122 40
43 123 23
43 124 78
43 125 21
43 126 73
43 127 30
43 128 93
43 129 34
43 130 58
43 131 22
43 132 47
43 133 53
43 134 76
43 135 42
43 136 45
43 137 41
43 138 46
43 139 76
43 140 44
43 141 27
43 142 44
43 143 94
43 144 21
43 145 26
43 146 18
43 147 76
43 148 50
43 149 35
43 150 91
43 151 31
43 152 79
43 153 9
43 154 96
43 155 70
43 156 16
43 157 22
43 158 98
43 159 97
44 45 67
44 46 53
44 47 92
44 48 58
44 49 59
44 50 80
44 51 33
44 52 92
44 53 53
44 54 100
44 55 57
44 56 7
44 57 13
44 58 85
44 59 64
44 60 50
44 61 33
44 62 7
44 63 82
44 64 96
44 65 80
44 66 71
44 67 3
44 68 85
44 69 63
44 70 46
44 71 89
44 72 22
44 73 34
44 74 67
44 75 34
44 76 87
44 77 31
44 78 7
44 79 52
44 80 51
44 81 80
44 82 37
44 83 60
44 84 80
44 85 41
44 86 22
44 87 43
44 88 37
44 89 52
44 90 8
44 91 76
44 92 91
44 93 83
44 94 9
44 95 73
44 96 3
44 97 66
44 98 85
44 99 14
44 100 45
44 101 60
44 102 41
44 103 2
44 104 18
44 105 87
44 106 49
44 107 58
44 108 58
44 109 44
44 110 29
44 111 1
44 112 34
44 113 7
44 114 69
44 115 14
44 116 57
44 117 42
44 118 32
44 119 24
44 120 68
44 121 66
44 122 63
44 123 16
44 124 94
44 125 34
44 126 88
44 127 97
44 128 46
44 129 79
44 130 76
44 131 50
44 132 17
44 133 81
44 134 74
44 135 26
44 136 15
44 137 67
44 138 13
44 139 48
44 140 17
44 141 17
44 142 9
44 143 4
44 144 95
44 145 51
44 146 65
44 147 56
44 148 72
44 149 57
44 150 73
44 151 18
44 152 24
44 153 24
44 154 51
44 155 29
44 156 28
44 157 97
44 158 83
44 159 56
45 46 11
45 47 67
45 48 80
45 49 23
45 50 64
45 51 8
45 52 54
45 53 50
45 54 27
45 55 7
45 56 74
45 57 12
45 58 77
45 59 93
45 60 10
45 61 65
45 62 63
45 63 96
45 64 88
45 65 5
45 66 58
45 67 66
45 68 95
45 69 35
45 70 40
45 71 100
45 72 94
45 73 48
45 74 25
45 75 93
45 76 69
45 77 55
45 78 40
45 79 60
45 80 33
45 81 46
45 82 41
45 83 49
45 84 96
45 85 76
45 86 52
45 87 76
45 88 72
45 89 33
45 90 29
45 91 83
45 92 10
45 93 52
45 94 14
45 95 54
45 96 55
45 97 31
45 98 89
45 99 63
45 100 4
45 101 31
45 102 47
45 103 85
45 104 64
45 105 99
45 106 56
45 107 100
45 108 32
45 109 15
45 110 96
45 111 12
45 112 73
45 113 17
45 114 7
45 115 41
45 116 24
45 117 59
45 118 84
45 119 81
45 120 18
45 121 68
45 122 51
45 123 100
45 124 56
45 125 17
45 126 17
45 127 29
45 128 35
45 129 2
45 130 20
45 131 5
45 132 11
45 133 19
45 134 89
45 135 22
45 136 34
45 137 17
45 138 95
45 139 27
45 140 33
45 141 80
45 142 78
45 143 58
45 144 11
45 145 32
45 146 2
45 147 73
45 148 68
45 149 38
45 150 64
45 151 82
45 152 82
45 153 70
45 154 49
45 155 10
45 156 2
45 157 34
45 158 43
45 159 46
46 47 93
46 48 7
46 49 93
46 50 6
46 51 25
46 52 96
46 53 34
46 54 52
46 55 91
46 56 28
46 57 76
46 58 12
46 59 89
46 60 90
46 61 93
46 62 26
46 63 42
46 64 56
46 65 91
46 66 40
46 67 56
46 68 59
46 69 34
46 70 85
46 71 16
46 72 39
46 73 87
46 74 55
46 75 83
46 76 13
46 77 72
46 78 73
46 79 56
46 80 93
46 81 89
46 82 72
46 83 77
46 84 47
46 85 8
46 86 42
46 87 54
46 88 50
46 89 72
46 90 17
46 91 19
46 92 78
46 93 21
46 94 40
46 95 62
46 96 36
46 97 98
46 98 52
46 99 58
46 100 51
46 101 90
46 102 22
46 103 2
46 104 3
46 105 22
46 106 51
46 107 24
46 108 78
46 109 66
46 110 13
46 111 8
46 112 52
46 113 62
46 114 82
46 115 85
46 116 71
46 117 56
46 118 79
46 119 36
46 120 19
46 121 3
46 122 72
46 123 46
46 124 40
46 125 79
46 126 3
46 127 80
46 128 39
46 129 28
46 130 20
46 131 26
46 132 47
46 133 13
46 134 39
46 135 53
46 136 26
46 137 31
46 138 13
46 139 76
46 140 57
46 141 87
46 142 8
46 143 20
46 144 83
46 145 90
46 146 55
46 147 53
46 148 31
46 149 80
46 150 77
46 151 99
46 152 16
46 153 17
46 154 80
46 155 56
46 156 19
46 157 34
46 158 16
46 159 48
47 48 62
47 49 23
47 50 94
47 51 53
47 52 61
47 53 74
47 54 72
47 55 91
47 56 77
47 57 86
47 58 74
47 59 78
47 60 57
47 61 83
47 62 15
47 63 82
47 64 53
47 65 25
47 66 45
47 67 95
47 68 47
47 69 46
47 70 10
47 71 29
47 72 52
47 73 57
47 74 3
47 75 54
47 76 58
47 77 42
47 78 44
47 79 33
47 80 62
47 81 85
47 82 38
47 83 60
47 84 91
47 85 69
47 86 48
47 87 70
47 88 41
47 89 2
47 90 7
47 91 98
47 92 21
47 93 43
47 94 91
47 95 59
47 96 81
47 97 1
47 98 70
47 99 96
47 100 43
47 101 98
47 102 8
47 103 91
47 104 87
47 105 5
47 106 85
47 107 9
47 108 92
47 109 71
47 110 35
47 111 23
47 112 72
47 113 64
47 114 91
47 115 17
47 116 67
47 117 69
47 118 64
47 119 45
47 120 28
47 121 23
47 122 2
47 123 96
47 124 97
47 125 65
47 126 35
47 127 99
47 128 80
47 129 17
47 130 21
47 131 63
47 132 84
47 133 17
47 134 1
47 135 84
47 136 77
47 137 91
47 138 91
47 139 63
47 140 89
47 141 31
47 142 23
47 143 65
47 144 95
47 145 80
47 146 94
47 147 40
47 148 14
47 149 81
47 150 9
47 151 8
47 152 8
47 153 82
47 154 75
47 155 3
47 156 68
47 157 54
47 158 64
47 159 45
48 49 89
48 50 66
48 51 93
48 52 87
48 53 33
48 54 75
48 55 11
48 56 45
48 57 70
48 58 61
48 59 94
48 60 52
48 61 18
48 62 40
48 63 54
48 64 1
48 65 24
48 66 75
48 67 73
48 68 93
48 69 18
48 70 10
48 71 27
48 72 54
48 73 2
48 74 33
48 75 87
48 76 39
48 77 39
48 78 70
48 79 85
48 80 96
48 81 45
48 82 88
48 83 39
48 84 95
48 85 89
48 86 94
48 87 94
48 88 68
48 89 49
48 90 20
48 91 19
48 92 33
48 93 11
48 94 1
48 95 29
48 96 87
48 97 88
48 98 74
48 99 39
48 100 86
48 101 84
48 102 10
48 103 1
48 104 88
48 105 55
48 106 94
48 107 100
48 108 79
48 109 27
48 110 73
48 111 95
48 112 91
48 113 85
48 114 48
48 115 90
48 116 59
48 117 40
48 118 25
48 119 68
48 120 84
48 121 83
48 122 11
48 123 31
48 124 61
48 125 10
48 126 66
48 127 30
48 128 52
48 129 15
48 130 58
48 131 34
48 132 44
48 133 67
48 134 79
48 135 66
48 136 97
48 137 77
48 138 5
48 139 55
48 140 49
48 141 75
48 142 81
48 143 54
48 144 42
48 145 71
48 146 19
48 147 9
48 148 87
48 149 9
48 150 91
48 151 23
48 152 44
48 153 4
48 154 8
48 155 1
48 156 18
48 157 20
48 158 9
48 159 48
49 50 35
49 51 43
49 52 28
49 53 60
49 54 78
49 55 47
49 56 6
49 57 72
49 58 92
49 59 40
49 60 99
49 61 88
49 62 10
49 63 12
49 64 52
49 65 71
49 66 36
49 67 40
49 68 3
49 69 32
49 70 51
49 71 84
49 72 74
49 73 75
49 74 100
49 75 45
49 76 62
49 77 12
49 78 43
49 79 80
49 80 32
49 81 63
49 82 32
49 83 26
49 84 52
49 85 42
49 86 72
49 87 20
49 88 63
49 89 66
49 90 3
49 91 10
49 92 27
49 93 59
49 94 6
49 95 84
49 96 19
49 97 82
49 98 38
49 99 98
49 100 81
49 101 20
49 102 28
49 103 64
49 104 99
49 105 75
49 106 99
49 107 50
49 108 83
49 109 78
49 110 80
49 111 28
49 112 1
49 113 7
49 114 9
49 115 29
49 116 14
49 117 66
49 118 20
49 119 53
49 120 49
49 121 46
49 122 10
49 123 19
49 124 84
49 125 48
49 126 66
49 127 87
49 128 30
49 129 57
49 130 12
49 131 97
49 132 99
49 133 88
49 134 98
49 135 71
49 136 62
49 137 45
49 138 39
49 139 14
49 140 44
49 141 88
49 142 3
49 143 88
49 144 21
49 145 58
49 146 24
49 147 45
49 148 18
49 149 37
49 150 31
49 151 6
49 152 52
49 153 55
49 154 99
49 155 24
49 156 64
49 157 34
49 158 39
49 159 56
50 51 48
50 52 93
50 53 69
50 54 65
50 55 91
50 56 3
50 57 64
50 58 67
50 59 88
50 60 55
50 61 36
50 62 24
50 63 82
50 64 48
50 65 26
50 66 74
50 67 95
50 68 37
50 69 69
50 70 2
50 71 88
50 72 83
50 73 94
50 74 16
50 75 12
50 76 24
50 77 75
50 78 39
50 79 15
50 80 95
50 81 9
50 82 12
50 83 74
50 84 85
50 85 70
50 86 12
50 87 15
50 88 59
50 89 63
50 90 6
50 91 85
50 92 74
50 93 67
50 94 7
50 95 24
50 96 38
50 97 73
50 98 52
50 99 19
50 100 84
50 101 84
50 102 23
50 103 62
50 104 70
50 105 21
50 106 45
50 107 62
50 108 48
50 109 85
50 110 3
50 111 64
50 112 13
50 113 73
50 114 19
50 115 77
50 116 39
50 117 87
50 118 74
50 119 80
50 120 50
50 121 36
50 122 59
50 123 43
50 124 93
50 125 14
50 126 51
50 127 46
50 128 45
50 129 47
50 130 31
50 131 22
50 132 52
50 133 70
50 134 26
50 135 70
50 136 11
50 137 80
50 138 42
50 139 86
50 140 4
50 141 25
50 142 47
50 143 1
50 144 84
50 145 19
50 146 12
50 147 9
50 148 10
50 149 36
50 150 6
50 151 88
50 152 31
50 153 13
50 154 53
50 155 11
50 156 80
50 157 76
50 158 29
50 159 44
51 52 28
51 53 40
51 54 31
51 55 6
51 56 77
51 57 61
51 58 30
51 59 12
51 60 28
51 61 26
51 62 74
51 63 27
51 64 35
51 65 53
51 66 38
51 67 8
51 68 16
51 69 43
51 70 12
51 71 39
51 72 79
51 73 95
51 74 23
51 75 6
51 76 88
51 77 46
51 78 93
51 79 44
51 80 5
51 81 99
51 82 60
51 83 21
51 84 11
51 85 12
51 86 3
51 87 88
51 88 63
51 89 6
51 90 16
51 91 97
51 92 45
51 93 66
51 94 53
51 95 41
51 96 38
51 97 13
51 98 100
51 99 20
51 100 9
51 101 54
51 102 42
51 103 98
51 104 54
51 105 87
51 106 72
51 107 45
51 108 65
51 109 53
51 110 8
51 111 61
51 112 37
51 113 36
51 114 38
51 115 53
51 116 82
51 117 5
51 118 83
51 119 94
51 120 69
51 121 56
51 122 8
51 123 49
51 124 66
51 125 70
51 126 86
51 127 41
51 128 14
51 129 47
51 130 59
51 131 99
51 132 83
51 133 85
51 134 7
51 135 37
51 136 72
51 137 27
51 138 17
51 139 99
51 140 53
51 141 82
51 142 18
51 143 22
51 144 11
51 145 73
51 146 95
51 147 95
51 148 20
51 149 57
51 150 29
51 151 62
51 152 60
51 153 86
51 154 100
51 155 70
51 156 89
51 157 13
51 158 48
51 159 71
52 53 14
52 54 86
52 55 13
52 56 15
52 57 88
52 58 41
52 59 61
52 60 67
52 61 1
52 62 100
52 63 48
52 64 37
52 65 48
52 66 8
52 67 25
52 68 15
52 69 9
52 70 9
52 71 51
52 72 58
52 73 15
52 74 98
52 75 57
52 76 21
52 77 43
52 78 57
52 79 34
52 80 39
52 81 96
52 82 3
52 83 27
52 84 24
52 85 66
52 86 6
52 87 41
52 88 21
52 89 27
52 90 36
52 91 25
52 92 68
52 93 95
52 94 37
52 95 18
52 96 1
52 97 58
52 98 82
52 99 37
52 100 19
52 101 78
52 102 82
52 103 86
52 104 29
52 105 40
52 106 67
52 107 100
52 108 92
52 109 60
52 110 17
52 111 25
52 112 42
52 113 48
52 114 63
52 115 70
52 116 36
52 117 12
52 118 64
52 119 35
52 120 22
52 121 93
52 122 43
52 123 77
52 124 58
52 125 81
52 126 76
52 127 63
52 128 55
52 129 50
52 130 57
52 131 76
52 132 48
52 133 42
52 134 100
52 135 71
52 136 98
52 137 44
52 138 92
52 139 36
52 140 46
52 141 88
52 142 43
52 143 97
52 144 92
52 145 91
52 146 75
52 147 38
52 148 17
52 149 76
52 150 22
52 151 19
52 152 73
52 153 70
52 154 41
52 155 21
52 156 13
52 157 95
52 158 66
52 159 59
53 54 88
53 55 42
53 56 24
53 57 49
53 58 43
53 59 38
53 60 92
53 61 95
53 62 81
53 63 83
53 64 68
53 65 54
53 66 22
53 67 23
53 68 70
53 69 43
53 70 13
53 71 5
53 72 57
53 73 14
53 74 22
53 75 4
53 76 71
53 77 69
53 78 32
53 79 58
53 80 90
53 81 22
53 82 30
53 83 96
53 84 95
53 85 96
53 86 9
53 87 58
53 88 20
53 89 75
53 90 3
53 91 60
53 92 83
53 93 32
53 94 2
53 95 38
53 96 24
53 97 78
53 98 37
53 99 55
53 100 38
53 101 43
53 102 6
53 103 57
53 104 43
53 105 81
53 106 37
53 107 94
53 108 65
53 109 70
53 110 8
53 111 67
53 112 25
53 113 72
53 114 10
53 115 23
53 116 72
53 117 69
53 118 13
53 119 38
53 120 96
53 121 38
53 122 73
53 123 3
53 124 30
53 125 19
53 126 62
53 127 49
53 128 60
53 129 69
53 130 8
53 131 57
53 132 90
53 133 31
53 134 55
53 135 41
53 136 60
53 137 31
53 138 13
53 139 3
53 140 93
53 141 56
53 142 65
53 143 64
53 144 20
53 145 27
53 146 80
53 147 94
53 148 59
53 149 35
53 150 92
53 151 76
53 152 15
53 153 17
53 154 76
53 155 41
53 156 29
53 157 80
53 158 77
53 159 33
54 55 8
54 56 69
54 57 55
54 58 50
54 59 1
54 60 10
54 61 65
54 62 84
54 63 15
54 64 13
54 65 80
54 66 31
54 67 23
54 68 92
54 69 1
54 70 98
54 71 84
54 72 15
54 73 53
54 74 93
54 75 95
54 76 53
54 77 54
54 78 20
54 79 86
54 80 44
54 81 42
54 82 86
54 83 36
54 84 13
54 85 99
54 86 71
54 87 19
54 88 21
54 89 34
54 90 43
54 91 93
54 92 40
54 93 35
54 94 8
54 95 94
54 96 70
54 97 62
54 98 12
54 99 51
54 100 89
54 101 8
54 102 30
54 103 74
54 104 64
54 105 64
54 106 77
54 107 48
54 108 31
54 109 10
54 110 59
54 111 4
54 112 9
54 113 20
54 114 70
54 115 83
54 116 14
54 117 93
54 118 71
54 119 100
54 120 68
54 121 63
54 122 45
54 123 63
54 124 38
54 125 80
54 126 15
54 127 2
54 128 51
54 129 46
54 130 49
54 131 59
54 132 39
54 133 32
54 134 35
54 135 50
54 136 9
54 137 59
54 138 14
54 139 1
54 140 3
54 141 38
54 142 62
54 143 64
54 144 86
54 145 100
54 146 81
54 147 19
54 148 56
54 149 5
54 150 48
54 151 7
54 152 92
54 153 90
54 154 100
54 155 71
54 156 28
54 157 66
54 158 71
54 159 82
55 56 3
55 57 4
55 58 50
55 59 52
55 60 34
55 61 42
55 62 58
55 63 40
55 64 34
55 65 13
55 66 34
55 67 5
55 68 8
55 69 74
55 70 98
55 71 9
55 72 5
55 73 12
55 74 28
55 75 39
55 76 65
55 77 8
55 78 3
55 79 73
55 80 25
55 81 63
55 82 18
55 83 54
55 84 62
55 85 20
55 86 81
55 87 53
55 88 56
55 89 93
55 90 78
55 91 87
55 92 72
55 93 21
55 94 42
55 95 82
55 96 47
55 97 93
55 98 38
55 99 44
55 100 68
55 101 25
55 102 88
55 103 59
55 104 21
55 105 51
55 106 80
55 107 31
55 108 22
55 109 36
55 110 100
55 111 76
55 112 8
55 113 10
55 114 45
55 115 23
55 116 35
55 117 18
55 118 27
55 119 54
55 120 52
55 121 92
55 122 5
55 123 81
55 124 85
55 125 50
55 126 53
55 127 52
55 128 2
55 129 29
55 130 74
55 131 80
55 132 9
55 133 18
55 134 98
55 135 47
55 136 88
55 137 91
55 138 15
55 139 81
55 140 87
55 141 85
55 142 18
55 143 85
55 144 61
55 145 43
55 146 71
55 147 78
55 148 35
55 149 67
55 150 22
55 151 79
55 152 14
55 153 36
55 154 43
55 155 49
55 156 73
55 157 24
55 158 78
55 159 77
56 57 34
56 58 49
56 59 6
56 60 98
56 61 4
56 62 14
56 63 92
56 64 48
56 65 87
56 66 20
56 67 12
56 68 42
56 69 70
56 70 39
56 71 14
56 72 65
56 73 76
56 74 54
56 75 65
56 76 71
56 77 73
56 78 36
56 79 12
56 80 4
56 81 82
56 82 50
56 83 34
56 84 42
56 85 50
56 86 62
56 87 11
56 88 60
56 89 90
56 90 36
56 91 97
56 92 82
56 93 25
56 94 42
56 95 57
56 96 9
56 97 65
56 98 81
56 99 76
56 100 41
56 101 65
56 102 99
56 103 37
56 104 80
56 105 11
56 106 37
56 107 78
56 108 94
56 109 90
56 110 41
56 111 97
56 112 90
56 113 57
56 114 93
56 115 96
56 116 76
56 117 93
56 118 93
56 119 74
56 120 46
56 121 78
56 122 69
56 123 79
56 124 69
56 125 25
56 126 57
56 127 57
56 128 35
56 129 40
56 130 78
56 131 6
56 132 56
56 133 77
56 134 29
56 135 67
56 136 6
56 137 19
56 138 38
56 139 20
56 140 16
56 141 64
56 142 80
56 143 46
56 144 4
56 145 53
56 146 47
56 147 95
56 148 68
56 149 4
56 150 79
56 151 14
56 152 83
56 153 61
56 154 100
56 155 83
56 156 46
56 157 12
56 158 25
56 159 47
57 58 59
57 59 25
57 60 94
57 61 88
57 62 93
57 63 87
57 64 12
57 65 12
57 66 50
57 67 31
57 68 51
57 69 31
57 70 26
57 71 94
57 72 85
57 73 17
57 74 5
57 75 64
57 76 63
57 77 100
57 78 28
57 79 6
57 80 6
57 81 26
57 82 38
57 83 11
57 84 25
57 85 84
57 86 41
57 87 39
57 88 30
57 89 46
57 90 27
57 91 4
57 92 23
57 93 3
57 94 4
57 95 56
57 96 12
57 97 69
57 98 76
57 99 42
57 100 46
57 101 28
57 102 35
57 103 37
57 104 90
57 105 4
57 106 25
57 107 33
57 108 27
57 109 52
57 110 65
57 111 81
57 112 27
57 113 85
57 114 42
57 115 18
57 116 81
57 117 49
57 118 33
57 119 31
57 120 26
57 121 52
57 122 33
57 123 79
57 124 12
57 125 30
57 126 50
57 127 53
57 128 56
57 129 35
57 130 5
57 131 44
57 132 74
57 133 47
57 134 4
57 135 97
57 136 33
57 137 8
57 138 22
57 139 49
57 140 61
57 141 37
57 142 55
57 143 1
57 144 71
57 145 77
57 146 92
57 147 14
57 148 31
57 149 3
57 150 27
57 151 97
57 152 65
57 153 72
57 154 68
57 155 99
57 156 89
57 157 89
57 158 7
57 159 32
58 59 49
58 60 42
58 61 55
58 62 58
58 63 87
58 64 71
58 65 21
58 66 48
58 67 79
58 68 8
58 69 61
58 70 67
58 71 95
58 72 55
58 73 79
58 74 74
58 75 14
58 76 11
58 77 28
58 78 31
58 79 23
58 80 48
58 81 61
58 82 21
58 83 44
58 84 23
58 85 87
58 86 51
58 87 90
58 88 82
58 89 26
58 90 14
58 91 80
58 92 40
58 93 58
58 94 4
58 95 82
58 96 80
58 97 29
58 98 77
58 99 29
58 100 67
58 101 87
58 102 78
58 103 54
58 104 77
58 105 97
58 106 37
58 107 35
58 108 55
58 109 70
58 110 65
58 111 13
58 112 79
58 113 33
58 114 72
58 115 93
58 116 92
58 117 65
58 118 94
58 119 66
58 120 85
58 121 84
58 122 97
58 123 67
58 124 7
58 125 88
58 126 42
58 127 52
58 128 51
58 129 99
58 130 1
58 131 4
58 132 89
58 133 37
58 134 48
58 135 43
58 136 55
58 137 20
58 138 94
58 139 87
58 140 93
58 141 42
58 142 72
58 143 92
58 144 98
58 145 29
58 146 39
58 147 88
58 148 57
58 149 42
58 150 64
58 151 96
58 152 24
58 153 2
58 154 70
58 155 58
58 156 60
58 157 76
58 158 27
58 159 1
59 60 63
59 61 21
59 62 100
59 63 26
59 64 37
59 65 55
59 66 32
59 67 99
59 68 95
59 69 93
59 70 99
59 71 64
59 72 85
59 73 40
59 74 3
59 75 31
59 76 58
59 77 34
59 78 46
59 79 98
59 80 71
59 81 43
59 82 16
59 83 49
59 84 59
59 85 58
59 86 27
59 87 41
59 88 95
59 89 76
59 90 93
59 91 95
59 92 15
59 93 5
59 94 45
59 95 64
59 96 66
59 97 5
59 98 44
59 99 50
59 100 19
59 101 9
59 102 13
59 103 41
59 104 52
59 105 29
59 106 38
59 107 64
59 108 79
59 109 80
59 110 94
59 111 69
59 112 52
59 113 37
59 114 85
59 115 93
59 116 76
59 117 79
59 118 84
59 119 88
59 120 15
59 121 84
59 122 96
59 123 81
59 124 17
59 125 95
59 126 48
59 127 56
59 128 62
59 129 80
59 130 95
59 131 59
59 132 11
59 133 28
59 134 76
59 135 63
59 136 28
59 137 34
59 138 82
59 139 70
59 140 17
59 141 35
59 142 32
59 143 44
59 144 89
59 145 84
59 146 14
59 147 53
59 148 61
59 149 76
59 150 18
59 151 19
59 152 62
59 153 19
59 154 29
59 155 48
59 156 22
59 157 13
59 158 12
59 159 51
60 61 18
60 62 34
60 63 47
60 64 8
60 65 44
60 66 46
60 67 82
60 68 14
60 69 82
60 70 100
60 71 30
60 72 43
60 73 81
60 74 9
60 75 99
60 76 78
60 77 97
60 78 28
60 79 27
60 80 100
60 81 21
60 82 51
60 83 65
60 84 43
60 85 47
60 86 92
60 87 24
60 88 7
60 89 34
60 90 77
60 91 82
60 92 41
60 93 64
60 94 77
60 95 88
60 96 66
60 97 91
60 98 46
60 99 46
60 100 86
60 101 58
60 102 3
60 103 43
60 104 27
60 105 37
60 106 51
60 107 63
60 108 27
60 109 79
60 110 88
60 111 82
60 112 53
60 113 98
60 114 49
60 115 41
60 116 50
60 117 42
60 118 64
60 119 52
60 120 16
60 121 91
60 122 94
60 123 52
60 124 98
60 125 27
60 126 56
60 127 47
60 128 28
60 129 81
60 130 77
60 131 58
60 132 29
60 133 55
60 134 42
60 135 30
60 136 17
60 137 80
60 138 98
60 139 48
60 140 39
60 141 61
60 142 32
60 143 11
60 144 81
60 145 74
60 146 69
60 147 72
60 148 3
60 149 58
60 150 46
60 151 18
60 152 21
60 153 24
60 154 30
60 155 17
60 156 56
60 157 50
60 158 54
60 159 81
61 62 34
61 63 27
61 64 9
61 65 11
61 66 89
61 67 39
61 68 46
61 69 23
61 70 97
61 71 63
61 72 70
61 73 78
61 74 11
61 75 57
61 76 76
61 77 65
61 78 20
61 79 88
61 80 31
61 81 73
61 82 21
61 83 25
61 84 42
61 85 23
61 86 44
61 87 20
61 88 18
61 89 1
61 90 53
61 91 50
61 92 30
61 93 5
61 94 52
61 95 82
61 96 11
61 97 77
61 98 46
61 99 70
61 100 6
61 101 51
61 102 57
61 103 78
61 104 98
61 105 15
61 106 26
61 107 88
61 108 61
61 109 47
61 110 34
61 111 15
61 112 55
61 113 18
61 114 51
61 115 50
61 116 37
61 117 9
61 118 44
61 119 84
61 120 27
61 121 30
61 122 53
61 123 82
61 124 48
61 125 26
61 126 41
61 127 75
61 128 77
61 129 71
61 130 10
61 131 77
61 132 24
61 133 79
61 134 91
61 135 14
61 136 56
61 137 56
61 138 64
61 139 80
61 140 2
61 141 89
61 142 72
61 143 24
61 144 43
61 145 21
61 146 86
61 147 48
61 148 22
61 149 13
61 150 47
61 151 46
61 152 59
61 153 46
61 154 36
61 155 96
61 156 69
61 157 19
61 158 75
61 159 9
62 63 27
62 64 62
62 65 91
62 66 32
62 67 61
62 68 11
62 69 22
62 70 29
62 71 52
62 72 73
62 73 4
62 74 29
62 75 36
62 76 89
62 77 7
62 78 94
62 79 33
62 80 5
62 81 96
62 82 71
62 83 68
62 84 2
62 85 5
62 86 87
62 87 19
62 88 23
62 89 35
62 90 39
62 91 19
62 92 19
62 93 37
62 94 93
62 95 79
62 96 66
62 97 36
62 98 20
62 99 90
62 100 14
62 101 99
62 102 22
62 103 37
62 104 87
62 105 62
62 106 2
62 107 42
62 108 89
62 109 94
62 110 86
62 111 10
62 112 97
62 113 14
62 114 57
62 115 18
62 116 41
62 117 66
62 118 92
62 119 53
62 120 28
62 121 8
62 122 38
62 123 96
62 124 29
62 125 66
62 126 9
62 127 62
62 128 33
62 129 25
62 130 63
62 131 28
62 132 49
62 133 41
62 134 83
62 135 80
62 136 100
62 137 31
62 138 66
62 139 3
62 140 78
62 141 16
62 142 95
62 143 17
62 144 25
62 145 23
62 146 81
62 147 6
62 148 49
62 149 10
62 150 78
62 151 52
62 152 81
62 153 67
62 154 35
62 155 3
62 156 32
62 157 38
62 158 32
62 159 79
63 64 74
63 65 74
63 66 76
63 67 85
63 68 60
63 69 6
63 70 52
63 71 21
63 72 34
63 73 40
63 74 13
63 75 53
63 76 90
63 77 86
63 78 19
63 79 16
63 80 90
63 81 26
63 82 41
63 83 32
63 84 22
63 85 29
63 86 4
63 87 56
63 88 96
63 89 72
63 90 67
63 91 1
63 92 19
63 93 68
63 94 76
63 95 74
63 96 85
63 97 34
63 98 93
63 99 84
63 100 40
63 101 36
63 102 17
63 103 70
63 104 90
63 105 2
63 106 71
63 107 2
63 108 34
63 109 30
63 110 98
63 111 15
63 112 16
63 113 79
63 114 14
63 115 7
63 116 22
63 117 91
63 118 69
63 119 87
63 120 5
63 121 85
63 122 7
63 123 56
63 124 94
63 125 21
63 126 34
63 127 45
63 128 39
63 129 93
63 130 75
63 131 33
63 132 65
63 133 85
63 134 11
63 135 28
63 136 97
63 137 9
63 138 50
63 139 57
63 140 38
63 141 52
63 142 9
63 143 67
63 144 97
63 145 85
63 146 100
63 147 98
63 148 38
63 149 38
63 150 6
63 151 72
63 152 36
63 153 12
63 154 17
63 155 84
63 156 62
63 157 91
63 158 14
63 159 30
64 65 35
64 66 95
64 67 19
64 68 92
64 69 51
64 70 98
64 71 34
64 72 79
64 73 77
64 74 14
64 75 16
64 76 58
64 77 18
64 78 33
64 79 22
64 80 46
64 81 66
64 82 58
64 83 28
64 84 87
64 85 86
64 86 42
64 87 66
64 88 10
64 89 22
64 90 69
64 91 90
64 92 98
64 93 17
64 94 78
64 95 51
64 96 64
64 97 29
64 98 95
64 99 100
64 100 53
64 101 38
64 102 78
64 103 43
64 104 25
64 105 61
64 106 88
64 107 93
64 108 97
64 109 74
64 110 34
64 111 89
64 112 28
64 113 93
64 114 60
64 115 75
64 116 94
64 117 91
64 118 74
64 119 82
64 120 22
64 121 13
64 122 84
64 123 94
64 124 61
64 125 9
64 126 70
64 127 6
64 128 64
64 129 50
64 130 97
64 131 4
64 132 21
64 133 28
64 134 13
64 135 23
64 136 10
64 137 19
64 138 74
64 139 30
64 140 47
64 141 74
64 142 31
64 143 82
64 144 6
64 145 40
64 146 8
64 147 10
64 148 20
64 149 49
64 150 47
64 151 49
64 152 14
64 153 60
64 154 97
64 155 90
64 156 65
64 157 49
64 158 70
64 159 88
65 66 76
65 67 35
65 68 56
65 69 58
65 70 28
65 71 81
65 72 42
65 73 13
65 74 73
65 75 77
65 76 45
65 77 21
65 78 92
65 79 97
65 80 31
65 81 47
65 82 98
65 83 53
65 84 3
65 85 19
65 86 45
65 87 99
65 88 64
65 89 82
65 90 6
65 91 57
65 92 25
65 93 10
65 94 68
65 95 4
65 96 59
65 97 80
65 98 97
65 99 100
65 100 11
65 101 54
65 102 12
65 103 8
65 104 50
65 105 20
65 106 12
65 107 87
65 108 30
65 109 58
65 110 68
65 111 66
65 112 28
65 113 19
65 114 29
65 115 13
65 116 70
65 117 77
65 118 30
65 119 97
65 120 5
65 121 94
65 122 72
65 123 64
65 124 99
65 125 45
65 126 87
65 127 59
65 128 20
65 129 66
65 130 76
65 131 95
65 132 84
65 133 90
65 134 26
65 135 89
65 136 15
65 137 81
65 138 22
65 139 92
65 140 98
65 141 27
65 142 1
65 143 21
65 144 18
65 145 56
65 146 76
65 147 67
65 148 41
65 149 2
65 150 21
65 151 35
65 152 77
65 153 15
65 154 21
65 155 11
65 156 54
65 157 18
65 158 68
65 159 46
66 67 5
66 68 77
66 69 4
66 70 56
66 71 81
66 72 80
66 73 95
66 74 69
66 75 73
66 76 52
66 77 20
66 78 92
66 79 32
66 80 59
66 81 88
66 82 7
66 83 74
66 84 62
66 85 87
66 86 44
66 87 18
66 88 80
66 89 45
66 90 26
66 91 45
66 92 15
66 93 13
66 94 26
66 95 17
66 96 64
66 97 61
66 98 31
66 99 60
66 100 56
66 101 89
66 102 75
66 103 39
66 104 16
66 105 15
66 106 25
66 107 28
66 108 75
66 109 26
66 110 38
66 111 40
66 112 20
66 113 20
66 114 59
66 115 25
66 116 72
66 117 67
66 118 15
66 119 94
66 120 76
66 121 69
66 122 87
66 123 75
66 124 29
66 125 52
66 126 70
66 127 90
66 128 1
66 129 7
66 130 90
66 131 9
66 132 73
66 133 70
66 134 11
66 135 35
66 136 53
66 137 98
66 138 25
66 139 99
66 140 78
66 141 19
66 142 76
66 143 69
66 144 46
66 145 42
66 146 11
66 147 45
66 148 32
66 149 60
66 150 66
66 151 27
66 152 28
66 153 24
66 154 73
66 155 85
66 156 56
66 157 47
66 158 72
66 159 70
67 68 79
67 69 67
67 70 23
67 71 6
67 72 86
67 73 29
67 74 92
67 75 88
67 76 81
67 77 88
67 78 9
67 79 42
67 80 23
67 81 97
67 82 74
67 83 7
67 84 43
67 85 44
67 86 68
67 87 87
67 88 76
67 89 80
67 90 36
67 91 82
67 92 99
67 93 80
67 94 99
67 95 84
67 96 49
67 97 34
67 98 1
67 99 24
67 100 96
67 101 9
67 102 47
67 103 11
67 104 27
67 105 75
67 106 32
67 107 34
67 108 85
67 109 23
67 110 23
67 111 41
67 112 16
67 113 57
67 114 25
67 115 21
67 116 70
67 117 85
67 118 18
67 119 12
67 120 7
67 121 80
67 122 48
67 123 60
67 124 96
67 125 25
67 126 30
67 127 93
67 128 71
67 129 74
67 130 35
67 131 86
67 132 46
67 133 75
67 134 16
67 135 96
67 136 24
67 137 86
67 138 21
67 139 97
67 140 43
67 141 3
67 142 51
67 143 65
67 144 63
67 145 3
67 146 78
67 147 91
67 148 39
67 149 31
67 150 75
67 151 91
67 152 46
67 153 55
67 154 38
67 155 60
67 156 55
67 157 94
67 158 9
67 159 40
68 69 34
68 70 64
68 71 17
68 72 36
68 73 32
68 74 17
68 75 44
68 76 17
68 77 17
68 78 80
68 79 51
68 80 88
68 81 61
68 82 10
68 83 9
68 84 66
68 85 7
68 86 58
68 87 62
68 88 99
68 89 75
68 90 91
68 91 73
68 92 47
68 93 34
68 94 47
68 95 85
68 96 36
68 97 95
68 98 49
68 99 56
68 100 29
68 101 12
68 102 67
68 103 5
68 104 56
68 105 4
68 106 31
68 107 6
68 108 9
68 109 42
68 110 4
68 111 31
68 112 16
68 113 23
68 114 34
68 115 38
68 116 70
68 117 10
68 118 63
68 119 69
68 120 43
68 121 77
68 122 29
68 123 36
68 124 49
68 125 10
68 126 90
68 127 19
68 128 51
68 129 9
68 130 44
68 131 83
68 132 44
68 133 68
68 134 87
68 135 44
68 136 32
68 137 42
68 138 70
68 139 5
68 140 91
68 141 60
68 142 96
68 143 94
68 144 16
68 145 29
68 146 81
68 147 72
68 148 64
68 149 5
68 150 65
68 151 92
68 152 32
68 153 84
68 154 23
68 155 81
68 156 1
68 157 26
68 158 45
68 159 79
69 70 92
69 71 19
69 72 88
69 73 1
69 74 87
69 75 82
69 76 58
69 77 51
69 78 68
69 79 23
69 80 92
69 81 10
69 82 44
69 83 19
69 84 29
69 85 65
69 86 83
69 87 5
69 88 48
69 89 17
69 90 17
69 91 68
69 92 26
69 93 12
69 94 39
69 95 95
69 96 60
69 97 19
69 98 52
69 99 95
69 100 8
69 101 14
69 102 21
69 103 98
69 104 11
69 105 29
69 106 42
69 107 94
69 108 86
69 109 3
69 110 53
69 111 69
69 112 89
69 113 95
69 114 32
69 115 9
69 116 54
69 117 88
69 118 49
69 119 47
69 120 51
69 121 30
69 122 7
69 123 88
69 124 90
69 125 18
69 126 21
69 127 69
69 128 43
69 129 31
69 130 15
69 131 42
69 132 86
69 133 10
69 134 87
69 135 62
69 136 41
69 137 86
69 138 54
69 139 88
69 140 91
69 141 57
69 142 93
69 143 78
69 144 40
69 145 14
69 146 13
69 147 82
69 148 4
69 149 5
69 150 52
69 151 90
69 152 76
69 153 100
69 154 56
69 155 78
69 156 26
69 157 43
69 158 63
69 159 15
70 71 49
70 72 35
70 73 98
70 74 52
70 75 98
70 76 51
70 77 29
70 78 40
70 79 57
70 80 5
70 81 42
70 82 1
70 83 93
70 84 20
70 85 58
70 86 65
70 87 21
70 88 45
70 89 87
70 90 75
70 91 60
70 92 30
70 93 52
70 94 18
70 95 89
70 96 82
70 97 40
70 98 20
70 99 39
70 100 52
70 101 84
70 102 73
70 103 25
70 104 59
70 105 93
70 106 18
70 107 32
70 108 36
70 109 23
70 110 90
70 111 55
70 112 36
70 113 75
70 114 55
70 115 18
70 116 68
70 117 36
70 118 47
70 119 41
70 120 80
70 121 61
70 122 40
70 123 71
70 124 97
70 125 51
70 126 100
70 127 72
70 128 87
70 129 20
70 130 73
70 131 69
70 132 66
70 133 67
70 134 3
70 135 62
70 136 99
70 137 47
70 138 58
70 139 91
70 140 90
70 141 77
70 142 76
70 143 79
70 144 5
70 145 46
70 146 58
70 147 6
70 148 50
70 149 44
70 150 1
70 151 9
70 152 62
70 153 52
70 154 94
70 155 3
70 156 34
70 157 34
70 158 48
70 159 76
71 72 74
71 73 78
71 74 95
71 75 1
71 76 84
71 77 23
71 78 32
71 79 35
71 80 80
71 81 11
71 82 68
71 83 99
71 84 9
71 85 68
71 86 65
71 87 82
71 88 63
71 89 45
71 90 95
71 91 8
71 92 49
71 93 79
71 94 33
71 95 67
71 96 20
71 97 89
71 98 30
71 99 42
71 100 67
71 101 61
71 102 59
71 103 57
71 104 83
71 105 49
71 106 12
71 107 21
71 108 94
71 109 44
71 110 47
71 111 90
71 112 93
71 113 81
71 114 86
71 115 64
71 116 72
71 117 88
71 118 45
71 119 90
71 120 6
71 121 68
71 122 49
71 123 45
71 124 16
71 125 91
71 126 31
71 127 34
71 128 89
71 129 84
71 130 45
71 131 39
71 132 86
71 133 5
71 134 91
71 135 46
71 136 1
71 137 83
71 138 68
71 139 44
71 140 24
71 141 31
71 142 86
71 143 29
71 144 10
71 145 55
71 146 55
71 147 85
71 148 12
71 149 38
71 150 98
71 151 66
71 152 14
71 153 7
71 154 69
71 155 50
71 156 52
71 157 39
71 158 83
71 159 64
72 73 10
72 74 77
72 75 54
72 76 84
72 77 18
72 78 51
72 79 93
72 80 65
72 81 37
72 82 19
72 83 51
72 84 11
72 85 86
72 86 48
72 87 85
72 88 39
72 89 8
72 90 4
72 91 15
72 92 62
72 93 49
72 94 74
72 95 45
72 96 21
72 97 81
72 98 39
72 99 21
72 100 85
72 101 91
72 102 9
72 103 48
72 104 94
72 105 79
72 106 62
72 107 70
72 108 63
72 109 16
72 110 6
72 111 88
72 112 49
72 113 17
72 114 4
72 115 80
72 116 90
72 117 14
72 118 13
72 119 27
72 120 57
72 121 20
72 122 83
72 123 36
72 124 70
72 125 43
72 126 84
72 127 18
72 128 57
72 129 2
72 130 7
72 131 55
72 132 84
72 133 92
72 134 15
72 135 61
72 136 26
72 137 7
72 138 26
72 139 29
72 140 87
72 141 40
72 142 18
72 143 21
72 144 29
72 145 79
72 146 70
72 147 5
72 148 48
72 149 5
72 150 60
72 151 48
72 152 38
72 153 67
72 154 46
72 155 36
72 156 5
72 157 83
72 158 72
72 159 12
73 74 6
73 75 5
73 76 3
73 77 28
73 78 70
73 79 8
73 80 57
73 81 44
73 82 93
73 83 67
73 84 72
73 85 75
73 86 83
73 87 3
73 88 26
73 89 50
73 90 38
73 91 17
73 92 84
73 93 26
73 94 51
73 95 68
73 96 86
73 97 51
73 98 59
73 99 86
73 100 78
73 101 51
73 102 35
73 103 78
73 104 9
73 105 63
73 106 37
73 107 27
73 108 70
73 109 4
73 110 26
73 111 66
73 112 78
73 113 26
73 114 91
73 115 61
73 116 45
73 117 40
73 118 28
73 119 81
73 120 89
73 121 76
73 122 50
73 123 93
73 124 95
73 125 83
73 126 4
73 127 67
73 128 10
73 129 56
73 130 72
73 131 44
73 132 24
73 133 60
73 134 60
73 135 40
73 136 81
73 137 51
73 138 43
73 139 54
73 140 27
73 141 2
73 142 93
73 143 51
73 144 100
73 145 39
73 146 2
73 147 88
73 148 83
73 149 96
73 150 88
73 151 26
73 152 13
73 153 68
73 154 88
73 155 56
73 156 1
73 157 26
73 158 29
73 159 94
74 75 22
74 76 90
74 77 80
74 78 71
74 79 85
74 80 3
74 81 57
74 82 97
74 83 32
74 84 73
74 85 83
74 86 10
74 87 55
74 88 25
74 89 81
74 90 67
74 91 48
74 92 2
74 93 2
74 94 28
74 95 87
74 96 57
74 97 8
74 98 38
74 99 69
74 100 89
74 101 17
74 102 61
74 103 45
74 104 43
74 105 37
74 106 19
74 107 72
74 108 25
74 109 92
74 110 11
74 111 97
74 112 86
74 113 4
74 114 20
74 115 37
74 116 37
74 117 11
74 118 62
74 119 17
74 120 95
74 121 71
74 122 81
74 123 45
74 124 17
74 125 72
74 126 18
74 127 58
74 128 86
74 129 48
74 130 24
74 131 84
74 132 25
74 133 29
74 134 15
74 135 63
74 136 36
74 137 21
74 138 90
74 139 38
74 140 51
74 141 94
74 142 49
74 143 6
74 144 68
74 145 64
74 146 55
74 147 40
74 148 54
74 149 35
74 150 38
74 151 93
74 152 87
74 153 28
74 154 71
74 155 9
74 156 99
74 157 63
74 158 40
74 159 34
75 76 70
75 77 79
75 78 17
75 79 88
75 80 78
75 81 91
75 82 40
75 83 97
75 84 84
75 85 60
75 86 60
75 87 24
75 88 26
75 89 42
75 90 37
75 91 61
75 92 45
75 93 24
75 94 72
75 95 18
75 96 59
75 97 1
75 98 62
75 99 59
75 100 27
75 101 73
75 102 88
75 103 98
75 104 37
75 105 59
75 106 89
75 107 78
75 108 19
75 109 74
75 110 45
75 111 8
75 112 10
75 113 74
75 114 88
75 115 79
75 116 39
75 117 70
75 118 9
75 119 91
75 120 52
75 121 75
75 122 56
75 123 84
75 124 81
75 125 45
75 126 19
75 127 36
75 128 89
75 129 41
75 130 66
75 131 66
75 132 67
75 133 40
75 134 13
75 135 89
75 136 48
75 137 40
75 138 8
75 139 29
75 140 78
75 141 75
75 142 76
75 143 97
75 144 59
75 145 35
75 146 23
75 147 50
75 148 77
75 149 51
75 150 51
75 151 73
75 152 44
75 153 1
75 154 82
75 155 30
75 156 31
75 157 89
75 158 9
75 159 63
76 77 12
76 78 100
76 79 67
76 80 72
76 81 44
76 82 19
76 83 4
76 84 93
76 85 24
76 86 56
76 87 43
76 88 38
76 89 65
76 90 91
76 91 78
76 92 9
76 93 9
76 94 13
76 95 16
76 96 77
76 97 43
76 98 25
76 99 50
76 100 45
76 101 74
76 102 8
76 103 46
76 104 72
76 105 82
76 106 87
76 107 17
76 108 9
76 109 57
76 110 52
76 111 22
76 112 6
76 113 38
76 114 88
76 115 55
76 116 88
76 117 5
76 118 47
76 119 37
76 120 44
76 121 14
76 122 40
76 123 76
76 124 7
76 125 19
76 126 24
76 127 74
76 128 26
76 129 74
76 130 71
76 131 47
76 132 35
76 133 80
76 134 25
76 135 96
76 136 47
76 137 23
76 138 36
76 139 9
76 140 72
76 141 65
76 142 74
76 143 51
76 144 18
76 145 15
76 146 100
76 147 25
76 148 99
76 149 1
76 150 21
76 151 72
76 152 74
76 153 83
76 154 91
76 155 72
76 156 14
76 157 79
76 158 75
76 159 74
77 78 30
77 79 80
77 80 28
77 81 90
77 82 57
77 83 56
77 84 80
77 85 75
77 86 72
77 87 26
77 88 22
77 89 35
77 90 47
77 91 24
77 92 32
77 93 11
77 94 9
77 95 58
77 96 100
77 97 33
77 98 95
77 99 56
77 100 75
77 101 79
77 102 59
77 103 84
77 104 15
77 105 17
77 106 67
77 107 16
77 108 58
77 109 64
77 110 50
77 111 58
77 112 19
77 113 11
77 114 41
77 115 14
77 116 13
77 117 47
77 118 64
77 119 61
77 120 31
77 121 91
77 122 86
77 123 7
77 124 24
77 125 24
77 126 45
77 127 51
77 128 5
77 129 92
77 130 84
77 131 88
77 132 86
77 133 55
77 134 31
77 135 70
77 136 50
77 137 5
77 138 34
77 139 12
77 140 6
77 141 19
77 142 10
77 143 15
77 144 30
77 145 37
77 146 50
77 147 57
77 148 1
77 149 95
77 150 78
77 151 42
77 152 61
77 153 42
77 154 68
77 155 85
77 156 48
77 157 32
77 158 85
77 159 10
78 79 9
78 80 87
78 81 68
78 82 75
78 83 17
78 84 81
78 85 93
78 86 52
78 87 18
78 88 68
78 89 58
78 90 91
78 91 74
78 92 83
78 93 71
78 94 27
78 95 18
78 96 80
78 97 67
78 98 54
78 99 80
78 100 70
78 101 12
78 102 59
78 103 100
78 104 17
78 105 49
78 106 53
78 107 42
78 108 42
78 109 13
78 110 24
78 111 49
78 112 98
78 113 93
78 114 90
78 115 56
78 116 53
78 117 18
78 118 63
78 119 65
78 120 75
78 121 17
78 122 27
78 123 41
78 124 59
78 125 27
78 126 43
78 127 87
78 128 50
78 129 94
78 130 78
78 131 93
78 132 42
78 133 70
78 134 55
78 135 46
78 136 35
78 137 51
78 138 38
78 139 37
78 140 25
78 141 18
78 142 5
78 143 17
78 144 78
78 145 6
78 146 32
78 147 70
78 148 25
78 149 75
78 150 72
78 151 87
78 152 47
78 153 71
78 154 61
78 155 69
78 156 13
78 157 97
78 158 58
78 159 44
79 80 98
79 81 90
79 82 94
79 83 34
79 84 93
79 85 13
79 86 69
79 87 62
79 88 35
79 89 79
79 90 93
79 91 12
79 92 52
79 93 37
79 94 20
79 95 9
79 96 72
79 97 69
79 98 12
79 99 85
79 100 54
79 101 3
79 102 55
79 103 64
79 104 41
79 105 42
79 106 95
79 107 56
79 108 49
79 109 97
79 110 48
79 111 15
79 112 47
79 113 30
79 114 60
79 115 42
79 116 72
79 117 25
79 118 14
79 119 6
79 120 70
79 121 82
79 122 26
79 123 4
79 124 75
79 125 96
79 126 26
79 127 83
79 128 100
79 129 62
79 130 64
79 131 66
79 132 94
79 133 7
79 134 85
79 135 78
79 136 11
79 137 1
79 138 92
79 139 84
79 140 44
79 141 29
79 142 79
79 143 77
79 144 84
79 145 87
79 146 79
79 147 67
79 148 49
79 149 7
79 150 63
79 151 4
79 152 90
79 153 70
79 154 92
79 155 28
79 156 52
79 157 17
79 158 54
79 159 71
80 81 33
80 82 2
80 83 41
80 84 58
80 85 28
80 86 30
80 87 62
80 88 85
80 89 8
80 90 24
80 91 3
80 92 99
80 93 30
80 94 25
80 95 73
80 96 9
80 97 29
80 98 64
80 99 15
80 100 98
80 101 96
80 102 15
80 103 1
80 104 15
80 105 99
80 106 29
80 107 53
80 108 40
80 109 50
80 110 21
80 111 69
80 112 13
80 113 92
80 114 76
80 115 34
80 116 7
80 117 30
80 118 40
80 119 49
80 120 69
80 121 12
80 122 9
80 123 57
80 124 6
80 125 55
80 126 32
80 127 58
80 128 76
80 129 10
80 130 5
80 131 58
80 132 27
80 133 75
80 134 99
80 135 89
80 136 96
80 137 24
80 138 99
80 139 34
80 140 49
80 141 47
80 142 70
80 143 72
80 144 49
80 145 32
80 146 26
80 147 34
80 148 16
80 149 88
80 150 15
80 151 64
80 152 69
80 153 76
80 154 5
80 155 56
80 156 61
80 157 15
80 158 15
80 159 71
81 82 21
81 83 77
81 84 83
81 85 21
81 86 67
81 87 47
81 88 70
81 89 99
81 90 7
81 91 47
81 92 6
81 93 84
81 94 61
81 95 17
81 96 79
81 97 3
81 98 87
81 99 81
81 100 36
81 101 86
81 102 58
81 103 71
81 104 96
81 105 11
81 106 45
81 107 88
81 108 49
81 109 40
81 110 53
81 111 11
81 112 48
81 113 77
81 114 21
81 115 42
81 116 23
81 117 78
81 118 29
81 119 22
81 120 27
81 121 100
81 122 99
81 123 51
81 124 46
81 125 90
81 126 70
81 127 69
81 128 50
81 129 75
81 130 87
81 131 37
81 132 41
81 133 80
81 134 13
81 135 5
81 136 69
81 137 83
81 138 90
81 139 57
81 140 37
81 141 31
81 142 63
81 143 95
81 144 61
81 145 68
81 146 73
81 147 56
81 148 6
81 149 43
81 150 72
81 151 36
81 152 95
81 153 50
81 154 73
81 155 100
81 156 79
81 157 77
81 158 30
81 159 90
82 83 48
82 84 11
82 85 21
82 86 30
82 87 78
82 88 19
82 89 54
82 90 57
82 91 68
82 92 57
82 93 97
82 94 10
82 95 2
82 96 48
82 97 14
82 98 9
82 99 33
82 100 39
82 101 46
82 102 24
82 103 98
82 104 77
82 105 82
82 106 66
82 107 76
82 108 47
82 109 66
82 110 44
82 111 73
82 112 43
82 113 74
82 114 15
82 115 43
82 116 26
82 117 93
82 118 46
82 119 46
82 120 15
82 121 26
82 122 52
82 123 49
82 124 83
82 125 53
82 126 2
82 127 74
82 128 81
82 129 35
82 130 64
82 131 29
82 132 96
82 133 7
82 134 62
82 135 95
82 136 74
82 137 65
82 138 65
82 139 33
82 140 31
82 141 42
82 142 37
82 143 16
82 144 68
82 145 41
82 146 66
82 147 17
82 148 13
82 149 75
82 150 82
82 151 16
82 152 53
82 153 65
82 154 1
82 155 93
82 156 6
82 157 88
82 158 39
82 159 40
83 84 48
83 85 84
83 86 4
83 87 84
83 88 32
83 89 74
83 90 19
83 91 11
83 92 1
83 93 48
83 94 4
83 95 30
83 96 10
83 97 56
83 98 93
83 99 34
83 100 73
83 101 7
83 102 59
83 103 69
83 104 20
83 105 100
83 106 86
83 107 53
83 108 99
83 109 6
83 110 80
83 111 77
83 112 39
83 113 65
83 114 9
83 115 70
83 116 2
83 117 19
83 118 69
83 119 36
83 120 42
83 121 51
83 122 24
83 123 13
83 124 22
83 125 100
83 126 75
83 127 14
83 128 79
83 129 56
83 130 99
83 131 90
83 132 47
83 133 93
83 134 42
83 135 70
83 136 84
83 137 96
83 138 35
83 139 84
83 140 66
83 141 24
83 142 82
83 143 24
83 144 1
83 145 53
83 146 92
83 147 91
83 148 85
83 149 4
83 150 76
83 151 58
83 152 50
83 153 88
83 154 8
83 155 85
83 156 60
83 157 84
83 158 17
83 159 79
84 85 44
84 86 32
84 87 70
84 88 71
84 89 29
84 90 22
84 91 82
84 92 27
84 93 93
84 94 33
84 95 12
84 96 24
84 97 49
84 98 53
84 99 56
84 100 60
84 101 2
84 102 72
84 103 1
84 104 22
84 105 1
84 106 89
84 107 74
84 108 84
84 109 100
84 110 50
84 111 80
84 112 96
84 113 65
84 114 17
84 115 66
84 116 95
84 117 52
84 118 88
84 119 87
84 120 58
84 121 8
84 122 31
84 123 11
84 124 9
84 125 72
84 126 45
84 127 21
84 128 56
84 129 40
84 130 76
84 131 56
84 132 48
84 133 61
84 134 37
84 135 21
84 136 84
84 137 21
84 138 52
84 139 49
84 140 90
84 141 42
84 142 22
84 143 14
84 144 76
84 145 46
84 146 93
84 147 73
84 148 22
84 149 90
84 150 80
84 151 54
84 152 79
84 153 22
84 154 47
84 155 36
84 156 1
84 157 72
84 158 92
84 159 84
85 86 11
85 87 13
85 88 69
85 89 92
85 90 83
85 91 12
85 92 50
85 93 3
85 94 95
85 95 91
85 96 20
85 97 54
85 98 2
85 99 62
85 100 33
85 101 43
85 102 62
85 103 52
85 104 9
85 105 50
85 106 51
85 107 17
85 108 39
85 109 99
85 110 18
85 111 7
85 112 24
85 113 53
85 114 66
85 115 76
85 116 63
85 117 33
85 118 64
85 119 100
85 120 95
85 121 5
85 122 51
85 123 71
85 124 55
85 125 47
85 126 25
85 127 76
85 128 86
85 129 43
85 130 66
85 131 64
85 132 95
85 133 28
85 134 22
85 135 52
85 136 65
85 137 8
85 138 66
85 139 38
85 140 57
85 141 34
85 142 98
85 143 95
85 144 95
85 145 82
85 146 9
85 147 49
85 148 62
85 149 90
85 150 78
85 151 48
85 152 80
85 153 43
85 154 70
85 155 17
85 156 85
85 157 72
85 158 17
85 159 42
86 87 15
86 88 67
86 89 24
86 90 73
86 91 47
86 92 22
86 93 82
86 94 14
86 95 18
86 96 47
86 97 13
86 98 84
86 99 46
86 100 67
86 101 36
86 102 97
86 103 58
86 104 33
86 105 43
86 106 66
86 107 60
86 108 15
86 109 46
86 110 34
86 111 97
86 112 74
86 113 3
86 114 40
86 115 66
86 116 90
86 117 60
86 118 35
86 119 60
86 120 81
86 121 39
86 122 60
86 123 17
86 124 56
86 125 6
86 126 31
86 127 8
86 128 94
86 129 33
86 130 78
86 131 82
86 132 52
86 133 33
86 134 73
86 135 60
86 136 42
86 137 26
86 138 30
86 139 96
86 140 32
86 141 74
86 142 15
86 143 86
86 144 75
86 145 42
86 146 82
86 147 70
86 148 49
86 149 61
86 150 75
86 151 23
86 152 44
86 153 88
86 154 22
86 155 20
86 156 17
86 157 6
86 158 18
86 159 42
87 88 67
87 89 97
87 90 67
87 91 19
87 92 89
87 93 2
87 94 42
87 95 36
87 96 82
87 97 89
87 98 53
87 99 97
87 100 52
87 101 97
87 102 5
87 103 65
87 104 4
87 105 38
87 106 57
87 107 56
87 108 59
87 109 21
87 110 16
87 111 67
87 112 81
87 113 76
87 114 63
87 115 56
87 116 50
87 117 81
87 118 34
87 119 37
87 120 89
87 121 65
87 122 40
87 123 41
87 124 69
87 125 54
87 126 20
87 127 52
87 128 15
87 129 88
87 130 96
87 131 48
87 132 42
87 133 9
87 134 89
87 135 13
87 136 14
87 137 36
87 138 74
87 139 79
87 140 54
87 141 41
87 142 94
87 143 13
87 144 59
87 145 83
87 146 64
87 147 83
87 148 28
87 149 77
87 150 55
87 151 2
87 152 67
87 153 39
87 154 70
87 155 60
87 156 82
87 157 61
87 158 11
87 159 78
88 89 47
88 90 84
88 91 53
88 92 87
88 93 92
88 94 9
88 95 67
88 96 44
88 97 65
88 98 98
88 99 96
88 100 82
88 101 88
88 102 31
88 103 23
88 104 9
88 105 43
88 106 13
88 107 100
88 108 98
88 109 20
88 110 57
88 111 83
88 112 37
88 113 61
88 114 41
88 115 44
88 116 44
88 117 44
88 118 68
88 119 48
88 120 66
88 121 92
88 122 44
88 123 75
88 124 95
88 125 79
88 126 86
88 127 18
88 128 28
88 129 99
88 130 74
88 131 28
88 132 25
88 133 46
88 134 10
88 135 59
88 136 56
88 137 71
88 138 30
88 139 84
88 140 72
88 141 94
88 142 81
88 143 72
88 144 66
88 145 81
88 146 43
88 147 83
88 148 89
88 149 81
88 150 45
88 151 17
88 152 51
88 153 25
88 154 28
88 155 68
88 156 68
88 157 86
88 158 88
88 159 19
89 90 46
89 91 34
89 92 21
89 93 38
89 94 26
89 95 12
89 96 94
89 97 72
89 98 84
89 99 87
89 100 79
89 101 47
89 102 62
89 103 20
89 104 63
89 105 56
89 106 34
89 107 11
89 108 7
89 109 3
89 110 3
89 111 94
89 112 9
89 113 79
89 114 28
89 115 44
89 116 4
89 117 18
89 118 34
89 119 93
89 120 84
89 121 62
89 122 78
89 123 94
89 124 73
89 125 100
89 126 98
89 127 75
89 128 46
89 129 86
89 130 19
89 131 99
89 132 15
89 133 31
89 134 16
89 135 69
89 136 41
89 137 61
89 138 20
89 139 69
89 140 93
89 141 62
89 142 88
89 143 37
89 144 60
89 145 92
89 146 72
89 147 99
89 148 40
89 149 66
89 150 71
89 151 76
89 152 69
89 153 69
89 154 11
89 155 99
89 156 75
89 157 31
89 158 24
89 159 65
90 91 43
90 92 48
90 93 13
90 94 21
90 95 73
90 96 55
90 97 86
90 98 21
90 99 6
90 100 45
90 101 26
90 102 32
90 103 48
90 104 65
90 105 58
90 106 80
90 107 29
90 108 59
90 109 70
90 110 18
90 111 88
90 112 51
90 113 21
90 114 47
90 115 74
90 116 33
90 117 96
90 118 40
90 119 91
90 120 12
90 121 7
90 122 43
90 123 68
90 124 86
90 125 59
90 126 98
90 127 66
90 128 99
90 129 11
90 130 87
90 131 61
90 132 59
90 133 15
90 134 31
90 135 67
90 136 63
90 137 92
90 138 10
90 139 16
90 140 23
90 141 41
90 142 35
90 143 91
90 144 94
90 145 21
90 146 64
90 147 33
90 148 60
90 149 63
90 150 85
90 151 31
90 152 20
90 153 11
90 154 58
90 155 24
90 156 87
90 157 11
90 158 20
90 159 8
91 92 27
91 93 85
91 94 8
91 95 93
91 96 42
91 97 31
91 98 98
91 99 22
91 100 12
91 101 24
91 102 18
91 103 77
91 104 21
91 105 27
91 106 99
91 107 67
91 108 83
91 109 12
91 110 78
91 111 71
91 112 89
91 113 3
91 114 28
91 115 59
91 116 37
91 117 49
91 118 40
91 119 89
91 120 12
91 121 3
91 122 83
91 123 63
91 124 62
91 125 39
91 126 47
91 127 92
91 128 13
91 129 51
91 130 33
91 131 98
91 132 7
91 133 29
91 134 66
91 135 33
91 136 64
91 137 36
91 138 76
91 139 92
91 140 12
91 141 74
91 142 68
91 143 81
91 144 9
91 145 91
91 146 74
91 147 23
91 148 8
91 149 78
91 150 42
91 151 41
91 152 55
91 153 61
91 154 24
91 155 73
91 156 98
91 157 43
91 158 80
91 159 54
92 93 75
92 94 13
92 95 77
92 96 93
92 97 34
92 98 6
92 99 45
92 100 42
92 101 33
92 102 48
92 103 22
92 104 24
92 105 80
92 106 41
92 107 42
92 108 18
92 109 95
92 110 13
92 111 98
92 112 39
92 113 10
92 114 58
92 115 4
92 116 51
92 117 62
92 118 39
92 119 11
92 120 6
92 121 29
92 122 65
92 123 22
92 124 65
92 125 33
92 126 87
92 127 12
92 128 34
92 129 64
92 130 14
92 131 28
92 132 39
92 133 67
92 134 68
92 135 49
92 136 97
92 137 88
92 138 59
92 139 23
92 140 87
92 141 49
92 142 48
92 143 18
92 144 56
92 145 1
92 146 58
92 147 29
92 148 10
92 149 58
92 150 32
92 151 53
92 152 30
92 153 90
92 154 28
92 155 26
92 156 33
92 157 86
92 158 78
92 159 17
93 94 12
93 95 77
93 96 7
93 97 74
93 98 94
93 99 27
93 100 18
93 101 48
93 102 92
93 103 24
93 104 10
93 105 51
93 106 39
93 107 99
93 108 35
93 109 87
93 110 7
93 111 27
93 112 42
93 113 9
93 114 78
93 115 85
93 116 88
93 117 93
93 118 53
93 119 83
93 120 15
93 121 57
93 122 29
93 123 18
93 124 77
93 125 66
93 126 7
93 127 79
93 128 12
93 129 71
93 130 67
93 131 7
93 132 80
93 133 28
93 134 17
93 135 18
93 136 71
93 137 30
93 138 55
93 139 25
93 140 2
93 141 66
93 142 17
93 143 93
93 144 32
93 145 82
93 146 38
93 147 75
93 148 51
93 149 79
93 150 11
93 151 57
93 152 75
93 153 100
93 154 6
93 155 14
93 156 96
93 157 3
93 158 72
93 159 56
94 95 24
94 96 91
94 97 2
94 98 33
94 99 44
94 100 5
94 101 4
94 102 100
94 103 51
94 104 94
94 105 65
94 106 61
94 107 20
94 108 28
94 109 3
94 110 54
94 111 80
94 112 34
94 113 27
94 114 34
94 115 45
94 116 42
94 117 73
94 118 92
94 119 8
94 120 6
94 121 98
94 122 43
94 123 87
94 124 45
94 125 34
94 126 98
94 127 47
94 128 46
94 129 29
94 130 71
94 131 19
94 132 3
94 133 57
94 134 93
94 135 34
94 136 78
94 137 36
94 138 91
94 139 74
94 140 51
94 141 59
94 142 3
94 143 95
94 144 85
94 145 95
94 146 3
94 147 84
94 148 41
94 149 29
94 150 88
94 151 22
94 152 99
94 153 67
94 154 92
94 155 100
94 156 35
94 157 84
94 158 90
94 159 61
95 96 49
95 97 65
95 98 56
95 99 75
95 100 46
95 101 92
95 102 20
95 103 12
95 104 21
95 105 23
95 106 65
95 107 29
95 108 95
95 109 57
95 110 10
95 111 48
95 112 83
95 113 54
95 114 44
95 115 58
95 116 64
95 117 51
95 118 92
95 119 62
95 120 48
95 121 4
95 122 51
95 123 77
95 124 35
95 125 66
95 126 35
95 127 74
95 128 5
95 129 71
95 130 13
95 131 73
95 132 45
95 133 41
95 134 14
95 135 50
95 136 92
95 137 27
95 138 39
95 139 92
95 140 77
95 141 31
95 142 73
95 143 12
95 144 44
95 145 33
95 146 66
95 147 22
95 148 79
95 149 76
95 150 55
95 151 96
95 152 25
95 153 68
95 154 48
95 155 53
95 156 100
95 157 24
95 158 58
95 159 25
96 97 86
96 98 41
96 99 6
96 100 87
96 101 54
96 102 48
96 103 59
96 104 88
96 105 36
96 106 47
96 107 19
96 108 14
96 109 76
96 110 85
96 111 94
96 112 11
96 113 30
96 114 37
96 115 17
96 116 90
96 117 29
96 118 71
96 119 47
96 120 35
96 121 60
96 122 78
96 123 80
96 124 74
96 125 59
96 126 37
96 127 10
96 128 11
96 129 37
96 130 87
96 131 33
96 132 96
96 133 52
96 134 56
96 135 73
96 136 97
96 137 81
96 138 34
96 139 57
96 140 73
96 141 92
96 142 41
96 143 91
96 144 57
96 145 90
96 146 14
96 147 6
96 148 9
96 149 24
96 150 50
96 151 55
96 152 63
96 153 37
96 154 65
96 155 100
96 156 30
96 157 44
96 158 6
96 159 57
97 98 11
97 99 68
97 100 3
97 101 99
97 102 95
97 103 54
97 104 2
97 105 23
97 106 23
97 107 57
97 108 40
97 109 94
97 110 83
97 111 1
97 112 49
97 113 1
97 114 56
97 115 70
97 116 55
97 117 15
97 118 94
97 119 79
97 120 83
97 121 20
97 122 22
97 123 21
97 124 25
97 125 100
97 126 45
97 127 39
97 128 6
97 129 48
97 130 9
97 131 34
97 132 62
97 133 88
97 134 25
97 135 6
97 136 38
97 137 43
97 138 100
97 139 96
97 140 100
97 141 55
97 142 19
97 143 36
97 144 54
97 145 94
97 146 21
97 147 94
97 148 1
97 149 20
97 150 54
97 151 52
97 152 74
97 153 69
97 154 14
97 155 87
97 156 37
97 157 97
97 158 62
97 159 95
98 99 46
98 100 46
98 101 19
98 102 63
98 103 72
98 104 10
98 105 90
98 106 17
98 107 18
98 108 47
98 109 85
98 110 44
98 111 12
98 112 97
98 113 87
98 114 33
98 115 56
98 116 92
98 117 81
98 118 14
98 119 66
98 120 79
98 121 44
98 122 51
98 123 45
98 124 20
98 125 7
98 126 17
98 127 54
98 128 41
98 129 13
98 130 98
98 131 20
98 132 59
98 133 64
98 134 85
98 135 23
98 136 100
98 137 77
98 138 73
98 139 4
98 140 60
98 141 42
98 142 33
98 143 3
98 144 41
98 145 67
98 146 99
98 147 9
98 148 49
98 149 6
98 150 45
98 151 48
98 152 64
98 153 69
98 154 26
98 155 72
98 156 27
98 157 100
98 158 53
98 159 90
99 100 22
99 101 11
99 102 69
99 103 57
99 104 33
99 105 95
99 106 12
99 107 71
99 108 72
99 109 32
99 110 53
99 111 85
99 112 80
99 113 33
99 114 9
99 115 96
99 116 95
99 117 85
99 118 48
99 119 99
99 120 29
99 121 46
99 122 60
99 123 97
99 124 79
99 125 28
99 126 12
99 127 51
99 128 38
99 129 30
99 130 24
99 131 92
99 132 53
99 133 68
99 134 6
99 135 46
99 136 20
99 137 15
99 138 3
99 139 28
99 140 75
99 141 41
99 142 94
99 143 90
99 144 58
99 145 52
99 146 68
99 147 21
99 148 58
99 149 41
99 150 84
99 151 35
99 152 61
99 153 40
99 154 55
99 155 74
99 156 31
99 157 9
99 158 81
99 159 88
100 101 85
100 102 71
100 103 59
100 104 50
100 105 45
100 106 36
100 107 86
100 108 22
100 109 86
100 110 54
100 111 50
100 112 54
100 113 41
100 114 54
100 115 26
100 116 20
100 117 50
100 118 86
100 119 86
100 120 9
100 121 31
100 122 83
100 123 100
100 124 88
100 125 72
100 126 40
100 127 10
100 128 5
100 129 90
100 130 29
100 131 98
100 132 51
100 133 56
100 134 10
100 135 15
100 136 91
100 137 20
100 138 27
100 139 75
100 140 57
100 141 39
100 142 32
100 143 7
100 144 40
100 145 30
100 146 22
100 147 30
100 148 96
100 149 22
100 150 53
100 151 36
100 152 59
100 153 84
100 154 56
100 155 4
100 156 94
100 157 8
100 158 43
100 159 1
101 102 79
101 103 53
101 104 28
101 105 47
101 106 50
101 107 65
101 108 82
101 109 41
101 110 65
101 111 65
101 112 70
101 113 60
101 114 78
101 115 61
101 116 21
101 117 13
101 118 97
101 119 83
101 120 78
101 121 67
101 122 35
101 123 58
101 124 54
101 125 97
101 126 61
101 127 71
101 128 66
101 129 17
101 130 30
101 131 24
101 132 98
101 133 67
101 134 53
101 135 49
101 136 77
101 137 77
101 138 48
101 139 56
101 140 52
101 141 46
101 142 56
101 143 19
101 144 15
101 145 91
101 146 7
101 147 66
101 148 61
101 149 44
101 150 85
101 151 22
101 152 40
101 153 64
101 154 68
101 155 96
101 156 8
101 157 82
101 158 5
101 159 12
102 103 56
102 104 4
102 105 19
102 106 65
102 107 67
102 108 37
102 109 22
102 110 78
102 111 50
102 112 11
102 113 46
102 114 33
102 115 96
102 116 38
102 117 7
102 118 59
102 119 58
102 120 71
102 121 88
102 122 44
102 123 61
102 124 40
102 125 58
102 126 61
102 127 86
102 128 98
102 129 97
102 130 48
102 131 5
102 132 73
102 133 55
102 134 43
102 135 54
102 136 21
102 137 9
102 138 38
102 139 29
102 140 83
102 141 94
102 142 34
102 143 57
102 144 5
102 145 12
102 146 29
102 147 85
102 148 94
102 149 5
102 150 25
102 151 1
102 152 26
102 153 54
102 154 36
102 155 57
102 156 52
102 157 53
102 158 37
102 159 57
103 104 28
103 105 28
103 106 88
103 107 91
103 108 23
103 109 6
103 110 52
103 111 76
103 112 70
103 113 7
103 114 89
103 115 41
103 116 77
103 117 82
103 118 51
103 119 25
103 120 92
103 121 40
103 122 44
103 123 16
103 124 57
103 125 45
103 126 92
103 127 45
103 128 98
103 129 50
103 130 3
103 131 76
103 132 1
103 133 42
103 134 68
103 135 94
103 136 90
103 137 40
103 138 47
103 139 6
103 140 52
103 141 66
103 142 11
103 143 46
103 144 33
103 145 23
103 146 7
103 147 18
103 148 47
103 149 20
103 150 36
103 151 53
103 152 23
103 153 38
103 154 32
103 155 11
103 156 25
103 157 53
103 158 88
103 159 80
104 105 52
104 106 96
104 107 8
104 108 96
104 109 9
104 110 66
104 111 56
104 112 4
104 113 25
104 114 59
104 115 10
104 116 19
104 117 66
104 118 92
104 119 73
104 120 43
104 121 62
104 122 88
104 123 86
104 124 51
104 125 89
104 126 30
104 127 51
104 128 74
104 129 55
104 130 25
104 131 23
104 132 11
104 133 57
104 134 97
104 135 59
104 136 34
104 137 61
104 138 57
104 139 42
104 140 32
104 141 9
104 142 29
104 143 18
104 144 82
104 145 67
104 146 86
104 147 87
104 148 85
104 149 24
104 150 26
104 151 37
104 152 40
104 153 63
104 154 28
104 155 73
104 156 21
104 157 74
104 158 1
104 159 65
105 106 26
105 107 50
105 108 66
105 109 59
105 110 92
105 111 30
105 112 70
105 113 88
105 114 75
105 115 20
105 116 19
105 117 11
105 118 57
105 119 20
105 120 13
105 121 87
105 122 20
105 123 3
105 124 38
105 125 97
105 126 89
105 127 75
105 128 23
105 129 13
105 130 65
105 131 54
105 132 46
105 133 50
105 134 65
105 135 10
105 136 57
105 137 23
105 138 76
105 139 89
105 140 6
105 141 17
105 142 2
105 143 28
105 144 42
105 145 20
105 146 5
105 147 28
105 148 88
105 149 81
105 150 1
105 151 95
105 152 75
105 153 46
105 154 40
105 155 79
105 156 98
105 157 99
105 158 37
105 159 52
106 107 55
106 108 19
106 109 20
106 110 15
106 111 79
106 112 12
106 113 52
106 114 20
106 115 88
106 116 74
106 117 80
106 118 15
106 119 98
106 120 50
106 121 70
106 122 3
106 123 8
106 124 58
106 125 88
106 126 49
106 127 97
106 128 45
106 129 58
106 130 72
106 131 49
106 132 92
106 133 65
106 134 31
106 135 31
106 136 33
106 137 31
106 138 24
106 139 61
106 140 28
106 141 20
106 142 26
106 143 27
106 144 47
106 145 97
106 146 52
106 147 6
106 148 62
106 149 67
106 150 28
106 151 72
106 152 30
106 153 10
106 154 65
106 155 37
106 156 32
106 157 15
106 158 72
106 159 46
107 108 73
107 109 17
107 110 3
107 111 13
107 112 62
107 113 38
107 114 85
107 115 16
107 116 56
107 117 18
107 118 99
107 119 75
107 120 27
107 121 100
107 122 50
107 123 76
107 124 91
107 125 85
107 126 15
107 127 33
107 128 99
107 129 88
107 130 88
107 131 86
107 132 32
107 133 92
107 134 80
107 135 31
107 136 9
107 137 74
107 138 94
107 139 23
107 140 15
107 141 62
107 142 23
107 143 77
107 144 17
107 145 22
107 146 77
107 147 92
107 148 98
107 149 93
107 150 29
107 151 6
107 152 28
107 153 90
107 154 47
107 155 38
107 156 94
107 157 52
107 158 25
107 159 73
108 109 42
108 110 23
108 111 35
108 112 68
108 113 22
108 114 29
108 115 79
108 116 1
108 117 38
108 118 63
108 119 54
108 120 33
108 121 3
108 122 100
108 123 39
108 124 71
108 125 9
108 126 83
108 127 55
108 128 86
108 129 39
108 130 44
108 131 92
108 132 86
108 133 85
108 134 45
108 135 73
108 136 84
108 137 55
108 138 72
108 139 46
108 140 46
108 141 97
108 142 39
108 143 32
108 144 33
108 145 10
108 146 64
108 147 30
108 148 35
108 149 41
108 150 71
108 151 19
108 152 86
108 153 97
108 154 43
108 155 24
108 156 44
108 157 76
108 158 3
108 159 2
109 110 78
109 111 60
109 112 36
109 113 44
109 114 16
109 115 79
109 116 19
109 117 50
109 118 30
109 119 19
109 120 86
109 121 19
109 122 9
109 123 11
109 124 55
109 125 10
109 126 7
109 127 46
109 128 67
109 129 39
109 130 54
109 131 28
109 132 17
109 133 17
109 134 37
109 135 58
109 136 42
109 137 73
109 138 24
109 139 95
109 140 92
109 141 96
109 142 42
109 143 77
109 144 30
109 145 95
109 146 59
109 147 70
109 148 47
109 149 45
109 150 6
109 151 66
109 152 19
109 153 56
109 154 54
109 155 77
109 156 56
109 157 73
109 158 34
109 159 36
110 111 33
110 112 34
110 113 58
110 114 87
110 115 81
110 116 47
110 117 39
110 118 54
110 119 9
110 120 35
110 121 96
110 122 31
110 123 66
110 124 59
110 125 51
110 126 6
110 127 86
110 128 100
110 129 57
110 130 16
110 131 71
110 132 56
110 133 99
110 134 58
110 135 25
110 136 5
110 137 45
110 138 29
110 139 32
110 140 20
110 141 52
110 142 100
110 143 92
110 144 92
110 145 20
110 146 35
110 147 59
110 148 33
110 149 3
110 150 65
110 151 92
110 152 74
110 153 8
110 154 33
110 155 59
110 156 66
110 157 33
110 158 34
110 159 3
111 112 28
111 113 73
111 114 83
111 115 29
111 116 19
111 117 23
111 118 51
111 119 99
111 120 75
111 121 4
111 122 68
111 123 49
111 124 69
111 125 26
111 126 58
111 127 4
111 128 61
111 129 1
111 130 99
111 131 58
111 132 62
111 133 51
111 134 78
111 135 57
111 136 51
111 137 95
111 138 82
111 139 42
111 140 30
111 141 34
111 142 83
111 143 100
111 144 36
111 145 29
111 146 72
111 147 43
111 148 45
111 149 90
111 150 79
111 151 82
111 152 61
111 153 42
111 154 44
111 155 24
111 156 18
111 157 85
111 158 13
111 159 60
112 113 66
112 114 46
112 115 71
112 116 54
112 117 47
112 118 91
112 119 97
112 120 99
112 121 93
112 122 75
112 123 89
112 124 4
112 125 31
112 126 82
112 127 62
112 128 60
112 129 67
112 130 8
112 131 8
112 132 96
112 133 40
112 134 33
112 135 38
112 136 68
112 137 37
112 138 77
112 139 17
112 140 61
112 141 25
112 142 82
112 143 48
112 144 59
112 145 98
112 146 60
112 147 41
112 148 41
112 149 32
112 150 41
112 151 69
112 152 11
112 153 24
112 154 25
112 155 56
112 156 79
112 157 52
112 158 23
112 159 23
113 114 30
113 115 29
113 116 29
113 117 8
113 118 74
113 119 98
113 120 63
113 121 23
113 122 57
113 123 43
113 124 35
113 125 60
113 126 33
113 127 36
113 128 28
113 129 3
113 130 30
113 131 23
113 132 18
113 133 87
113 134 37
113 135 71
113 136 76
113 137 98
113 138 53
113 139 20
113 140 67
113 141 10
113 142 58
113 143 58
113 144 4
113 145 39
113 146 44
113 147 83
113 148 17
113 149 89
113 150 3
113 151 1
113 152 69
113 153 95
113 154 77
113 155 82
113 156 80
113 157 93
113 158 84
113 159 96
114 115 49
114 116 12
114 117 51
114 118 12
114 119 85
114 120 33
114 121 89
114 122 91
114 123 47
114 124 43
114 125 99
114 126 51
114 127 23
114 128 22
114 129 38
114 130 89
114 131 77
114 132 54
114 133 61
114 134 34
114 135 50
114 136 11
114 137 84
114 138 2
114 139 18
114 140 97
114 141 76
114 142 92
114 143 72
114 144 69
114 145 22
114 146 43
114 147 86
114 148 37
114 149 46
114 150 60
114 151 84
114 152 40
114 153 10
114 154 69
114 155 86
114 156 11
114 157 75
114 158 71
114 159 65
115 116 5
115 117 70
115 118 2
115 119 28
115 120 53
115 121 30
115 122 62
115 123 57
115 124 64
115 125 17
115 126 30
115 127 67
115 128 50
115 129 43
115 130 91
115 131 29
115 132 67
115 133 87
115 134 96
115 135 87
115 136 30
115 137 69
115 138 38
115 139 48
115 140 18
115 141 49
115 142 88
115 143 67
115 144 58
115 145 34
115 146 10
115 147 99
115 148 13
115 149 48
115 150 86
115 151 61
115 152 10
115 153 4
115 154 32
115 155 75
115 156 14
115 157 69
115 158 61
115 159 84
116 117 47
116 118 17
116 119 72
116 120 45
116 121 75
116 122 39
116 123 15
116 124 14
116 125 21
116 126 37
116 127 83
116 128 53
116 129 67
116 130 78
116 131 34
116 132 98
116 133 40
116 134 74
116 135 95
116 136 33
116 137 2
116 138 7
116 139 63
116 140 100
116 141 67
116 142 97
116 143 26
116 144 21
116 145 57
116 146 87
116 147 15
116 148 15
116 149 26
116 150 69
116 151 67
116 152 36
116 153 55
116 154 45
116 155 81
116 156 55
116 157 40
116 158 100
116 159 23
117 118 92
117 119 26
117 120 20
117 121 25
117 122 38
117 123 97
117 124 13
117 125 96
117 126 28
117 127 15
117 128 46
117 129 82
117 130 92
117 131 81
117 132 90
117 133 41
117 134 10
117 135 78
117 136 24
117 137 28
117 138 50
117 139 58
117 140 29
117 141 66
117 142 23
117 143 6
117 144 64
117 145 88
117 146 56
117 147 50
117 148 22
117 149 78
117 150 6
117 151 77
117 152 74
117 153 8
117 154 99
117 155 29
117 156 61
117 157 50
117 158 41
117 159 20
118 119 27
118 120 96
118 121 68
118 122 56
118 123 19
118 124 81
118 125 34
118 126 11
118 127 31
118 128 76
118 129 18
118 130 65
118 131 71
118 132 75
118 133 94
118 134 40
118 135 13
118 136 70
118 137 52
118 138 70
118 139 26
118 140 31
118 141 16
118 142 89
118 143 41
118 144 89
118 145 48
118 146 59
118 147 55
118 148 64
118 149 46
118 150 90
118 151 34
118 152 1
118 153 31
118 154 8
118 155 46
118 156 54
118 157 30
118 158 97
118 159 34
119 120 61
119 121 65
119 122 77
119 123 1
119 124 60
119 125 18
119 126 57
119 127 19
119 128 33
119 129 89
119 130 42
119 131 5
119 132 99
119 133 16
119 134 72
119 135 94
119 136 3
119 137 16
119 138 19
119 139 91
119 140 97
119 141 12
119 142 28
119 143 8
119 144 17
119 145 42
119 146 28
119 147 28
119 148 89
119 149 47
119 150 64
119 151 3
119 152 43
119 153 75
119 154 74
119 155 28
119 156 34
119 157 4
119 158 4
119 159 94
120 121 77
120 122 49
120 123 44
120 124 99
120 125 99
120 126 24
120 127 24
120 128 86
120 129 11
120 130 19
120 131 50
120 132 54
120 133 11
120 134 83
120 135 32
120 136 9
120 137 23
120 138 100
120 139 68
120 140 46
120 141 30
120 142 19
120 143 34
120 144 88
120 145 55
120 146 6
120 147 41
120 148 97
120 149 13
120 150 75
120 151 65
120 152 42
120 153 98
120 154 73
120 155 98
120 156 61
120 157 67
120 158 100
120 159 50
121 122 53
121 123 29
121 124 46
121 125 51
121 126 55
121 127 84
121 128 94
121 129 81
121 130 61
121 131 10
121 132 2
121 133 57
121 134 24
121 135 65
121 136 36
121 137 66
121 138 65
121 139 86
121 140 46
121 141 37
121 142 36
121 143 32
121 144 31
121 145 86
121 146 92
121 147 41
121 148 35
121 149 82
121 150 51
121 151 29
121 152 45
121 153 87
121 154 18
121 155 50
121 156 1
121 157 68
121 158 27
121 159 21
122 123 2
122 124 83
122 125 47
122 126 92
122 127 54
122 128 84
122 129 88
122 130 64
122 131 26
122 132 60
122 133 29
122 134 49
122 135 63
122 136 100
122 137 63
122 138 66
122 139 16
122 140 61
122 141 70
122 142 1
122 143 74
122 144 82
122 145 66
122 146 10
122 147 13
122 148 17
122 149 94
122 150 56
122 151 33
122 152 100
122 153 13
122 154 71
122 155 78
122 156 37
122 157 26
122 158 15
122 159 73
123 124 86
123 125 34
123 126 2
123 127 46
123 128 24
123 129 72
123 130 5
123 131 22
123 132 21
123 133 90
123 134 29
123 135 10
123 136 78
123 137 13
123 138 51
123 139 43
123 140 61
123 141 25
123 142 99
123 143 97
123 144 44
123 145 39
123 146 98
123 147 83
123 148 67
123 149 64
123 150 41
123 151 64
123 152 55
123 153 33
123 154 49
123 155 1
123 156 27
123 157 70
123 158 3
123 159 19
124 125 10
124 126 59
124 127 59
124 128 88
124 129 60
124 130 63
124 131 97
124 132 15
124 133 79
124 134 44
124 135 8
124 136 43
124 137 17
124 138 40
124 139 56
124 140 11
124 141 66
124 142 16
124 143 81
124 144 5
124 145 27
124 146 96
124 147 69
124 148 83
124 149 44
124 150 8
124 151 34
124 152 90
124 153 47
124 154 82
124 155 96
124 156 11
124 157 37
124 158 56
124 159 49
125 126 34
125 127 18
125 128 2
125 129 95
125 130 24
125 131 91
125 132 17
125 133 9
125 134 85
125 135 12
125 136 22
125 137 80
125 138 19
125 139 83
125 140 46
125 141 55
125 142 63
125 143 79
125 144 52
125 145 99
125 146 42
125 147 86
125 148 30
125 149 39
125 150 15
125 151 99
125 152 50
125 153 83
125 154 66
125 155 21
125 156 37
125 157 13
125 158 49
125 159 88
126 127 46
126 128 66
126 129 6
126 130 68
126 131 49
126 132 73
126 133 75
126 134 34
126 135 31
126 136 34
126 137 14
126 138 68
126 139 28
126 140 29
126 141 91
126 142 40
126 143 34
126 144 22
126 145 47
126 146 88
126 147 45
126 148 90
126 149 89
126 150 62
126 151 54
126 152 66
126 153 59
126 154 92
126 155 1
126 156 56
126 157 46
126 158 100
126 159 95
127 128 7
127 129 97
127 130 92
127 131 56
127 132 56
127 133 91
127 134 83
127 135 26
127 136 50
127 137 27
127 138 31
127 139 36
127 140 42
127 141 85
127 142 99
127 143 93
127 144 56
127 145 22
127 146 33
127 147 60
127 148 95
127 149 98
127 150 44
127 151 84
127 152 58
127 153 39
127 154 24
127 155 61
127 156 35
127 157 60
127 158 59
127 159 80
128 129 66
128 130 47
128 131 30
128 132 96
128 133 49
128 134 9
128 135 91
128 136 65
128 137 81
128 138 100
128 139 52
128 140 96
128 141 90
128 142 51
128 143 52
128 144 49
128 145 83
128 146 41
128 147 4
128 148 97
128 149 38
128 150 38
128 151 67
128 152 60
128 153 30
128 154 25
128 155 9
128 156 61
128 157 91
128 158 57
128 159 80
129 130 75
129 131 26
129 132 3
129 133 45
129 134 95
129 135 87
129 136 69
129 137 25
129 138 87
129 139 33
129 140 44
129 141 61
129 142 34
129 143 24
129 144 54
129 145 14
129 146 34
129 147 45
129 148 50
129 149 96
129 150 93
129 151 40
129 152 74
129 153 4
129 154 47
129 155 85
129 156 89
129 157 35
129 158 77
129 159 22
130 131 65
130 132 36
130 133 40
130 134 65
130 135 71
130 136 1
130 137 67
130 138 51
130 139 29
130 140 84
130 141 14
130 142 21
130 143 33
130 144 70
130 145 32
130 146 83
130 147 65
130 148 40
130 149 80
130 150 85
130 151 14
130 152 13
130 153 47
130 154 68
130 155 12
130 156 65
130 157 55
130 158 24
130 159 24
131 132 68
131 133 16
131 134 73
131 135 28
131 136 46
131 137 50
131 138 8
131 139 2
131 140 27
131 141 63
131 142 25
131 143 80
131 144 39
131 145 25
131 146 76
131 147 90
131 148 40
131 149 13
131 150 26
131 151 25
131 152 36
131 153 85
131 154 85
131 155 92
131 156 26
131 157 91
131 158 37
131 159 16
132 133 43
132 134 72
132 135 100
132 136 72
132 137 75
132 138 26
132 139 44
132 140 26
132 141 83
132 142 52
132 143 80
132 144 46
132 145 94
132 146 8
132 147 98
132 148 58
132 149 49
132 150 75
132 151 97
132 152 69
132 153 61
132 154 95
132 155 8
132 156 89
132 157 19
132 158 31
132 159 14
133 134 100
133 135 18
133 136 22
133 137 4
133 138 24
133 139 69
133 140 11
133 141 56
133 142 58
133 143 12
133 144 8
133 145 33
133 146 5
133 147 66
133 148 100
133 149 61
133 150 89
133 151 35
133 152 65
133 153 44
133 154 37
133 155 50
133 156 42
133 157 83
133 158 38
133 159 8
134 135 71
134 136 68
134 137 81
134 138 37
134 139 96
134 140 1
134 141 24
134 142 64
134 143 16
134 144 53
134 145 47
134 146 91
134 147 79
134 148 77
134 149 26
134 150 61
134 151 63
134 152 14
134 153 89
134 154 95
134 155 1
134 156 50
134 157 3
134 158 79
134 159 35
135 136 32
135 137 35
135 138 6
135 139 100
135 140 83
135 141 44
135 142 86
135 143 25
135 144 35
135 145 40
135 146 97
135 147 69
135 148 36
135 149 16
135 150 7
135 151 7
135 152 78
135 153 56
135 154 81
135 155 12
135 156 27
135 157 28
135 158 99
135 159 73
136 137 27
136 138 51
136 139 56
136 140 4
136 141 1
136 142 89
136 143 56
136 144 3
136 145 1
136 146 55
136 147 40
136 148 95
136 149 87
136 150 5
136 151 4
136 152 98
136 153 56
136 154 86
136 155 73
136 156 72
136 157 83
136 158 7
136 159 55
137 138 63
137 139 50
137 140 69
137 141 48
137 142 83
137 143 18
137 144 88
137 145 86
137 146 97
137 147 61
137 148 25
137 149 75
137 150 98
137 151 79
137 152 9
137 153 64
137 154 56
137 155 90
137 156 26
137 157 53
137 158 14
137 159 88
138 139 37
138 140 55
138 141 76
138 142 6
138 143 54
138 144 71
138 145 70
138 146 95
138 147 96
138 148 56
138 149 85
138 150 89
138 151 85
138 152 90
138 153 78
138 154 77
138 155 3
138 156 28
138 157 16
138 158 47
138 159 46
139 140 91
139 141 48
139 142 5
139 143 92
139 144 23
139 145 59
139 146 17
139 147 44
139 148 79
139 149 56
139 150 25
139 151 73
139 152 53
139 153 10
139 154 40
139 155 54
139 156 40
139 157 86
139 158 56
139 159 3
140 141 29
140 142 88
140 143 71
140 144 41
140 145 97
140 146 40
140 147 17
140 148 97
140 149 66
140 150 47
140 151 91
140 152 9
140 153 93
140 154 45
140 155 8
140 156 89
140 157 92
140 158 92
140 159 20
141 142 45
141 143 7
141 144 2
141 145 69
141 146 88
141 147 70
141 148 65
141 149 89
141 150 97
141 151 4
141 152 76
141 153 41
141 154 31
141 155 13
141 156 60
141 157 78
141 158 24
141 159 87
142 143 50
142 144 100
142 145 18
142 146 22
142 147 36
142 148 28
142 149 47
142 150 24
142 151 3
142 152 9
142 153 45
142 154 66
142 155 45
142 156 15
142 157 49
142 158 63
142 159 24
143 144 97
143 145 84
143 146 57
143 147 98
143 148 43
143 149 18
143 150 25
143 151 19
143 152 68
143 153 33
143 154 11
143 155 23
143 156 55
143 157 90
143 158 66
143 159 22
144 145 94
144 146 40
144 147 80
144 148 8
144 149 66
144 150 70
144 151 2
144 152 40
144 153 11
144 154 95
144 155 98
144 156 55
144 157 51
144 158 26
144 159 65
145 146 55
145 147 52
145 148 20
145 149 66
145 150 11
145 151 22
145 152 54
145 153 81
145 154 48
145 155 48
145 156 48
145 157 41
145 158 36
145 159 34
146 147 90
146 148 63
146 149 26
146 150 93
146 151 67
146 152 56
146 153 14
146 154 29
146 155 95
146 156 98
146 157 95
146 158 9
146 159 69
147 148 1
147 149 70
147 150 47
147 151 32
147 152 97
147 153 36
147 154 36
147 155 61
147 156 1
147 157 1
147 158 6
147 159 12
148 149 79
148 150 82
148 151 9
148 152 44
148 153 58
148 154 72
148 155 81
148 156 46
148 157 51
148 158 57
148 159 82
149 150 76
149 151 74
149 152 52
149 153 44
149 154 96
149 155 13
149 156 75
149 157 60
149 158 56
149 159 7
150 151 62
150 152 57
150 153 79
150 154 13
150 155 85
150 156 11
150 157 97
150 158 25
150 159 49
151 152 92
151 153 2
151 154 54
151 155 51
151 156 9
151 157 32
151 158 24
151 159 7
152 153 21
152 154 41
152 155 53
152 156 71
152 157 35
152 158 64
152 159 44
153 154 17
153 155 85
153 156 66
153 157 50
153 158 54
153 159 24
154 155 87
154 156 16
154 157 54
154 158 12
154 159 91
155 156 34
155 157 94
155 158 41
155 159 56
156 157 5
156 158 81
156 159 75
157 158 41
157 159 100
158 159 44
