160 12720
0 1 49
0 2 30
0 3 55
0 4 83
0 5 37
0 6 93
0 7 26
0 8 84
0 9 33
0 10 88
0 11 77
0 12 9
0 13 5
0 14 16
0 15 44
0 16 93
0 17 11
0 18 13
0 19 49
0 20 95
0 21 20
0 22 44
0 23 75
0 24 76
0 25 100
0 26 60
0 27 18
0 28 42
0 29 50
0 30 66
0 31 34
0 32 47
0 33 49
0 34 91
0 35 37
0 36 32
0 37 34
0 38 40
0 39 52
0 40 47
0 41 15
0 42 11
0 43 24
0 44 57
0 45 60
0 46 80
0 47 75
0 48 49
0 49 75
0 50 37
0 51 79
0 52 85
0 53 2
0 54 34
0 55 24
0 56 67
0 57 26
0 58 79
0 59 8
0 60 87
0 61 74
0 62 16
0 63 68
0 64 68
0 65 30
0 66 100
0 67 69
0 68 36
0 69 23
0 70 37
0 71 17
0 72 2
0 73 82
0 74 65
0 75 68
0 76 16
0 77 20
0 78 97
0 79 69
0 80 68
0 81 91
0 82 72
0 83 15
0 84 27
0 85 94
0 86 25
0 87 47
0 88 79
0 89 45
0 90 99
0 91 79
0 92 56
0 93 40
0 94 21
0 95 10
0 96 50
0 97 34
0 98 56
0 99 52
0 100 76
0 101 15
0 102 100
0 103 6
0 104 23
0 105 82
0 106 93
0 107 23
0 108 63
0 109 36
0 110 18
0 111 69
0 112 63
0 113 100
0 114 19
0 115 84
0 116 100
0 117 39
0 118 31
0 119 30
0 120 56
0 121 58
0 122 3
0 123 27
0 124 63
0 125 38
0 126 49
0 127 70
0 128 88
0 129 58
0 130 11
0 131 30
0 132 43
0 133 34
0 134 12
0 135 76
0 136 59
0 137 93
0 138 11
0 139 96
0 140 60
0 141 80
0 142 71
0 143 13
0 144 100
0 145 44
0 146 48
0 147 41
0 148 66
0 149 46
0 150 12
0 151 13
0 152 61
0 153 32
0 154 21
0 155 59
0 156 36
0 157 74
0 158 35
0 159 77
1 2 32
1 3 31
1 4 77
1 5 52
1 6 58
1 7 76
1 8 69
1 9 58
1 10 1
1 11 74
1 12 54
1 13 82
1 14 46
1 15 27
1 16 96
1 17 54
1 18 97
1 19 35
1 20 39
1 21 7
1 22 45
1 23 79
1 24 93
1 25 39
1 26 16
1 27 46
1 28 61
1 29 23
1 30 52
1 31 62
1 32 60
1 33 26
1 34 65
1 35 56
1 36 81
1 37 15
1 38 2
1 39 100
1 40 39
1 41 50
1 42 56
1 43 2
1 44 96
1 45 4
1 46 68
1 47 55
1 48 24
1 49 7
1 50 16
1 51 71
1 52 20
1 53 29
1 54 87
1 55 36
1 56 83
1 57 44
1 58 66
1 59 29
1 60 20
1 61 64
1 62 20
1 63 15
1 64 1
1 65 10
1 66 53
1 67 68
1 68 45
1 69 6
1 70 90
1 71 41
1 72 60
1 73 79
1 74 79
1 75 97
1 76 55
1 77 9
1 78 85
1 79 12
1 80 89
1 81 91
1 82 2
1 83 58
1 84 38
1 85 21
1 86 30
1 87 25
1 88 83
1 89 25
1 90 82
1 91 1
1 92 29
1 93 93
1 94 30
1 95 27
1 96 20
1 97 27
1 98 66
1 99 17
1 100 8
1 101 10
1 102 8
1 103 85
1 104 88
1 105 77
1 106 72
1 107 57
1 108 88
1 109 78
1 110 10
1 111 10
1 112 59
1 113 30
1 114 42
1 115 42
1 116 73
1 117 2
1 118 6
1 119 80
1 120 50
1 121 48
1 122 61
1 123 24
1 124 35
1 125 44
1 126 37
1 127 18
1 128 70
1 129 96
1 130 33
1 131 34
1 132 58
1 133 100
1 134 31
1 135 80
1 136 47
1 137 5
1 138 10
1 139 100
1 140 100
1 141 97
1 142 72
1 143 50
1 144 95
1 145 34
1 146 5
1 147 44
1 148 98
1 149 9
1 150 13
1 151 12
1 152 19
1 153 14
1 154 4
1 155 87
1 156 90
1 157 60
1 158 49
1 159 58
2 3 59
2 4 96
2 5 80
2 6 90
2 7 3
2 8 76
2 9 91
2 10 97
2 11 26
2 12 95
2 13 37
2 14 17
2 15 69
2 16 36
2 17 100
2 18 19
2 19 5
2 20 31
2 21 2
2 22 47
2 23 24
2 24 79
2 25 39
2 26 41
2 27 84
2 28 42
2 29 72
2 30 35
2 31 4
2 32 95
2 33 31
2 34 25
2 35 37
2 36 31
2 37 43
2 38 83
2 39 65
2 40 65
2 41 51
2 42 74
2 43 51
2 44 98
2 45 21
2 46 67
2 47 73
2 48 46
2 49 7
2 50 37
2 51 11
2 52 74
2 53 46
2 54 16
2 55 52
2 56 46
2 57 75
2 58 43
2 59 12
2 60 75
2 61 73
2 62 49
2 63 32
2 64 84
2 65 19
2 66 49
2 67 76
2 68 83
2 69 11
2 70 94
2 71 83
2 72 90
2 73 11
2 74 54
2 75 2
2 76 25
2 77 1
2 78 59
2 79 34
2 80 52
2 81 52
2 82 97
2 83 42
2 84 22
2 85 13
2 86 25
2 87 79
2 88 69
2 89 29
2 90 5
2 91 80
2 92 30
2 93 89
2 94 94
2 95 82
2 96 81
2 97 57
2 98 45
2 99 67
2 100 47
2 101 35
2 102 38
2 103 27
2 104 42
2 105 10
2 106 91
2 107 43
2 108 6
2 109 43
2 110 81
2 111 59
2 112 98
2 113 79
2 114 75
2 115 21
2 116 83
2 117 69
2 118 70
2 119 79
2 120 99
2 121 81
2 122 19
2 123 16
2 124 82
2 125 19
2 126 10
2 127 97
2 128 42
2 129 28
2 130 64
2 131 5
2 132 73
2 133 63
2 134 83
2 135 5
2 136 88
2 137 22
2 138 91
2 139 19
2 140 51
2 141 56
2 142 96
2 143 82
2 144 99
2 145 26
2 146 65
2 147 71
2 148 92
2 149 43
2 150 87
2 151 37
2 152 95
2 153 64
2 154 98
2 155 29
2 156 30
2 157 59
2 158 24
2 159 66
3 4 49
3 5 97
3 6 24
3 7 26
3 8 57
3 9 68
3 10 26
3 11 31
3 12 84
3 13 4
3 14 58
3 15 100
3 16 6
3 17 48
3 18 98
3 19 4
3 20 99
3 21 10
3 22 90
3 23 50
3 24 19
3 25 72
3 26 12
3 27 15
3 28 4
3 29 14
3 30 60
3 31 24
3 32 24
3 33 43
3 34 25
3 35 7
3 36 48
3 37 81
3 38 28
3 39 13
3 40 100
3 41 88
3 42 64
3 43 99
3 44 48
3 45 46
3 46 41
3 47 37
3 48 60
3 49 97
3 50 44
3 51 85
3 52 99
3 53 100
3 54 36
3 55 73
3 56 62
3 57 41
3 58 18
3 59 35
3 60 5
3 61 58
3 62 16
3 63 26
3 64 41
3 65 54
3 66 27
3 67 27
3 68 53
3 69 18
3 70 100
3 71 45
3 72 91
3 73 27
3 74 96
3 75 70
3 76 54
3 77 12
3 78 37
3 79 85
3 80 62
3 81 46
3 82 9
3 83 32
3 84 37
3 85 25
3 86 87
3 87 6
3 88 39
3 89 86
3 90 20
3 91 57
3 92 33
3 93 76
3 94 26
3 95 21
3 96 86
3 97 27
3 98 30
3 99 67
3 100 55
3 101 98
3 102 76
3 103 14
3 104 86
3 105 10
3 106 11
3 107 76
3 108 41
3 109 73
3 110 46
3 111 81
3 112 8
3 113 51
3 114 90
3 115 35
3 116 71
3 117 9
3 118 31
3 119 76
3 120 66
3 121 92
3 122 5
3 123 43
3 124 44
3 125 62
3 126 49
3 127 88
3 128 63
3 129 39
3 130 78
3 131 90
3 132 100
3 133 95
3 134 75
3 135 18
3 136 24
3 137 91
3 138 3
3 139 22
3 140 96
3 141 56
3 142 40
3 143 91
3 144 12
3 145 89
3 146 5
3 147 93
3 148 38
3 149 55
3 150 66
3 151 82
3 152 25
3 153 19
3 154 13
3 155 95
3 156 56
3 157 74
3 158 93
3 159 68
4 5 43
4 6 53
4 7 58
4 8 63
4 9 84
4 10 37
4 11 22
4 12 74
4 13 38
4 14 84
4 15 8
4 16 92
4 17 90
4 18 21
4 19 84
4 20 52
4 21 21
4 22 1
4 23 25
4 24 18
4 25 90
4 26 69
4 27 10
4 28 99
4 29 60
4 30 76
4 31 38
4 32 23
4 33 21
4 34 86
4 35 54
4 36 59
4 37 71
4 38 47
4 39 2
4 40 88
4 41 86
4 42 45
4 43 90
4 44 47
4 45 57
4 46 7
4 47 47
4 48 18
4 49 99
4 50 51
4 51 22
4 52 59
4 53 55
4 54 78
4 55 48
4 56 50
4 57 33
4 58 4
4 59 50
4 60 82
4 61 51
4 62 33
4 63 90
4 64 20
4 65 39
4 66 38
4 67 34
4 68 29
4 69 52
4 70 14
4 71 74
4 72 18
4 73 36
4 74 52
4 75 42
4 76 16
4 77 33
4 78 45
4 79 45
4 80 87
4 81 19
4 82 40
4 83 36
4 84 75
4 85 55
4 86 9
4 87 16
4 88 73
4 89 36
4 90 54
4 91 4
4 92 6
4 93 66
4 94 3
4 95 82
4 96 37
4 97 51
4 98 33
4 99 46
4 100 80
4 101 36
4 102 27
4 103 85
4 104 52
4 105 55
4 106 15
4 107 30
4 108 1
4 109 38
4 110 86
4 111 47
4 112 12
4 113 20
4 114 90
4 115 44
4 116 25
4 117 75
4 118 31
4 119 53
4 120 89
4 121 42
4 122 5
4 123 73
4 124 7
4 125 54
4 126 63
4 127 92
4 128 45
4 129 89
4 130 83
4 131 50
4 132 67
4 133 92
4 134 62
4 135 5
4 136 51
4 137 70
4 138 98
4 139 53
4 140 22
4 141 49
4 142 3
4 143 66
4 144 84
4 145 25
4 146 66
4 147 82
4 148 15
4 149 1
4 150 27
4 151 16
4 152 44
4 153 32
4 154 18
4 155 93
4 156 86
4 157 70
4 158 41
4 159 43
5 6 38
5 7 30
5 8 91
5 9 85
5 10 76
5 11 39
5 12 85
5 13 83
5 14 65
5 15 75
5 16 16
5 17 20
5 18 52
5 19 66
5 20 16
5 21 42
5 22 54
5 23 88
5 24 89
5 25 10
5 26 87
5 27 49
5 28 21
5 29 100
5 30 88
5 31 41
5 32 69
5 33 97
5 34 33
5 35 1
5 36 8
5 37 5
5 38 54
5 39 62
5 40 25
5 41 29
5 42 81
5 43 81
5 44 90
5 45 32
5 46 3
5 47 62
5 48 64
5 49 14
5 50 33
5 51 36
5 52 78
5 53 41
5 54 57
5 55 18
5 56 59
5 57 7
5 58 23
5 59 12
5 60 63
5 61 93
5 62 100
5 63 67
5 64 74
5 65 39
5 66 82
5 67 78
5 68 88
5 69 12
5 70 54
5 71 27
5 72 82
5 73 21
5 74 2
5 75 57
5 76 79
5 77 54
5 78 51
5 79 15
5 80 93
5 81 35
5 82 33
5 83 87
5 84 38
5 85 83
5 86 58
5 87 47
5 88 69
5 89 71
5 90 39
5 91 31
5 92 94
5 93 55
5 94 46
5 95 73
5 96 14
5 97 92
5 98 22
5 99 52
5 100 14
5 101 20
5 102 73
5 103 44
5 104 9
5 105 28
5 106 45
5 107 11
5 108 84
5 109 88
5 110 38
5 111 29
5 112 57
5 113 57
5 114 63
5 115 79
5 116 42
5 117 94
5 118 37
5 119 45
5 120 5
5 121 34
5 122 34
5 123 43
5 124 85
5 125 25
5 126 55
5 127 89
5 128 46
5 129 76
5 130 72
5 131 71
5 132 85
5 133 30
5 134 76
5 135 16
5 136 73
5 137 76
5 138 34
5 139 94
5 140 52
5 141 62
5 142 78
5 143 87
5 144 43
5 145 25
5 146 15
5 147 82
5 148 96
5 149 47
5 150 10
5 151 58
5 152 42
5 153 71
5 154 95
5 155 87
5 156 59
5 157 45
5 158 42
5 159 37
6 7 49
6 8 7
6 9 96
6 10 14
6 11 43
6 12 22
6 13 14
6 14 79
6 15 59
6 16 94
6 17 9
6 18 10
6 19 8
6 20 20
6 21 73
6 22 9
6 23 64
6 24 4
6 25 49
6 26 54
6 27 28
6 28 24
6 29 89
6 30 49
6 31 1
6 32 47
6 33 72
6 34 41
6 35 31
6 36 52
6 37 100
6 38 63
6 39 99
6 40 87
6 41 46
6 42 39
6 43 73
6 44 30
6 45 1
6 46 57
6 47 98
6 48 18
6 49 30
6 50 17
6 51 81
6 52 2
6 53 100
6 54 16
6 55 76
6 56 95
6 57 34
6 58 62
6 59 34
6 60 8
6 61 96
6 62 78
6 63 16
6 64 70
6 65 75
6 66 46
6 67 14
6 68 64
6 69 37
6 70 67
6 71 74
6 72 77
6 73 17
6 74 64
6 75 98
6 76 26
6 77 30
6 78 78
6 79 98
6 80 7
6 81 34
6 82 57
6 83 21
6 84 71
6 85 52
6 86 22
6 87 88
6 88 62
6 89 7
6 90 65
6 91 67
6 92 93
6 93 17
6 94 77
6 95 8
6 96 85
6 97 31
6 98 17
6 99 15
6 100 33
6 101 79
6 102 65
6 103 7
6 104 61
6 105 63
6 106 55
6 107 28
6 108 53
6 109 3
6 110 73
6 111 26
6 112 63
6 113 19
6 114 40
6 115 67
6 116 50
6 117 80
6 118 17
6 119 14
6 120 87
6 121 23
6 122 16
6 123 68
6 124 76
6 125 55
6 126 89
6 127 7
6 128 1
6 129 74
6 130 20
6 131 42
6 132 36
6 133 50
6 134 57
6 135 91
6 136 62
6 137 35
6 138 96
6 139 72
6 140 90
6 141 64
6 142 77
6 143 59
6 144 56
6 145 57
6 146 62
6 147 42
6 148 1
6 149 7
6 150 99
6 151 11
6 152 78
6 153 21
6 154 53
6 155 81
6 156 66
6 157 37
6 158 40
6 159 65
7 8 28
7 9 87
7 10 2
7 11 67
7 12 90
7 13 63
7 14 38
7 15 17
7 16 64
7 17 88
7 18 86
7 19 42
7 20 43
7 21 13
7 22 21
7 23 79
7 24 7
7 25 47
7 26 40
7 27 53
7 28 68
7 29 81
7 30 97
7 31 26
7 32 60
7 33 61
7 34 96
7 35 95
7 36 22
7 37 46
7 38 27
7 39 39
7 40 95
7 41 37
7 42 17
7 43 12
7 44 75
7 45 18
7 46 55
7 47 17
7 48 15
7 49 68
7 50 3
7 51 71
7 52 87
7 53 30
7 54 90
7 55 61
7 56 8
7 57 19
7 58 82
7 59 47
7 60 45
7 61 96
7 62 27
7 63 65
7 64 5
7 65 14
7 66 29
7 67 90
7 68 10
7 69 21
7 70 20
7 71 94
7 72 17
7 73 10
7 74 76
7 75 88
7 76 34
7 77 19
7 78 25
7 79 94
7 80 96
7 81 52
7 82 20
7 83 20
7 84 53
7 85 19
7 86 61
7 87 2
7 88 10
7 89 81
7 90 96
7 91 10
7 92 40
7 93 82
7 94 96
7 95 41
7 96 61
7 97 91
7 98 76
7 99 43
7 100 72
7 101 92
7 102 65
7 103 63
7 104 38
7 105 24
7 106 29
7 107 11
7 108 40
7 109 70
7 110 56
7 111 49
7 112 11
7 113 33
7 114 23
7 115 32
7 116 100
7 117 36
7 118 66
7 119 68
7 120 10
7 121 4
7 122 43
7 123 91
7 124 79
7 125 87
7 126 41
7 127 63
7 128 74
7 129 70
7 130 10
7 131 68
7 132 61
7 133 73
7 134 3
7 135 16
7 136 52
7 137 27
7 138 14
7 139 9
7 140 32
7 141 37
7 142 28
7 143 71
7 144 57
7 145 23
7 146 53
7 147 99
7 148 94
7 149 89
7 150 68
7 151 92
7 152 70
7 153 77
7 154 68
7 155 78
7 156 50
7 157 34
7 158 6
7 159 87
8 9 77
8 10 30
8 11 29
8 12 41
8 13 39
8 14 65
8 15 93
8 16 50
8 17 18
8 18 50
8 19 18
8 20 42
8 21 38
8 22 37
8 23 83
8 24 90
8 25 41
8 26 51
8 27 23
8 28 75
8 29 76
8 30 88
8 31 82
8 32 64
8 33 100
8 34 95
8 35 4
8 36 53
8 37 52
8 38 19
8 39 95
8 40 18
8 41 49
8 42 65
8 43 32
8 44 24
8 45 38
8 46 64
8 47 85
8 48 63
8 49 53
8 50 35
8 51 41
8 52 92
8 53 6
8 54 88
8 55 28
8 56 8
8 57 94
8 58 40
8 59 4
8 60 24
8 61 20
8 62 57
8 63 23
8 64 42
8 65 85
8 66 2
8 67 47
8 68 36
8 69 28
8 70 29
8 71 67
8 72 59
8 73 18
8 74 76
8 75 67
8 76 3
8 77 15
8 78 59
8 79 16
8 80 47
8 81 74
8 82 35
8 83 88
8 84 91
8 85 41
8 86 2
8 87 54
8 88 70
8 89 44
8 90 28
8 91 37
8 92 87
8 93 79
8 94 33
8 95 23
8 96 29
8 97 14
8 98 8
8 99 14
8 100 67
8 101 28
8 102 9
8 103 24
8 104 60
8 105 93
8 106 70
8 107 53
8 108 91
8 109 5
8 110 46
8 111 26
8 112 19
8 113 21
8 114 43
8 115 100
8 116 76
8 117 46
8 118 82
8 119 45
8 120 92
8 121 77
8 122 94
8 123 43
8 124 41
8 125 21
8 126 7
8 127 61
8 128 94
8 129 17
8 130 2
8 131 79
8 132 35
8 133 67
8 134 35
8 135 68
8 136 3
8 137 99
8 138 53
8 139 94
8 140 80
8 141 78
8 142 8
8 143 62
8 144 29
8 145 32
8 146 66
8 147 19
8 148 13
8 149 64
8 150 11
8 151 12
8 152 68
8 153 96
8 154 46
8 155 82
8 156 43
8 157 72
8 158 18
8 159 74
9 10 95
9 11 60
9 12 24
9 13 4
9 14 65
9 15 72
9 16 66
9 17 77
9 18 35
9 19 56
9 20 35
9 21 72
9 22 75
9 23 13
9 24 26
9 25 77
9 26 18
9 27 67
9 28 56
9 29 39
9 30 43
9 31 37
9 32 93
9 33 34
9 34 42
9 35 64
9 36 28
9 37 83
9 38 96
9 39 62
9 40 100
9 41 65
9 42 66
9 43 49
9 44 80
9 45 49
9 46 49
9 47 88
9 48 51
9 49 64
9 50 37
9 51 86
9 52 26
9 53 6
9 54 100
9 55 63
9 56 93
9 57 99
9 58 12
9 59 75
9 60 80
9 61 46
9 62 39
9 63 45
9 64 4
9 65 70
9 66 39
9 67 26
9 68 68
9 69 48
9 70 83
9 71 43
9 72 96
9 73 4
9 74 21
9 75 45
9 76 30
9 77 86
9 78 17
9 79 63
9 80 7
9 81 6
9 82 28
9 83 75
9 84 61
9 85 19
9 86 11
9 87 4
9 88 26
9 89 34
9 90 97
9 91 45
9 92 71
9 93 32
9 94 24
9 95 35
9 96 87
9 97 63
9 98 69
9 99 22
9 100 83
9 101 14
9 102 63
9 103 14
9 104 46
9 105 27
9 106 24
9 107 28
9 108 10
9 109 8
9 110 47
9 111 20
9 112 72
9 113 50
9 114 16
9 115 42
9 116 81
9 117 89
9 118 81
9 119 75
9 120 88
9 121 54
9 122 82
9 123 11
9 124 13
9 125 67
9 126 88
9 127 26
9 128 4
9 129 81
9 130 64
9 131 7
9 132 99
9 133 86
9 134 26
9 135 94
9 136 90
9 137 35
9 138 50
9 139 68
9 140 67
9 141 26
9 142 38
9 143 42
9 144 50
9 145 87
9 146 75
9 147 66
9 148 3
9 149 13
9 150 49
9 151 3
9 152 65
9 153 35
9 154 93
9 155 35
9 156 89
9 157 94
9 158 58
9 159 93
10 11 88
10 12 31
10 13 45
10 14 56
10 15 96
10 16 9
10 17 44
10 18 51
10 19 39
10 20 3
10 21 75
10 22 93
10 23 65
10 24 17
10 25 94
10 26 88
10 27 67
10 28 34
10 29 70
10 30 61
10 31 56
10 32 13
10 33 6
10 34 79
10 35 77
10 36 35
10 37 38
10 38 49
10 39 84
10 40 18
10 41 88
10 42 86
10 43 43
10 44 84
10 45 15
10 46 44
10 47 69
10 48 41
10 49 52
10 50 48
10 51 83
10 52 8
10 53 98
10 54 94
10 55 63
10 56 96
10 57 97
10 58 54
10 59 64
10 60 74
10 61 7
10 62 82
10 63 23
10 64 15
10 65 16
10 66 95
10 67 8
10 68 45
10 69 66
10 70 99
10 71 49
10 72 21
10 73 44
10 74 55
10 75 59
10 76 55
10 77 52
10 78 7
10 79 42
10 80 2
10 81 84
10 82 43
10 83 45
10 84 45
10 85 70
10 86 49
10 87 94
10 88 67
10 89 80
10 90 57
10 91 30
10 92 99
10 93 83
10 94 94
10 95 15
10 96 37
10 97 18
10 98 75
10 99 94
10 100 57
10 101 50
10 102 18
10 103 48
10 104 94
10 105 97
10 106 28
10 107 15
10 108 19
10 109 87
10 110 32
10 111 83
10 112 17
10 113 86
10 114 95
10 115 1
10 116 55
10 117 42
10 118 38
10 119 71
10 120 51
10 121 35
10 122 95
10 123 26
10 124 12
10 125 71
10 126 42
10 127 38
10 128 83
10 129 61
10 130 5
10 131 85
10 132 58
10 133 47
10 134 96
10 135 9
10 136 21
10 137 2
10 138 46
10 139 4
10 140 71
10 141 41
10 142 10
10 143 95
10 144 2
10 145 45
10 146 73
10 147 35
10 148 85
10 149 12
10 150 56
10 151 24
10 152 17
10 153 9
10 154 28
10 155 70
10 156 95
10 157 91
10 158 90
10 159 72
11 12 59
11 13 48
11 14 97
11 15 43
11 16 65
11 17 50
11 18 64
11 19 95
11 20 62
11 21 38
11 22 31
11 23 39
11 24 64
11 25 91
11 26 19
11 27 12
11 28 93
11 29 37
11 30 57
11 31 99
11 32 95
11 33 15
11 34 79
11 35 15
11 36 9
11 37 70
11 38 76
11 39 63
11 40 20
11 41 33
11 42 46
11 43 85
11 44 95
11 45 36
11 46 79
11 47 12
11 48 25
11 49 77
11 50 25
11 51 25
11 52 26
11 53 94
11 54 48
11 55 76
11 56 88
11 57 38
11 58 13
11 59 38
11 60 75
11 61 78
11 62 72
11 63 80
11 64 56
11 65 99
11 66 3
11 67 43
11 68 73
11 69 52
11 70 55
11 71 86
11 72 78
11 73 9
11 74 91
11 75 100
11 76 54
11 77 51
11 78 67
11 79 66
11 80 28
11 81 96
11 82 23
11 83 64
11 84 4
11 85 33
11 86 14
11 87 52
11 88 35
11 89 48
11 90 23
11 91 49
11 92 17
11 93 90
11 94 7
11 95 57
11 96 16
11 97 24
11 98 76
11 99 97
11 100 13
11 101 25
11 102 64
11 103 12
11 104 14
11 105 33
11 106 69
11 107 38
11 108 47
11 109 75
11 110 94
11 111 18
11 112 6
11 113 15
11 114 47
11 115 93
11 116 88
11 117 27
11 118 40
11 119 70
11 120 80
11 121 67
11 122 78
11 123 56
11 124 40
11 125 29
11 126 4
11 127 64
11 128 3
11 129 56
11 130 1
11 131 75
11 132 32
11 133 23
11 134 18
11 135 52
11 136 45
11 137 53
11 138 68
11 139 59
11 140 56
11 141 4
11 142 93
11 143 82
11 144 77
11 145 87
11 146 37
11 147 41
11 148 62
11 149 80
11 150 96
11 151 6
11 152 74
11 153 7
11 154 78
11 155 88
11 156 86
11 157 84
11 158 71
11 159 90
12 13 10
12 14 36
12 15 81
12 16 57
12 17 86
12 18 9
12 19 20
12 20 97
12 21 89
12 22 46
12 23 46
12 24 85
12 25 86
12 26 40
12 27 73
12 28 53
12 29 76
12 30 72
12 31 95
12 32 56
12 33 88
12 34 84
12 35 89
12 36 21
12 37 33
12 38 92
12 39 98
12 40 66
12 41 15
12 42 68
12 43 87
12 44 85
12 45 57
12 46 19
12 47 12
12 48 64
12 49 61
12 50 11
12 51 85
12 52 89
12 53 62
12 54 47
12 55 67
12 56 45
12 57 40
12 58 21
12 59 28
12 60 100
12 61 66
12 62 52
12 63 73
12 64 27
12 65 60
12 66 29
12 67 84
12 68 70
12 69 36
12 70 71
12 71 47
12 72 37
12 73 87
12 74 23
12 75 81
12 76 80
12 77 84
12 78 21
12 79 17
12 80 94
12 81 38
12 82 46
12 83 1
12 84 42
12 85 59
12 86 91
12 87 18
12 88 8
12 89 95
12 90 33
12 91 46
12 92 72
12 93 41
12 94 70
12 95 11
12 96 37
12 97 36
12 98 99
12 99 72
12 100 90
12 101 40
12 102 82
12 103 16
12 104 33
12 105 13
12 106 77
12 107 26
12 108 1
12 109 45
12 110 74
12 111 88
12 112 8
12 113 1
12 114 65
12 115 34
12 116 84
12 117 35
12 118 30
12 119 58
12 120 100
12 121 52
12 122 81
12 123 51
12 124 5
12 125 44
12 126 58
12 127 55
12 128 46
12 129 22
12 130 78
12 131 39
12 132 50
12 133 60
12 134 100
12 135 3
12 136 89
12 137 4
12 138 30
12 139 13
12 140 45
12 141 17
12 142 16
12 143 16
12 144 32
12 145 38
12 146 67
12 147 55
12 148 100
12 149 27
12 150 42
12 151 37
12 152 95
12 153 73
12 154 78
12 155 20
12 156 19
12 157 3
12 158 14
12 159 22
13 14 57
13 15 98
13 16 64
13 17 2
13 18 22
13 19 22
13 20 59
13 21 72
13 22 61
13 23 32
13 24 87
13 25 95
13 26 15
13 27 78
13 28 42
13 29 6
13 30 58
13 31 65
13 32 56
13 33 63
13 34 43
13 35 9
13 36 29
13 37 32
13 38 29
13 39 67
13 40 50
13 41 82
13 42 72
13 43 30
13 44 63
13 45 70
13 46 65
13 47 32
13 48 89
13 49 45
13 50 15
13 51 48
13 52 28
13 53 40
13 54 77
13 55 22
13 56 77
13 57 24
13 58 12
13 59 14
13 60 12
13 61 27
13 62 57
13 63 51
13 64 49
13 65 70
13 66 37
13 67 37
13 68 18
13 69 16
13 70 90
13 71 75
13 72 56
13 73 93
13 74 19
13 75 14
13 76 75
13 77 48
13 78 58
13 79 92
13 80 36
13 81 63
13 82 95
13 83 98
13 84 72
13 85 10
13 86 73
13 87 25
13 88 61
13 89 45
13 90 64
13 91 49
13 92 79
13 93 80
13 94 51
13 95 2
13 96 64
13 97 59
13 98 49
13 99 6
13 100 65
13 101 75
13 102 97
13 103 94
13 104 81
13 105 66
13 106 4
13 107 31
13 108 44
13 109 1
13 110 94
13 111 62
13 112 50
13 113 14
13 114 87
13 115 89
13 116 13
13 117 95
13 118 67
13 119 75
13 120 21
13 121 14
13 122 88
13 123 52
13 124 57
13 125 93
13 126 86
13 127 82
13 128 97
13 129 65
13 130 96
13 131 2
13 132 78
13 133 76
13 134 55
13 135 71
13 136 55
13 137 31
13 138 20
13 139 60
13 140 15
13 141 89
13 142 53
13 143 47
13 144 18
13 145 30
13 146 47
13 147 88
13 148 77
13 149 44
13 150 17
13 151 32
13 152 87
13 153 85
13 154 49
13 155 26
13 156 9
13 157 57
13 158 63
13 159 15
14 15 71
14 16 80
14 17 6
14 18 6
14 19 69
14 20 85
14 21 69
14 22 96
14 23 37
14 24 77
14 25 11
14 26 27
14 27 69
14 28 78
14 29 21
14 30 47
14 31 59
14 32 87
14 33 87
14 34 74
14 35 56
14 36 26
14 37 34
14 38 59
14 39 18
14 40 72
14 41 74
14 42 34
14 43 16
14 44 62
14 45 71
14 46 1
14 47 4
14 48 100
14 49 44
14 50 40
14 51 84
14 52 75
14 53 9
14 54 81
14 55 97
14 56 67
14 57 76
14 58 87
14 59 16
14 60 75
14 61 33
14 62 12
14 63 80
14 64 42
14 65 14
14 66 14
14 67 1
14 68 52
14 69 13
14 70 5
14 71 1
14 72 56
14 73 58
14 74 49
14 75 64
14 76 83
14 77 89
14 78 79
14 79 23
14 80 76
14 81 22
14 82 67
14 83 4
14 84 40
14 85 63
14 86 51
14 87 98
14 88 90
14 89 88
14 90 73
14 91 2
14 92 31
14 93 36
14 94 34
14 95 26
14 96 39
14 97 81
14 98 97
14 99 49
14 100 2
14 101 34
14 102 71
14 103 54
14 104 52
14 105 26
14 106 69
14 107 32
14 108 22
14 109 16
14 110 53
14 111 60
14 112 60
14 113 2
14 114 75
14 115 13
14 116 59
14 117 58
14 118 85
14 119 7
14 120 24
14 121 75
14 122 71
14 123 31
14 124 45
14 125 12
14 126 53
14 127 63
14 128 47
14 129 1
14 130 64
14 131 50
14 132 15
14 133 6
14 134 63
14 135 38
14 136 100
14 137 75
14 138 27
14 139 30
14 140 9
14 141 71
14 142 56
14 143 27
14 144 83
14 145 72
14 146 36
14 147 46
14 148 76
14 149 23
14 150 5
14 151 10
14 152 99
14 153 52
14 154 43
14 155 35
14 156 91
14 157 35
14 158 23
14 159 33
15 16 5
15 17 48
15 18 34
15 19 58
15 20 28
15 21 61
15 22 27
15 23 75
15 24 80
15 25 72
15 26 33
15 27 93
15 28 23
15 29 56
15 30 82
15 31 48
15 32 19
15 33 33
15 34 73
15 35 73
15 36 17
15 37 55
15 38 95
15 39 8
15 40 89
15 41 97
15 42 98
15 43 21
15 44 66
15 45 26
15 46 94
15 47 5
15 48 68
15 49 99
15 50 90
15 51 79
15 52 93
15 53 54
15 54 44
15 55 93
15 56 22
15 57 51
15 58 1
15 59 43
15 60 26
15 61 68
15 62 29
15 63 18
15 64 78
15 65 99
15 66 9
15 67 30
15 68 3
15 69 66
15 70 84
15 71 97
15 72 49
15 73 29
15 74 72
15 75 17
15 76 32
15 77 17
15 78 68
15 79 100
15 80 66
15 81 47
15 82 44
15 83 20
15 84 84
15 85 17
15 86 48
15 87 94
15 88 94
15 89 7
15 90 65
15 91 66
15 92 70
15 93 8
15 94 18
15 95 77
15 96 63
15 97 25
15 98 16
15 99 76
15 100 34
15 101 49
15 102 22
15 103 90
15 104 67
15 105 62
15 106 9
15 107 26
15 108 62
15 109 77
15 110 43
15 111 11
15 112 67
15 113 28
15 114 43
15 115 5
15 116 33
15 117 22
15 118 30
15 119 34
15 120 32
15 121 91
15 122 7
15 123 99
15 124 86
15 125 55
15 126 17
15 127 61
15 128 42
15 129 75
15 130 60
15 131 30
15 132 9
15 133 58
15 134 5
15 135 98
15 136 40
15 137 86
15 138 13
15 139 43
15 140 93
15 141 63
15 142 64
15 143 51
15 144 23
15 145 89
15 146 39
15 147 84
15 148 34
15 149 53
15 150 55
15 151 77
15 152 48
15 153 22
15 154 97
15 155 84
15 156 2
15 157 89
15 158 33
15 159 66
16 17 46
16 18 68
16 19 24
16 20 18
16 21 38
16 22 67
16 23 57
16 24 51
16 25 83
16 26 54
16 27 60
16 28 34
16 29 29
16 30 27
16 31 77
16 32 9
16 33 91
16 34 67
16 35 70
16 36 96
16 37 98
16 38 6
16 39 38
16 40 100
16 41 86
16 42 8
16 43 1
16 44 35
16 45 61
16 46 29
16 47 96
16 48 46
16 49 11
16 50 41
16 51 60
16 52 11
16 53 21
16 54 34
16 55 19
16 56 42
16 57 91
16 58 38
16 59 38
16 60 98
16 61 91
16 62 86
16 63 62
16 64 7
16 65 25
16 66 68
16 67 43
16 68 32
16 69 30
16 70 38
16 71 74
16 72 28
16 73 14
16 74 73
16 75 46
16 76 76
16 77 43
16 78 53
16 79 88
16 80 68
16 81 34
16 82 83
16 83 45
16 84 5
16 85 64
16 86 23
16 87 11
16 88 79
16 89 66
16 90 31
16 91 10
16 92 46
16 93 74
16 94 74
16 95 43
16 96 63
16 97 26
16 98 60
16 99 68
16 100 30
16 101 71
16 102 13
16 103 96
16 104 31
16 105 95
16 106 20
16 107 32
16 108 32
16 109 5
16 110 79
16 111 70
16 112 28
16 113 57
16 114 62
16 115 5
16 116 24
16 117 52
16 118 52
16 119 27
16 120 76
16 121 1
16 122 18
16 123 12
16 124 1
16 125 69
16 126 18
16 127 17
16 128 51
16 129 41
16 130 2
16 131 5
16 132 38
16 133 62
16 134 73
16 135 20
16 136 59
16 137 42
16 138 24
16 139 14
16 140 84
16 141 39
16 142 87
16 143 4
16 144 22
16 145 40
16 146 89
16 147 9
16 148 19
16 149 67
16 150 85
16 151 12
16 152 20
16 153 57
16 154 21
16 155 82
16 156 29
16 157 44
16 158 8
16 159 52
17 18 14
17 19 3
17 20 14
17 21 77
17 22 7
17 23 47
17 24 31
17 25 45
17 26 19
17 27 35
17 28 78
17 29 77
17 30 27
17 31 83
17 32 94
17 33 94
17 34 93
17 35 85
17 36 28
17 37 28
17 38 46
17 39 66
17 40 63
17 41 4
17 42 52
17 43 55
17 44 98
17 45 49
17 46 100
17 47 69
17 48 99
17 49 66
17 50 74
17 51 34
17 52 100
17 53 87
17 54 94
17 55 60
17 56 78
17 57 24
17 58 84
17 59 7
17 60 42
17 61 60
17 62 59
17 63 85
17 64 64
17 65 88
17 66 90
17 67 92
17 68 15
17 69 44
17 70 1
17 71 34
17 72 39
17 73 23
17 74 89
17 75 81
17 76 65
17 77 8
17 78 87
17 79 69
17 80 47
17 81 95
17 82 6
17 83 32
17 84 55
17 85 61
17 86 33
17 87 74
17 88 100
17 89 13
17 90 93
17 91 79
17 92 49
17 93 78
17 94 69
17 95 71
17 96 88
17 97 6
17 98 67
17 99 3
17 100 38
17 101 5
17 102 9
17 103 59
17 104 94
17 105 28
17 106 42
17 107 66
17 108 91
17 109 32
17 110 89
17 111 20
17 112 73
17 113 70
17 114 56
17 115 50
17 116 7
17 117 49
17 118 77
17 119 16
17 120 91
17 121 9
17 122 52
17 123 93
17 124 31
17 125 61
17 126 12
17 127 5
17 128 45
17 129 85
17 130 67
17 131 20
17 132 34
17 133 80
17 134 61
17 135 95
17 136 59
17 137 29
17 138 23
17 139 56
17 140 87
17 141 31
17 142 52
17 143 4
17 144 78
17 145 79
17 146 76
17 147 53
17 148 23
17 149 37
17 150 6
17 151 36
17 152 99
17 153 79
17 154 22
17 155 79
17 156 93
17 157 47
17 158 1
17 159 30
18 19 26
18 20 29
18 21 27
18 22 10
18 23 34
18 24 69
18 25 7
18 26 40
18 27 82
18 28 25
18 29 51
18 30 19
18 31 67
18 32 77
18 33 5
18 34 84
18 35 38
18 36 71
18 37 66
18 38 71
18 39 31
18 40 33
18 41 1
18 42 93
18 43 30
18 44 47
18 45 16
18 46 75
18 47 11
18 48 95
18 49 17
18 50 100
18 51 96
18 52 22
18 53 42
18 54 44
18 55 37
18 56 15
18 57 100
18 58 56
18 59 20
18 60 32
18 61 8
18 62 82
18 63 96
18 64 89
18 65 24
18 66 93
18 67 20
18 68 58
18 69 5
18 70 59
18 71 96
18 72 25
18 73 57
18 74 100
18 75 74
18 76 93
18 77 95
18 78 14
18 79 84
18 80 20
18 81 10
18 82 41
18 83 57
18 84 82
18 85 58
18 86 86
18 87 26
18 88 73
18 89 36
18 90 61
18 91 53
18 92 88
18 93 47
18 94 25
18 95 93
18 96 55
18 97 78
18 98 36
18 99 52
18 100 41
18 101 54
18 102 72
18 103 9
18 104 76
18 105 59
18 106 53
18 107 94
18 108 73
18 109 64
18 110 1
18 111 36
18 112 69
18 113 72
18 114 62
18 115 78
18 116 49
18 117 80
18 118 71
18 119 43
18 120 38
18 121 68
18 122 99
18 123 20
18 124 33
18 125 76
18 126 11
18 127 77
18 128 43
18 129 22
18 130 46
18 131 21
18 132 57
18 133 84
18 134 46
18 135 24
18 136 76
18 137 14
18 138 5
18 139 43
18 140 11
18 141 95
18 142 92
18 143 92
18 144 79
18 145 89
18 146 57
18 147 87
18 148 92
18 149 34
18 150 17
18 151 81
18 152 71
18 153 94
18 154 85
18 155 41
18 156 49
18 157 22
18 158 10
18 159 23
19 20 36
19 21 26
19 22 72
19 23 56
19 24 34
19 25 67
19 26 8
19 27 5
19 28 37
19 29 96
19 30 41
19 31 2
19 32 74
19 33 43
19 34 67
19 35 63
19 36 40
19 37 95
19 38 77
19 39 63
19 40 18
19 41 42
19 42 78
19 43 96
19 44 40
19 45 45
19 46 37
19 47 2
19 48 61
19 49 23
19 50 98
19 51 95
19 52 24
19 53 20
19 54 89
19 55 41
19 56 8
19 57 74
19 58 17
19 59 45
19 60 32
19 61 68
19 62 34
19 63 15
19 64 91
19 65 56
19 66 12
19 67 97
19 68 51
19 69 20
19 70 30
19 71 29
19 72 39
19 73 14
19 74 42
19 75 56
19 76 22
19 77 42
19 78 47
19 79 43
19 80 35
19 81 9
19 82 43
19 83 7
19 84 83
19 85 84
19 86 73
19 87 18
19 88 30
19 89 66
19 90 18
19 91 44
19 92 52
19 93 7
19 94 24
19 95 22
19 96 29
19 97 75
19 98 37
19 99 77
19 100 81
19 101 24
19 102 84
19 103 28
19 104 96
19 105 50
19 106 8
19 107 28
19 108 27
19 109 100
19 110 98
19 111 88
19 112 67
19 113 30
19 114 32
19 115 41
19 116 71
19 117 90
19 118 36
19 119 53
19 120 53
19 121 66
19 122 47
19 123 87
19 124 15
19 125 23
19 126 82
19 127 78
19 128 17
19 129 83
19 130 21
19 131 88
19 132 48
19 133 29
19 134 42
19 135 54
19 136 83
19 137 74
19 138 72
19 139 86
19 140 37
19 141 62
19 142 47
19 143 1
19 144 56
19 145 57
19 146 75
19 147 54
19 148 88
19 149 50
19 150 90
19 151 16
19 152 83
19 153 72
19 154 95
19 155 90
19 156 36
19 157 100
19 158 80
19 159 23
20 21 2
20 22 26
20 23 81
20 24 11
20 25 15
20 26 59
20 27 57
20 28 83
20 29 53
20 30 81
20 31 8
20 32 1
20 33 47
20 34 69
20 35 16
20 36 91
20 37 64
20 38 34
20 39 66
20 40 11
20 41 79
20 42 40
20 43 37
20 44 53
20 45 13
20 46 99
20 47 77
20 48 55
20 49 20
20 50 54
20 51 25
20 52 55
20 53 1
20 54 84
20 55 44
20 56 55
20 57 4
20 58 12
20 59 12
20 60 85
20 61 55
20 62 57
20 63 95
20 64 85
20 65 87
20 66 97
20 67 13
20 68 80
20 69 30
20 70 13
20 71 53
20 72 33
20 73 94
20 74 51
20 75 51
20 76 37
20 77 76
20 78 86
20 79 87
20 80 16
20 81 88
20 82 38
20 83 84
20 84 92
20 85 60
20 86 82
20 87 13
20 88 45
20 89 45
20 90 52
20 91 59
20 92 58
20 93 25
20 94 74
20 95 64
20 96 7
20 97 61
20 98 48
20 99 73
20 100 60
20 101 32
20 102 62
20 103 83
20 104 91
20 105 46
20 106 8
20 107 17
20 108 17
20 109 73
20 110 6
20 111 65
20 112 26
20 113 78
20 114 65
20 115 22
20 116 35
20 117 15
20 118 64
20 119 66
20 120 38
20 121 96
20 122 64
20 123 92
20 124 5
20 125 49
20 126 67
20 127 91
20 128 50
20 129 61
20 130 9
20 131 40
20 132 58
20 133 27
20 134 42
20 135 17
20 136 32
20 137 36
20 138 41
20 139 79
20 140 76
20 141 5
20 142 66
20 143 76
20 144 54
20 145 19
20 146 67
20 147 78
20 148 81
20 149 79
20 150 63
20 151 80
20 152 44
20 153 30
20 154 87
20 155 88
20 156 17
20 157 93
20 158 50
20 159 100
21 22 72
21 23 48
21 24 89
21 25 93
21 26 34
21 27 20
21 28 59
21 29 59
21 30 2
21 31 30
21 32 37
21 33 91
21 34 49
21 35 42
21 36 71
21 37 69
21 38 3
21 39 73
21 40 26
21 41 22
21 42 70
21 43 96
21 44 22
21 45 56
21 46 57
21 47 78
21 48 36
21 49 1
21 50 13
21 51 9
21 52 47
21 53 25
21 54 20
21 55 35
21 56 69
21 57 57
21 58 58
21 59 82
21 60 41
21 61 3
21 62 82
21 63 100
21 64 48
21 65 95
21 66 89
21 67 90
21 68 47
21 69 92
21 70 78
21 71 18
21 72 81
21 73 49
21 74 70
21 75 60
21 76 80
21 77 92
21 78 11
21 79 56
21 80 4
21 81 44
21 82 42
21 83 44
21 84 92
21 85 42
21 86 18
21 87 100
21 88 38
21 89 7
21 90 30
21 91 13
21 92 17
21 93 12
21 94 17
21 95 86
21 96 24
21 97 97
21 98 86
21 99 15
21 100 6
21 101 28
21 102 94
21 103 3
21 104 70
21 105 48
21 106 55
21 107 21
21 108 65
21 109 44
21 110 77
21 111 30
21 112 54
21 113 100
21 114 79
21 115 66
21 116 32
21 117 49
21 118 2
21 119 58
21 120 57
21 121 87
21 122 41
21 123 11
21 124 4
21 125 46
21 126 6
21 127 25
21 128 94
21 129 19
21 130 6
21 131 84
21 132 81
21 133 44
21 134 22
21 135 13
21 136 26
21 137 81
21 138 49
21 139 18
21 140 42
21 141 97
21 142 8
21 143 19
21 144 92
21 145 75
21 146 31
21 147 10
21 148 13
21 149 89
21 150 33
21 151 11
21 152 35
21 153 84
21 154 8
21 155 25
21 156 68
21 157 65
21 158 6
21 159 56
22 23 29
22 24 47
22 25 94
22 26 88
22 27 38
22 28 63
22 29 58
22 30 61
22 31 15
22 32 9
22 33 6
22 34 44
22 35 67
22 36 67
22 37 80
22 38 53
22 39 32
22 40 68
22 41 93
22 42 29
22 43 3
22 44 11
22 45 58
22 46 72
22 47 31
22 48 68
22 49 40
22 50 92
22 51 14
22 52 49
22 53 33
22 54 77
22 55 45
22 56 76
22 57 59
22 58 51
22 59 77
22 60 40
22 61 19
22 62 52
22 63 4
22 64 64
22 65 28
22 66 27
22 67 33
22 68 39
22 69 55
22 70 79
22 71 7
22 72 8
22 73 28
22 74 54
22 75 79
22 76 24
22 77 93
22 78 63
22 79 46
22 80 88
22 81 54
22 82 56
22 83 98
22 84 89
22 85 76
22 86 20
22 87 42
22 88 92
22 89 80
22 90 31
22 91 88
22 92 32
22 93 96
22 94 77
22 95 40
22 96 68
22 97 55
22 98 18
22 99 5
22 100 90
22 101 86
22 102 33
22 103 61
22 104 99
22 105 48
22 106 3
22 107 37
22 108 28
22 109 81
22 110 17
22 111 87
22 112 94
22 113 1
22 114 67
22 115 86
22 116 63
22 117 78
22 118 39
22 119 69
22 120 74
22 121 38
22 122 83
22 123 2
22 124 29
22 125 36
22 126 11
22 127 46
22 128 73
22 129 51
22 130 85
22 131 97
22 132 15
22 133 46
22 134 82
22 135 2
22 136 97
22 137 55
22 138 80
22 139 31
22 140 63
22 141 17
22 142 62
22 143 66
22 144 33
22 145 91
22 146 37
22 147 66
22 148 90
22 149 57
22 150 54
22 151 57
22 152 91
22 153 7
22 154 97
22 155 41
22 156 43
22 157 83
22 158 64
22 159 36
23 24 51
23 25 84
23 26 27
23 27 36
23 28 82
23 29 25
23 30 78
23 31 54
23 32 44
23 33 98
23 34 48
23 35 6
23 36 99
23 37 16
23 38 68
23 39 58
23 40 8
23 41 30
23 42 40
23 43 39
23 44 82
23 45 90
23 46 40
23 47 95
23 48 74
23 49 13
23 50 95
23 51 56
23 52 95
23 53 27
23 54 63
23 55 92
23 56 35
23 57 76
23 58 24
23 59 87
23 60 81
23 61 93
23 62 20
23 63 91
23 64 61
23 65 31
23 66 72
23 67 44
23 68 27
23 69 36
23 70 62
23 71 56
23 72 56
23 73 32
23 74 99
23 75 66
23 76 64
23 77 47
23 78 24
23 79 61
23 80 99
23 81 60
23 82 97
23 83 57
23 84 96
23 85 38
23 86 96
23 87 80
23 88 26
23 89 55
23 90 3
23 91 94
23 92 43
23 93 38
23 94 25
23 95 15
23 96 98
23 97 97
23 98 34
23 99 10
23 100 15
23 101 19
23 102 47
23 103 73
23 104 21
23 105 44
23 106 95
23 107 11
23 108 69
23 109 44
23 110 65
23 111 98
23 112 80
23 113 6
23 114 1
23 115 34
23 116 8
23 117 47
23 118 6
23 119 46
23 120 39
23 121 100
23 122 91
23 123 76
23 124 57
23 125 64
23 126 34
23 127 4
23 128 73
23 129 6
23 130 57
23 131 68
23 132 5
23 133 57
23 134 49
23 135 15
23 136 33
23 137 25
23 138 56
23 139 10
23 140 29
23 141 46
23 142 99
23 143 82
23 144 78
23 145 73
23 146 47
23 147 67
23 148 84
23 149 11
23 150 68
23 151 93
23 152 46
23 153 5
23 154 15
23 155 43
23 156 4
23 157 7
23 158 9
23 159 90
24 25 23
24 26 9
24 27 14
24 28 78
24 29 27
24 30 78
24 31 73
24 32 3
24 33 47
24 34 56
24 35 5
24 36 55
24 37 61
24 38 70
24 39 48
24 40 76
24 41 9
24 42 77
24 43 89
24 44 19
24 45 9
24 46 13
24 47 57
24 48 97
24 49 75
24 50 26
24 51 89
24 52 54
24 53 31
24 54 91
24 55 3
24 56 39
24 57 90
24 58 31
24 59 43
24 60 68
24 61 54
24 62 52
24 63 43
24 64 84
24 65 67
24 66 80
24 67 68
24 68 38
24 69 77
24 70 51
24 71 97
24 72 66
24 73 7
24 74 73
24 75 86
24 76 75
24 77 42
24 78 64
24 79 68
24 80 46
24 81 79
24 82 67
24 83 97
24 84 69
24 85 7
24 86 11
24 87 87
24 88 65
24 89 89
24 90 74
24 91 11
24 92 87
24 93 31
24 94 4
24 95 84
24 96 87
24 97 36
24 98 81
24 99 60
24 100 23
24 101 67
24 102 50
24 103 63
24 104 54
24 105 3
24 106 80
24 107 3
24 108 35
24 109 14
24 110 25
24 111 78
24 112 95
24 113 40
24 114 46
24 115 12
24 116 17
24 117 97
24 118 30
24 119 95
24 120 35
24 121 58
24 122 8
24 123 74
24 124 75
24 125 74
24 126 70
24 127 93
24 128 98
24 129 35
24 130 58
24 131 60
24 132 82
24 133 61
24 134 50
24 135 15
24 136 90
24 137 27
24 138 49
24 139 90
24 140 35
24 141 47
24 142 31
24 143 7
24 144 7
24 145 44
24 146 61
24 147 77
24 148 67
24 149 78
24 150 26
24 151 19
24 152 74
24 153 12
24 154 8
24 155 87
24 156 39
24 157 10
24 158 42
24 159 48
25 26 46
25 27 46
25 28 89
25 29 15
25 30 34
25 31 36
25 32 11
25 33 22
25 34 2
25 35 3
25 36 6
25 37 23
25 38 12
25 39 57
25 40 21
25 41 25
25 42 33
25 43 83
25 44 27
25 45 39
25 46 53
25 47 23
25 48 96
25 49 25
25 50 76
25 51 46
25 52 36
25 53 86
25 54 51
25 55 81
25 56 98
25 57 59
25 58 14
25 59 90
25 60 62
25 61 24
25 62 54
25 63 85
25 64 58
25 65 29
25 66 18
25 67 23
25 68 74
25 69 43
25 70 95
25 71 46
25 72 100
25 73 77
25 74 81
25 75 36
25 76 79
25 77 45
25 78 48
25 79 58
25 80 57
25 81 99
25 82 78
25 83 90
25 84 36
25 85 76
25 86 54
25 87 40
25 88 71
25 89 77
25 90 80
25 91 86
25 92 28
25 93 84
25 94 81
25 95 32
25 96 26
25 97 25
25 98 28
25 99 85
25 100 55
25 101 92
25 102 75
25 103 78
25 104 7
25 105 36
25 106 30
25 107 57
25 108 78
25 109 61
25 110 70
25 111 29
25 112 60
25 113 97
25 114 28
25 115 75
25 116 2
25 117 33
25 118 77
25 119 54
25 120 75
25 121 100
25 122 45
25 123 35
25 124 81
25 125 62
25 126 10
25 127 43
25 128 53
25 129 43
25 130 96
25 131 3
25 132 16
25 133 61
25 134 15
25 135 25
25 136 63
25 137 24
25 138 58
25 139 72
25 140 57
25 141 68
25 142 17
25 143 49
25 144 85
25 145 8
25 146 41
25 147 9
25 148 75
25 149 17
25 150 50
25 151 36
25 152 57
25 153 9
25 154 51
25 155 93
25 156 19
25 157 48
25 158 9
25 159 91
26 27 13
26 28 90
26 29 15
26 30 29
26 31 3
26 32 2
26 33 79
26 34 60
26 35 38
26 36 73
26 37 46
26 38 10
26 39 74
26 40 2
26 41 53
26 42 54
26 43 29
26 44 8
26 45 7
26 46 54
26 47 82
26 48 97
26 49 2
26 50 62
26 51 75
26 52 76
26 53 30
26 54 94
26 55 67
26 56 27
26 57 86
26 58 43
26 59 24
26 60 3
26 61 34
26 62 30
26 63 35
26 64 25
26 65 15
26 66 71
26 67 91
26 68 52
26 69 41
26 70 46
26 71 25
26 72 63
26 73 20
26 74 52
26 75 54
26 76 41
26 77 19
26 78 81
26 79 30
26 80 92
26 81 53
26 82 40
26 83 26
26 84 1
26 85 14
26 86 41
26 87 77
26 88 67
26 89 71
26 90 5
26 91 41
26 92 4
26 93 11
26 94 13
26 95 77
26 96 53
26 97 8
26 98 51
26 99 67
26 100 35
26 101 80
26 102 99
26 103 74
26 104 51
26 105 72
26 106 87
26 107 30
26 108 45
26 109 60
26 110 65
26 111 21
26 112 73
26 113 32
26 114 5
26 115 86
26 116 97
26 117 27
26 118 26
26 119 33
26 120 46
26 121 20
26 122 25
26 123 34
26 124 16
26 125 76
26 126 58
26 127 43
26 128 5
26 129 24
26 130 35
26 131 20
26 132 95
26 133 13
26 134 5
26 135 54
26 136 22
26 137 100
26 138 15
26 139 56
26 140 18
26 141 35
26 142 37
26 143 86
26 144 24
26 145 77
26 146 20
26 147 32
26 148 66
26 149 54
26 150 22
26 151 38
26 152 28
26 153 53
26 154 29
26 155 33
26 156 9
26 157 40
26 158 65
26 159 57
27 28 25
27 29 70
27 30 71
27 31 56
27 32 90
27 33 69
27 34 27
27 35 50
27 36 46
27 37 79
27 38 17
27 39 99
27 40 52
27 41 54
27 42 63
27 43 83
27 44 72
27 45 62
27 46 68
27 47 16
27 48 82
27 49 71
27 50 13
27 51 21
27 52 57
27 53 33
27 54 55
27 55 84
27 56 74
27 57 46
27 58 75
27 59 3
27 60 1
27 61 80
27 62 4
27 63 7
27 64 52
27 65 59
27 66 40
27 67 30
27 68 59
27 69 90
27 70 46
27 71 32
27 72 78
27 73 65
27 74 76
27 75 40
27 76 66
27 77 5
27 78 99
27 79 3
27 80 53
27 81 5
27 82 35
27 83 80
27 84 89
27 85 34
27 86 81
27 87 27
27 88 6
27 89 13
27 90 53
27 91 69
27 92 99
27 93 12
27 94 87
27 95 57
27 96 60
27 97 54
27 98 48
27 99 92
27 100 13
27 101 1
27 102 41
27 103 39
27 104 38
27 105 73
27 106 9
27 107 12
27 108 49
27 109 87
27 110 66
27 111 14
27 112 68
27 113 69
27 114 40
27 115 8
27 116 33
27 117 87
27 118 72
27 119 68
27 120 63
27 121 76
27 122 17
27 123 90
27 124 39
27 125 42
27 126 71
27 127 78
27 128 54
27 129 55
27 130 49
27 131 28
27 132 31
27 133 30
27 134 61
27 135 40
27 136 30
27 137 93
27 138 51
27 139 13
27 140 4
27 141 43
27 142 41
27 143 66
27 144 18
27 145 8
27 146 91
27 147 67
27 148 11
27 149 56
27 150 48
27 151 17
27 152 19
27 153 56
27 154 95
27 155 21
27 156 49
27 157 36
27 158 8
27 159 24
28 29 90
28 30 100
28 31 84
28 32 7
28 33 71
28 34 25
28 35 64
28 36 36
28 37 51
28 38 63
28 39 15
28 40 51
28 41 24
28 42 49
28 43 91
28 44 95
28 45 89
28 46 88
28 47 54
28 48 14
28 49 72
28 50 18
28 51 49
28 52 77
28 53 82
28 54 1
28 55 61
28 56 44
28 57 99
28 58 63
28 59 79
28 60 1
28 61 68
28 62 92
28 63 94
28 64 89
28 65 32
28 66 3
28 67 48
28 68 7
28 69 51
28 70 99
28 71 76
28 72 96
28 73 85
28 74 55
28 75 43
28 76 16
28 77 61
28 78 94
28 79 9
28 80 15
28 81 59
28 82 20
28 83 62
28 84 47
28 85 32
28 86 44
28 87 52
28 88 71
28 89 98
28 90 42
28 91 4
28 92 38
28 93 12
28 94 90
28 95 52
28 96 12
28 97 27
28 98 21
28 99 100
28 100 33
28 101 91
28 102 44
28 103 57
28 104 46
28 105 20
28 106 75
28 107 85
28 108 96
28 109 56
28 110 15
28 111 29
28 112 45
28 113 24
28 114 96
28 115 83
28 116 78
28 117 4
28 118 74
28 119 13
28 120 64
28 121 100
28 122 18
28 123 91
28 124 88
28 125 20
28 126 73
28 127 41
28 128 1
28 129 48
28 130 70
28 131 80
28 132 93
28 133 2
28 134 11
28 135 75
28 136 3
28 137 78
28 138 3
28 139 48
28 140 60
28 141 98
28 142 86
28 143 63
28 144 51
28 145 5
28 146 69
28 147 23
28 148 52
28 149 63
28 150 6
28 151 96
28 152 52
28 153 51
28 154 43
28 155 26
28 156 63
28 157 58
28 158 55
28 159 31
29 30 58
29 31 91
29 32 90
29 33 10
29 34 78
29 35 96
29 36 49
29 37 10
29 38 87
29 39 72
29 40 62
29 41 60
29 42 25
29 43 88
29 44 22
29 45 8
29 46 45
29 47 70
29 48 39
29 49 61
29 50 33
29 51 63
29 52 51
29 53 62
29 54 49
29 55 16
29 56 37
29 57 100
29 58 74
29 59 9
29 60 72
29 61 27
29 62 30
29 63 24
29 64 24
29 65 40
29 66 61
29 67 94
29 68 61
29 69 100
29 70 98
29 71 33
29 72 2
29 73 11
29 74 89
29 75 15
29 76 68
29 77 46
29 78 61
29 79 86
29 80 37
29 81 36
29 82 22
29 83 20
29 84 5
29 85 64
29 86 47
29 87 63
29 88 19
29 89 31
29 90 70
29 91 43
29 92 6
29 93 78
29 94 69
29 95 61
29 96 12
29 97 97
29 98 63
29 99 36
29 100 8
29 101 42
29 102 15
29 103 10
29 104 1
29 105 1
29 106 1
29 107 31
29 108 72
29 109 64
29 110 91
29 111 64
29 112 40
29 113 91
29 114 93
29 115 36
29 116 7
29 117 40
29 118 70
29 119 51
29 120 32
29 121 77
29 122 62
29 123 9
29 124 17
29 125 52
29 126 4
29 127 33
29 128 77
29 129 96
29 130 87
29 131 65
29 132 90
29 133 28
29 134 88
29 135 40
29 136 13
29 137 18
29 138 6
29 139 67
29 140 34
29 141 36
29 142 88
29 143 42
29 144 30
29 145 97
29 146 35
29 147 20
29 148 13
29 149 29
29 150 57
29 151 35
29 152 51
29 153 77
29 154 16
29 155 57
29 156 94
29 157 18
29 158 76
29 159 2
30 31 5
30 32 79
30 33 75
30 34 46
30 35 39
30 36 84
30 37 39
30 38 29
30 39 58
30 40 72
30 41 44
30 42 25
30 43 45
30 44 32
30 45 61
30 46 63
30 47 44
30 48 9
30 49 100
30 50 67
30 51 68
30 52 11
30 53 93
30 54 50
30 55 13
30 56 63
30 57 14
30 58 71
30 59 10
30 60 67
30 61 4
30 62 70
30 63 34
30 64 10
30 65 68
30 66 37
30 67 50
30 68 4
30 69 67
30 70 4
30 71 26
30 72 21
30 73 89
30 74 4
30 75 59
30 76 86
30 77 64
30 78 69
30 79 44
30 80 81
30 81 84
30 82 100
30 83 50
30 84 52
30 85 11
30 86 48
30 87 29
30 88 51
30 89 7
30 90 87
30 91 18
30 92 24
30 93 60
30 94 81
30 95 52
30 96 56
30 97 96
30 98 54
30 99 30
30 100 42
30 101 65
30 102 85
30 103 41
30 104 71
30 105 39
30 106 24
30 107 47
30 108 3
30 109 52
30 110 27
30 111 48
30 112 38
30 113 56
30 114 6
30 115 46
30 116 4
30 117 44
30 118 43
30 119 35
30 120 34
30 121 100
30 122 27
30 123 61
30 124 92
30 125 79
30 126 52
30 127 72
30 128 55
30 129 16
30 130 40
30 131 52
30 132 28
30 133 31
30 134 94
30 135 53
30 136 10
30 137 11
30 138 88
30 139 81
30 140 44
30 141 83
30 142 29
30 143 62
30 144 16
30 145 46
30 146 95
30 147 40
30 148 63
30 149 54
30 150 18
30 151 59
30 152 86
30 153 88
30 154 98
30 155 38
30 156 77
30 157 59
30 158 62
30 159 69
31 32 50
31 33 65
31 34 80
31 35 83
31 36 65
31 37 89
31 38 83
31 39 33
31 40 80
31 41 68
31 42 7
31 43 27
31 44 59
31 45 49
31 46 87
31 47 50
31 48 82
31 49 86
31 50 46
31 51 53
31 52 83
31 53 64
31 54 21
31 55 62
31 56 56
31 57 7
31 58 62
31 59 36
31 60 76
31 61 20
31 62 32
31 63 31
31 64 6
31 65 49
31 66 2
31 67 96
31 68 18
31 69 14
31 70 94
31 71 74
31 72 40
31 73 70
31 74 25
31 75 22
31 76 36
31 77 18
31 78 48
31 79 3
31 80 35
31 81 2
31 82 81
31 83 85
31 84 45
31 85 78
31 86 51
31 87 31
31 88 65
31 89 51
31 90 19
31 91 18
31 92 76
31 93 100
31 94 44
31 95 78
31 96 77
31 97 35
31 98 90
31 99 66
31 100 93
31 101 75
31 102 92
31 103 15
31 104 57
31 105 26
31 106 50
31 107 81
31 108 96
31 109 50
31 110 76
31 111 28
31 112 74
31 113 2
31 114 82
31 115 72
31 116 30
31 117 30
31 118 58
31 119 52
31 120 93
31 121 56
31 122 4
31 123 9
31 124 70
31 125 84
31 126 10
31 127 12
31 128 28
31 129 15
31 130 52
31 131 55
31 132 3
31 133 1
31 134 3
31 135 19
31 136 85
31 137 82
31 138 97
31 139 78
31 140 18
31 141 3
31 142 49
31 143 54
31 144 15
31 145 33
31 146 30
31 147 3
31 148 48
31 149 25
31 150 27
31 151 31
31 152 74
31 153 30
31 154 52
31 155 50
31 156 5
31 157 16
31 158 21
31 159 18
32 33 92
32 34 9
32 35 7
32 36 100
32 37 16
32 38 64
32 39 71
32 40 99
32 41 31
32 42 25
32 43 63
32 44 37
32 45 48
32 46 52
32 47 80
32 48 36
32 49 20
32 50 5
32 51 33
32 52 24
32 53 91
32 54 14
32 55 95
32 56 77
32 57 52
32 58 93
32 59 5
32 60 59
32 61 75
32 62 67
32 63 92
32 64 69
32 65 33
32 66 15
32 67 2
32 68 90
32 69 45
32 70 89
32 71 71
32 72 29
32 73 31
32 74 90
32 75 91
32 76 82
32 77 38
32 78 23
32 79 92
32 80 75
32 81 92
32 82 52
32 83 62
32 84 19
32 85 47
32 86 40
32 87 47
32 88 95
32 89 81
32 90 41
32 91 69
32 92 73
32 93 25
32 94 46
32 95 97
32 96 37
32 97 28
32 98 60
32 99 28
32 100 40
32 101 52
32 102 57
32 103 44
32 104 21
32 105 91
32 106 9
32 107 81
32 108 78
32 109 69
32 110 41
32 111 83
32 112 5
32 113 46
32 114 26
32 115 21
32 116 67
32 117 22
32 118 89
32 119 44
32 120 20
32 121 50
32 122 97
32 123 27
32 124 15
32 125 95
32 126 86
32 127 35
32 128 72
32 129 40
32 130 58
32 131 34
32 132 55
32 133 88
32 134 97
32 135 32
32 136 75
32 137 99
32 138 37
32 139 92
32 140 22
32 141 50
32 142 26
32 143 57
32 144 79
32 145 96
32 146 31
32 147 85
32 148 64
32 149 76
32 150 73
32 151 25
32 152 67
32 153 66
32 154 90
32 155 23
32 156 76
32 157 97
32 158 40
32 159 65
33 34 91
33 35 23
33 36 57
33 37 88
33 38 57
33 39 64
33 40 73
33 41 23
33 42 1
33 43 55
33 44 75
33 45 4
33 46 24
33 47 24
33 48 48
33 49 56
33 50 80
33 51 22
33 52 61
33 53 20
33 54 4
33 55 76
33 56 100
33 57 97
33 58 34
33 59 1
33 60 23
33 61 79
33 62 46
33 63 33
33 64 33
33 65 21
33 66 27
33 67 49
33 68 45
33 69 49
33 70 22
33 71 18
33 72 5
33 73 74
33 74 6
33 75 58
33 76 89
33 77 62
33 78 37
33 79 83
33 80 18
33 81 97
33 82 7
33 83 77
33 84 94
33 85 73
33 86 40
33 87 43
33 88 74
33 89 70
33 90 72
33 91 88
33 92 43
33 93 88
33 94 85
33 95 15
33 96 26
33 97 93
33 98 64
33 99 5
33 100 25
33 101 59
33 102 23
33 103 51
33 104 94
33 105 20
33 106 34
33 107 21
33 108 40
33 109 84
33 110 95
33 111 91
33 112 49
33 113 65
33 114 61
33 115 96
33 116 36
33 117 47
33 118 40
33 119 95
33 120 64
33 121 42
33 122 73
33 123 32
33 124 8
33 125 2
33 126 44
33 127 35
33 128 33
33 129 88
33 130 23
33 131 85
33 132 73
33 133 99
33 134 7
33 135 37
33 136 65
33 137 97
33 138 97
33 139 58
33 140 27
33 141 24
33 142 88
33 143 14
33 144 2
33 145 95
33 146 39
33 147 69
33 148 2
33 149 7
33 150 26
33 151 21
33 152 65
33 153 61
33 154 18
33 155 84
33 156 62
33 157 68
33 158 51
33 159 24
34 35 84
34 36 64
34 37 66
34 38 64
34 39 29
34 40 35
34 41 14
34 42 41
34 43 1
34 44 19
34 45 70
34 46 65
34 47 59
34 48 76
34 49 32
34 50 90
34 51 29
34 52 25
34 53 91
34 54 64
34 55 30
34 56 93
34 57 43
34 58 76
34 59 65
34 60 93
34 61 55
34 62 68
34 63 45
34 64 14
34 65 25
34 66 100
34 67 22
34 68 93
34 69 79
34 70 95
34 71 45
34 72 51
34 73 64
34 74 14
34 75 1
34 76 53
34 77 21
34 78 74
34 79 44
34 80 85
34 81 21
34 82 91
34 83 88
34 84 59
34 85 72
34 86 81
34 87 65
34 88 8
34 89 14
34 90 24
34 91 5
34 92 62
34 93 45
34 94 51
34 95 5
34 96 34
34 97 92
34 98 31
34 99 95
34 100 91
34 101 14
34 102 45
34 103 93
34 104 48
34 105 6
34 106 92
34 107 91
34 108 50
34 109 22
34 110 97
34 111 3
34 112 37
34 113 27
34 114 16
34 115 3
34 116 44
34 117 70
34 118 58
34 119 48
34 120 26
34 121 76
34 122 86
34 123 41
34 124 81
34 125 25
34 126 80
34 127 72
34 128 17
34 129 87
34 130 50
34 131 65
34 132 39
34 133 81
34 134 46
34 135 82
34 136 39
34 137 21
34 138 42
34 139 13
34 140 19
34 141 75
34 142 94
34 143 44
34 144 30
34 145 50
34 146 48
34 147 13
34 148 41
34 149 48
34 150 35
34 151 19
34 152 50
34 153 69
34 154 75
34 155 33
34 156 53
34 157 26
34 158 46
34 159 88
35 36 16
35 37 53
35 38 93
35 39 5
35 40 70
35 41 17
35 42 80
35 43 11
35 44 10
35 45 70
35 46 70
35 47 67
35 48 70
35 49 89
35 50 69
35 51 54
35 52 15
35 53 91
35 54 32
35 55 13
35 56 74
35 57 38
35 58 73
35 59 33
35 60 3
35 61 61
35 62 36
35 63 97
35 64 8
35 65 29
35 66 50
35 67 44
35 68 82
35 69 25
35 70 68
35 71 10
35 72 98
35 73 12
35 74 10
35 75 55
35 76 82
35 77 71
35 78 35
35 79 62
35 80 38
35 81 98
35 82 9
35 83 79
35 84 65
35 85 59
35 86 6
35 87 72
35 88 88
35 89 72
35 90 9
35 91 17
35 92 41
35 93 97
35 94 58
35 95 45
35 96 44
35 97 69
35 98 8
35 99 58
35 100 75
35 101 8
35 102 30
35 103 12
35 104 98
35 105 19
35 106 39
35 107 41
35 108 31
35 109 3
35 110 7
35 111 15
35 112 73
35 113 85
35 114 47
35 115 61
35 116 83
35 117 22
35 118 98
35 119 85
35 120 2
35 121 63
35 122 77
35 123 100
35 124 31
35 125 51
35 126 45
35 127 12
35 128 76
35 129 17
35 130 42
35 131 70
35 132 89
35 133 80
35 134 28
35 135 55
35 136 8
35 137 76
35 138 79
35 139 70
35 140 9
35 141 68
35 142 35
35 143 56
35 144 11
35 145 15
35 146 60
35 147 27
35 148 8
35 149 4
35 150 57
35 151 28
35 152 59
35 153 14
35 154 21
35 155 50
35 156 28
35 157 55
35 158 93
35 159 35
36 37 42
36 38 16
36 39 15
36 40 21
36 41 27
36 42 55
36 43 67
36 44 80
36 45 79
36 46 95
36 47 95
36 48 1
36 49 66
36 50 75
36 51 34
36 52 70
36 53 6
36 54 14
36 55 1
36 56 14
36 57 35
36 58 12
36 59 13
36 60 10
36 61 90
36 62 56
36 63 36
36 64 92
36 65 28
36 66 89
36 67 46
36 68 57
36 69 72
36 70 35
36 71 82
36 72 25
36 73 47
36 74 9
36 75 40
36 76 66
36 77 52
36 78 36
36 79 3
36 80 80
36 81 83
36 82 75
36 83 49
36 84 13
36 85 75
36 86 90
36 87 59
36 88 43
36 89 37
36 90 29
36 91 36
36 92 5
36 93 8
36 94 57
36 95 14
36 96 72
36 97 41
36 98 24
36 99 89
36 100 5
36 101 87
36 102 31
36 103 43
36 104 46
36 105 78
36 106 69
36 107 74
36 108 96
36 109 16
36 110 8
36 111 61
36 112 64
36 113 15
36 114 57
36 115 8
36 116 20
36 117 77
36 118 1
36 119 86
36 120 78
36 121 51
36 122 64
36 123 86
36 124 66
36 125 75
36 126 48
36 127 82
36 128 96
36 129 100
36 130 62
36 131 10
36 132 72
36 133 1
36 134 46
36 135 17
36 136 24
36 137 80
36 138 57
36 139 76
36 140 55
36 141 92
36 142 57
36 143 40
36 144 63
36 145 63
36 146 81
36 147 34
36 148 50
36 149 71
36 150 12
36 151 93
36 152 54
36 153 41
36 154 63
36 155 79
36 156 77
36 157 57
36 158 30
36 159 2
37 38 95
37 39 15
37 40 94
37 41 22
37 42 34
37 43 17
37 44 23
37 45 66
37 46 32
37 47 8
37 48 96
37 49 75
37 50 92
37 51 25
37 52 44
37 53 55
37 54 57
37 55 79
37 56 88
37 57 16
37 58 48
37 59 65
37 60 21
37 61 45
37 62 69
37 63 67
37 64 51
37 65 65
37 66 47
37 67 74
37 68 45
37 69 97
37 70 31
37 71 91
37 72 51
37 73 100
37 74 14
37 75 97
37 76 28
37 77 24
37 78 15
37 79 11
37 80 34
37 81 31
37 82 37
37 83 54
37 84 69
37 85 70
37 86 15
37 87 71
37 88 58
37 89 46
37 90 60
37 91 27
37 92 83
37 93 17
37 94 12
37 95 2
37 96 40
37 97 4
37 98 48
37 99 29
37 100 42
37 101 79
37 102 46
37 103 59
37 104 56
37 105 7
37 106 95
37 107 21
37 108 99
37 109 67
37 110 5
37 111 87
37 112 7
37 113 84
37 114 76
37 115 33
37 116 57
37 117 1
37 118 37
37 119 10
37 120 9
37 121 67
37 122 47
37 123 52
37 124 64
37 125 84
37 126 59
37 127 36
37 128 19
37 129 19
37 130 43
37 131 84
37 132 5
37 133 37
37 134 67
37 135 94
37 136 87
37 137 24
37 138 82
37 139 84
37 140 81
37 141 61
37 142 47
37 143 95
37 144 81
37 145 4
37 146 55
37 147 81
37 148 30
37 149 10
37 150 34
37 151 95
37 152 56
37 153 100
37 154 58
37 155 10
37 156 88
37 157 43
37 158 76
37 159 33
38 39 56
38 40 4
38 41 97
38 42 69
38 43 59
38 44 25
38 45 92
38 46 35
38 47 72
38 48 96
38 49 84
38 50 86
38 51 97
38 52 40
38 53 36
38 54 22
38 55 30
38 56 1
38 57 66
38 58 67
38 59 97
38 60 19
38 61 99
38 62 75
38 63 65
38 64 39
38 65 70
38 66 74
38 67 45
38 68 68
38 69 79
38 70 3
38 71 53
38 72 60
38 73 67
38 74 85
38 75 73
38 76 64
38 77 29
38 78 10
38 79 22
38 80 56
38 81 31
38 82 81
38 83 34
38 84 93
38 85 19
38 86 89
38 87 3
38 88 28
38 89 29
38 90 14
38 91 76
38 92 59
38 93 51
38 94 69
38 95 24
38 96 75
38 97 58
38 98 82
38 99 13
38 100 49
38 101 99
38 102 28
38 103 88
38 104 95
38 105 54
38 106 76
38 107 85
38 108 37
38 109 25
38 110 4
38 111 25
38 112 70
38 113 59
38 114 14
38 115 4
38 116 77
38 117 83
38 118 27
38 119 39
38 120 9
38 121 94
38 122 54
38 123 13
38 124 44
38 125 9
38 126 57
38 127 68
38 128 12
38 129 44
38 130 58
38 131 16
38 132 69
38 133 78
38 134 80
38 135 93
38 136 51
38 137 62
38 138 30
38 139 50
38 140 71
38 141 27
38 142 67
38 143 72
38 144 34
38 145 49
38 146 86
38 147 24
38 148 37
38 149 91
38 150 42
38 151 41
38 152 33
38 153 46
38 154 21
38 155 76
38 156 5
38 157 9
38 158 74
38 159 71
39 40 64
39 41 39
39 42 15
39 43 29
39 44 33
39 45 22
39 46 62
39 47 96
39 48 53
39 49 78
39 50 73
39 51 29
39 52 34
39 53 65
39 54 48
39 55 52
39 56 81
39 57 84
39 58 56
39 59 42
39 60 91
39 61 53
39 62 24
39 63 13
39 64 46
39 65 26
39 66 38
39 67 96
39 68 22
39 69 33
39 70 12
39 71 26
39 72 8
39 73 11
39 74 47
39 75 27
39 76 70
39 77 62
39 78 68
39 79 38
39 80 96
39 81 75
39 82 78
39 83 59
39 84 3
39 85 50
39 86 46
39 87 18
39 88 49
39 89 36
39 90 84
39 91 42
39 92 66
39 93 93
39 94 1
39 95 42
39 96 6
39 97 47
39 98 86
39 99 90
39 100 3
39 101 89
39 102 61
39 103 11
39 104 63
39 105 15
39 106 30
39 107 42
39 108 71
39 109 90
39 110 66
39 111 78
39 112 35
39 113 99
39 114 13
39 115 51
39 116 89
39 117 80
39 118 24
39 119 91
39 120 80
39 121 79
39 122 60
39 123 55
39 124 78
39 125 73
39 126 38
39 127 50
39 128 22
39 129 31
39 130 63
39 131 50
39 132 75
39 133 18
39 134 84
39 135 62
39 136 2
39 137 90
39 138 65
39 139 59
39 140 42
39 141 44
39 142 68
39 143 72
39 144 72
39 145 51
39 146 48
39 147 13
39 148 21
39 149 23
39 150 26
39 151 50
39 152 51
39 153 9
39 154 5
39 155 24
39 156 44
39 157 17
39 158 74
39 159 40
40 41 98
40 42 91
40 43 13
40 44 6
40 45 90
40 46 95
40 47 3
40 48 37
40 49 66
40 50 47
40 51 73
40 52 94
40 53 75
40 54 77
40 55 19
40 56 38
40 57 66
40 58 89
40 59 73
40 60 46
40 61 58
40 62 80
40 63 48
40 64 100
40 65 75
40 66 51
40 67 36
40 68 19
40 69 26
40 70 8
40 71 55
40 72 15
40 73 42
40 74 59
40 75 34
40 76 10
40 77 45
40 78 42
40 79 37
40 80 90
40 81 3
40 82 50
40 83 29
40 84 89
40 85 43
40 86 71
40 87 73
40 88 88
40 89 21
40 90 14
40 91 54
40 92 76
40 93 6
40 94 22
40 95 7
40 96 69
40 97 26
40 98 41
40 99 42
40 100 56
40 101 92
40 102 62
40 103 72
40 104 40
40 105 89
40 106 3
40 107 97
40 108 100
40 109 96
40 110 55
40 111 35
40 112 56
40 113 16
40 114 32
40 115 69
40 116 99
40 117 3
40 118 94
40 119 22
40 120 73
40 121 4
40 122 36
40 123 13
40 124 83
40 125 14
40 126 55
40 127 97
40 128 48
40 129 88
40 130 49
40 131 100
40 132 25
40 133 20
40 134 49
40 135 59
40 136 18
40 137 31
40 138 95
40 139 16
40 140 93
40 141 72
40 142 26
40 143 38
40 144 17
40 145 80
40 146 90
40 147 72
40 148 39
40 149 64
40 150 43
40 151 70
40 152 50
40 153 4
40 154 4
40 155 50
40 156 73
40 157 12
40 158 1
40 159 6
41 42 83
41 43 12
41 44 92
41 45 27
41 46 22
41 47 57
41 48 32
41 49 98
41 50 82
41 51 29
41 52 78
41 53 40
41 54 26
41 55 19
41 56 52
41 57 21
41 58 97
41 59 8
41 60 72
41 61 81
41 62 48
41 63 84
41 64 45
41 65 13
41 66 10
41 67 14
41 68 69
41 69 57
41 70 58
41 71 31
41 72 36
41 73 30
41 74 89
41 75 39
41 76 88
41 77 68
41 78 31
41 79 76
41 80 4
41 81 50
41 82 75
41 83 78
41 84 15
41 85 98
41 86 27
41 87 21
41 88 6
41 89 32
41 90 53
41 91 61
41 92 47
41 93 65
41 94 79
41 95 96
41 96 95
41 97 76
41 98 50
41 99 44
41 100 65
41 101 81
41 102 35
41 103 87
41 104 35
41 105 25
41 106 93
41 107 36
41 108 28
41 109 51
41 110 16
41 111 50
41 112 16
41 113 59
41 114 54
41 115 61
41 116 1
41 117 81
41 118 93
41 119 91
41 120 68
41 121 48
41 122 27
41 123 17
41 124 40
41 125 42
41 126 62
41 127 79
41 128 36
41 129 82
41 130 6
41 131 2
41 132 20
41 133 25
41 134 41
41 135 85
41 136 23
41 137 47
41 138 93
41 139 19
41 140 29
41 141 70
41 142 30
41 143 6
41 144 89
41 145 11
41 146 53
41 147 3
41 148 34
41 149 98
41 150 42
41 151 48
41 152 12
41 153 1
41 154 64
41 155 78
41 156 49
41 157 70
41 158 64
41 159 76
42 43 36
42 44 76
42 45 18
42 46 64
42 47 17
42 48 62
42 49 9
42 50 47
42 51 6
42 52 44
42 53 83
42 54 56
42 55 95
42 56 65
42 57 65
42 58 31
42 59 39
42 60 53
42 61 12
42 62 80
42 63 30
42 64 65
42 65 14
42 66 89
42 67 1
42 68 45
42 69 95
42 70 52
42 71 23
42 72 10
42 73 22
42 74 98
42 75 11
42 76 11
42 77 8
42 78 16
42 79 52
42 80 77
42 81 71
42 82 6
42 83 57
42 84 77
42 85 53
42 86 98
42 87 80
42 88 32
42 89 81
42 90 45
42 91 90
42 92 90
42 93 27
42 94 58
42 95 43
42 96 38
42 97 49
42 98 91
42 99 97
42 100 69
42 101 23
42 102 88
42 103 30
42 104 70
42 105 82
42 106 24
42 107 80
42 108 17
42 109 39
42 110 28
42 111 18
42 112 31
42 113 51
42 114 9
42 115 40
42 116 79
42 117 17
42 118 97
42 119 75
42 120 94
42 121 75
42 122 67
42 123 39
42 124 46
42 125 8
42 126 99
42 127 40
42 128 10
42 129 40
42 130 95
42 131 92
42 132 7
42 133 47
42 134 9
42 135 88
42 136 99
42 137 1
42 138 10
42 139 97
42 140 17
42 141 61
42 142 98
42 143 82
42 144 8
42 145 44
42 146 79
42 147 65
42 148 48
42 149 22
42 150 12
42 151 30
42 152 81
42 153 59
42 154 48
42 155 30
42 156 89
42 157 15
42 158 98
42 159 90
43 44 11
43 45 70
43 46 44
43 47 8
43 48 54
43 49 39
43 50 79
43 51 71
43 52 66
43 53 14
43 54 89
43 55 10
43 56 58
43 57 80
43 58 36
43 59 14
43 60 71
43 61 9
43 62 45
43 63 84
43 64 4
43 65 75
43 66 45
43 67 3
43 68 37
43 69 73
43 70 50
43 71 17
43 72 59
43 73 18
43 74 73
43 75 79
43 76 92
43 77 4
43 78 46
43 79 28
43 80 60
43 81 73
43 82 64
43 83 3
43 84 31
43 85 94
43 86 14
43 87 25
43 88 95
43 89 37
43 90 23
43 91 35
43 92 76
43 93 56
43 94 53
43 95 8
43 96 58
43 97 22
43 98 9
43 99 47
43 100 15
43 101 71
43 102 74
43 103 82
43 104 36
43 105 77
43 106 73
43 107 37
43 108 3
43 109 33
43 110 98
43 111 96
43 112 32
43 113 30
43 114 64
43 115 65
43 116 60
43 117 40
43 118 51
43 119 1
43 120 14
43 121 22
43 122 61
43 123 12
43 124 31
43 125 64
43 126 36
43 127 46
43 128 28
43 129 73
43 130 52
43 131 23
43 132 89
43 133 26
43 134 43
43 135 70
43 136 26
43 137 38
43 138 60
43 139 19
43 140 30
43 141 27
43 142 86
43 143 76
43 144 72
43 145 20
43 146 67
43 147 22
43 148 77
43 149 5
43 150 81
43 151 64
43 152 3
43 153 25
43 154 78
43 155 10
43 156 57
43 157 65
43 158 32
43 159 57
44 45 35
44 46 70
44 47 10
44 48 95
44 49 19
44 50 95
44 51 48
44 52 16
44 53 2
44 54 24
44 55 51
44 56 65
44 57 41
44 58 24
44 59 39
44 60 89
44 61 36
44 62 100
44 63 23
44 64 5
44 65 93
44 66 88
44 67 59
44 68 38
44 69 22
44 70 32
44 71 61
44 72 10
44 73 74
44 74 89
44 75 72
44 76 34
44 77 68
44 78 86
44 79 99
44 80 75
44 81 59
44 82 58
44 83 47
44 84 71
44 85 33
44 86 76
44 87 45
44 88 95
44 89 15
44 90 30
44 91 58
44 92 31
44 93 62
44 94 71
44 95 5
44 96 55
44 97 8
44 98 17
44 99 98
44 100 43
44 101 13
44 102 73
44 103 11
44 104 77
44 105 29
44 106 79
44 107 58
44 108 80
44 109 19
44 110 35
44 111 42
44 112 74
44 113 99
44 114 63
44 115 68
44 116 58
44 117 65
44 118 59
44 119 67
44 120 23
44 121 57
44 122 58
44 123 55
44 124 67
44 125 20
44 126 59
44 127 99
44 128 73
44 129 7
44 130 55
44 131 97
44 132 84
44 133 6
44 134 76
44 135 43
44 136 14
44 137 59
44 138 21
44 139 34
44 140 15
44 141 31
44 142 21
44 143 57
44 144 6
44 145 47
44 146 48
44 147 6
44 148 59
44 149 10
44 150 1
44 151 48
44 152 37
44 153 16
44 154 20
44 155 81
44 156 71
44 157 76
44 158 14
44 159 46
45 46 33
45 47 11
45 48 30
45 49 50
45 50 94
45 51 29
45 52 87
45 53 67
45 54 70
45 55 2
45 56 8
45 57 1
45 58 10
45 59 43
45 60 74
45 61 95
45 62 67
45 63 4
45 64 65
45 65 40
45 66 99
45 67 53
45 68 36
45 69 35
45 70 82
45 71 24
45 72 63
45 73 91
45 74 68
45 75 87
45 76 52
45 77 19
45 78 1
45 79 51
45 80 94
45 81 41
45 82 60
45 83 47
45 84 64
45 85 56
45 86 27
45 87 6
45 88 29
45 89 6
45 90 96
45 91 38
45 92 59
45 93 80
45 94 5
45 95 6
45 96 37
45 97 70
45 98 55
45 99 44
45 100 88
45 101 20
45 102 60
45 103 43
45 104 97
45 105 23
45 106 80
45 107 90
45 108 11
45 109 20
45 110 9
45 111 63
45 112 56
45 113 45
45 114 16
45 115 14
45 116 18
45 117 52
45 118 8
45 119 24
45 120 100
45 121 75
45 122 84
45 123 19
45 124 7
45 125 21
45 126 24
45 127 11
45 128 56
45 129 98
45 130 7
45 131 87
45 132 78
45 133 93
45 134 78
45 135 68
45 136 56
45 137 51
45 138 17
45 139 34
45 140 46
45 141 61
45 142 23
45 143 84
45 144 100
45 145 34
45 146 9
45 147 40
45 148 50
45 149 6
45 150 75
45 151 100
45 152 46
45 153 46
45 154 13
45 155 29
45 156 93
45 157 2
45 158 27
45 159 36
46 47 21
46 48 10
46 49 59
46 50 61
46 51 57
46 52 74
46 53 11
46 54 15
46 55 16
46 56 5
46 57 72
46 58 30
46 59 18
46 60 50
46 61 82
46 62 75
46 63 19
46 64 11
46 65 82
46 66 19
46 67 88
46 68 1
46 69 57
46 70 86
46 71 42
46 72 71
46 73 61
46 74 91
46 75 97
46 76 9
46 77 24
46 78 18
46 79 92
46 80 9
46 81 74
46 82 92
46 83 77
46 84 25
46 85 12
46 86 87
46 87 55
46 88 69
46 89 60
46 90 34
46 91 91
46 92 53
46 93 99
46 94 55
46 95 46
46 96 100
46 97 65
46 98 29
46 99 50
46 100 44
46 101 13
46 102 62
46 103 90
46 104 82
46 105 72
46 106 95
46 107 9
46 108 79
46 109 15
46 110 74
46 111 12
46 112 65
46 113 65
46 114 34
46 115 4
46 116 65
46 117 1
46 118 52
46 119 94
46 120 79
46 121 32
46 122 95
46 123 9
46 124 96
46 125 90
46 126 16
46 127 12
46 128 38
46 129 26
46 130 56
46 131 92
46 132 62
46 133 100
46 134 52
46 135 33
46 136 45
46 137 22
46 138 62
46 139 36
46 140 61
46 141 66
46 142 85
46 143 27
46 144 65
46 145 12
46 146 93
46 147 44
46 148 9
46 149 22
46 150 7
46 151 55
46 152 53
46 153 43
46 154 69
46 155 87
46 156 2
46 157 11
46 158 36
46 159 87
47 48 27
47 49 84
47 50 69
47 51 51
47 52 46
47 53 73
47 54 26
47 55 65
47 56 40
47 57 12
47 58 72
47 59 21
47 60 35
47 61 59
47 62 99
47 63 51
47 64 96
47 65 85
47 66 9
47 67 8
47 68 57
47 69 17
47 70 40
47 71 50
47 72 99
47 73 53
47 74 30
47 75 37
47 76 52
47 77 1
47 78 61
47 79 3
47 80 22
47 81 18
47 82 99
47 83 47
47 84 67
47 85 27
47 86 50
47 87 56
47 88 95
47 89 73
47 90 49
47 91 14
47 92 9
47 93 57
47 94 51
47 95 94
47 96 62
47 97 31
47 98 47
47 99 57
47 100 43
47 101 43
47 102 30
47 103 34
47 104 92
47 105 61
47 106 14
47 107 13
47 108 55
47 109 8
47 110 44
47 111 93
47 112 38
47 113 34
47 114 52
47 115 43
47 116 46
47 117 19
47 118 47
47 119 91
47 120 95
47 121 57
47 122 54
47 123 53
47 124 46
47 125 10
47 126 19
47 127 32
47 128 41
47 129 32
47 130 32
47 131 50
47 132 4
47 133 11
47 134 37
47 135 32
47 136 100
47 137 95
47 138 10
47 139 61
47 140 9
47 141 65
47 142 25
47 143 54
47 144 79
47 145 99
47 146 23
47 147 67
47 148 62
47 149 83
47 150 38
47 151 92
47 152 16
47 153 66
47 154 7
47 155 29
47 156 3
47 157 96
47 158 40
47 159 18
48 49 83
48 50 56
48 51 17
48 52 32
48 53 98
48 54 31
48 55 29
48 56 66
48 57 20
48 58 78
48 59 94
48 60 76
48 61 82
48 62 80
48 63 20
48 64 7
48 65 51
48 66 74
48 67 1
48 68 42
48 69 1
48 70 51
48 71 90
48 72 34
48 73 35
48 74 10
48 75 57
48 76 10
48 77 98
48 78 56
48 79 79
48 80 41
48 81 76
48 82 33
48 83 75
48 84 48
48 85 79
48 86 28
48 87 89
48 88 27
48 89 39
48 90 51
48 91 80
48 92 79
48 93 93
48 94 97
48 95 69
48 96 56
48 97 42
48 98 53
48 99 1
48 100 57
48 101 69
48 102 95
48 103 3
48 104 18
48 105 11
48 106 71
48 107 89
48 108 12
48 109 57
48 110 89
48 111 11
48 112 34
48 113 21
48 114 3
48 115 13
48 116 64
48 117 96
48 118 91
48 119 33
48 120 53
48 121 52
48 122 13
48 123 16
48 124 33
48 125 15
48 126 10
48 127 84
48 128 85
48 129 53
48 130 22
48 131 47
48 132 11
48 133 33
48 134 63
48 135 15
48 136 61
48 137 96
48 138 14
48 139 94
48 140 99
48 141 46
48 142 52
48 143 37
48 144 60
48 145 22
48 146 36
48 147 96
48 148 39
48 149 96
48 150 92
48 151 81
48 152 24
48 153 36
48 154 75
48 155 66
48 156 4
48 157 36
48 158 47
48 159 95
49 50 77
49 51 1
49 52 67
49 53 63
49 54 47
49 55 94
49 56 38
49 57 73
49 58 49
49 59 93
49 60 44
49 61 17
49 62 43
49 63 19
49 64 92
49 65 32
49 66 65
49 67 69
49 68 46
49 69 84
49 70 84
49 71 1
49 72 38
49 73 27
49 74 10
49 75 75
49 76 53
49 77 18
49 78 12
49 79 96
49 80 95
49 81 4
49 82 37
49 83 42
49 84 99
49 85 52
49 86 3
49 87 39
49 88 41
49 89 26
49 90 5
49 91 32
49 92 46
49 93 1
49 94 61
49 95 74
49 96 82
49 97 95
49 98 1
49 99 11
49 100 14
49 101 32
49 102 25
49 103 77
49 104 91
49 105 93
49 106 76
49 107 20
49 108 85
49 109 88
49 110 71
49 111 57
49 112 36
49 113 22
49 114 33
49 115 35
49 116 22
49 117 94
49 118 74
49 119 25
49 120 2
49 121 93
49 122 89
49 123 99
49 124 26
49 125 66
49 126 29
49 127 56
49 128 46
49 129 72
49 130 99
49 131 91
49 132 6
49 133 13
49 134 32
49 135 89
49 136 31
49 137 2
49 138 7
49 139 17
49 140 81
49 141 66
49 142 25
49 143 93
49 144 50
49 145 50
49 146 29
49 147 13
49 148 89
49 149 54
49 150 22
49 151 16
49 152 77
49 153 40
49 154 14
49 155 1
49 156 84
49 157 47
49 158 16
49 159 45
50 51 79
50 52 70
50 53 24
50 54 51
50 55 77
50 56 72
50 57 58
50 58 77
50 59 9
50 60 20
50 61 23
50 62 62
50 63 100
50 64 14
50 65 54
50 66 84
50 67 86
50 68 92
50 69 83
50 70 95
50 71 95
50 72 65
50 73 10
50 74 74
50 75 28
50 76 53
50 77 61
50 78 15
50 79 3
50 80 90
50 81 91
50 82 42
50 83 78
50 84 38
50 85 36
50 86 25
50 87 88
50 88 13
50 89 6
50 90 7
50 91 2
50 92 88
50 93 13
50 94 85
50 95 78
50 96 94
50 97 22
50 98 100
50 99 83
50 100 23
50 101 62
50 102 9
50 103 62
50 104 36
50 105 66
50 106 63
50 107 88
50 108 85
50 109 74
50 110 78
50 111 51
50 112 100
50 113 30
50 114 47
50 115 54
50 116 76
50 117 83
50 118 23
50 119 99
50 120 51
50 121 65
50 122 46
50 123 89
50 124 64
50 125 92
50 126 13
50 127 41
50 128 13
50 129 68
50 130 87
50 131 6
50 132 57
50 133 38
50 134 29
50 135 30
50 136 96
50 137 97
50 138 84
50 139 21
50 140 83
50 141 87
50 142 25
50 143 90
50 144 10
50 145 77
50 146 15
50 147 6
50 148 30
50 149 79
50 150 35
50 151 19
50 152 46
50 153 86
50 154 25
50 155 91
50 156 92
50 157 60
50 158 41
50 159 75
51 52 50
51 53 12
51 54 29
51 55 49
51 56 77
51 57 57
51 58 76
51 59 21
51 60 5
51 61 63
51 62 73
51 63 73
51 64 46
51 65 32
51 66 34
51 67 34
51 68 45
51 69 89
51 70 71
51 71 69
51 72 91
51 73 81
51 74 60
51 75 26
51 76 68
51 77 29
51 78 23
51 79 4
51 80 45
51 81 10
51 82 41
51 83 51
51 84 3
51 85 32
51 86 92
51 87 60
51 88 81
51 89 53
51 90 20
51 91 40
51 92 28
51 93 55
51 94 64
51 95 40
51 96 60
51 97 86
51 98 50
51 99 92
51 100 71
51 101 18
51 102 51
51 103 94
51 104 87
51 105 26
51 106 37
51 107 20
51 108 1
51 109 100
51 110 35
51 111 4
51 112 83
51 113 46
51 114 78
51 115 83
51 116 78
51 117 90
51 118 27
51 119 84
51 120 10
51 121 1
51 122 15
51 123 59
51 124 15
51 125 91
51 126 90
51 127 27
51 128 70
51 129 41
51 130 31
51 131 7
51 132 63
51 133 47
51 134 3
51 135 23
51 136 51
51 137 70
51 138 34
51 139 76
51 140 4
51 141 96
51 142 79
51 143 37
51 144 78
51 145 31
51 146 58
51 147 23
51 148 53
51 149 24
51 150 75
51 151 57
51 152 55
51 153 36
51 154 98
51 155 82
51 156 24
51 157 51
51 158 25
51 159 10
52 53 72
52 54 20
52 55 87
52 56 14
52 57 11
52 58 2
52 59 10
52 60 55
52 61 100
52 62 17
52 63 60
52 64 19
52 65 38
52 66 14
52 67 66
52 68 82
52 69 20
52 70 34
52 71 13
52 72 100
52 73 22
52 74 52
52 75 4
52 76 31
52 77 82
52 78 88
52 79 64
52 80 39
52 81 47
52 82 38
52 83 73
52 84 86
52 85 27
52 86 12
52 87 82
52 88 9
52 89 12
52 90 78
52 91 99
52 92 70
52 93 61
52 94 24
52 95 59
52 96 29
52 97 45
52 98 51
52 99 11
52 100 71
52 101 75
52 102 53
52 103 48
52 104 99
52 105 86
52 106 13
52 107 26
52 108 66
52 109 90
52 110 17
52 111 10
52 112 64
52 113 12
52 114 74
52 115 45
52 116 59
52 117 45
52 118 71
52 119 91
52 120 13
52 121 17
52 122 70
52 123 84
52 124 30
52 125 80
52 126 73
52 127 13
52 128 78
52 129 53
52 130 2
52 131 7
52 132 86
52 133 76
52 134 7
52 135 43
52 136 86
52 137 67
52 138 99
52 139 22
52 140 73
52 141 33
52 142 49
52 143 74
52 144 34
52 145 48
52 146 74
52 147 64
52 148 32
52 149 22
52 150 87
52 151 48
52 152 19
52 153 59
52 154 38
52 155 62
52 156 30
52 157 99
52 158 2
52 159 71
53 54 8
53 55 45
53 56 65
53 57 2
53 58 92
53 59 80
53 60 16
53 61 94
53 62 66
53 63 75
53 64 77
53 65 73
53 66 28
53 67 54
53 68 31
53 69 11
53 70 92
53 71 19
53 72 78
53 73 53
53 74 30
53 75 26
53 76 37
53 77 76
53 78 14
53 79 10
53 80 24
53 81 75
53 82 57
53 83 84
53 84 87
53 85 63
53 86 24
53 87 54
53 88 95
53 89 92
53 90 18
53 91 15
53 92 1
53 93 88
53 94 41
53 95 71
53 96 61
53 97 79
53 98 23
53 99 69
53 100 100
53 101 22
53 102 12
53 103 87
53 104 53
53 105 74
53 106 13
53 107 12
53 108 13
53 109 79
53 110 100
53 111 77
53 112 57
53 113 2
53 114 33
53 115 59
53 116 1
53 117 39
53 118 59
53 119 56
53 120 68
53 121 91
53 122 5
53 123 68
53 124 18
53 125 59
53 126 92
53 127 7
53 128 42
53 129 82
53 130 10
53 131 9
53 132 44
53 133 92
53 134 20
53 135 51
53 136 56
53 137 23
53 138 24
53 139 66
53 140 100
53 141 11
53 142 91
53 143 73
53 144 18
53 145 39
53 146 61
53 147 5
53 148 98
53 149 9
53 150 67
53 151 52
53 152 24
53 153 43
53 154 95
53 155 42
53 156 82
53 157 65
53 158 73
53 159 39
54 55 89
54 56 25
54 57 26
54 58 73
54 59 37
54 60 63
54 61 91
54 62 53
54 63 62
54 64 11
54 65 28
54 66 90
54 67 18
54 68 12
54 69 72
54 70 10
54 71 86
54 72 58
54 73 17
54 74 14
54 75 59
54 76 3
54 77 39
54 78 27
54 79 24
54 80 28
54 81 60
54 82 5
54 83 82
54 84 96
54 85 4
54 86 21
54 87 71
54 88 13
54 89 73
54 90 92
54 91 63
54 92 18
54 93 44
54 94 16
54 95 88
54 96 12
54 97 19
54 98 41
54 99 21
54 100 98
54 101 74
54 102 84
54 103 71
54 104 76
54 105 36
54 106 14
54 107 97
54 108 52
54 109 93
54 110 55
54 111 5
54 112 59
54 113 17
54 114 59
54 115 25
54 116 90
54 117 87
54 118 86
54 119 74
54 120 16
54 121 23
54 122 24
54 123 60
54 124 63
54 125 64
54 126 10
54 127 53
54 128 3
54 129 59
54 130 69
54 131 11
54 132 83
54 133 79
54 134 93
54 135 33
54 136 83
54 137 95
54 138 12
54 139 45
54 140 98
54 141 68
54 142 53
54 143 92
54 144 80
54 145 67
54 146 44
54 147 14
54 148 88
54 149 93
54 150 45
54 151 14
54 152 30
54 153 17
54 154 14
54 155 26
54 156 12
54 157 88
54 158 40
54 159 36
55 56 1
55 57 4
55 58 50
55 59 8
55 60 90
55 61 29
55 62 61
55 63 28
55 64 36
55 65 9
55 66 52
55 67 44
55 68 73
55 69 25
55 70 35
55 71 10
55 72 7
55 73 33
55 74 61
55 75 14
55 76 92
55 77 14
55 78 96
55 79 25
55 80 97
55 81 48
55 82 17
55 83 73
55 84 22
55 85 56
55 86 94
55 87 71
55 88 56
55 89 33
55 90 22
55 91 49
55 92 21
55 93 94
55 94 78
55 95 43
55 96 10
55 97 16
55 98 68
55 99 55
55 100 64
55 101 84
55 102 51
55 103 71
55 104 25
55 105 37
55 106 57
55 107 38
55 108 76
55 109 92
55 110 6
55 111 32
55 112 2
55 113 27
55 114 61
55 115 75
55 116 39
55 117 42
55 118 22
55 119 89
55 120 96
55 121 71
55 122 33
55 123 55
55 124 30
55 125 15
55 126 24
55 127 65
55 128 39
55 129 35
55 130 4
55 131 28
55 132 30
55 133 68
55 134 37
55 135 25
55 136 100
55 137 78
55 138 39
55 139 6
55 140 15
55 141 12
55 142 31
55 143 77
55 144 23
55 145 43
55 146 30
55 147 38
55 148 65
55 149 91
55 150 88
55 151 19
55 152 58
55 153 31
55 154 19
55 155 92
55 156 94
55 157 68
55 158 60
55 159 57
56 57 43
56 58 87
56 59 94
56 60 68
56 61 92
56 62 68
56 63 90
56 64 24
56 65 90
56 66 30
56 67 47
56 68 12
56 69 69
56 70 51
56 71 19
56 72 83
56 73 73
56 74 18
56 75 63
56 76 83
56 77 48
56 78 70
56 79 93
56 80 84
56 81 11
56 82 5
56 83 77
56 84 100
56 85 34
56 86 11
56 87 60
56 88 38
56 89 47
56 90 2
56 91 13
56 92 3
56 93 81
56 94 27
56 95 90
56 96 87
56 97 18
56 98 19
56 99 35
56 100 29
56 101 37
56 102 51
56 103 92
56 104 49
56 105 8
56 106 24
56 107 35
56 108 70
56 109 67
56 110 73
56 111 78
56 112 98
56 113 54
56 114 94
56 115 51
56 116 36
56 117 19
56 118 44
56 119 100
56 120 24
56 121 54
56 122 55
56 123 21
56 124 47
56 125 75
56 126 100
56 127 23
56 128 18
56 129 44
56 130 82
56 131 74
56 132 56
56 133 87
56 134 78
56 135 47
56 136 41
56 137 73
56 138 87
56 139 23
56 140 29
56 141 32
56 142 16
56 143 94
56 144 42
56 145 31
56 146 81
56 147 35
56 148 42
56 149 95
56 150 54
56 151 44
56 152 50
56 153 62
56 154 99
56 155 24
56 156 59
56 157 62
56 158 2
56 159 95
57 58 26
57 59 94
57 60 96
57 61 2
57 62 53
57 63 34
57 64 22
57 65 66
57 66 65
57 67 40
57 68 68
57 69 78
57 70 85
57 71 78
57 72 29
57 73 46
57 74 24
57 75 39
57 76 42
57 77 33
57 78 61
57 79 32
57 80 24
57 81 16
57 82 30
57 83 69
57 84 58
57 85 80
57 86 71
57 87 47
57 88 9
57 89 26
57 90 75
57 91 46
57 92 1
57 93 82
57 94 88
57 95 82
57 96 32
57 97 80
57 98 18
57 99 8
57 100 47
57 101 36
57 102 40
57 103 22
57 104 5
57 105 89
57 106 77
57 107 32
57 108 82
57 109 52
57 110 99
57 111 75
57 112 46
57 113 64
57 114 39
57 115 17
57 116 11
57 117 46
57 118 8
57 119 16
57 120 23
57 121 62
57 122 39
57 123 11
57 124 79
57 125 58
57 126 76
57 127 48
57 128 13
57 129 59
57 130 36
57 131 59
57 132 25
57 133 42
57 134 87
57 135 33
57 136 39
57 137 55
57 138 8
57 139 45
57 140 3
57 141 98
57 142 43
57 143 43
57 144 3
57 145 35
57 146 27
57 147 20
57 148 61
57 149 22
57 150 15
57 151 55
57 152 41
57 153 75
57 154 32
57 155 71
57 156 74
57 157 19
57 158 14
57 159 28
58 59 2
58 60 89
58 61 23
58 62 20
58 63 49
58 64 17
58 65 39
58 66 92
58 67 14
58 68 42
58 69 44
58 70 8
58 71 96
58 72 53
58 73 23
58 74 45
58 75 62
58 76 11
58 77 2
58 78 25
58 79 49
58 80 6
58 81 59
58 82 91
58 83 47
58 84 17
58 85 39
58 86 43
58 87 21
58 88 20
58 89 17
58 90 18
58 91 58
58 92 68
58 93 78
58 94 23
58 95 18
58 96 97
58 97 74
58 98 97
58 99 71
58 100 12
58 101 85
58 102 50
58 103 45
58 104 25
58 105 53
58 106 2
58 107 45
58 108 10
58 109 50
58 110 32
58 111 69
58 112 94
58 113 99
58 114 86
58 115 84
58 116 43
58 117 38
58 118 22
58 119 1
58 120 92
58 121 56
58 122 37
58 123 4
58 124 75
58 125 86
58 126 44
58 127 7
58 128 69
58 129 31
58 130 38
58 131 75
58 132 47
58 133 60
58 134 7
58 135 20
58 136 20
58 137 4
58 138 30
58 139 70
58 140 30
58 141 97
58 142 91
58 143 86
58 144 66
58 145 17
58 146 26
58 147 54
58 148 87
58 149 70
58 150 78
58 151 99
58 152 52
58 153 3
58 154 28
58 155 87
58 156 59
58 157 34
58 158 77
58 159 46
59 60 78
59 61 32
59 62 62
59 63 92
59 64 79
59 65 81
59 66 38
59 67 96
59 68 82
59 69 20
59 70 82
59 71 38
59 72 46
59 73 29
59 74 44
59 75 78
59 76 2
59 77 67
59 78 64
59 79 79
59 80 56
59 81 60
59 82 38
59 83 15
59 84 31
59 85 100
59 86 9
59 87 73
59 88 24
59 89 25
59 90 91
59 91 84
59 92 97
59 93 20
59 94 87
59 95 2
59 96 70
59 97 60
59 98 49
59 99 10
59 100 99
59 101 60
59 102 87
59 103 42
59 104 61
59 105 98
59 106 58
59 107 18
59 108 93
59 109 58
59 110 35
59 111 76
59 112 75
59 113 61
59 114 99
59 115 48
59 116 89
59 117 39
59 118 45
59 119 98
59 120 68
59 121 84
59 122 56
59 123 15
59 124 81
59 125 91
59 126 42
59 127 44
59 128 80
59 129 68
59 130 10
59 131 30
59 132 38
59 133 79
59 134 100
59 135 92
59 136 60
59 137 61
59 138 68
59 139 28
59 140 93
59 141 95
59 142 62
59 143 37
59 144 1
59 145 27
59 146 80
59 147 77
59 148 67
59 149 38
59 150 78
59 151 37
59 152 23
59 153 2
59 154 75
59 155 85
59 156 43
59 157 59
59 158 31
59 159 91
60 61 20
60 62 59
60 63 83
60 64 10
60 65 83
60 66 26
60 67 89
60 68 47
60 69 18
60 70 95
60 71 57
60 72 36
60 73 38
60 74 88
60 75 57
60 76 59
60 77 54
60 78 2
60 79 47
60 80 55
60 81 34
60 82 22
60 83 18
60 84 7
60 85 20
60 86 37
60 87 23
60 88 52
60 89 51
60 90 7
60 91 56
60 92 83
60 93 9
60 94 95
60 95 1
60 96 2
60 97 36
60 98 5
60 99 81
60 100 18
60 101 62
60 102 59
60 103 46
60 104 3
60 105 26
60 106 79
60 107 11
60 108 91
60 109 66
60 110 23
60 111 10
60 112 98
60 113 52
60 114 33
60 115 12
60 116 53
60 117 89
60 118 60
60 119 63
60 120 65
60 121 60
60 122 87
60 123 75
60 124 19
60 125 98
60 126 2
60 127 46
60 128 64
60 129 65
60 130 30
60 131 17
60 132 2
60 133 44
60 134 98
60 135 66
60 136 92
60 137 62
60 138 52
60 139 84
60 140 56
60 141 27
60 142 74
60 143 44
60 144 70
60 145 76
60 146 14
60 147 42
60 148 80
60 149 51
60 150 13
60 151 46
60 152 36
60 153 93
60 154 13
60 155 44
60 156 53
60 157 84
60 158 86
60 159 42
61 62 26
61 63 95
61 64 42
61 65 85
61 66 48
61 67 39
61 68 19
61 69 36
61 70 71
61 71 3
61 72 51
61 73 23
61 74 88
61 75 96
61 76 10
61 77 33
61 78 26
61 79 42
61 80 80
61 81 17
61 82 98
61 83 5
61 84 60
61 85 28
61 86 72
61 87 10
61 88 100
61 89 76
61 90 54
61 91 96
61 92 2
61 93 63
61 94 90
61 95 39
61 96 81
61 97 16
61 98 7
61 99 75
61 100 56
61 101 22
61 102 36
61 103 38
61 104 87
61 105 48
61 106 36
61 107 37
61 108 64
61 109 58
61 110 66
61 111 21
61 112 36
61 113 47
61 114 62
61 115 69
61 116 89
61 117 94
61 118 83
61 119 78
61 120 24
61 121 63
61 122 70
61 123 41
61 124 54
61 125 62
61 126 25
61 127 98
61 128 44
61 129 29
61 130 5
61 131 27
61 132 61
61 133 51
61 134 28
61 135 71
61 136 48
61 137 98
61 138 69
61 139 100
61 140 91
61 141 73
61 142 94
61 143 79
61 144 49
61 145 43
61 146 69
61 147 10
61 148 6
61 149 70
61 150 7
61 151 48
61 152 78
61 153 64
61 154 20
61 155 15
61 156 37
61 157 16
61 158 77
61 159 72
62 63 6
62 64 31
62 65 7
62 66 44
62 67 18
62 68 71
62 69 29
62 70 25
62 71 27
62 72 72
62 73 7
62 74 84
62 75 23
62 76 67
62 77 69
62 78 42
62 79 71
62 80 31
62 81 8
62 82 34
62 83 59
62 84 41
62 85 56
62 86 23
62 87 80
62 88 43
62 89 90
62 90 85
62 91 13
62 92 24
62 93 60
62 94 7
62 95 56
62 96 62
62 97 30
62 98 51
62 99 54
62 100 9
62 101 45
62 102 56
62 103 13
62 104 56
62 105 1
62 106 69
62 107 50
62 108 27
62 109 34
62 110 15
62 111 21
62 112 25
62 113 58
62 114 66
62 115 82
62 116 58
62 117 24
62 118 8
62 119 43
62 120 59
62 121 56
62 122 76
62 123 59
62 124 29
62 125 75
62 126 45
62 127 85
62 128 85
62 129 2
62 130 75
62 131 33
62 132 63
62 133 5
62 134 45
62 135 47
62 136 63
62 137 36
62 138 37
62 139 48
62 140 95
62 141 30
62 142 71
62 143 54
62 144 50
62 145 18
62 146 97
62 147 35
62 148 72
62 149 53
62 150 98
62 151 37
62 152 41
62 153 75
62 154 90
62 155 45
62 156 30
62 157 25
62 158 10
62 159 73
63 64 37
63 65 79
63 66 25
63 67 77
63 68 33
63 69 76
63 70 47
63 71 87
63 72 15
63 73 42
63 74 65
63 75 38
63 76 35
63 77 96
63 78 43
63 79 72
63 80 19
63 81 93
63 82 6
63 83 61
63 84 87
63 85 11
63 86 96
63 87 86
63 88 38
63 89 7
63 90 34
63 91 82
63 92 12
63 93 35
63 94 6
63 95 91
63 96 53
63 97 29
63 98 57
63 99 11
63 100 78
63 101 73
63 102 88
63 103 81
63 104 85
63 105 90
63 106 34
63 107 31
63 108 100
63 109 88
63 110 100
63 111 97
63 112 24
63 113 87
63 114 73
63 115 45
63 116 60
63 117 71
63 118 58
63 119 20
63 120 59
63 121 33
63 122 71
63 123 87
63 124 18
63 125 40
63 126 7
63 127 92
63 128 66
63 129 31
63 130 39
63 131 67
63 132 43
63 133 45
63 134 37
63 135 64
63 136 84
63 137 42
63 138 21
63 139 63
63 140 11
63 141 5
63 142 82
63 143 49
63 144 55
63 145 86
63 146 7
63 147 40
63 148 63
63 149 13
63 150 81
63 151 4
63 152 16
63 153 19
63 154 81
63 155 67
63 156 58
63 157 45
63 158 38
63 159 41
64 65 37
64 66 81
64 67 67
64 68 50
64 69 64
64 70 46
64 71 39
64 72 54
64 73 2
64 74 40
64 75 16
64 76 52
64 77 19
64 78 79
64 79 23
64 80 2
64 81 14
64 82 84
64 83 96
64 84 33
64 85 95
64 86 28
64 87 32
64 88 33
64 89 43
64 90 22
64 91 40
64 92 95
64 93 35
64 94 50
64 95 34
64 96 16
64 97 68
64 98 45
64 99 58
64 100 30
64 101 51
64 102 12
64 103 63
64 104 56
64 105 45
64 106 37
64 107 8
64 108 71
64 109 56
64 110 78
64 111 60
64 112 14
64 113 10
64 114 50
64 115 74
64 116 38
64 117 53
64 118 17
64 119 7
64 120 95
64 121 75
64 122 14
64 123 82
64 124 60
64 125 30
64 126 56
64 127 67
64 128 87
64 129 2
64 130 42
64 131 51
64 132 89
64 133 81
64 134 32
64 135 3
64 136 4
64 137 9
64 138 35
64 139 84
64 140 97
64 141 49
64 142 22
64 143 66
64 144 23
64 145 84
64 146 2
64 147 33
64 148 5
64 149 51
64 150 58
64 151 20
64 152 9
64 153 97
64 154 79
64 155 60
64 156 65
64 157 70
64 158 9
64 159 62
65 66 41
65 67 98
65 68 34
65 69 98
65 70 88
65 71 32
65 72 77
65 73 34
65 74 2
65 75 56
65 76 43
65 77 50
65 78 47
65 79 46
65 80 72
65 81 94
65 82 77
65 83 18
65 84 66
65 85 46
65 86 15
65 87 84
65 88 64
65 89 64
65 90 21
65 91 75
65 92 49
65 93 35
65 94 20
65 95 18
65 96 87
65 97 73
65 98 46
65 99 17
65 100 100
65 101 84
65 102 47
65 103 36
65 104 39
65 105 96
65 106 74
65 107 52
65 108 49
65 109 17
65 110 79
65 111 81
65 112 87
65 113 92
65 114 26
65 115 14
65 116 15
65 117 19
65 118 75
65 119 34
65 120 73
65 121 73
65 122 60
65 123 94
65 124 100
65 125 23
65 126 55
65 127 47
65 128 58
65 129 18
65 130 98
65 131 8
65 132 52
65 133 99
65 134 59
65 135 8
65 136 100
65 137 36
65 138 43
65 139 75
65 140 53
65 141 58
65 142 65
65 143 40
65 144 77
65 145 90
65 146 92
65 147 65
65 148 34
65 149 74
65 150 12
65 151 27
65 152 55
65 153 56
65 154 13
65 155 58
65 156 44
65 157 48
65 158 89
65 159 4
66 67 20
66 68 15
66 69 4
66 70 84
66 71 34
66 72 7
66 73 65
66 74 81
66 75 53
66 76 91
66 77 36
66 78 28
66 79 55
66 80 5
66 81 76
66 82 38
66 83 36
66 84 57
66 85 10
66 86 3
66 87 100
66 88 24
66 89 76
66 90 98
66 91 63
66 92 75
66 93 75
66 94 90
66 95 94
66 96 54
66 97 63
66 98 42
66 99 33
66 100 66
66 101 42
66 102 90
66 103 86
66 104 72
66 105 14
66 106 96
66 107 99
66 108 56
66 109 26
66 110 21
66 111 24
66 112 56
66 113 54
66 114 92
66 115 55
66 116 87
66 117 61
66 118 20
66 119 69
66 120 51
66 121 85
66 122 30
66 123 91
66 124 49
66 125 72
66 126 90
66 127 23
66 128 29
66 129 65
66 130 36
66 131 35
66 132 26
66 133 64
66 134 17
66 135 55
66 136 34
66 137 52
66 138 49
66 139 91
66 140 48
66 141 89
66 142 8
66 143 69
66 144 38
66 145 91
66 146 43
66 147 75
66 148 85
66 149 41
66 150 86
66 151 42
66 152 87
66 153 19
66 154 14
66 155 65
66 156 56
66 157 76
66 158 55
66 159 88
67 68 53
67 69 31
67 70 15
67 71 68
67 72 44
67 73 42
67 74 80
67 75 11
67 76 99
67 77 20
67 78 18
67 79 53
67 80 89
67 81 87
67 82 57
67 83 90
67 84 66
67 85 75
67 86 17
67 87 82
67 88 92
67 89 75
67 90 66
67 91 89
67 92 93
67 93 33
67 94 24
67 95 9
67 96 89
67 97 48
67 98 74
67 99 76
67 100 58
67 101 1
67 102 3
67 103 95
67 104 37
67 105 73
67 106 62
67 107 71
67 108 8
67 109 95
67 110 82
67 111 41
67 112 23
67 113 3
67 114 23
67 115 31
67 116 100
67 117 11
67 118 71
67 119 10
67 120 25
67 121 99
67 122 92
67 123 41
67 124 1
67 125 18
67 126 6
67 127 39
67 128 58
67 129 22
67 130 98
67 131 72
67 132 86
67 133 40
67 134 29
67 135 19
67 136 71
67 137 86
67 138 81
67 139 36
67 140 91
67 141 18
67 142 11
67 143 3
67 144 5
67 145 95
67 146 31
67 147 79
67 148 1
67 149 4
67 150 28
67 151 10
67 152 94
67 153 73
67 154 94
67 155 50
67 156 93
67 157 68
67 158 49
67 159 8
68 69 98
68 70 32
68 71 42
68 72 36
68 73 63
68 74 24
68 75 17
68 76 88
68 77 43
68 78 53
68 79 70
68 80 26
68 81 75
68 82 69
68 83 95
68 84 13
68 85 8
68 86 88
68 87 94
68 88 78
68 89 33
68 90 100
68 91 81
68 92 70
68 93 79
68 94 9
68 95 7
68 96 1
68 97 9
68 98 78
68 99 81
68 100 4
68 101 35
68 102 43
68 103 64
68 104 37
68 105 64
68 106 93
68 107 49
68 108 52
68 109 66
68 110 97
68 111 26
68 112 94
68 113 41
68 114 25
68 115 55
68 116 78
68 117 95
68 118 44
68 119 65
68 120 72
68 121 94
68 122 35
68 123 74
68 124 99
68 125 91
68 126 1
68 127 11
68 128 40
68 129 45
68 130 94
68 131 23
68 132 40
68 133 18
68 134 42
68 135 43
68 136 86
68 137 62
68 138 39
68 139 100
68 140 66
68 141 29
68 142 17
68 143 89
68 144 13
68 145 90
68 146 79
68 147 5
68 148 29
68 149 33
68 150 14
68 151 75
68 152 3
68 153 59
68 154 94
68 155 14
68 156 32
68 157 46
68 158 56
68 159 33
69 70 65
69 71 57
69 72 64
69 73 32
69 74 29
69 75 30
69 76 94
69 77 47
69 78 32
69 79 75
69 80 63
69 81 61
69 82 67
69 83 64
69 84 67
69 85 21
69 86 15
69 87 30
69 88 33
69 89 66
69 90 73
69 91 85
69 92 13
69 93 30
69 94 18
69 95 95
69 96 60
69 97 88
69 98 24
69 99 49
69 100 80
69 101 46
69 102 93
69 103 54
69 104 73
69 105 70
69 106 30
69 107 30
69 108 81
69 109 74
69 110 5
69 111 86
69 112 37
69 113 35
69 114 8
69 115 5
69 116 100
69 117 86
69 118 61
69 119 19
69 120 24
69 121 77
69 122 95
69 123 91
69 124 65
69 125 20
69 126 90
69 127 94
69 128 83
69 129 92
69 130 29
69 131 27
69 132 37
69 133 47
69 134 57
69 135 45
69 136 18
69 137 3
69 138 97
69 139 24
69 140 31
69 141 94
69 142 88
69 143 84
69 144 22
69 145 95
69 146 84
69 147 27
69 148 52
69 149 75
69 150 88
69 151 64
69 152 37
69 153 71
69 154 22
69 155 12
69 156 58
69 157 60
69 158 31
69 159 37
70 71 1
70 72 6
70 73 57
70 74 76
70 75 69
70 76 39
70 77 27
70 78 62
70 79 90
70 80 99
70 81 1
70 82 19
70 83 99
70 84 79
70 85 19
70 86 34
70 87 48
70 88 51
70 89 22
70 90 13
70 91 2
70 92 85
70 93 48
70 94 45
70 95 90
70 96 20
70 97 83
70 98 61
70 99 49
70 100 2
70 101 98
70 102 74
70 103 17
70 104 79
70 105 35
70 106 93
70 107 72
70 108 28
70 109 90
70 110 48
70 111 100
70 112 16
70 113 56
70 114 69
70 115 47
70 116 68
70 117 9
70 118 89
70 119 34
70 120 36
70 121 49
70 122 47
70 123 52
70 124 41
70 125 65
70 126 72
70 127 6
70 128 63
70 129 43
70 130 62
70 131 86
70 132 27
70 133 46
70 134 14
70 135 25
70 136 42
70 137 18
70 138 51
70 139 91
70 140 26
70 141 72
70 142 62
70 143 100
70 144 80
70 145 37
70 146 37
70 147 14
70 148 51
70 149 72
70 150 56
70 151 40
70 152 46
70 153 70
70 154 32
70 155 31
70 156 49
70 157 16
70 158 15
70 159 75
71 72 23
71 73 20
71 74 45
71 75 60
71 76 27
71 77 91
71 78 3
71 79 55
71 80 37
71 81 71
71 82 77
71 83 13
71 84 94
71 85 96
71 86 83
71 87 11
71 88 13
71 89 48
71 90 84
71 91 29
71 92 93
71 93 77
71 94 99
71 95 92
71 96 40
71 97 77
71 98 97
71 99 8
71 100 57
71 101 11
71 102 93
71 103 85
71 104 60
71 105 58
71 106 28
71 107 100
71 108 33
71 109 78
71 110 49
71 111 81
71 112 64
71 113 45
71 114 2
71 115 24
71 116 15
71 117 76
71 118 18
71 119 22
71 120 100
71 121 56
71 122 81
71 123 99
71 124 73
71 125 33
71 126 91
71 127 70
71 128 89
71 129 99
71 130 68
71 131 34
71 132 20
71 133 21
71 134 90
71 135 63
71 136 22
71 137 93
71 138 95
71 139 86
71 140 67
71 141 63
71 142 38
71 143 10
71 144 14
71 145 1
71 146 21
71 147 79
71 148 27
71 149 95
71 150 48
71 151 46
71 152 85
71 153 50
71 154 95
71 155 37
71 156 56
71 157 100
71 158 31
71 159 48
72 73 50
72 74 84
72 75 65
72 76 94
72 77 33
72 78 47
72 79 40
72 80 20
72 81 2
72 82 37
72 83 24
72 84 14
72 85 53
72 86 4
72 87 25
72 88 85
72 89 65
72 90 67
72 91 64
72 92 12
72 93 60
72 94 83
72 95 71
72 96 90
72 97 66
72 98 12
72 99 57
72 100 91
72 101 64
72 102 43
72 103 52
72 104 98
72 105 9
72 106 49
72 107 70
72 108 86
72 109 58
72 110 90
72 111 66
72 112 44
72 113 49
72 114 98
72 115 98
72 116 18
72 117 3
72 118 39
72 119 91
72 120 90
72 121 46
72 122 80
72 123 10
72 124 29
72 125 6
72 126 65
72 127 29
72 128 69
72 129 76
72 130 85
72 131 88
72 132 58
72 133 31
72 134 34
72 135 30
72 136 43
72 137 28
72 138 89
72 139 62
72 140 73
72 141 27
72 142 81
72 143 70
72 144 26
72 145 93
72 146 94
72 147 76
72 148 96
72 149 71
72 150 65
72 151 70
72 152 88
72 153 51
72 154 63
72 155 44
72 156 30
72 157 94
72 158 72
72 159 77
73 74 20
73 75 2
73 76 26
73 77 93
73 78 11
73 79 10
73 80 65
73 81 85
73 82 95
73 83 18
73 84 96
73 85 42
73 86 91
73 87 77
73 88 57
73 89 6
73 90 82
73 91 95
73 92 66
73 93 48
73 94 12
73 95 26
73 96 11
73 97 11
73 98 2
73 99 60
73 100 64
73 101 25
73 102 33
73 103 59
73 104 99
73 105 62
73 106 99
73 107 70
73 108 45
73 109 55
73 110 96
73 111 19
73 112 52
73 113 7
73 114 11
73 115 68
73 116 39
73 117 1
73 118 61
73 119 66
73 120 88
73 121 63
73 122 36
73 123 91
73 124 72
73 125 58
73 126 17
73 127 24
73 128 81
73 129 60
73 130 4
73 131 14
73 132 45
73 133 58
73 134 41
73 135 83
73 136 34
73 137 15
73 138 74
73 139 57
73 140 100
73 141 35
73 142 39
73 143 25
73 144 28
73 145 21
73 146 17
73 147 75
73 148 1
73 149 41
73 150 64
73 151 99
73 152 64
73 153 81
73 154 41
73 155 99
73 156 5
73 157 1
73 158 98
73 159 22
74 75 30
74 76 92
74 77 3
74 78 45
74 79 30
74 80 95
74 81 31
74 82 43
74 83 89
74 84 44
74 85 73
74 86 71
74 87 96
74 88 81
74 89 55
74 90 94
74 91 26
74 92 6
74 93 8
74 94 8
74 95 96
74 96 99
74 97 9
74 98 38
74 99 54
74 100 80
74 101 72
74 102 84
74 103 97
74 104 62
74 105 99
74 106 93
74 107 12
74 108 28
74 109 86
74 110 82
74 111 32
74 112 68
74 113 40
74 114 11
74 115 24
74 116 16
74 117 58
74 118 40
74 119 59
74 120 88
74 121 76
74 122 46
74 123 12
74 124 10
74 125 3
74 126 69
74 127 53
74 128 86
74 129 55
74 130 15
74 131 74
74 132 11
74 133 87
74 134 39
74 135 37
74 136 64
74 137 51
74 138 86
74 139 54
74 140 69
74 141 80
74 142 93
74 143 41
74 144 32
74 145 28
74 146 72
74 147 61
74 148 86
74 149 63
74 150 41
74 151 49
74 152 19
74 153 39
74 154 31
74 155 41
74 156 2
74 157 61
74 158 71
74 159 23
75 76 3
75 77 16
75 78 33
75 79 80
75 80 92
75 81 22
75 82 19
75 83 24
75 84 23
75 85 62
75 86 42
75 87 34
75 88 94
75 89 29
75 90 48
75 91 71
75 92 9
75 93 24
75 94 7
75 95 6
75 96 44
75 97 54
75 98 87
75 99 58
75 100 30
75 101 9
75 102 34
75 103 63
75 104 22
75 105 29
75 106 82
75 107 73
75 108 2
75 109 58
75 110 16
75 111 87
75 112 12
75 113 24
75 114 52
75 115 4
75 116 66
75 117 71
75 118 40
75 119 38
75 120 7
75 121 26
75 122 22
75 123 19
75 124 61
75 125 91
75 126 90
75 127 73
75 128 50
75 129 75
75 130 100
75 131 37
75 132 77
75 133 53
75 134 16
75 135 36
75 136 12
75 137 78
75 138 61
75 139 84
75 140 49
75 141 69
75 142 57
75 143 42
75 144 94
75 145 71
75 146 58
75 147 11
75 148 61
75 149 14
75 150 75
75 151 81
75 152 100
75 153 14
75 154 33
75 155 95
75 156 5
75 157 34
75 158 38
75 159 63
76 77 67
76 78 88
76 79 88
76 80 13
76 81 56
76 82 67
76 83 84
76 84 5
76 85 75
76 86 23
76 87 97
76 88 96
76 89 98
76 90 24
76 91 69
76 92 45
76 93 41
76 94 70
76 95 15
76 96 46
76 97 45
76 98 66
76 99 68
76 100 47
76 101 61
76 102 61
76 103 61
76 104 85
76 105 34
76 106 70
76 107 55
76 108 96
76 109 52
76 110 66
76 111 1
76 112 18
76 113 1
76 114 88
76 115 46
76 116 20
76 117 57
76 118 6
76 119 68
76 120 18
76 121 13
76 122 93
76 123 7
76 124 44
76 125 7
76 126 43
76 127 47
76 128 31
76 129 80
76 130 75
76 131 73
76 132 26
76 133 57
76 134 87
76 135 24
76 136 49
76 137 31
76 138 96
76 139 52
76 140 4
76 141 49
76 142 8
76 143 90
76 144 66
76 145 43
76 146 60
76 147 12
76 148 57
76 149 94
76 150 41
76 151 48
76 152 96
76 153 53
76 154 41
76 155 67
76 156 93
76 157 89
76 158 2
76 159 37
77 78 36
77 79 63
77 80 93
77 81 7
77 82 85
77 83 5
77 84 88
77 85 63
77 86 16
77 87 39
77 88 97
77 89 77
77 90 87
77 91 79
77 92 94
77 93 94
77 94 14
77 95 70
77 96 91
77 97 74
77 98 86
77 99 8
77 100 62
77 101 39
77 102 97
77 103 9
77 104 46
77 105 19
77 106 5
77 107 79
77 108 18
77 109 25
77 110 14
77 111 40
77 112 11
77 113 55
77 114 86
77 115 100
77 116 7
77 117 85
77 118 78
77 119 76
77 120 79
77 121 5
77 122 41
77 123 15
77 124 23
77 125 97
77 126 54
77 127 60
77 128 55
77 129 49
77 130 1
77 131 24
77 132 80
77 133 36
77 134 37
77 135 25
77 136 74
77 137 38
77 138 42
77 139 12
77 140 91
77 141 76
77 142 71
77 143 58
77 144 40
77 145 75
77 146 8
77 147 44
77 148 50
77 149 14
77 150 49
77 151 43
77 152 50
77 153 88
77 154 32
77 155 91
77 156 43
77 157 78
77 158 90
77 159 11
78 79 28
78 80 49
78 81 75
78 82 25
78 83 49
78 84 60
78 85 15
78 86 11
78 87 19
78 88 10
78 89 5
78 90 22
78 91 45
78 92 24
78 93 79
78 94 80
78 95 86
78 96 46
78 97 5
78 98 79
78 99 87
78 100 80
78 101 48
78 102 71
78 103 64
78 104 79
78 105 62
78 106 77
78 107 79
78 108 45
78 109 56
78 110 78
78 111 83
78 112 90
78 113 58
78 114 55
78 115 48
78 116 5
78 117 11
78 118 75
78 119 78
78 120 77
78 121 30
78 122 70
78 123 56
78 124 52
78 125 18
78 126 55
78 127 44
78 128 64
78 129 21
78 130 96
78 131 20
78 132 21
78 133 85
78 134 32
78 135 2
78 136 63
78 137 54
78 138 1
78 139 64
78 140 38
78 141 22
78 142 89
78 143 19
78 144 2
78 145 95
78 146 35
78 147 23
78 148 49
78 149 73
78 150 64
78 151 72
78 152 84
78 153 31
78 154 93
78 155 95
78 156 41
78 157 65
78 158 96
78 159 26
79 80 70
79 81 33
79 82 30
79 83 29
79 84 18
79 85 67
79 86 89
79 87 27
79 88 68
79 89 8
79 90 65
79 91 12
79 92 99
79 93 34
79 94 90
79 95 25
79 96 35
79 97 51
79 98 47
79 99 30
79 100 11
79 101 19
79 102 11
79 103 96
79 104 18
79 105 17
79 106 40
79 107 29
79 108 80
79 109 92
79 110 84
79 111 23
79 112 35
79 113 84
79 114 28
79 115 99
79 116 42
79 117 37
79 118 52
79 119 81
79 120 81
79 121 3
79 122 61
79 123 88
79 124 78
79 125 87
79 126 47
79 127 25
79 128 22
79 129 81
79 130 1
79 131 29
79 132 6
79 133 35
79 134 81
79 135 57
79 136 60
79 137 36
79 138 6
79 139 77
79 140 82
79 141 33
79 142 49
79 143 26
79 144 11
79 145 29
79 146 95
79 147 55
79 148 81
79 149 29
79 150 82
79 151 43
79 152 96
79 153 81
79 154 69
79 155 55
79 156 100
79 157 43
79 158 89
79 159 98
80 81 6
80 82 53
80 83 99
80 84 60
80 85 46
80 86 39
80 87 53
80 88 76
80 89 6
80 90 96
80 91 68
80 92 12
80 93 18
80 94 40
80 95 28
80 96 22
80 97 13
80 98 96
80 99 52
80 100 83
80 101 58
80 102 78
80 103 80
80 104 46
80 105 65
80 106 24
80 107 62
80 108 82
80 109 37
80 110 41
80 111 60
80 112 5
80 113 90
80 114 7
80 115 72
80 116 6
80 117 38
80 118 17
80 119 95
80 120 80
80 121 86
80 122 2
80 123 56
80 124 96
80 125 64
80 126 40
80 127 58
80 128 75
80 129 51
80 130 28
80 131 84
80 132 76
80 133 20
80 134 20
80 135 13
80 136 80
80 137 1
80 138 65
80 139 65
80 140 17
80 141 78
80 142 6
80 143 9
80 144 34
80 145 15
80 146 74
80 147 1
80 148 12
80 149 49
80 150 41
80 151 90
80 152 46
80 153 94
80 154 17
80 155 7
80 156 33
80 157 16
80 158 15
80 159 64
81 82 40
81 83 68
81 84 22
81 85 47
81 86 91
81 87 27
81 88 28
81 89 68
81 90 48
81 91 86
81 92 100
81 93 21
81 94 23
81 95 63
81 96 85
81 97 94
81 98 27
81 99 39
81 100 5
81 101 14
81 102 38
81 103 23
81 104 50
81 105 6
81 106 28
81 107 47
81 108 51
81 109 40
81 110 69
81 111 77
81 112 16
81 113 68
81 114 12
81 115 8
81 116 24
81 117 62
81 118 3
81 119 94
81 120 3
81 121 11
81 122 23
81 123 85
81 124 22
81 125 77
81 126 62
81 127 51
81 128 31
81 129 21
81 130 27
81 131 73
81 132 25
81 133 67
81 134 44
81 135 75
81 136 74
81 137 76
81 138 10
81 139 32
81 140 13
81 141 30
81 142 33
81 143 65
81 144 25
81 145 72
81 146 78
81 147 91
81 148 99
81 149 13
81 150 9
81 151 69
81 152 48
81 153 72
81 154 6
81 155 80
81 156 85
81 157 46
81 158 3
81 159 89
82 83 48
82 84 84
82 85 26
82 86 92
82 87 25
82 88 14
82 89 84
82 90 92
82 91 94
82 92 61
82 93 63
82 94 89
82 95 97
82 96 5
82 97 45
82 98 37
82 99 18
82 100 54
82 101 67
82 102 80
82 103 67
82 104 48
82 105 30
82 106 26
82 107 49
82 108 38
82 109 39
82 110 34
82 111 96
82 112 94
82 113 90
82 114 38
82 115 62
82 116 85
82 117 3
82 118 24
82 119 30
82 120 22
82 121 85
82 122 4
82 123 100
82 124 90
82 125 5
82 126 96
82 127 2
82 128 96
82 129 11
82 130 89
82 131 34
82 132 92
82 133 76
82 134 90
82 135 4
82 136 55
82 137 28
82 138 9
82 139 94
82 140 49
82 141 20
82 142 34
82 143 10
82 144 95
82 145 70
82 146 62
82 147 90
82 148 12
82 149 7
82 150 33
82 151 42
82 152 20
82 153 40
82 154 42
82 155 49
82 156 47
82 157 87
82 158 95
82 159 16
83 84 5
83 85 69
83 86 92
83 87 63
83 88 62
83 89 31
83 90 13
83 91 63
83 92 62
83 93 31
83 94 30
83 95 9
83 96 63
83 97 61
83 98 88
83 99 40
83 100 80
83 101 67
83 102 79
83 103 1
83 104 50
83 105 25
83 106 88
83 107 84
83 108 94
83 109 9
83 110 44
83 111 58
83 112 56
83 113 60
83 114 100
83 115 50
83 116 17
83 117 80
83 118 91
83 119 28
83 120 83
83 121 42
83 122 81
83 123 85
83 124 82
83 125 32
83 126 93
83 127 50
83 128 13
83 129 92
83 130 37
83 131 26
83 132 63
83 133 19
83 134 74
83 135 98
83 136 56
83 137 61
83 138 98
83 139 64
83 140 64
83 141 9
83 142 65
83 143 22
83 144 40
83 145 52
83 146 44
83 147 2
83 148 85
83 149 8
83 150 61
83 151 39
83 152 12
83 153 32
83 154 58
83 155 28
83 156 7
83 157 50
83 158 68
83 159 44
84 85 90
84 86 68
84 87 55
84 88 94
84 89 70
84 90 10
84 91 74
84 92 43
84 93 36
84 94 25
84 95 28
84 96 74
84 97 99
84 98 95
84 99 70
84 100 21
84 101 39
84 102 31
84 103 97
84 104 52
84 105 74
84 106 10
84 107 62
84 108 96
84 109 75
84 110 90
84 111 92
84 112 40
84 113 8
84 114 35
84 115 39
84 116 86
84 117 25
84 118 56
84 119 88
84 120 91
84 121 74
84 122 19
84 123 61
84 124 69
84 125 1
84 126 79
84 127 35
84 128 69
84 129 53
84 130 21
84 131 31
84 132 91
84 133 93
84 134 72
84 135 64
84 136 83
84 137 18
84 138 68
84 139 17
84 140 48
84 141 95
84 142 53
84 143 87
84 144 11
84 145 90
84 146 66
84 147 72
84 148 51
84 149 7
84 150 34
84 151 92
84 152 44
84 153 2
84 154 99
84 155 31
84 156 10
84 157 77
84 158 64
84 159 55
85 86 71
85 87 74
85 88 96
85 89 73
85 90 31
85 91 24
85 92 7
85 93 49
85 94 87
85 95 27
85 96 90
85 97 3
85 98 44
85 99 20
85 100 47
85 101 27
85 102 4
85 103 78
85 104 19
85 105 70
85 106 90
85 107 24
85 108 57
85 109 53
85 110 50
85 111 70
85 112 68
85 113 75
85 114 3
85 115 74
85 116 4
85 117 83
85 118 49
85 119 41
85 120 46
85 121 27
85 122 14
85 123 42
85 124 70
85 125 19
85 126 36
85 127 96
85 128 71
85 129 69
85 130 71
85 131 60
85 132 59
85 133 50
85 134 15
85 135 12
85 136 78
85 137 42
85 138 46
85 139 19
85 140 35
85 141 92
85 142 96
85 143 94
85 144 24
85 145 85
85 146 30
85 147 59
85 148 7
85 149 7
85 150 71
85 151 60
85 152 90
85 153 42
85 154 70
85 155 54
85 156 46
85 157 43
85 158 48
85 159 25
86 87 15
86 88 4
86 89 94
86 90 12
86 91 79
86 92 76
86 93 58
86 94 52
86 95 80
86 96 44
86 97 62
86 98 31
86 99 66
86 100 44
86 101 98
86 102 42
86 103 45
86 104 27
86 105 97
86 106 51
86 107 94
86 108 86
86 109 52
86 110 76
86 111 94
86 112 88
86 113 98
86 114 32
86 115 83
86 116 66
86 117 40
86 118 17
86 119 15
86 120 33
86 121 28
86 122 100
86 123 50
86 124 2
86 125 94
86 126 51
86 127 65
86 128 52
86 129 62
86 130 49
86 131 15
86 132 18
86 133 98
86 134 24
86 135 92
86 136 47
86 137 39
86 138 100
86 139 52
86 140 41
86 141 91
86 142 85
86 143 85
86 144 81
86 145 82
86 146 92
86 147 3
86 148 55
86 149 14
86 150 37
86 151 87
86 152 26
86 153 79
86 154 49
86 155 48
86 156 13
86 157 47
86 158 42
86 159 95
87 88 74
87 89 80
87 90 62
87 91 33
87 92 82
87 93 14
87 94 18
87 95 66
87 96 80
87 97 11
87 98 58
87 99 56
87 100 10
87 101 34
87 102 70
87 103 42
87 104 70
87 105 34
87 106 93
87 107 30
87 108 41
87 109 3
87 110 23
87 111 1
87 112 56
87 113 20
87 114 5
87 115 82
87 116 24
87 117 26
87 118 50
87 119 7
87 120 46
87 121 16
87 122 6
87 123 9
87 124 24
87 125 63
87 126 87
87 127 74
87 128 23
87 129 78
87 130 24
87 131 49
87 132 1
87 133 82
87 134 78
87 135 35
87 136 97
87 137 79
87 138 79
87 139 88
87 140 86
87 141 42
87 142 75
87 143 7
87 144 66
87 145 28
87 146 78
87 147 16
87 148 3
87 149 89
87 150 53
87 151 35
87 152 73
87 153 85
87 154 93
87 155 45
87 156 78
87 157 41
87 158 7
87 159 73
88 89 63
88 90 45
88 91 57
88 92 65
88 93 62
88 94 70
88 95 80
88 96 3
88 97 25
88 98 5
88 99 24
88 100 37
88 101 92
88 102 79
88 103 58
88 104 48
88 105 25
88 106 58
88 107 43
88 108 7
88 109 98
88 110 25
88 111 55
88 112 20
88 113 30
88 114 31
88 115 8
88 116 6
88 117 83
88 118 88
88 119 22
88 120 51
88 121 6
88 122 42
88 123 74
88 124 8
88 125 16
88 126 69
88 127 12
88 128 20
88 129 86
88 130 17
88 131 37
88 132 45
88 133 34
88 134 100
88 135 49
88 136 53
88 137 11
88 138 24
88 139 44
88 140 88
88 141 68
88 142 82
88 143 22
88 144 50
88 145 96
88 146 62
88 147 88
88 148 93
88 149 62
88 150 88
88 151 64
88 152 92
88 153 24
88 154 88
88 155 3
88 156 29
88 157 84
88 158 42
88 159 68
89 90 43
89 91 22
89 92 32
89 93 61
89 94 2
89 95 66
89 96 70
89 97 48
89 98 90
89 99 20
89 100 42
89 101 54
89 102 75
89 103 69
89 104 89
89 105 7
89 106 85
89 107 41
89 108 8
89 109 69
89 110 89
89 111 60
89 112 92
89 113 46
89 114 80
89 115 94
89 116 38
89 117 8
89 118 81
89 119 7
89 120 68
89 121 33
89 122 44
89 123 79
89 124 5
89 125 96
89 126 67
89 127 82
89 128 93
89 129 27
89 130 76
89 131 67
89 132 37
89 133 13
89 134 44
89 135 13
89 136 51
89 137 8
89 138 90
89 139 3
89 140 90
89 141 83
89 142 4
89 143 78
89 144 74
89 145 68
89 146 26
89 147 68
89 148 63
89 149 54
89 150 2
89 151 22
89 152 89
89 153 100
89 154 71
89 155 55
89 156 29
89 157 74
89 158 76
89 159 81
90 91 7
90 92 63
90 93 82
90 94 46
90 95 61
90 96 89
90 97 96
90 98 78
90 99 17
90 100 65
90 101 91
90 102 47
90 103 62
90 104 45
90 105 11
90 106 28
90 107 2
90 108 26
90 109 1
90 110 3
90 111 65
90 112 82
90 113 58
90 114 85
90 115 19
90 116 100
90 117 99
90 118 58
90 119 27
90 120 51
90 121 38
90 122 83
90 123 78
90 124 40
90 125 20
90 126 72
90 127 100
90 128 58
90 129 35
90 130 23
90 131 8
90 132 19
90 133 73
90 134 38
90 135 25
90 136 61
90 137 34
90 138 67
90 139 83
90 140 8
90 141 24
90 142 64
90 143 82
90 144 86
90 145 40
90 146 2
90 147 9
90 148 34
90 149 47
90 150 84
90 151 72
90 152 42
90 153 94
90 154 14
90 155 29
90 156 6
90 157 51
90 158 57
90 159 94
91 92 12
91 93 67
91 94 36
91 95 19
91 96 36
91 97 63
91 98 95
91 99 96
91 100 98
91 101 75
91 102 41
91 103 39
91 104 25
91 105 47
91 106 62
91 107 10
91 108 98
91 109 86
91 110 64
91 111 37
91 112 19
91 113 34
91 114 66
91 115 87
91 116 10
91 117 53
91 118 2
91 119 58
91 120 90
91 121 23
91 122 82
91 123 45
91 124 54
91 125 70
91 126 35
91 127 56
91 128 24
91 129 57
91 130 46
91 131 36
91 132 67
91 133 100
91 134 76
91 135 97
91 136 39
91 137 39
91 138 70
91 139 40
91 140 78
91 141 57
91 142 94
91 143 39
91 144 26
91 145 74
91 146 88
91 147 96
91 148 63
91 149 5
91 150 96
91 151 33
91 152 69
91 153 62
91 154 28
91 155 95
91 156 16
91 157 44
91 158 61
91 159 71
92 93 13
92 94 91
92 95 24
92 96 81
92 97 34
92 98 53
92 99 46
92 100 25
92 101 53
92 102 1
92 103 3
92 104 20
92 105 84
92 106 74
92 107 67
92 108 72
92 109 63
92 110 27
92 111 87
92 112 69
92 113 54
92 114 12
92 115 49
92 116 80
92 117 20
92 118 91
92 119 66
92 120 46
92 121 41
92 122 76
92 123 3
92 124 84
92 125 49
92 126 72
92 127 97
92 128 46
92 129 80
92 130 91
92 131 82
92 132 55
92 133 4
92 134 50
92 135 38
92 136 94
92 137 17
92 138 16
92 139 4
92 140 79
92 141 98
92 142 58
92 143 22
92 144 67
92 145 96
92 146 83
92 147 1
92 148 55
92 149 11
92 150 16
92 151 6
92 152 90
92 153 53
92 154 56
92 155 81
92 156 53
92 157 99
92 158 58
92 159 58
93 94 50
93 95 75
93 96 87
93 97 2
93 98 61
93 99 38
93 100 4
93 101 4
93 102 92
93 103 71
93 104 26
93 105 26
93 106 21
93 107 46
93 108 76
93 109 53
93 110 15
93 111 38
93 112 78
93 113 82
93 114 55
93 115 2
93 116 36
93 117 80
93 118 17
93 119 16
93 120 51
93 121 5
93 122 44
93 123 34
93 124 2
93 125 5
93 126 28
93 127 11
93 128 34
93 129 9
93 130 30
93 131 78
93 132 78
93 133 5
93 134 100
93 135 88
93 136 99
93 137 92
93 138 25
93 139 71
93 140 26
93 141 89
93 142 12
93 143 91
93 144 93
93 145 2
93 146 69
93 147 10
93 148 57
93 149 43
93 150 77
93 151 90
93 152 52
93 153 97
93 154 37
93 155 74
93 156 82
93 157 52
93 158 23
93 159 26
94 95 71
94 96 59
94 97 54
94 98 77
94 99 9
94 100 75
94 101 85
94 102 80
94 103 20
94 104 83
94 105 37
94 106 25
94 107 32
94 108 67
94 109 40
94 110 27
94 111 22
94 112 35
94 113 15
94 114 69
94 115 71
94 116 79
94 117 82
94 118 81
94 119 16
94 120 67
94 121 55
94 122 25
94 123 89
94 124 28
94 125 80
94 126 42
94 127 51
94 128 61
94 129 100
94 130 29
94 131 53
94 132 66
94 133 95
94 134 22
94 135 14
94 136 96
94 137 39
94 138 14
94 139 8
94 140 96
94 141 14
94 142 61
94 143 71
94 144 36
94 145 17
94 146 82
94 147 41
94 148 27
94 149 5
94 150 52
94 151 32
94 152 14
94 153 43
94 154 86
94 155 62
94 156 70
94 157 37
94 158 13
94 159 49
95 96 24
95 97 4
95 98 55
95 99 14
95 100 27
95 101 82
95 102 39
95 103 11
95 104 8
95 105 29
95 106 67
95 107 70
95 108 1
95 109 25
95 110 96
95 111 40
95 112 7
95 113 92
95 114 26
95 115 57
95 116 25
95 117 32
95 118 53
95 119 8
95 120 86
95 121 50
95 122 5
95 123 97
95 124 32
95 125 84
95 126 44
95 127 56
95 128 41
95 129 48
95 130 63
95 131 25
95 132 93
95 133 7
95 134 21
95 135 76
95 136 63
95 137 42
95 138 74
95 139 36
95 140 19
95 141 33
95 142 100
95 143 23
95 144 66
95 145 9
95 146 100
95 147 17
95 148 40
95 149 82
95 150 32
95 151 5
95 152 85
95 153 54
95 154 76
95 155 80
95 156 37
95 157 26
95 158 36
95 159 29
96 97 36
96 98 95
96 99 78
96 100 97
96 101 51
96 102 66
96 103 78
96 104 59
96 105 4
96 106 37
96 107 15
96 108 8
96 109 44
96 110 58
96 111 22
96 112 28
96 113 16
96 114 88
96 115 71
96 116 52
96 117 42
96 118 87
96 119 4
96 120 59
96 121 59
96 122 11
96 123 78
96 124 81
96 125 31
96 126 29
96 127 30
96 128 70
96 129 65
96 130 73
96 131 39
96 132 25
96 133 65
96 134 43
96 135 33
96 136 12
96 137 68
96 138 81
96 139 31
96 140 14
96 141 5
96 142 5
96 143 78
96 144 6
96 145 12
96 146 38
96 147 88
96 148 49
96 149 44
96 150 21
96 151 78
96 152 6
96 153 99
96 154 99
96 155 39
96 156 84
96 157 28
96 158 34
96 159 73
97 98 100
97 99 46
97 100 73
97 101 88
97 102 58
97 103 6
97 104 63
97 105 32
97 106 52
97 107 55
97 108 17
97 109 94
97 110 50
97 111 16
97 112 84
97 113 10
97 114 11
97 115 55
97 116 9
97 117 16
97 118 82
97 119 33
97 120 33
97 121 58
97 122 19
97 123 33
97 124 12
97 125 58
97 126 50
97 127 37
97 128 81
97 129 100
97 130 11
97 131 79
97 132 78
97 133 96
97 134 29
97 135 67
97 136 32
97 137 89
97 138 30
97 139 70
97 140 38
97 141 5
97 142 19
97 143 16
97 144 60
97 145 48
97 146 38
97 147 31
97 148 3
97 149 57
97 150 19
97 151 58
97 152 4
97 153 13
97 154 31
97 155 9
97 156 45
97 157 40
97 158 1
97 159 10
98 99 41
98 100 8
98 101 36
98 102 83
98 103 78
98 104 26
98 105 98
98 106 47
98 107 48
98 108 57
98 109 67
98 110 47
98 111 56
98 112 96
98 113 63
98 114 62
98 115 8
98 116 67
98 117 13
98 118 17
98 119 21
98 120 67
98 121 80
98 122 23
98 123 42
98 124 40
98 125 1
98 126 71
98 127 88
98 128 34
98 129 53
98 130 42
98 131 33
98 132 75
98 133 76
98 134 99
98 135 80
98 136 35
98 137 39
98 138 45
98 139 34
98 140 14
98 141 52
98 142 84
98 143 14
98 144 36
98 145 21
98 146 90
98 147 75
98 148 37
98 149 49
98 150 38
98 151 21
98 152 54
98 153 55
98 154 9
98 155 60
98 156 68
98 157 26
98 158 86
98 159 76
99 100 26
99 101 32
99 102 97
99 103 34
99 104 50
99 105 78
99 106 89
99 107 77
99 108 77
99 109 66
99 110 63
99 111 25
99 112 26
99 113 92
99 114 94
99 115 23
99 116 76
99 117 8
99 118 56
99 119 54
99 120 39
99 121 83
99 122 4
99 123 46
99 124 30
99 125 42
99 126 76
99 127 72
99 128 94
99 129 24
99 130 94
99 131 14
99 132 9
99 133 94
99 134 97
99 135 15
99 136 2
99 137 10
99 138 72
99 139 16
99 140 71
99 141 26
99 142 56
99 143 46
99 144 78
99 145 24
99 146 50
99 147 62
99 148 6
99 149 46
99 150 22
99 151 3
99 152 17
99 153 83
99 154 95
99 155 67
99 156 69
99 157 46
99 158 54
99 159 73
100 101 38
100 102 50
100 103 42
100 104 95
100 105 29
100 106 79
100 107 94
100 108 67
100 109 74
100 110 15
100 111 12
100 112 63
100 113 1
100 114 44
100 115 4
100 116 25
100 117 14
100 118 21
100 119 81
100 120 88
100 121 69
100 122 78
100 123 65
100 124 40
100 125 69
100 126 91
100 127 14
100 128 61
100 129 14
100 130 71
100 131 73
100 132 55
100 133 9
100 134 1
100 135 31
100 136 54
100 137 26
100 138 79
100 139 3
100 140 100
100 141 70
100 142 71
100 143 55
100 144 70
100 145 75
100 146 39
100 147 89
100 148 2
100 149 73
100 150 56
100 151 90
100 152 83
100 153 83
100 154 98
100 155 35
100 156 1
100 157 22
100 158 84
100 159 8
101 102 56
101 103 86
101 104 1
101 105 99
101 106 61
101 107 36
101 108 89
101 109 27
101 110 41
101 111 64
101 112 13
101 113 7
101 114 17
101 115 62
101 116 40
101 117 20
101 118 52
101 119 22
101 120 26
101 121 79
101 122 23
101 123 48
101 124 32
101 125 97
101 126 86
101 127 16
101 128 71
101 129 90
101 130 40
101 131 45
101 132 30
101 133 10
101 134 12
101 135 78
101 136 25
101 137 59
101 138 11
101 139 10
101 140 88
101 141 5
101 142 99
101 143 76
101 144 13
101 145 92
101 146 65
101 147 81
101 148 64
101 149 92
101 150 41
101 151 73
101 152 11
101 153 70
101 154 68
101 155 14
101 156 7
101 157 91
101 158 32
101 159 82
102 103 42
102 104 66
102 105 50
102 106 19
102 107 41
102 108 22
102 109 62
102 110 36
102 111 86
102 112 46
102 113 74
102 114 38
102 115 46
102 116 12
102 117 40
102 118 11
102 119 7
102 120 56
102 121 25
102 122 76
102 123 100
102 124 69
102 125 69
102 126 58
102 127 12
102 128 53
102 129 36
102 130 46
102 131 33
102 132 39
102 133 10
102 134 53
102 135 63
102 136 79
102 137 33
102 138 37
102 139 84
102 140 20
102 141 42
102 142 69
102 143 20
102 144 53
102 145 39
102 146 85
102 147 14
102 148 15
102 149 70
102 150 31
102 151 31
102 152 69
102 153 12
102 154 23
102 155 100
102 156 38
102 157 13
102 158 53
102 159 70
103 104 5
103 105 83
103 106 81
103 107 43
103 108 30
103 109 6
103 110 41
103 111 37
103 112 16
103 113 59
103 114 17
103 115 14
103 116 17
103 117 69
103 118 23
103 119 5
103 120 9
103 121 41
103 122 90
103 123 10
103 124 29
103 125 4
103 126 56
103 127 7
103 128 45
103 129 18
103 130 99
103 131 35
103 132 4
103 133 31
103 134 94
103 135 30
103 136 14
103 137 64
103 138 67
103 139 5
103 140 89
103 141 29
103 142 12
103 143 9
103 144 13
103 145 33
103 146 39
103 147 100
103 148 90
103 149 27
103 150 2
103 151 66
103 152 16
103 153 33
103 154 88
103 155 46
103 156 51
103 157 60
103 158 25
103 159 16
104 105 62
104 106 3
104 107 62
104 108 28
104 109 34
104 110 87
104 111 15
104 112 13
104 113 8
104 114 57
104 115 40
104 116 58
104 117 59
104 118 40
104 119 73
104 120 23
104 121 75
104 122 67
104 123 55
104 124 53
104 125 94
104 126 11
104 127 71
104 128 22
104 129 2
104 130 88
104 131 15
104 132 33
104 133 97
104 134 49
104 135 58
104 136 52
104 137 91
104 138 76
104 139 96
104 140 54
104 141 12
104 142 84
104 143 1
104 144 100
104 145 41
104 146 85
104 147 55
104 148 85
104 149 77
104 150 16
104 151 28
104 152 21
104 153 70
104 154 82
104 155 33
104 156 79
104 157 100
104 158 70
104 159 37
105 106 10
105 107 74
105 108 33
105 109 85
105 110 89
105 111 87
105 112 92
105 113 9
105 114 15
105 115 59
105 116 2
105 117 42
105 118 61
105 119 45
105 120 52
105 121 40
105 122 72
105 123 88
105 124 97
105 125 29
105 126 20
105 127 87
105 128 39
105 129 5
105 130 43
105 131 84
105 132 90
105 133 54
105 134 93
105 135 48
105 136 82
105 137 20
105 138 38
105 139 69
105 140 16
105 141 18
105 142 60
105 143 53
105 144 90
105 145 9
105 146 98
105 147 29
105 148 41
105 149 78
105 150 26
105 151 7
105 152 80
105 153 15
105 154 6
105 155 43
105 156 9
105 157 46
105 158 60
105 159 81
106 107 50
106 108 59
106 109 94
106 110 37
106 111 51
106 112 33
106 113 77
106 114 33
106 115 55
106 116 27
106 117 33
106 118 19
106 119 83
106 120 72
106 121 16
106 122 43
106 123 82
106 124 6
106 125 9
106 126 45
106 127 6
106 128 72
106 129 3
106 130 25
106 131 73
106 132 8
106 133 85
106 134 38
106 135 87
106 136 40
106 137 59
106 138 82
106 139 54
106 140 67
106 141 57
106 142 82
106 143 36
106 144 71
106 145 85
106 146 37
106 147 7
106 148 94
106 149 53
106 150 40
106 151 3
106 152 51
106 153 57
106 154 7
106 155 36
106 156 5
106 157 66
106 158 66
106 159 93
107 108 41
107 109 2
107 110 47
107 111 44
107 112 49
107 113 21
107 114 54
107 115 60
107 116 74
107 117 84
107 118 69
107 119 64
107 120 3
107 121 84
107 122 97
107 123 46
107 124 82
107 125 4
107 126 75
107 127 37
107 128 4
107 129 63
107 130 33
107 131 54
107 132 28
107 133 8
107 134 36
107 135 47
107 136 16
107 137 54
107 138 33
107 139 62
107 140 54
107 141 50
107 142 53
107 143 51
107 144 8
107 145 42
107 146 61
107 147 24
107 148 33
107 149 85
107 150 82
107 151 92
107 152 51
107 153 65
107 154 20
107 155 56
107 156 9
107 157 63
107 158 21
107 159 28
108 109 73
108 110 8
108 111 46
108 112 85
108 113 27
108 114 60
108 115 60
108 116 49
108 117 50
108 118 71
108 119 60
108 120 48
108 121 97
108 122 39
108 123 81
108 124 23
108 125 64
108 126 50
108 127 14
108 128 46
108 129 33
108 130 43
108 131 91
108 132 67
108 133 46
108 134 83
108 135 35
108 136 96
108 137 97
108 138 100
108 139 5
108 140 68
108 141 93
108 142 26
108 143 34
108 144 79
108 145 61
108 146 77
108 147 61
108 148 54
108 149 74
108 150 8
108 151 22
108 152 90
108 153 8
108 154 71
108 155 54
108 156 56
108 157 51
108 158 67
108 159 23
109 110 29
109 111 29
109 112 8
109 113 20
109 114 25
109 115 85
109 116 39
109 117 73
109 118 59
109 119 63
109 120 88
109 121 21
109 122 51
109 123 52
109 124 23
109 125 87
109 126 66
109 127 8
109 128 63
109 129 24
109 130 34
109 131 14
109 132 62
109 133 3
109 134 5
109 135 12
109 136 90
109 137 18
109 138 39
109 139 43
109 140 12
109 141 73
109 142 57
109 143 57
109 144 67
109 145 3
109 146 86
109 147 62
109 148 65
109 149 38
109 150 48
109 151 86
109 152 59
109 153 13
109 154 74
109 155 10
109 156 67
109 157 87
109 158 42
109 159 64
110 111 94
110 112 63
110 113 68
110 114 20
110 115 70
110 116 19
110 117 68
110 118 10
110 119 45
110 120 31
110 121 24
110 122 98
110 123 48
110 124 76
110 125 54
110 126 87
110 127 61
110 128 88
110 129 45
110 130 7
110 131 38
110 132 4
110 133 29
110 134 31
110 135 51
110 136 92
110 137 35
110 138 71
110 139 33
110 140 17
110 141 16
110 142 32
110 143 34
110 144 89
110 145 67
110 146 27
110 147 14
110 148 21
110 149 84
110 150 33
110 151 75
110 152 92
110 153 80
110 154 28
110 155 3
110 156 41
110 157 8
110 158 80
110 159 66
111 112 78
111 113 72
111 114 77
111 115 2
111 116 4
111 117 38
111 118 25
111 119 68
111 120 35
111 121 16
111 122 78
111 123 12
111 124 73
111 125 9
111 126 83
111 127 79
111 128 27
111 129 16
111 130 38
111 131 2
111 132 58
111 133 23
111 134 64
111 135 80
111 136 28
111 137 96
111 138 77
111 139 3
111 140 46
111 141 89
111 142 98
111 143 80
111 144 34
111 145 92
111 146 30
111 147 50
111 148 90
111 149 46
111 150 75
111 151 13
111 152 16
111 153 13
111 154 20
111 155 40
111 156 43
111 157 29
111 158 38
111 159 74
112 113 35
112 114 30
112 115 63
112 116 14
112 117 64
112 118 82
112 119 97
112 120 26
112 121 4
112 122 13
112 123 19
112 124 45
112 125 2
112 126 13
112 127 54
112 128 12
112 129 80
112 130 47
112 131 39
112 132 66
112 133 72
112 134 97
112 135 8
112 136 23
112 137 45
112 138 12
112 139 49
112 140 100
112 141 3
112 142 45
112 143 50
112 144 93
112 145 30
112 146 71
112 147 9
112 148 63
112 149 79
112 150 76
112 151 31
112 152 38
112 153 15
112 154 92
112 155 44
112 156 17
112 157 16
112 158 7
112 159 79
113 114 31
113 115 49
113 116 71
113 117 95
113 118 34
113 119 82
113 120 51
113 121 21
113 122 14
113 123 10
113 124 53
113 125 28
113 126 70
113 127 69
113 128 91
113 129 5
113 130 76
113 131 15
113 132 75
113 133 2
113 134 11
113 135 87
113 136 3
113 137 93
113 138 23
113 139 32
113 140 52
113 141 26
113 142 90
113 143 58
113 144 63
113 145 12
113 146 55
113 147 64
113 148 27
113 149 84
113 150 26
113 151 71
113 152 23
113 153 85
113 154 88
113 155 77
113 156 41
113 157 37
113 158 30
113 159 16
114 115 11
114 116 30
114 117 32
114 118 72
114 119 45
114 120 67
114 121 92
114 122 71
114 123 29
114 124 54
114 125 63
114 126 29
114 127 75
114 128 28
114 129 3
114 130 54
114 131 65
114 132 48
114 133 13
114 134 12
114 135 88
114 136 84
114 137 91
114 138 37
114 139 40
114 140 75
114 141 39
114 142 44
114 143 74
114 144 85
114 145 26
114 146 73
114 147 46
114 148 69
114 149 89
114 150 18
114 151 16
114 152 88
114 153 19
114 154 50
114 155 35
114 156 87
114 157 56
114 158 9
114 159 24
115 116 90
115 117 71
115 118 68
115 119 46
115 120 84
115 121 75
115 122 29
115 123 81
115 124 50
115 125 33
115 126 59
115 127 68
115 128 22
115 129 74
115 130 29
115 131 55
115 132 75
115 133 67
115 134 86
115 135 66
115 136 6
115 137 59
115 138 28
115 139 37
115 140 55
115 141 35
115 142 83
115 143 45
115 144 68
115 145 5
115 146 15
115 147 18
115 148 90
115 149 90
115 150 23
115 151 8
115 152 92
115 153 56
115 154 77
115 155 94
115 156 70
115 157 35
115 158 64
115 159 36
116 117 81
116 118 18
116 119 34
116 120 79
116 121 6
116 122 39
116 123 38
116 124 20
116 125 28
116 126 78
116 127 50
116 128 88
116 129 77
116 130 22
116 131 35
116 132 64
116 133 94
116 134 65
116 135 14
116 136 25
116 137 33
116 138 90
116 139 92
116 140 24
116 141 17
116 142 47
116 143 37
116 144 3
116 145 4
116 146 19
116 147 95
116 148 67
116 149 76
116 150 6
116 151 12
116 152 31
116 153 18
116 154 47
116 155 77
116 156 49
116 157 12
116 158 11
116 159 10
117 118 89
117 119 31
117 120 37
117 121 19
117 122 35
117 123 31
117 124 53
117 125 84
117 126 55
117 127 56
117 128 37
117 129 46
117 130 48
117 131 71
117 132 46
117 133 93
117 134 82
117 135 80
117 136 74
117 137 93
117 138 81
117 139 89
117 140 51
117 141 4
117 142 13
117 143 62
117 144 40
117 145 71
117 146 96
117 147 88
117 148 30
117 149 16
117 150 40
117 151 80
117 152 95
117 153 88
117 154 70
117 155 54
117 156 86
117 157 29
117 158 23
117 159 11
118 119 30
118 120 75
118 121 50
118 122 59
118 123 67
118 124 30
118 125 36
118 126 83
118 127 3
118 128 57
118 129 67
118 130 100
118 131 70
118 132 46
118 133 83
118 134 78
118 135 94
118 136 40
118 137 4
118 138 85
118 139 3
118 140 53
118 141 96
118 142 34
118 143 89
118 144 49
118 145 93
118 146 96
118 147 81
118 148 84
118 149 53
118 150 77
118 151 21
118 152 79
118 153 18
118 154 78
118 155 40
118 156 98
118 157 45
118 158 43
118 159 16
119 120 11
119 121 72
119 122 97
119 123 76
119 124 96
119 125 93
119 126 39
119 127 78
119 128 25
119 129 50
119 130 16
119 131 32
119 132 96
119 133 37
119 134 16
119 135 86
119 136 14
119 137 58
119 138 54
119 139 29
119 140 8
119 141 22
119 142 99
119 143 10
119 144 87
119 145 22
119 146 84
119 147 85
119 148 36
119 149 51
119 150 64
119 151 22
119 152 39
119 153 65
119 154 57
119 155 28
119 156 14
119 157 47
119 158 17
119 159 11
120 121 48
120 122 49
120 123 84
120 124 42
120 125 69
120 126 24
120 127 76
120 128 68
120 129 2
120 130 29
120 131 91
120 132 100
120 133 44
120 134 75
120 135 100
120 136 14
120 137 71
120 138 11
120 139 57
120 140 34
120 141 92
120 142 41
120 143 86
120 144 9
120 145 13
120 146 25
120 147 53
120 148 48
120 149 57
120 150 54
120 151 93
120 152 93
120 153 65
120 154 63
120 155 87
120 156 36
120 157 63
120 158 7
120 159 26
121 122 7
121 123 32
121 124 74
121 125 42
121 126 10
121 127 18
121 128 43
121 129 65
121 130 53
121 131 84
121 132 51
121 133 49
121 134 99
121 135 39
121 136 14
121 137 59
121 138 79
121 139 99
121 140 54
121 141 23
121 142 17
121 143 76
121 144 38
121 145 67
121 146 37
121 147 49
121 148 71
121 149 57
121 150 95
121 151 33
121 152 49
121 153 62
121 154 51
121 155 21
121 156 52
121 157 41
121 158 30
121 159 97
122 123 42
122 124 49
122 125 22
122 126 28
122 127 28
122 128 90
122 129 21
122 130 60
122 131 37
122 132 82
122 133 3
122 134 81
122 135 43
122 136 23
122 137 90
122 138 31
122 139 88
122 140 73
122 141 84
122 142 14
122 143 73
122 144 80
122 145 64
122 146 77
122 147 68
122 148 69
122 149 86
122 150 87
122 151 96
122 152 23
122 153 53
122 154 61
122 155 41
122 156 64
122 157 51
122 158 71
122 159 62
123 124 23
123 125 82
123 126 28
123 127 91
123 128 58
123 129 98
123 130 13
123 131 24
123 132 16
123 133 47
123 134 88
123 135 49
123 136 29
123 137 32
123 138 24
123 139 77
123 140 20
123 141 61
123 142 37
123 143 80
123 144 80
123 145 31
123 146 4
123 147 6
123 148 51
123 149 53
123 150 14
123 151 47
123 152 73
123 153 21
123 154 51
123 155 46
123 156 92
123 157 8
123 158 25
123 159 66
124 125 49
124 126 71
124 127 36
124 128 63
124 129 10
124 130 17
124 131 56
124 132 93
124 133 20
124 134 64
124 135 42
124 136 96
124 137 15
124 138 37
124 139 46
124 140 47
124 141 83
124 142 3
124 143 94
124 144 82
124 145 52
124 146 43
124 147 66
124 148 95
124 149 64
124 150 89
124 151 91
124 152 45
124 153 58
124 154 50
124 155 4
124 156 80
124 157 74
124 158 64
124 159 14
125 126 95
125 127 81
125 128 30
125 129 20
125 130 3
125 131 24
125 132 88
125 133 22
125 134 34
125 135 12
125 136 19
125 137 72
125 138 22
125 139 98
125 140 51
125 141 85
125 142 43
125 143 58
125 144 69
125 145 25
125 146 14
125 147 9
125 148 46
125 149 60
125 150 5
125 151 75
125 152 99
125 153 2
125 154 73
125 155 48
125 156 38
125 157 55
125 158 56
125 159 59
126 127 70
126 128 71
126 129 12
126 130 78
126 131 100
126 132 54
126 133 78
126 134 34
126 135 81
126 136 32
126 137 10
126 138 5
126 139 11
126 140 2
126 141 64
126 142 43
126 143 35
126 144 33
126 145 43
126 146 72
126 147 12
126 148 25
126 149 14
126 150 52
126 151 5
126 152 21
126 153 47
126 154 54
126 155 57
126 156 62
126 157 46
126 158 21
126 159 18
127 128 86
127 129 100
127 130 73
127 131 15
127 132 24
127 133 23
127 134 37
127 135 35
127 136 47
127 137 43
127 138 16
127 139 12
127 140 90
127 141 88
127 142 14
127 143 28
127 144 89
127 145 90
127 146 95
127 147 78
127 148 65
127 149 12
127 150 87
127 151 54
127 152 27
127 153 80
127 154 92
127 155 3
127 156 38
127 157 91
127 158 48
127 159 72
128 129 56
128 130 71
128 131 46
128 132 35
128 133 44
128 134 10
128 135 8
128 136 89
128 137 33
128 138 39
128 139 14
128 140 41
128 141 22
128 142 17
128 143 81
128 144 79
128 145 14
128 146 45
128 147 25
128 148 21
128 149 74
128 150 15
128 151 99
128 152 35
128 153 52
128 154 41
128 155 63
128 156 56
128 157 64
128 158 16
128 159 65
129 130 30
129 131 7
129 132 65
129 133 34
129 134 14
129 135 56
129 136 61
129 137 18
129 138 12
129 139 81
129 140 57
129 141 10
129 142 26
129 143 32
129 144 42
129 145 23
129 146 43
129 147 36
129 148 58
129 149 66
129 150 26
129 151 11
129 152 59
129 153 56
129 154 18
129 155 54
129 156 7
129 157 30
129 158 25
129 159 15
130 131 6
130 132 30
130 133 75
130 134 32
130 135 41
130 136 94
130 137 39
130 138 90
130 139 42
130 140 49
130 141 23
130 142 87
130 143 77
130 144 57
130 145 23
130 146 23
130 147 11
130 148 72
130 149 17
130 150 44
130 151 34
130 152 56
130 153 74
130 154 51
130 155 30
130 156 61
130 157 71
130 158 100
130 159 43
131 132 17
131 133 21
131 134 97
131 135 57
131 136 60
131 137 57
131 138 28
131 139 27
131 140 55
131 141 20
131 142 38
131 143 49
131 144 77
131 145 67
131 146 1
131 147 31
131 148 9
131 149 18
131 150 88
131 151 71
131 152 100
131 153 69
131 154 41
131 155 11
131 156 37
131 157 26
131 158 69
131 159 24
132 133 17
132 134 8
132 135 66
132 136 18
132 137 31
132 138 43
132 139 53
132 140 14
132 141 47
132 142 20
132 143 67
132 144 42
132 145 22
132 146 60
132 147 17
132 148 64
132 149 3
132 150 71
132 151 26
132 152 36
132 153 9
132 154 76
132 155 73
132 156 26
132 157 20
132 158 2
132 159 78
133 134 39
133 135 53
133 136 54
133 137 71
133 138 98
133 139 41
133 140 13
133 141 32
133 142 59
133 143 53
133 144 15
133 145 35
133 146 15
133 147 100
133 148 42
133 149 35
133 150 95
133 151 41
133 152 18
133 153 29
133 154 80
133 155 3
133 156 74
133 157 49
133 158 18
133 159 2
134 135 76
134 136 76
134 137 86
134 138 88
134 139 94
134 140 49
134 141 63
134 142 67
134 143 21
134 144 75
134 145 11
134 146 95
134 147 30
134 148 9
134 149 57
134 150 30
134 151 63
134 152 46
134 153 76
134 154 86
134 155 80
134 156 85
134 157 100
134 158 58
134 159 98
135 136 91
135 137 55
135 138 76
135 139 20
135 140 65
135 141 30
135 142 98
135 143 67
135 144 23
135 145 9
135 146 90
135 147 74
135 148 13
135 149 30
135 150 2
135 151 34
135 152 78
135 153 57
135 154 65
135 155 24
135 156 22
135 157 63
135 158 56
135 159 21
136 137 17
136 138 52
136 139 15
136 140 4
136 141 33
136 142 33
136 143 54
136 144 76
136 145 19
136 146 24
136 147 42
136 148 48
136 149 28
136 150 70
136 151 31
136 152 8
136 153 25
136 154 3
136 155 14
136 156 40
136 157 76
136 158 45
136 159 51
137 138 82
137 139 52
137 140 49
137 141 20
137 142 21
137 143 89
137 144 87
137 145 73
137 146 82
137 147 38
137 148 45
137 149 84
137 150 36
137 151 80
137 152 4
137 153 50
137 154 97
137 155 13
137 156 69
137 157 59
137 158 92
137 159 53
138 139 23
138 140 87
138 141 47
138 142 5
138 143 99
138 144 90
138 145 98
138 146 55
138 147 58
138 148 69
138 149 86
138 150 59
138 151 2
138 152 92
138 153 94
138 154 95
138 155 10
138 156 37
138 157 59
138 158 70
138 159 81
139 140 57
139 141 56
139 142 80
139 143 46
139 144 41
139 145 21
139 146 48
139 147 20
139 148 68
139 149 6
139 150 86
139 151 60
139 152 89
139 153 74
139 154 88
139 155 66
139 156 14
139 157 16
139 158 7
139 159 41
140 141 63
140 142 61
140 143 40
140 144 77
140 145 87
140 146 71
140 147 69
140 148 91
140 149 53
140 150 18
140 151 47
140 152 52
140 153 81
140 154 47
140 155 55
140 156 85
140 157 36
140 158 29
140 159 66
141 142 49
141 143 74
141 144 16
141 145 55
141 146 96
141 147 96
141 148 24
141 149 46
141 150 5
141 151 48
141 152 42
141 153 90
141 154 93
141 155 47
141 156 73
141 157 1
141 158 18
141 159 37
142 143 49
142 144 51
142 145 66
142 146 72
142 147 13
142 148 24
142 149 45
142 150 32
142 151 80
142 152 37
142 153 89
142 154 36
142 155 32
142 156 18
142 157 71
142 158 58
142 159 54
143 144 38
143 145 50
143 146 99
143 147 15
143 148 17
143 149 34
143 150 98
143 151 84
143 152 83
143 153 51
143 154 93
143 155 72
143 156 72
143 157 8
143 158 93
143 159 16
144 145 15
144 146 39
144 147 53
144 148 44
144 149 55
144 150 94
144 151 100
144 152 25
144 153 41
144 154 14
144 155 42
144 156 6
144 157 85
144 158 12
144 159 94
145 146 5
145 147 92
145 148 62
145 149 95
145 150 75
145 151 53
145 152 82
145 153 56
145 154 98
145 155 75
145 156 23
145 157 91
145 158 31
145 159 26
146 147 87
146 148 49
146 149 35
146 150 83
146 151 94
146 152 36
146 153 50
146 154 33
146 155 40
146 156 28
146 157 36
146 158 12
146 159 45
147 148 87
147 149 60
147 150 45
147 151 24
147 152 82
147 153 65
147 154 29
147 155 92
147 156 64
147 157 35
147 158 100
147 159 91
148 149 85
148 150 61
148 151 11
148 152 53
148 153 84
148 154 70
148 155 71
148 156 73
148 157 27
148 158 34
148 159 43
149 150 18
149 151 67
149 152 78
149 153 64
149 154 27
149 155 10
149 156 17
149 157 94
149 158 94
149 159 87
150 151 97
150 152 29
150 153 80
150 154 81
150 155 63
150 156 78
150 157 81
150 158 81
150 159 2
151 152 99
151 153 45
151 154 5
151 155 68
151 156 78
151 157 68
151 158 40
151 159 18
152 153 20
152 154 58
152 155 25
152 156 1
152 157 91
152 158 24
152 159 71
153 154 51
153 155 19
153 156 26
153 157 62
153 158 11
153 159 42
154 155 95
154 156 66
154 157 57
154 158 92
154 159 55
155 156 75
155 157 28
155 158 78
155 159 41
156 157 39
156 158 17
156 159 23
157 158 15
157 159 57
158 159 18
