160 12720
0 1 81
0 2 27
0 3 73
0 4 26
0 5 73
0 6 41
0 7 36
0 8 84
0 9 14
0 10 43
0 11 21
0 12 87
0 13 29
0 14 83
0 15 77
0 16 38
0 17 31
0 18 33
0 19 17
0 20 75
0 21 18
0 22 65
0 23 86
0 24 95
0 25 2
0 26 21
0 27 67
0 28 75
0 29 10
0 30 67
0 31 28
0 32 64
0 33 54
0 34 1
0 35 29
0 36 93
0 37 57
0 38 67
0 39 74
0 40 46
0 41 18
0 42 96
0 43 24
0 44 68
0 45 3
0 46 23
0 47 32
0 48 4
0 49 75
0 50 91
0 51 69
0 52 52
0 53 22
0 54 60
0 55 54
0 56 1
0 57 59
0 58 72
0 59 13
0 60 88
0 61 56
0 62 22
0 63 12
0 64 91
0 65 46
0 66 29
0 67 28
0 68 4
0 69 100
0 70 71
0 71 60
0 72 35
0 73 53
0 74 18
0 75 21
0 76 15
0 77 33
0 78 25
0 79 72
0 80 63
0 81 78
0 82 49
0 83 9
0 84 20
0 85 14
0 86 46
0 87 52
0 88 43
0 89 15
0 90 39
0 91 78
0 92 99
0 93 87
0 94 21
0 95 19
0 96 48
0 97 1
0 98 77
0 99 25
0 100 62
0 101 29
0 102 72
0 103 93
0 104 94
0 105 83
0 106 43
0 107 27
0 108 21
0 109 62
0 110 87
0 111 95
0 112 42
0 113 93
0 114 55
0 115 96
0 116 76
0 117 46
0 118 85
0 119 72
0 120 35
0 121 97
0 122 21
0 123 12
0 124 82
0 125 27
0 126 84
0 127 17
0 128 77
0 129 14
0 130 80
0 131 98
0 132 22
0 133 94
0 134 6
0 135 20
0 136 59
0 137 89
0 138 70
0 139 59
0 140 28
0 141 40
0 142 83
0 143 58
0 144 96
0 145 30
0 146 3
0 147 82
0 148 43
0 149 8
0 150 63
0 151 31
0 152 90
0 153 91
0 154 17
0 155 14
0 156 89
0 157 5
0 158 46
0 159 71
1 2 23
1 3 28
1 4 2
1 5 33
1 6 21
1 7 81
1 8 53
1 9 50
1 10 12
1 11 87
1 12 72
1 13 51
1 14 86
1 15 56
1 16 56
1 17 66
1 18 35
1 19 19
1 20 18
1 21 80
1 22 88
1 23 92
1 24 3
1 25 100
1 26 62
1 27 41
1 28 29
1 29 42
1 30 23
1 31 11
1 32 74
1 33 28
1 34 48
1 35 63
1 36 10
1 37 58
1 38 34
1 39 8
1 40 32
1 41 23
1 42 29
1 43 22
1 44 13
1 45 35
1 46 87
1 47 23
1 48 91
1 49 24
1 50 31
1 51 23
1 52 100
1 53 67
1 54 17
1 55 71
1 56 3
1 57 95
1 58 10
1 59 14
1 60 1
1 61 51
1 62 59
1 63 7
1 64 52
1 65 31
1 66 99
1 67 59
1 68 46
1 69 11
1 70 14
1 71 54
1 72 91
1 73 97
1 74 99
1 75 54
1 76 54
1 77 55
1 78 75
1 79 45
1 80 24
1 81 21
1 82 82
1 83 42
1 84 1
1 85 74
1 86 58
1 87 79
1 88 85
1 89 84
1 90 24
1 91 39
1 92 86
1 93 57
1 94 2
1 95 24
1 96 77
1 97 61
1 98 12
1 99 89
1 100 27
1 101 53
1 102 98
1 103 73
1 104 46
1 105 76
1 106 39
1 107 8
1 108 93
1 109 42
1 110 7
1 111 100
1 112 23
1 113 21
1 114 70
1 115 57
1 116 62
1 117 1
1 118 47
1 119 69
1 120 45
1 121 7
1 122 29
1 123 11
1 124 38
1 125 61
1 126 14
1 127 89
1 128 75
1 129 67
1 130 75
1 131 99
1 132 47
1 133 75
1 134 10
1 135 68
1 136 92
1 137 54
1 138 35
1 139 43
1 140 13
1 141 77
1 142 78
1 143 15
1 144 98
1 145 11
1 146 91
1 147 100
1 148 63
1 149 63
1 150 51
1 151 20
1 152 9
1 153 51
1 154 58
1 155 73
1 156 18
1 157 88
1 158 30
1 159 22
2 3 3
2 4 21
2 5 21
2 6 34
2 7 13
2 8 49
2 9 83
2 10 77
2 11 8
2 12 23
2 13 33
2 14 30
2 15 53
2 16 22
2 17 36
2 18 72
2 19 2
2 20 70
2 21 10
2 22 85
2 23 52
2 24 33
2 25 22
2 26 26
2 27 67
2 28 94
2 29 79
2 30 5
2 31 23
2 32 92
2 33 66
2 34 68
2 35 38
2 36 6
2 37 69
2 38 90
2 39 92
2 40 13
2 41 93
2 42 75
2 43 92
2 44 54
2 45 16
2 46 23
2 47 19
2 48 64
2 49 90
2 50 70
2 51 63
2 52 69
2 53 48
2 54 94
2 55 96
2 56 31
2 57 22
2 58 91
2 59 1
2 60 11
2 61 60
2 62 81
2 63 31
2 64 67
2 65 82
2 66 88
2 67 75
2 68 55
2 69 96
2 70 77
2 71 27
2 72 68
2 73 38
2 74 31
2 75 63
2 76 50
2 77 63
2 78 78
2 79 9
2 80 11
2 81 88
2 82 41
2 83 51
2 84 26
2 85 69
2 86 23
2 87 64
2 88 29
2 89 88
2 90 78
2 91 30
2 92 30
2 93 12
2 94 68
2 95 24
2 96 52
2 97 41
2 98 52
2 99 83
2 100 86
2 101 30
2 102 29
2 103 90
2 104 100
2 105 44
2 106 54
2 107 52
2 108 97
2 109 79
2 110 35
2 111 70
2 112 65
2 113 95
2 114 59
2 115 49
2 116 25
2 117 69
2 118 8
2 119 14
2 120 41
2 121 49
2 122 49
2 123 32
2 124 93
2 125 91
2 126 33
2 127 42
2 128 96
2 129 1
2 130 86
2 131 75
2 132 61
2 133 84
2 134 67
2 135 4
2 136 23
2 137 72
2 138 7
2 139 53
2 140 32
2 141 33
2 142 93
2 143 95
2 144 40
2 145 63
2 146 51
2 147 79
2 148 59
2 149 64
2 150 95
2 151 93
2 152 60
2 153 49
2 154 19
2 155 3
2 156 94
2 157 81
2 158 27
2 159 65
3 4 41
3 5 43
3 6 7
3 7 44
3 8 5
3 9 35
3 10 29
3 11 88
3 12 74
3 13 73
3 14 100
3 15 16
3 16 89
3 17 63
3 18 91
3 19 100
3 20 74
3 21 28
3 22 86
3 23 18
3 24 3
3 25 35
3 26 75
3 27 94
3 28 40
3 29 90
3 30 85
3 31 1
3 32 30
3 33 24
3 34 15
3 35 53
3 36 85
3 37 10
3 38 92
3 39 28
3 40 78
3 41 41
3 42 99
3 43 7
3 44 91
3 45 34
3 46 57
3 47 94
3 48 80
3 49 56
3 50 89
3 51 57
3 52 61
3 53 71
3 54 43
3 55 80
3 56 79
3 57 87
3 58 18
3 59 14
3 60 93
3 61 28
3 62 14
3 63 28
3 64 97
3 65 51
3 66 18
3 67 28
3 68 67
3 69 82
3 70 50
3 71 86
3 72 28
3 73 21
3 74 47
3 75 81
3 76 15
3 77 59
3 78 85
3 79 42
3 80 40
3 81 75
3 82 76
3 83 54
3 84 83
3 85 18
3 86 39
3 87 90
3 88 59
3 89 31
3 90 66
3 91 59
3 92 63
3 93 7
3 94 76
3 95 22
3 96 15
3 97 21
3 98 69
3 99 68
3 100 52
3 101 99
3 102 72
3 103 81
3 104 78
3 105 41
3 106 61
3 107 91
3 108 41
3 109 37
3 110 24
3 111 55
3 112 5
3 113 58
3 114 53
3 115 1
3 116 84
3 117 80
3 118 15
3 119 69
3 120 36
3 121 36
3 122 38
3 123 39
3 124 52
3 125 84
3 126 63
3 127 55
3 128 54
3 129 99
3 130 63
3 131 36
3 132 24
3 133 96
3 134 80
3 135 7
3 136 42
3 137 34
3 138 15
3 139 8
3 140 24
3 141 74
3 142 18
3 143 49
3 144 59
3 145 6
3 146 20
3 147 35
3 148 77
3 149 30
3 150 50
3 151 3
3 152 4
3 153 19
3 154 93
3 155 60
3 156 76
3 157 46
3 158 4
3 159 5
4 5 52
4 6 38
4 7 86
4 8 29
4 9 74
4 10 18
4 11 37
4 12 24
4 13 20
4 14 90
4 15 49
4 16 70
4 17 80
4 18 67
4 19 99
4 20 96
4 21 82
4 22 65
4 23 36
4 24 81
4 25 75
4 26 85
4 27 90
4 28 58
4 29 60
4 30 24
4 31 62
4 32 77
4 33 60
4 34 94
4 35 84
4 36 11
4 37 93
4 38 60
4 39 23
4 40 99
4 41 9
4 42 53
4 43 66
4 44 89
4 45 96
4 46 26
4 47 46
4 48 15
4 49 61
4 50 30
4 51 42
4 52 25
4 53 53
4 54 59
4 55 55
4 56 16
4 57 56
4 58 5
4 59 75
4 60 75
4 61 21
4 62 68
4 63 32
4 64 53
4 65 79
4 66 27
4 67 72
4 68 79
4 69 23
4 70 57
4 71 91
4 72 10
4 73 100
4 74 91
4 75 24
4 76 87
4 77 28
4 78 58
4 79 87
4 80 11
4 81 82
4 82 73
4 83 81
4 84 62
4 85 83
4 86 93
4 87 57
4 88 23
4 89 34
4 90 77
4 91 75
4 92 37
4 93 86
4 94 81
4 95 10
4 96 48
4 97 33
4 98 74
4 99 35
4 100 83
4 101 51
4 102 77
4 103 35
4 104 40
4 105 59
4 106 100
4 107 78
4 108 19
4 109 66
4 110 29
4 111 43
4 112 32
4 113 5
4 114 26
4 115 6
4 116 2
4 117 9
4 118 39
4 119 60
4 120 36
4 121 7
4 122 88
4 123 80
4 124 35
4 125 24
4 126 65
4 127 18
4 128 19
4 129 4
4 130 33
4 131 85
4 132 36
4 133 72
4 134 8
4 135 87
4 136 47
4 137 27
4 138 73
4 139 26
4 140 88
4 141 93
4 142 95
4 143 31
4 144 82
4 145 17
4 146 64
4 147 10
4 148 3
4 149 23
4 150 50
4 151 44
4 152 81
4 153 93
4 154 55
4 155 74
4 156 56
4 157 32
4 158 22
4 159 53
5 6 99
5 7 50
5 8 3
5 9 42
5 10 100
5 11 85
5 12 31
5 13 16
5 14 10
5 15 20
5 16 15
5 17 66
5 18 31
5 19 26
5 20 11
5 21 86
5 22 68
5 23 5
5 24 27
5 25 85
5 26 34
5 27 21
5 28 24
5 29 92
5 30 95
5 31 10
5 32 67
5 33 97
5 34 5
5 35 93
5 36 2
5 37 79
5 38 50
5 39 87
5 40 19
5 41 49
5 42 19
5 43 29
5 44 53
5 45 92
5 46 45
5 47 77
5 48 14
5 49 51
5 50 96
5 51 45
5 52 78
5 53 69
5 54 24
5 55 46
5 56 67
5 57 46
5 58 48
5 59 70
5 60 9
5 61 81
5 62 100
5 63 69
5 64 26
5 65 73
5 66 41
5 67 24
5 68 78
5 69 13
5 70 30
5 71 96
5 72 27
5 73 77
5 74 60
5 75 100
5 76 63
5 77 67
5 78 72
5 79 23
5 80 54
5 81 54
5 82 60
5 83 95
5 84 33
5 85 72
5 86 83
5 87 79
5 88 99
5 89 47
5 90 89
5 91 3
5 92 10
5 93 24
5 94 40
5 95 52
5 96 83
5 97 58
5 98 52
5 99 42
5 100 32
5 101 76
5 102 71
5 103 52
5 104 43
5 105 68
5 106 89
5 107 94
5 108 50
5 109 28
5 110 21
5 111 70
5 112 25
5 113 94
5 114 55
5 115 87
5 116 60
5 117 48
5 118 4
5 119 36
5 120 19
5 121 44
5 122 88
5 123 24
5 124 58
5 125 94
5 126 32
5 127 86
5 128 59
5 129 84
5 130 5
5 131 28
5 132 2
5 133 53
5 134 2
5 135 51
5 136 38
5 137 27
5 138 3
5 139 62
5 140 92
5 141 21
5 142 52
5 143 71
5 144 77
5 145 26
5 146 92
5 147 97
5 148 13
5 149 61
5 150 95
5 151 32
5 152 88
5 153 50
5 154 17
5 155 94
5 156 39
5 157 70
5 158 56
5 159 46
6 7 62
6 8 2
6 9 64
6 10 59
6 11 87
6 12 13
6 13 55
6 14 98
6 15 64
6 16 22
6 17 40
6 18 14
6 19 99
6 20 28
6 21 82
6 22 51
6 23 60
6 24 52
6 25 23
6 26 39
6 27 67
6 28 95
6 29 98
6 30 30
6 31 38
6 32 37
6 33 43
6 34 3
6 35 53
6 36 97
6 37 65
6 38 96
6 39 12
6 40 74
6 41 6
6 42 10
6 43 52
6 44 86
6 45 40
6 46 27
6 47 34
6 48 26
6 49 47
6 50 62
6 51 66
6 52 63
6 53 85
6 54 68
6 55 18
6 56 56
6 57 85
6 58 94
6 59 95
6 60 44
6 61 4
6 62 97
6 63 89
6 64 55
6 65 80
6 66 72
6 67 9
6 68 98
6 69 42
6 70 43
6 71 70
6 72 38
6 73 24
6 74 61
6 75 27
6 76 70
6 77 97
6 78 8
6 79 13
6 80 79
6 81 31
6 82 98
6 83 43
6 84 8
6 85 80
6 86 4
6 87 73
6 88 90
6 89 70
6 90 29
6 91 84
6 92 32
6 93 37
6 94 97
6 95 15
6 96 49
6 97 91
6 98 51
6 99 11
6 100 50
6 101 32
6 102 43
6 103 4
6 104 94
6 105 28
6 106 97
6 107 66
6 108 97
6 109 6
6 110 10
6 111 74
6 112 12
6 113 28
6 114 16
6 115 49
6 116 55
6 117 12
6 118 50
6 119 63
6 120 95
6 121 30
6 122 76
6 123 69
6 124 15
6 125 20
6 126 32
6 127 69
6 128 65
6 129 14
6 130 87
6 131 99
6 132 32
6 133 23
6 134 58
6 135 61
6 136 19
6 137 15
6 138 16
6 139 94
6 140 15
6 141 90
6 142 80
6 143 39
6 144 65
6 145 8
6 146 87
6 147 25
6 148 44
6 149 81
6 150 4
6 151 100
6 152 79
6 153 22
6 154 4
6 155 5
6 156 28
6 157 36
6 158 9
6 159 77
7 8 24
7 9 88
7 10 93
7 11 71
7 12 87
7 13 2
7 14 74
7 15 64
7 16 6
7 17 24
7 18 3
7 19 9
7 20 91
7 21 82
7 22 21
7 23 74
7 24 92
7 25 21
7 26 59
7 27 5
7 28 56
7 29 66
7 30 57
7 31 86
7 32 31
7 33 6
7 34 2
7 35 33
7 36 41
7 37 96
7 38 47
7 39 12
7 40 2
7 41 72
7 42 83
7 43 64
7 44 2
7 45 75
7 46 99
7 47 65
7 48 46
7 49 82
7 50 8
7 51 52
7 52 17
7 53 46
7 54 80
7 55 82
7 56 97
7 57 63
7 58 3
7 59 15
7 60 42
7 61 82
7 62 91
7 63 62
7 64 28
7 65 73
7 66 88
7 67 83
7 68 41
7 69 74
7 70 99
7 71 41
7 72 67
7 73 3
7 74 99
7 75 70
7 76 19
7 77 45
7 78 37
7 79 35
7 80 98
7 81 47
7 82 80
7 83 100
7 84 83
7 85 93
7 86 74
7 87 72
7 88 8
7 89 9
7 90 16
7 91 52
7 92 15
7 93 5
7 94 4
7 95 2
7 96 57
7 97 97
7 98 9
7 99 52
7 100 14
7 101 9
7 102 21
7 103 83
7 104 29
7 105 23
7 106 39
7 107 8
7 108 100
7 109 64
7 110 66
7 111 68
7 112 24
7 113 21
7 114 4
7 115 12
7 116 26
7 117 74
7 118 86
7 119 35
7 120 5
7 121 74
7 122 27
7 123 64
7 124 49
7 125 56
7 126 92
7 127 94
7 128 33
7 129 93
7 130 85
7 131 93
7 132 61
7 133 83
7 134 28
7 135 85
7 136 90
7 137 82
7 138 21
7 139 7
7 140 31
7 141 78
7 142 18
7 143 86
7 144 10
7 145 77
7 146 40
7 147 15
7 148 61
7 149 41
7 150 24
7 151 14
7 152 13
7 153 82
7 154 37
7 155 30
7 156 38
7 157 50
7 158 82
7 159 70
8 9 97
8 10 96
8 11 92
8 12 19
8 13 37
8 14 81
8 15 69
8 16 31
8 17 100
8 18 42
8 19 89
8 20 25
8 21 65
8 22 89
8 23 75
8 24 77
8 25 98
8 26 62
8 27 53
8 28 5
8 29 37
8 30 56
8 31 54
8 32 19
8 33 21
8 34 33
8 35 67
8 36 37
8 37 34
8 38 59
8 39 10
8 40 54
8 41 39
8 42 46
8 43 90
8 44 69
8 45 55
8 46 61
8 47 61
8 48 53
8 49 60
8 50 30
8 51 40
8 52 47
8 53 86
8 54 9
8 55 52
8 56 4
8 57 9
8 58 80
8 59 15
8 60 39
8 61 64
8 62 2
8 63 89
8 64 67
8 65 11
8 66 24
8 67 80
8 68 82
8 69 17
8 70 92
8 71 84
8 72 81
8 73 53
8 74 78
8 75 95
8 76 72
8 77 87
8 78 23
8 79 61
8 80 56
8 81 21
8 82 53
8 83 75
8 84 47
8 85 58
8 86 57
8 87 54
8 88 61
8 89 65
8 90 60
8 91 93
8 92 92
8 93 22
8 94 24
8 95 11
8 96 85
8 97 52
8 98 5
8 99 80
8 100 96
8 101 93
8 102 65
8 103 27
8 104 28
8 105 8
8 106 69
8 107 56
8 108 47
8 109 31
8 110 95
8 111 8
8 112 96
8 113 59
8 114 20
8 115 60
8 116 16
8 117 70
8 118 36
8 119 33
8 120 55
8 121 67
8 122 55
8 123 70
8 124 81
8 125 39
8 126 24
8 127 71
8 128 83
8 129 8
8 130 93
8 131 72
8 132 37
8 133 7
8 134 99
8 135 11
8 136 29
8 137 3
8 138 50
8 139 8
8 140 8
8 141 57
8 142 44
8 143 84
8 144 7
8 145 13
8 146 75
8 147 44
8 148 68
8 149 13
8 150 93
8 151 94
8 152 28
8 153 74
8 154 64
8 155 24
8 156 16
8 157 52
8 158 61
8 159 28
9 10 75
9 11 100
9 12 8
9 13 51
9 14 97
9 15 88
9 16 73
9 17 13
9 18 52
9 19 15
9 20 71
9 21 34
9 22 38
9 23 20
9 24 55
9 25 97
9 26 55
9 27 17
9 28 25
9 29 30
9 30 63
9 31 59
9 32 5
9 33 15
9 34 63
9 35 71
9 36 14
9 37 64
9 38 11
9 39 76
9 40 77
9 41 50
9 42 88
9 43 40
9 44 42
9 45 14
9 46 77
9 47 21
9 48 41
9 49 17
9 50 12
9 51 37
9 52 16
9 53 89
9 54 14
9 55 58
9 56 20
9 57 67
9 58 1
9 59 40
9 60 60
9 61 96
9 62 9
9 63 47
9 64 2
9 65 45
9 66 81
9 67 80
9 68 81
9 69 48
9 70 96
9 71 35
9 72 82
9 73 72
9 74 52
9 75 75
9 76 23
9 77 75
9 78 62
9 79 94
9 80 20
9 81 7
9 82 54
9 83 100
9 84 18
9 85 59
9 86 85
9 87 14
9 88 6
9 89 52
9 90 77
9 91 45
9 92 76
9 93 66
9 94 62
9 95 68
9 96 50
9 97 8
9 98 17
9 99 42
9 100 77
9 101 11
9 102 48
9 103 71
9 104 90
9 105 91
9 106 70
9 107 53
9 108 90
9 109 82
9 110 36
9 111 28
9 112 24
9 113 25
9 114 65
9 115 14
9 116 52
9 117 46
9 118 28
9 119 51
9 120 39
9 121 72
9 122 39
9 123 77
9 124 37
9 125 7
9 126 69
9 127 8
9 128 9
9 129 32
9 130 36
9 131 19
9 132 65
9 133 24
9 134 71
9 135 33
9 136 15
9 137 65
9 138 27
9 139 36
9 140 78
9 141 62
9 142 9
9 143 78
9 144 63
9 145 34
9 146 71
9 147 89
9 148 95
9 149 36
9 150 3
9 151 88
9 152 96
9 153 98
9 154 28
9 155 8
9 156 13
9 157 84
9 158 38
9 159 43
10 11 54
10 12 52
10 13 42
10 14 45
10 15 94
10 16 88
10 17 90
10 18 68
10 19 94
10 20 14
10 21 25
10 22 65
10 23 11
10 24 7
10 25 56
10 26 71
10 27 88
10 28 42
10 29 94
10 30 47
10 31 67
10 32 84
10 33 85
10 34 83
10 35 38
10 36 49
10 37 82
10 38 69
10 39 60
10 40 1
10 41 94
10 42 84
10 43 35
10 44 24
10 45 75
10 46 31
10 47 33
10 48 52
10 49 7
10 50 68
10 51 71
10 52 27
10 53 78
10 54 84
10 55 80
10 56 20
10 57 45
10 58 55
10 59 43
10 60 41
10 61 32
10 62 51
10 63 23
10 64 16
10 65 21
10 66 66
10 67 100
10 68 45
10 69 71
10 70 92
10 71 36
10 72 90
10 73 89
10 74 29
10 75 46
10 76 98
10 77 17
10 78 58
10 79 54
10 80 74
10 81 46
10 82 89
10 83 29
10 84 23
10 85 97
10 86 34
10 87 5
10 88 89
10 89 28
10 90 76
10 91 92
10 92 53
10 93 18
10 94 33
10 95 21
10 96 23
10 97 45
10 98 72
10 99 28
10 100 13
10 101 87
10 102 56
10 103 67
10 104 56
10 105 15
10 106 99
10 107 45
10 108 91
10 109 29
10 110 36
10 111 71
10 112 23
10 113 1
10 114 73
10 115 1
10 116 31
10 117 99
10 118 25
10 119 7
10 120 32
10 121 47
10 122 36
10 123 29
10 124 62
10 125 83
10 126 76
10 127 40
10 128 30
10 129 51
10 130 89
10 131 6
10 132 36
10 133 3
10 134 57
10 135 16
10 136 24
10 137 50
10 138 32
10 139 77
10 140 75
10 141 47
10 142 22
10 143 91
10 144 2
10 145 58
10 146 88
10 147 85
10 148 85
10 149 91
10 150 6
10 151 69
10 152 82
10 153 60
10 154 15
10 155 27
10 156 2
10 157 40
10 158 90
10 159 12
11 12 30
11 13 10
11 14 46
11 15 99
11 16 92
11 17 60
11 18 4
11 19 88
11 20 2
11 21 53
11 22 33
11 23 37
11 24 15
11 25 63
11 26 38
11 27 33
11 28 98
11 29 26
11 30 37
11 31 87
11 32 13
11 33 13
11 34 29
11 35 54
11 36 49
11 37 33
11 38 56
11 39 86
11 40 25
11 41 62
11 42 60
11 43 11
11 44 54
11 45 12
11 46 85
11 47 24
11 48 81
11 49 46
11 50 67
11 51 64
11 52 3
11 53 4
11 54 38
11 55 26
11 56 16
11 57 81
11 58 22
11 59 28
11 60 57
11 61 41
11 62 95
11 63 78
11 64 3
11 65 46
11 66 24
11 67 70
11 68 73
11 69 63
11 70 18
11 71 55
11 72 49
11 73 95
11 74 7
11 75 76
11 76 68
11 77 38
11 78 12
11 79 39
11 80 52
11 81 100
11 82 96
11 83 94
11 84 11
11 85 86
11 86 46
11 87 21
11 88 29
11 89 62
11 90 44
11 91 46
11 92 11
11 93 22
11 94 37
11 95 69
11 96 11
11 97 71
11 98 16
11 99 10
11 100 49
11 101 15
11 102 68
11 103 18
11 104 62
11 105 5
11 106 27
11 107 93
11 108 64
11 109 70
11 110 43
11 111 5
11 112 58
11 113 21
11 114 55
11 115 33
11 116 10
11 117 3
11 118 9
11 119 42
11 120 6
11 121 97
11 122 77
11 123 80
11 124 25
11 125 59
11 126 76
11 127 67
11 128 76
11 129 76
11 130 99
11 131 9
11 132 82
11 133 31
11 134 67
11 135 8
11 136 24
11 137 17
11 138 11
11 139 34
11 140 61
11 141 20
11 142 27
11 143 20
11 144 30
11 145 43
11 146 66
11 147 9
11 148 30
11 149 64
11 150 42
11 151 68
11 152 37
11 153 13
11 154 30
11 155 98
11 156 81
11 157 100
11 158 29
11 159 99
12 13 88
12 14 13
12 15 58
12 16 63
12 17 95
12 18 92
12 19 62
12 20 48
12 21 14
12 22 62
12 23 89
12 24 10
12 25 68
12 26 26
12 27 92
12 28 10
12 29 92
12 30 48
12 31 63
12 32 88
12 33 83
12 34 63
12 35 35
12 36 41
12 37 14
12 38 51
12 39 75
12 40 2
12 41 15
12 42 83
12 43 43
12 44 94
12 45 17
12 46 78
12 47 66
12 48 48
12 49 56
12 50 33
12 51 3
12 52 1
12 53 40
12 54 73
12 55 65
12 56 1
12 57 70
12 58 11
12 59 79
12 60 70
12 61 48
12 62 80
12 63 12
12 64 95
12 65 98
12 66 96
12 67 49
12 68 26
12 69 87
12 70 72
12 71 23
12 72 73
12 73 89
12 74 66
12 75 2
12 76 11
12 77 27
12 78 34
12 79 75
12 80 53
12 81 20
12 82 18
12 83 50
12 84 48
12 85 79
12 86 66
12 87 96
12 88 6
12 89 25
12 90 32
12 91 21
12 92 5
12 93 77
12 94 55
12 95 50
12 96 34
12 97 58
12 98 86
12 99 70
12 100 61
12 101 71
12 102 43
12 103 45
12 104 71
12 105 69
12 106 62
12 107 86
12 108 68
12 109 48
12 110 18
12 111 14
12 112 48
12 113 71
12 114 1
12 115 88
12 116 23
12 117 1
12 118 32
12 119 69
12 120 95
12 121 59
12 122 38
12 123 86
12 124 90
12 125 43
12 126 60
12 127 39
12 128 37
12 129 22
12 130 86
12 131 9
12 132 96
12 133 38
12 134 77
12 135 72
12 136 21
12 137 20
12 138 8
12 139 57
12 140 76
12 141 50
12 142 36
12 143 67
12 144 86
12 145 50
12 146 80
12 147 32
12 148 13
12 149 39
12 150 75
12 151 21
12 152 15
12 153 2
12 154 23
12 155 19
12 156 56
12 157 66
12 158 93
12 159 88
13 14 7
13 15 11
13 16 72
13 17 62
13 18 68
13 19 76
13 20 81
13 21 52
13 22 26
13 23 90
13 24 54
13 25 47
13 26 86
13 27 8
13 28 12
13 29 50
13 30 59
13 31 32
13 32 8
13 33 63
13 34 99
13 35 27
13 36 75
13 37 81
13 38 73
13 39 28
13 40 98
13 41 70
13 42 84
13 43 56
13 44 34
13 45 54
13 46 33
13 47 13
13 48 22
13 49 74
13 50 71
13 51 11
13 52 19
13 53 45
13 54 43
13 55 32
13 56 11
13 57 63
13 58 63
13 59 54
13 60 15
13 61 1
13 62 77
13 63 75
13 64 92
13 65 25
13 66 99
13 67 85
13 68 8
13 69 81
13 70 40
13 71 56
13 72 88
13 73 74
13 74 25
13 75 96
13 76 24
13 77 35
13 78 22
13 79 5
13 80 83
13 81 96
13 82 9
13 83 57
13 84 68
13 85 17
13 86 38
13 87 36
13 88 66
13 89 23
13 90 3
13 91 60
13 92 12
13 93 98
13 94 68
13 95 3
13 96 32
13 97 92
13 98 87
13 99 7
13 100 27
13 101 59
13 102 65
13 103 28
13 104 30
13 105 62
13 106 21
13 107 56
13 108 94
13 109 6
13 110 57
13 111 43
13 112 98
13 113 45
13 114 24
13 115 49
13 116 97
13 117 50
13 118 11
13 119 40
13 120 42
13 121 45
13 122 79
13 123 32
13 124 66
13 125 68
13 126 63
13 127 16
13 128 50
13 129 44
13 130 95
13 131 81
13 132 99
13 133 5
13 134 89
13 135 86
13 136 49
13 137 67
13 138 34
13 139 97
13 140 37
13 141 67
13 142 100
13 143 9
13 144 10
13 145 48
13 146 97
13 147 95
13 148 80
13 149 24
13 150 24
13 151 87
13 152 75
13 153 86
13 154 18
13 155 63
13 156 55
13 157 50
13 158 25
13 159 96
14 15 42
14 16 82
14 17 35
14 18 95
14 19 11
14 20 59
14 21 80
14 22 77
14 23 81
14 24 83
14 25 23
14 26 33
14 27 64
14 28 66
14 29 18
14 30 56
14 31 95
14 32 43
14 33 55
14 34 46
14 35 100
14 36 80
14 37 80
14 38 37
14 39 83
14 40 94
14 41 47
14 42 80
14 43 21
14 44 98
14 45 87
14 46 79
14 47 87
14 48 30
14 49 38
14 50 54
14 51 23
14 52 66
14 53 96
14 54 76
14 55 93
14 56 67
14 57 42
14 58 98
14 59 69
14 60 62
14 61 41
14 62 53
14 63 76
14 64 8
14 65 96
14 66 62
14 67 94
14 68 52
14 69 13
14 70 7
14 71 5
14 72 59
14 73 79
14 74 7
14 75 9
14 76 42
14 77 10
14 78 4
14 79 85
14 80 45
14 81 77
14 82 64
14 83 67
14 84 95
14 85 54
14 86 88
14 87 97
14 88 53
14 89 75
14 90 35
14 91 23
14 92 29
14 93 77
14 94 29
14 95 72
14 96 12
14 97 32
14 98 91
14 99 56
14 100 33
14 101 4
14 102 81
14 103 14
14 104 1
14 105 34
14 106 69
14 107 18
14 108 71
14 109 53
14 110 62
14 111 88
14 112 88
14 113 15
14 114 49
14 115 52
14 116 68
14 117 100
14 118 61
14 119 90
14 120 14
14 121 52
14 122 33
14 123 34
14 124 31
14 125 2
14 126 52
14 127 84
14 128 37
14 129 53
14 130 52
14 131 23
14 132 55
14 133 53
14 134 15
14 135 65
14 136 11
14 137 90
14 138 29
14 139 44
14 140 19
14 141 92
14 142 55
14 143 52
14 144 24
14 145 94
14 146 19
14 147 1
14 148 89
14 149 85
14 150 23
14 151 6
14 152 44
14 153 19
14 154 55
14 155 55
14 156 5
14 157 42
14 158 73
14 159 63
15 16 15
15 17 85
15 18 97
15 19 6
15 20 100
15 21 5
15 22 53
15 23 41
15 24 50
15 25 68
15 26 9
15 27 28
15 28 53
15 29 79
15 30 49
15 31 87
15 32 83
15 33 64
15 34 83
15 35 72
15 36 52
15 37 89
15 38 88
15 39 77
15 40 80
15 41 65
15 42 69
15 43 54
15 44 88
15 45 10
15 46 42
15 47 74
15 48 89
15 49 93
15 50 98
15 51 48
15 52 64
15 53 69
15 54 11
15 55 50
15 56 69
15 57 44
15 58 99
15 59 83
15 60 34
15 61 66
15 62 1
15 63 13
15 64 60
15 65 1
15 66 32
15 67 76
15 68 80
15 69 61
15 70 41
15 71 11
15 72 63
15 73 33
15 74 57
15 75 20
15 76 15
15 77 34
15 78 61
15 79 30
15 80 91
15 81 27
15 82 68
15 83 58
15 84 10
15 85 44
15 86 96
15 87 65
15 88 50
15 89 92
15 90 39
15 91 3
15 92 100
15 93 64
15 94 69
15 95 21
15 96 85
15 97 33
15 98 23
15 99 27
15 100 7
15 101 95
15 102 14
15 103 96
15 104 29
15 105 45
15 106 86
15 107 60
15 108 95
15 109 67
15 110 31
15 111 14
15 112 92
15 113 45
15 114 63
15 115 36
15 116 65
15 117 9
15 118 92
15 119 11
15 120 37
15 121 73
15 122 40
15 123 91
15 124 69
15 125 14
15 126 64
15 127 26
15 128 33
15 129 12
15 130 13
15 131 13
15 132 7
15 133 99
15 134 66
15 135 50
15 136 32
15 137 33
15 138 37
15 139 30
15 140 34
15 141 3
15 142 82
15 143 47
15 144 73
15 145 83
15 146 100
15 147 70
15 148 71
15 149 36
15 150 30
15 151 81
15 152 94
15 153 37
15 154 14
15 155 96
15 156 34
15 157 69
15 158 17
15 159 65
16 17 58
16 18 66
16 19 43
16 20 47
16 21 6
16 22 67
16 23 80
16 24 73
16 25 99
16 26 21
16 27 100
16 28 54
16 29 91
16 30 72
16 31 55
16 32 37
16 33 46
16 34 78
16 35 20
16 36 96
16 37 15
16 38 81
16 39 99
16 40 80
16 41 8
16 42 70
16 43 4
16 44 79
16 45 10
16 46 36
16 47 56
16 48 53
16 49 92
16 50 60
16 51 57
16 52 100
16 53 93
16 54 2
16 55 43
16 56 100
16 57 62
16 58 69
16 59 6
16 60 20
16 61 34
16 62 44
16 63 17
16 64 48
16 65 93
16 66 29
16 67 75
16 68 94
16 69 46
16 70 90
16 71 88
16 72 26
16 73 61
16 74 18
16 75 90
16 76 98
16 77 52
16 78 56
16 79 98
16 80 65
16 81 75
16 82 1
16 83 25
16 84 37
16 85 7
16 86 77
16 87 17
16 88 82
16 89 12
16 90 39
16 91 62
16 92 75
16 93 42
16 94 52
16 95 37
16 96 11
16 97 16
16 98 100
16 99 19
16 100 32
16 101 47
16 102 81
16 103 44
16 104 59
16 105 22
16 106 24
16 107 7
16 108 16
16 109 89
16 110 52
16 111 93
16 112 41
16 113 36
16 114 31
16 115 53
16 116 70
16 117 47
16 118 41
16 119 71
16 120 95
16 121 73
16 122 91
16 123 34
16 124 6
16 125 83
16 126 2
16 127 60
16 128 13
16 129 91
16 130 20
16 131 42
16 132 56
16 133 57
16 134 50
16 135 4
16 136 77
16 137 50
16 138 37
16 139 18
16 140 54
16 141 61
16 142 82
16 143 71
16 144 56
16 145 74
16 146 79
16 147 69
16 148 22
16 149 85
16 150 88
16 151 46
16 152 89
16 153 80
16 154 3
16 155 54
16 156 14
16 157 27
16 158 20
16 159 27
17 18 59
17 19 9
17 20 13
17 21 21
17 22 96
17 23 42
17 24 91
17 25 42
17 26 49
17 27 21
17 28 3
17 29 9
17 30 92
17 31 54
17 32 11
17 33 23
17 34 91
17 35 30
17 36 98
17 37 59
17 38 75
17 39 24
17 40 59
17 41 96
17 42 43
17 43 97
17 44 64
17 45 44
17 46 81
17 47 25
17 48 17
17 49 56
17 50 55
17 51 15
17 52 98
17 53 78
17 54 45
17 55 34
17 56 30
17 57 41
17 58 36
17 59 61
17 60 35
17 61 45
17 62 65
17 63 66
17 64 26
17 65 70
17 66 76
17 67 64
17 68 40
17 69 60
17 70 25
17 71 69
17 72 88
17 73 16
17 74 78
17 75 6
17 76 17
17 77 74
17 78 73
17 79 60
17 80 91
17 81 51
17 82 29
17 83 62
17 84 98
17 85 65
17 86 2
17 87 42
17 88 79
17 89 96
17 90 21
17 91 79
17 92 88
17 93 100
17 94 32
17 95 37
17 96 76
17 97 64
17 98 27
17 99 3
17 100 36
17 101 41
17 102 89
17 103 5
17 104 51
17 105 99
17 106 17
17 107 40
17 108 80
17 109 71
17 110 60
17 111 83
17 112 71
17 113 50
17 114 79
17 115 86
17 116 85
17 117 45
17 118 44
17 119 48
17 120 78
17 121 75
17 122 78
17 123 81
17 124 87
17 125 64
17 126 50
17 127 37
17 128 53
17 129 62
17 130 49
17 131 54
17 132 99
17 133 31
17 134 83
17 135 28
17 136 42
17 137 81
17 138 79
17 139 98
17 140 68
17 141 92
17 142 67
17 143 95
17 144 19
17 145 97
17 146 72
17 147 55
17 148 77
17 149 39
17 150 76
17 151 97
17 152 90
17 153 96
17 154 19
17 155 71
17 156 22
17 157 79
17 158 22
17 159 34
18 19 64
18 20 87
18 21 71
18 22 92
18 23 88
18 24 31
18 25 73
18 26 34
18 27 25
18 28 52
18 29 57
18 30 74
18 31 97
18 32 61
18 33 67
18 34 17
18 35 89
18 36 37
18 37 39
18 38 78
18 39 54
18 40 65
18 41 31
18 42 29
18 43 42
18 44 50
18 45 63
18 46 60
18 47 26
18 48 43
18 49 2
18 50 77
18 51 99
18 52 17
18 53 76
18 54 12
18 55 2
18 56 9
18 57 24
18 58 25
18 59 23
18 60 27
18 61 74
18 62 39
18 63 43
18 64 13
18 65 19
18 66 62
18 67 56
18 68 43
18 69 71
18 70 78
18 71 98
18 72 77
18 73 64
18 74 49
18 75 6
18 76 20
18 77 76
18 78 34
18 79 34
18 80 38
18 81 80
18 82 98
18 83 29
18 84 83
18 85 82
18 86 71
18 87 10
18 88 57
18 89 18
18 90 37
18 91 63
18 92 36
18 93 34
18 94 70
18 95 100
18 96 81
18 97 11
18 98 20
18 99 29
18 100 29
18 101 95
18 102 41
18 103 59
18 104 71
18 105 91
18 106 59
18 107 32
18 108 46
18 109 51
18 110 76
18 111 10
18 112 5
18 113 43
18 114 46
18 115 16
18 116 78
18 117 71
18 118 62
18 119 63
18 120 20
18 121 31
18 122 92
18 123 82
18 124 31
18 125 25
18 126 70
18 127 44
18 128 41
18 129 23
18 130 6
18 131 66
18 132 79
18 133 30
18 134 53
18 135 40
18 136 22
18 137 75
18 138 94
18 139 46
18 140 1
18 141 31
18 142 85
18 143 5
18 144 47
18 145 44
18 146 6
18 147 64
18 148 3
18 149 67
18 150 41
18 151 32
18 152 99
18 153 94
18 154 67
18 155 85
18 156 87
18 157 69
18 158 38
18 159 72
19 20 11
19 21 61
19 22 29
19 23 56
19 24 48
19 25 58
19 26 13
19 27 52
19 28 10
19 29 49
19 30 73
19 31 56
19 32 87
19 33 60
19 34 79
19 35 21
19 36 18
19 37 21
19 38 32
19 39 81
19 40 36
19 41 47
19 42 32
19 43 90
19 44 20
19 45 19
19 46 26
19 47 62
19 48 7
19 49 70
19 50 11
19 51 2
19 52 53
19 53 81
19 54 56
19 55 10
19 56 76
19 57 35
19 58 90
19 59 59
19 60 73
19 61 81
19 62 98
19 63 67
19 64 37
19 65 8
19 66 34
19 67 30
19 68 58
19 69 52
19 70 11
19 71 33
19 72 70
19 73 19
19 74 98
19 75 89
19 76 36
19 77 51
19 78 34
19 79 33
19 80 50
19 81 42
19 82 20
19 83 18
19 84 100
19 85 17
19 86 15
19 87 85
19 88 42
19 89 60
19 90 15
19 91 67
19 92 52
19 93 29
19 94 30
19 95 64
19 96 81
19 97 78
19 98 47
19 99 40
19 100 22
19 101 34
19 102 36
19 103 70
19 104 35
19 105 10
19 106 89
19 107 54
19 108 58
19 109 29
19 110 98
19 111 40
19 112 44
19 113 85
19 114 88
19 115 82
19 116 52
19 117 19
19 118 85
19 119 69
19 120 14
19 121 87
19 122 90
19 123 1
19 124 78
19 125 42
19 126 22
19 127 78
19 128 43
19 129 34
19 130 3
19 131 58
19 132 13
19 133 67
19 134 11
19 135 25
19 136 92
19 137 38
19 138 98
19 139 11
19 140 51
19 141 73
19 142 66
19 143 83
19 144 63
19 145 93
19 146 83
19 147 50
19 148 17
19 149 33
19 150 10
19 151 43
19 152 15
19 153 20
19 154 64
19 155 34
19 156 100
19 157 58
19 158 20
19 159 2
20 21 56
20 22 62
20 23 53
20 24 71
20 25 44
20 26 80
20 27 37
20 28 63
20 29 85
20 30 48
20 31 49
20 32 87
20 33 53
20 34 89
20 35 59
20 36 60
20 37 37
20 38 66
20 39 54
20 40 29
20 41 15
20 42 82
20 43 26
20 44 59
20 45 92
20 46 59
20 47 94
20 48 26
20 49 82
20 50 23
20 51 5
20 52 48
20 53 97
20 54 31
20 55 6
20 56 46
20 57 99
20 58 90
20 59 85
20 60 20
20 61 41
20 62 32
20 63 6
20 64 34
20 65 83
20 66 20
20 67 46
20 68 78
20 69 32
20 70 51
20 71 4
20 72 51
20 73 66
20 74 89
20 75 43
20 76 18
20 77 68
20 78 72
20 79 79
20 80 31
20 81 68
20 82 76
20 83 59
20 84 87
20 85 59
20 86 17
20 87 24
20 88 28
20 89 47
20 90 95
20 91 10
20 92 2
20 93 81
20 94 93
20 95 93
20 96 7
20 97 22
20 98 8
20 99 10
20 100 87
20 101 87
20 102 50
20 103 24
20 104 55
20 105 31
20 106 85
20 107 84
20 108 27
20 109 25
20 110 44
20 111 93
20 112 38
20 113 79
20 114 57
20 115 86
20 116 82
20 117 91
20 118 90
20 119 65
20 120 17
20 121 34
20 122 18
20 123 98
20 124 65
20 125 67
20 126 8
20 127 92
20 128 37
20 129 13
20 130 2
20 131 30
20 132 93
20 133 78
20 134 3
20 135 96
20 136 92
20 137 42
20 138 95
20 139 24
20 140 53
20 141 41
20 142 92
20 143 31
20 144 14
20 145 78
20 146 71
20 147 70
20 148 7
20 149 54
20 150 32
20 151 59
20 152 75
20 153 22
20 154 15
20 155 59
20 156 56
20 157 51
20 158 13
20 159 63
21 22 13
21 23 99
21 24 12
21 25 100
21 26 36
21 27 73
21 28 60
21 29 4
21 30 78
21 31 62
21 32 90
21 33 64
21 34 62
21 35 33
21 36 29
21 37 95
21 38 72
21 39 8
21 40 20
21 41 94
21 42 75
21 43 57
21 44 95
21 45 20
21 46 100
21 47 13
21 48 43
21 49 28
21 50 14
21 51 61
21 52 19
21 53 69
21 54 57
21 55 84
21 56 66
21 57 19
21 58 21
21 59 71
21 60 80
21 61 59
21 62 34
21 63 46
21 64 81
21 65 84
21 66 8
21 67 92
21 68 91
21 69 39
21 70 97
21 71 94
21 72 6
21 73 69
21 74 78
21 75 44
21 76 53
21 77 80
21 78 98
21 79 81
21 80 22
21 81 73
21 82 89
21 83 46
21 84 72
21 85 63
21 86 52
21 87 37
21 88 68
21 89 89
21 90 35
21 91 55
21 92 65
21 93 16
21 94 18
21 95 39
21 96 16
21 97 5
21 98 3
21 99 89
21 100 57
21 101 91
21 102 75
21 103 48
21 104 85
21 105 97
21 106 96
21 107 96
21 108 69
21 109 60
21 110 90
21 111 82
21 112 5
21 113 82
21 114 57
21 115 53
21 116 79
21 117 26
21 118 14
21 119 62
21 120 32
21 121 40
21 122 69
21 123 78
21 124 22
21 125 31
21 126 6
21 127 36
21 128 48
21 129 77
21 130 53
21 131 78
21 132 3
21 133 5
21 134 37
21 135 63
21 136 48
21 137 86
21 138 96
21 139 86
21 140 11
21 141 44
21 142 29
21 143 2
21 144 60
21 145 42
21 146 53
21 147 44
21 148 77
21 149 48
21 150 59
21 151 41
21 152 84
21 153 92
21 154 87
21 155 82
21 156 74
21 157 44
21 158 66
21 159 85
22 23 100
22 24 2
22 25 99
22 26 79
22 27 82
22 28 94
22 29 22
22 30 38
22 31 39
22 32 19
22 33 69
22 34 52
22 35 26
22 36 81
22 37 49
22 38 17
22 39 48
22 40 16
22 41 41
22 42 80
22 43 56
22 44 25
22 45 57
22 46 6
22 47 58
22 48 36
22 49 14
22 50 1
22 51 5
22 52 68
22 53 8
22 54 13
22 55 52
22 56 47
22 57 57
22 58 46
22 59 14
22 60 27
22 61 94
22 62 40
22 63 25
22 64 32
22 65 88
22 66 90
22 67 90
22 68 10
22 69 70
22 70 69
22 71 40
22 72 5
22 73 74
22 74 25
22 75 8
22 76 35
22 77 42
22 78 41
22 79 62
22 80 68
22 81 34
22 82 100
22 83 64
22 84 52
22 85 29
22 86 19
22 87 56
22 88 100
22 89 89
22 90 11
22 91 6
22 92 50
22 93 18
22 94 25
22 95 91
22 96 80
22 97 82
22 98 42
22 99 80
22 100 21
22 101 82
22 102 95
22 103 16
22 104 8
22 105 41
22 106 11
22 107 42
22 108 99
22 109 74
22 110 87
22 111 64
22 112 67
22 113 30
22 114 26
22 115 45
22 116 29
22 117 6
22 118 19
22 119 6
22 120 80
22 121 52
22 122 64
22 123 62
22 124 60
22 125 93
22 126 82
22 127 69
22 128 85
22 129 32
22 130 20
22 131 56
22 132 43
22 133 57
22 134 88
22 135 30
22 136 30
22 137 12
22 138 18
22 139 88
22 140 94
22 141 12
22 142 63
22 143 69
22 144 75
22 145 79
22 146 3
22 147 78
22 148 71
22 149 39
22 150 13
22 151 84
22 152 74
22 153 47
22 154 2
22 155 73
22 156 41
22 157 52
22 158 26
22 159 53
23 24 53
23 25 72
23 26 82
23 27 94
23 28 89
23 29 92
23 30 4
23 31 12
23 32 25
23 33 70
23 34 82
23 35 74
23 36 31
23 37 58
23 38 58
23 39 57
23 40 55
23 41 18
23 42 83
23 43 38
23 44 76
23 45 97
23 46 28
23 47 22
23 48 8
23 49 85
23 50 41
23 51 47
23 52 39
23 53 50
23 54 59
23 55 78
23 56 23
23 57 47
23 58 28
23 59 100
23 60 48
23 61 78
23 62 54
23 63 98
23 64 30
23 65 29
23 66 2
23 67 92
23 68 86
23 69 17
23 70 67
23 71 83
23 72 50
23 73 11
23 74 47
23 75 33
23 76 65
23 77 15
23 78 43
23 79 54
23 80 70
23 81 32
23 82 92
23 83 36
23 84 42
23 85 10
23 86 100
23 87 10
23 88 6
23 89 17
23 90 49
23 91 92
23 92 30
23 93 70
23 94 60
23 95 4
23 96 66
23 97 74
23 98 61
23 99 31
23 100 10
23 101 16
23 102 83
23 103 95
23 104 39
23 105 68
23 106 47
23 107 52
23 108 7
23 109 61
23 110 30
23 111 4
23 112 78
23 113 78
23 114 67
23 115 13
23 116 11
23 117 94
23 118 93
23 119 11
23 120 1
23 121 64
23 122 10
23 123 33
23 124 95
23 125 33
23 126 22
23 127 9
23 128 59
23 129 64
23 130 28
23 131 4
23 132 22
23 133 74
23 134 49
23 135 88
23 136 11
23 137 49
23 138 25
23 139 1
23 140 68
23 141 60
23 142 63
23 143 87
23 144 95
23 145 79
23 146 60
23 147 30
23 148 10
23 149 47
23 150 10
23 151 52
23 152 84
23 153 35
23 154 64
23 155 39
23 156 99
23 157 59
23 158 18
23 159 70
24 25 32
24 26 45
24 27 87
24 28 47
24 29 54
24 30 56
24 31 58
24 32 3
24 33 44
24 34 99
24 35 67
24 36 61
24 37 55
24 38 95
24 39 2
24 40 28
24 41 83
24 42 94
24 43 86
24 44 6
24 45 82
24 46 39
24 47 43
24 48 56
24 49 37
24 50 21
24 51 67
24 52 60
24 53 94
24 54 42
24 55 6
24 56 76
24 57 82
24 58 44
24 59 40
24 60 89
24 61 48
24 62 70
24 63 84
24 64 44
24 65 45
24 66 35
24 67 95
24 68 7
24 69 100
24 70 91
24 71 57
24 72 79
24 73 63
24 74 98
24 75 66
24 76 58
24 77 68
24 78 38
24 79 1
24 80 19
24 81 42
24 82 5
24 83 5
24 84 54
24 85 58
24 86 100
24 87 85
24 88 70
24 89 25
24 90 46
24 91 34
24 92 45
24 93 45
24 94 43
24 95 34
24 96 51
24 97 21
24 98 66
24 99 77
24 100 13
24 101 83
24 102 5
24 103 39
24 104 36
24 105 44
24 106 71
24 107 91
24 108 18
24 109 83
24 110 36
24 111 64
24 112 68
24 113 31
24 114 52
24 115 75
24 116 55
24 117 4
24 118 65
24 119 87
24 120 62
24 121 20
24 122 53
24 123 96
24 124 79
24 125 54
24 126 36
24 127 94
24 128 67
24 129 50
24 130 97
24 131 32
24 132 15
24 133 51
24 134 98
24 135 70
24 136 42
24 137 5
24 138 5
24 139 34
24 140 80
24 141 72
24 142 17
24 143 69
24 144 88
24 145 52
24 146 97
24 147 14
24 148 12
24 149 72
24 150 76
24 151 57
24 152 50
24 153 44
24 154 71
24 155 73
24 156 82
24 157 65
24 158 87
24 159 2
25 26 74
25 27 72
25 28 36
25 29 78
25 30 54
25 31 62
25 32 65
25 33 86
25 34 10
25 35 8
25 36 83
25 37 40
25 38 15
25 39 73
25 40 69
25 41 78
25 42 43
25 43 1
25 44 62
25 45 76
25 46 97
25 47 16
25 48 26
25 49 30
25 50 11
25 51 77
25 52 100
25 53 85
25 54 53
25 55 70
25 56 71
25 57 46
25 58 65
25 59 89
25 60 43
25 61 49
25 62 100
25 63 2
25 64 23
25 65 61
25 66 18
25 67 6
25 68 11
25 69 62
25 70 26
25 71 92
25 72 15
25 73 37
25 74 78
25 75 77
25 76 41
25 77 28
25 78 42
25 79 78
25 80 44
25 81 8
25 82 44
25 83 42
25 84 25
25 85 84
25 86 58
25 87 75
25 88 66
25 89 72
25 90 80
25 91 68
25 92 26
25 93 1
25 94 7
25 95 87
25 96 33
25 97 50
25 98 32
25 99 11
25 100 16
25 101 21
25 102 82
25 103 19
25 104 55
25 105 50
25 106 85
25 107 50
25 108 8
25 109 12
25 110 35
25 111 65
25 112 66
25 113 21
25 114 88
25 115 11
25 116 94
25 117 93
25 118 40
25 119 98
25 120 29
25 121 31
25 122 21
25 123 92
25 124 58
25 125 22
25 126 75
25 127 89
25 128 88
25 129 19
25 130 36
25 131 22
25 132 58
25 133 39
25 134 49
25 135 71
25 136 29
25 137 64
25 138 2
25 139 98
25 140 60
25 141 62
25 142 34
25 143 27
25 144 34
25 145 91
25 146 73
25 147 62
25 148 42
25 149 38
25 150 30
25 151 74
25 152 9
25 153 12
25 154 29
25 155 9
25 156 23
25 157 35
25 158 20
25 159 82
26 27 11
26 28 19
26 29 36
26 30 85
26 31 34
26 32 36
26 33 51
26 34 64
26 35 65
26 36 77
26 37 58
26 38 97
26 39 83
26 40 29
26 41 81
26 42 68
26 43 82
26 44 99
26 45 59
26 46 98
26 47 33
26 48 81
26 49 59
26 50 13
26 51 4
26 52 80
26 53 38
26 54 12
26 55 91
26 56 71
26 57 92
26 58 6
26 59 70
26 60 47
26 61 4
26 62 22
26 63 95
26 64 98
26 65 44
26 66 5
26 67 63
26 68 13
26 69 21
26 70 76
26 71 32
26 72 45
26 73 99
26 74 87
26 75 75
26 76 28
26 77 89
26 78 19
26 79 47
26 80 84
26 81 90
26 82 56
26 83 39
26 84 73
26 85 84
26 86 84
26 87 87
26 88 15
26 89 93
26 90 65
26 91 89
26 92 43
26 93 25
26 94 27
26 95 74
26 96 33
26 97 56
26 98 76
26 99 58
26 100 37
26 101 62
26 102 62
26 103 8
26 104 26
26 105 70
26 106 80
26 107 71
26 108 77
26 109 80
26 110 21
26 111 90
26 112 40
26 113 94
26 114 14
26 115 57
26 116 81
26 117 58
26 118 100
26 119 19
26 120 98
26 121 4
26 122 36
26 123 75
26 124 30
26 125 43
26 126 92
26 127 55
26 128 81
26 129 84
26 130 6
26 131 84
26 132 57
26 133 25
26 134 19
26 135 11
26 136 6
26 137 71
26 138 56
26 139 87
26 140 36
26 141 35
26 142 24
26 143 52
26 144 75
26 145 16
26 146 23
26 147 9
26 148 47
26 149 73
26 150 59
26 151 90
26 152 49
26 153 93
26 154 96
26 155 91
26 156 91
26 157 19
26 158 14
26 159 100
27 28 96
27 29 56
27 30 97
27 31 98
27 32 63
27 33 64
27 34 8
27 35 73
27 36 81
27 37 97
27 38 4
27 39 36
27 40 49
27 41 68
27 42 62
27 43 31
27 44 18
27 45 39
27 46 93
27 47 7
27 48 43
27 49 23
27 50 81
27 51 28
27 52 7
27 53 48
27 54 40
27 55 80
27 56 31
27 57 44
27 58 65
27 59 79
27 60 32
27 61 80
27 62 18
27 63 47
27 64 23
27 65 49
27 66 43
27 67 39
27 68 56
27 69 90
27 70 50
27 71 81
27 72 3
27 73 47
27 74 100
27 75 62
27 76 33
27 77 2
27 78 83
27 79 55
27 80 75
27 81 39
27 82 8
27 83 3
27 84 37
27 85 50
27 86 4
27 87 89
27 88 10
27 89 49
27 90 23
27 91 11
27 92 22
27 93 4
27 94 23
27 95 17
27 96 52
27 97 20
27 98 84
27 99 62
27 100 48
27 101 74
27 102 59
27 103 1
27 104 100
27 105 76
27 106 60
27 107 59
27 108 58
27 109 75
27 110 14
27 111 49
27 112 9
27 113 80
27 114 35
27 115 68
27 116 95
27 117 3
27 118 11
27 119 96
27 120 66
27 121 25
27 122 74
27 123 79
27 124 93
27 125 61
27 126 74
27 127 86
27 128 21
27 129 100
27 130 64
27 131 24
27 132 64
27 133 40
27 134 37
27 135 5
27 136 35
27 137 81
27 138 59
27 139 59
27 140 17
27 141 6
27 142 71
27 143 65
27 144 90
27 145 83
27 146 31
27 147 76
27 148 11
27 149 45
27 150 35
27 151 82
27 152 62
27 153 84
27 154 89
27 155 81
27 156 13
27 157 1
27 158 25
27 159 3
28 29 72
28 30 18
28 31 75
28 32 9
28 33 51
28 34 46
28 35 77
28 36 38
28 37 34
28 38 73
28 39 54
28 40 60
28 41 11
28 42 13
28 43 100
28 44 62
28 45 76
28 46 67
28 47 73
28 48 8
28 49 98
28 50 98
28 51 75
28 52 10
28 53 61
28 54 95
28 55 22
28 56 35
28 57 24
28 58 42
28 59 60
28 60 94
28 61 35
28 62 60
28 63 80
28 64 3
28 65 28
28 66 4
28 67 76
28 68 87
28 69 81
28 70 63
28 71 79
28 72 75
28 73 49
28 74 93
28 75 83
28 76 74
28 77 22
28 78 58
28 79 43
28 80 34
28 81 46
28 82 35
28 83 57
28 84 70
28 85 76
28 86 60
28 87 8
28 88 73
28 89 3
28 90 45
28 91 69
28 92 23
28 93 95
28 94 17
28 95 81
28 96 16
28 97 67
28 98 76
28 99 81
28 100 41
28 101 34
28 102 82
28 103 48
28 104 31
28 105 27
28 106 91
28 107 49
28 108 33
28 109 54
28 110 23
28 111 37
28 112 17
28 113 37
28 114 7
28 115 27
28 116 24
28 117 19
28 118 75
28 119 4
28 120 36
28 121 42
28 122 53
28 123 11
28 124 37
28 125 6
28 126 30
28 127 57
28 128 98
28 129 47
28 130 100
28 131 72
28 132 16
28 133 49
28 134 39
28 135 72
28 136 58
28 137 79
28 138 49
28 139 46
28 140 38
28 141 94
28 142 20
28 143 85
28 144 23
28 145 39
28 146 37
28 147 42
28 148 39
28 149 98
28 150 60
28 151 100
28 152 8
28 153 73
28 154 49
28 155 30
28 156 71
28 157 79
28 158 34
28 159 98
29 30 88
29 31 33
29 32 3
29 33 61
29 34 53
29 35 88
29 36 19
29 37 82
29 38 11
29 39 42
29 40 29
29 41 36
29 42 65
29 43 79
29 44 73
29 45 30
29 46 61
29 47 78
29 48 67
29 49 33
29 50 62
29 51 93
29 52 54
29 53 76
29 54 94
29 55 85
29 56 29
29 57 43
29 58 68
29 59 6
29 60 38
29 61 63
29 62 7
29 63 15
29 64 13
29 65 50
29 66 1
29 67 12
29 68 23
29 69 27
29 70 29
29 71 64
29 72 53
29 73 46
29 74 1
29 75 52
29 76 77
29 77 48
29 78 46
29 79 69
29 80 43
29 81 38
29 82 38
29 83 49
29 84 72
29 85 12
29 86 64
29 87 35
29 88 87
29 89 85
29 90 26
29 91 96
29 92 98
29 93 60
29 94 8
29 95 57
29 96 73
29 97 57
29 98 26
29 99 38
29 100 11
29 101 44
29 102 8
29 103 72
29 104 4
29 105 10
29 106 42
29 107 20
29 108 53
29 109 17
29 110 43
29 111 87
29 112 2
29 113 89
29 114 16
29 115 71
29 116 17
29 117 87
29 118 17
29 119 60
29 120 24
29 121 12
29 122 91
29 123 10
29 124 61
29 125 20
29 126 90
29 127 61
29 128 62
29 129 71
29 130 24
29 131 56
29 132 69
29 133 23
29 134 4
29 135 47
29 136 50
29 137 53
29 138 3
29 139 7
29 140 50
29 141 100
29 142 20
29 143 96
29 144 11
29 145 93
29 146 67
29 147 88
29 148 86
29 149 35
29 150 67
29 151 70
29 152 68
29 153 50
29 154 87
29 155 92
29 156 25
29 157 10
29 158 58
29 159 98
30 31 78
30 32 68
30 33 91
30 34 85
30 35 62
30 36 3
30 37 52
30 38 75
30 39 24
30 40 82
30 41 74
30 42 14
30 43 80
30 44 88
30 45 84
30 46 76
30 47 86
30 48 58
30 49 82
30 50 92
30 51 82
30 52 47
30 53 41
30 54 45
30 55 52
30 56 73
30 57 65
30 58 61
30 59 71
30 60 13
30 61 66
30 62 78
30 63 81
30 64 66
30 65 63
30 66 60
30 67 41
30 68 82
30 69 97
30 70 41
30 71 41
30 72 25
30 73 90
30 74 78
30 75 63
30 76 80
30 77 61
30 78 84
30 79 25
30 80 13
30 81 93
30 82 52
30 83 1
30 84 18
30 85 11
30 86 20
30 87 8
30 88 82
30 89 14
30 90 41
30 91 60
30 92 55
30 93 28
30 94 77
30 95 55
30 96 81
30 97 14
30 98 40
30 99 94
30 100 33
30 101 22
30 102 77
30 103 28
30 104 64
30 105 62
30 106 11
30 107 48
30 108 59
30 109 50
30 110 54
30 111 62
30 112 4
30 113 88
30 114 5
30 115 12
30 116 62
30 117 20
30 118 58
30 119 81
30 120 32
30 121 27
30 122 47
30 123 47
30 124 81
30 125 7
30 126 69
30 127 41
30 128 85
30 129 78
30 130 96
30 131 41
30 132 25
30 133 35
30 134 36
30 135 73
30 136 70
30 137 73
30 138 29
30 139 86
30 140 94
30 141 72
30 142 34
30 143 75
30 144 73
30 145 12
30 146 69
30 147 69
30 148 84
30 149 9
30 150 65
30 151 9
30 152 57
30 153 36
30 154 94
30 155 29
30 156 18
30 157 92
30 158 83
30 159 43
31 32 48
31 33 90
31 34 50
31 35 61
31 36 32
31 37 11
31 38 63
31 39 82
31 40 37
31 41 52
31 42 59
31 43 32
31 44 13
31 45 10
31 46 56
31 47 29
31 48 55
31 49 7
31 50 11
31 51 97
31 52 70
31 53 7
31 54 78
31 55 92
31 56 85
31 57 14
31 58 93
31 59 29
31 60 81
31 61 84
31 62 42
31 63 95
31 64 48
31 65 81
31 66 69
31 67 77
31 68 5
31 69 79
31 70 39
31 71 54
31 72 65
31 73 33
31 74 96
31 75 54
31 76 41
31 77 92
31 78 18
31 79 93
31 80 84
31 81 64
31 82 1
31 83 48
31 84 16
31 85 11
31 86 18
31 87 24
31 88 55
31 89 7
31 90 21
31 91 87
31 92 29
31 93 14
31 94 81
31 95 47
31 96 18
31 97 68
31 98 19
31 99 13
31 100 92
31 101 21
31 102 55
31 103 79
31 104 35
31 105 69
31 106 32
31 107 50
31 108 52
31 109 82
31 110 37
31 111 64
31 112 28
31 113 13
31 114 9
31 115 62
31 116 98
31 117 47
31 118 2
31 119 68
31 120 94
31 121 43
31 122 33
31 123 46
31 124 73
31 125 46
31 126 32
31 127 35
31 128 21
31 129 8
31 130 55
31 131 70
31 132 76
31 133 41
31 134 35
31 135 83
31 136 55
31 137 3
31 138 70
31 139 93
31 140 17
31 141 36
31 142 34
31 143 7
31 144 58
31 145 3
31 146 60
31 147 1
31 148 36
31 149 96
31 150 21
31 151 51
31 152 24
31 153 25
31 154 66
31 155 81
31 156 9
31 157 74
31 158 38
31 159 32
32 33 50
32 34 71
32 35 32
32 36 13
32 37 21
32 38 19
32 39 59
32 40 21
32 41 2
32 42 12
32 43 85
32 44 11
32 45 15
32 46 68
32 47 79
32 48 89
32 49 29
32 50 83
32 51 56
32 52 10
32 53 56
32 54 80
32 55 1
32 56 57
32 57 41
32 58 41
32 59 28
32 60 75
32 61 50
32 62 17
32 63 86
32 64 42
32 65 67
32 66 44
32 67 87
32 68 95
32 69 99
32 70 72
32 71 19
32 72 43
32 73 53
32 74 28
32 75 48
32 76 69
32 77 29
32 78 12
32 79 7
32 80 27
32 81 82
32 82 20
32 83 47
32 84 23
32 85 96
32 86 86
32 87 5
32 88 3
32 89 41
32 90 41
32 91 93
32 92 60
32 93 50
32 94 91
32 95 46
32 96 85
32 97 78
32 98 52
32 99 63
32 100 66
32 101 53
32 102 59
32 103 44
32 104 6
32 105 8
32 106 32
32 107 14
32 108 33
32 109 54
32 110 64
32 111 48
32 112 96
32 113 77
32 114 65
32 115 12
32 116 24
32 117 66
32 118 45
32 119 60
32 120 31
32 121 10
32 122 63
32 123 89
32 124 6
32 125 13
32 126 14
32 127 44
32 128 12
32 129 74
32 130 66
32 131 32
32 132 78
32 133 17
32 134 79
32 135 32
32 136 39
32 137 78
32 138 79
32 139 7
32 140 56
32 141 56
32 142 28
32 143 24
32 144 39
32 145 16
32 146 59
32 147 74
32 148 71
32 149 8
32 150 64
32 151 31
32 152 7
32 153 83
32 154 79
32 155 58
32 156 9
32 157 42
32 158 82
32 159 87
33 34 17
33 35 44
33 36 6
33 37 64
33 38 32
33 39 16
33 40 75
33 41 7
33 42 76
33 43 42
33 44 31
33 45 4
33 46 50
33 47 31
33 48 6
33 49 51
33 50 24
33 51 7
33 52 30
33 53 40
33 54 74
33 55 52
33 56 57
33 57 94
33 58 13
33 59 56
33 60 17
33 61 19
33 62 87
33 63 3
33 64 8
33 65 44
33 66 31
33 67 77
33 68 74
33 69 55
33 70 99
33 71 4
33 72 9
33 73 94
33 74 32
33 75 97
33 76 25
33 77 13
33 78 19
33 79 100
33 80 53
33 81 12
33 82 47
33 83 49
33 84 65
33 85 66
33 86 18
33 87 14
33 88 50
33 89 94
33 90 89
33 91 47
33 92 35
33 93 97
33 94 94
33 95 91
33 96 71
33 97 74
33 98 84
33 99 79
33 100 36
33 101 4
33 102 7
33 103 87
33 104 95
33 105 40
33 106 33
33 107 62
33 108 96
33 109 60
33 110 34
33 111 4
33 112 86
33 113 47
33 114 19
33 115 3
33 116 53
33 117 32
33 118 31
33 119 73
33 120 57
33 121 39
33 122 8
33 123 48
33 124 59
33 125 86
33 126 67
33 127 46
33 128 24
33 129 53
33 130 80
33 131 79
33 132 76
33 133 34
33 134 4
33 135 62
33 136 16
33 137 81
33 138 62
33 139 86
33 140 42
33 141 81
33 142 71
33 143 7
33 144 73
33 145 24
33 146 8
33 147 53
33 148 9
33 149 13
33 150 68
33 151 9
33 152 97
33 153 12
33 154 96
33 155 8
33 156 28
33 157 7
33 158 40
33 159 12
34 35 15
34 36 31
34 37 89
34 38 83
34 39 77
34 40 25
34 41 44
34 42 18
34 43 21
34 44 32
34 45 70
34 46 25
34 47 4
34 48 81
34 49 11
34 50 98
34 51 75
34 52 70
34 53 9
34 54 14
34 55 77
34 56 48
34 57 75
34 58 45
34 59 94
34 60 54
34 61 45
34 62 35
34 63 95
34 64 93
34 65 77
34 66 59
34 67 5
34 68 32
34 69 58
34 70 19
34 71 92
34 72 55
34 73 1
34 74 96
34 75 49
34 76 16
34 77 67
34 78 4
34 79 6
34 80 53
34 81 79
34 82 67
34 83 17
34 84 93
34 85 25
34 86 66
34 87 68
34 88 50
34 89 21
34 90 24
34 91 10
34 92 80
34 93 43
34 94 10
34 95 24
34 96 22
34 97 41
34 98 92
34 99 61
34 100 6
34 101 65
34 102 47
34 103 18
34 104 85
34 105 11
34 106 35
34 107 45
34 108 19
34 109 18
34 110 53
34 111 88
34 112 63
34 113 48
34 114 51
34 115 90
34 116 61
34 117 51
34 118 97
34 119 48
34 120 50
34 121 90
34 122 82
34 123 7
34 124 98
34 125 77
34 126 45
34 127 7
34 128 53
34 129 39
34 130 64
34 131 49
34 132 20
34 133 32
34 134 35
34 135 92
34 136 80
34 137 1
34 138 12
34 139 39
34 140 79
34 141 85
34 142 98
34 143 55
34 144 83
34 145 53
34 146 62
34 147 13
34 148 30
34 149 46
34 150 53
34 151 25
34 152 62
34 153 62
34 154 22
34 155 20
34 156 58
34 157 95
34 158 46
34 159 6
35 36 73
35 37 28
35 38 2
35 39 86
35 40 89
35 41 32
35 42 35
35 43 10
35 44 6
35 45 42
35 46 51
35 47 81
35 48 53
35 49 85
35 50 99
35 51 18
35 52 28
35 53 29
35 54 45
35 55 13
35 56 31
35 57 25
35 58 15
35 59 73
35 60 34
35 61 31
35 62 88
35 63 21
35 64 42
35 65 83
35 66 25
35 67 28
35 68 82
35 69 82
35 70 86
35 71 95
35 72 60
35 73 51
35 74 17
35 75 93
35 76 9
35 77 36
35 78 18
35 79 45
35 80 43
35 81 48
35 82 97
35 83 69
35 84 95
35 85 28
35 86 76
35 87 89
35 88 61
35 89 64
35 90 53
35 91 65
35 92 11
35 93 83
35 94 41
35 95 66
35 96 48
35 97 19
35 98 8
35 99 43
35 100 69
35 101 98
35 102 96
35 103 10
35 104 68
35 105 63
35 106 83
35 107 44
35 108 83
35 109 36
35 110 53
35 111 30
35 112 18
35 113 50
35 114 1
35 115 37
35 116 49
35 117 67
35 118 16
35 119 5
35 120 78
35 121 73
35 122 94
35 123 61
35 124 19
35 125 7
35 126 47
35 127 81
35 128 67
35 129 79
35 130 62
35 131 79
35 132 50
35 133 94
35 134 39
35 135 10
35 136 73
35 137 2
35 138 92
35 139 40
35 140 29
35 141 54
35 142 88
35 143 99
35 144 65
35 145 99
35 146 57
35 147 44
35 148 37
35 149 62
35 150 29
35 151 73
35 152 61
35 153 93
35 154 9
35 155 62
35 156 53
35 157 63
35 158 19
35 159 18
36 37 4
36 38 22
36 39 65
36 40 86
36 41 24
36 42 58
36 43 24
36 44 35
36 45 96
36 46 10
36 47 60
36 48 7
36 49 47
36 50 65
36 51 5
36 52 60
36 53 89
36 54 32
36 55 16
36 56 71
36 57 6
36 58 63
36 59 94
36 60 79
36 61 43
36 62 41
36 63 27
36 64 44
36 65 48
36 66 18
36 67 5
36 68 68
36 69 57
36 70 98
36 71 2
36 72 30
36 73 4
36 74 72
36 75 47
36 76 78
36 77 39
36 78 53
36 79 1
36 80 26
36 81 90
36 82 19
36 83 23
36 84 53
36 85 80
36 86 70
36 87 38
36 88 85
36 89 41
36 90 26
36 91 84
36 92 94
36 93 29
36 94 66
36 95 51
36 96 15
36 97 94
36 98 37
36 99 43
36 100 76
36 101 33
36 102 56
36 103 83
36 104 17
36 105 27
36 106 64
36 107 58
36 108 11
36 109 50
36 110 49
36 111 34
36 112 38
36 113 67
36 114 83
36 115 29
36 116 26
36 117 70
36 118 41
36 119 31
36 120 5
36 121 32
36 122 50
36 123 92
36 124 48
36 125 21
36 126 96
36 127 52
36 128 48
36 129 99
36 130 58
36 131 48
36 132 98
36 133 35
36 134 27
36 135 28
36 136 51
36 137 40
36 138 63
36 139 81
36 140 76
36 141 5
36 142 44
36 143 18
36 144 91
36 145 76
36 146 34
36 147 77
36 148 36
36 149 6
36 150 22
36 151 6
36 152 59
36 153 50
36 154 18
36 155 89
36 156 19
36 157 77
36 158 79
36 159 61
37 38 14
37 39 26
37 40 60
37 41 98
37 42 9
37 43 64
37 44 70
37 45 15
37 46 10
37 47 4
37 48 56
37 49 75
37 50 96
37 51 33
37 52 72
37 53 81
37 54 60
37 55 81
37 56 89
37 57 1
37 58 74
37 59 38
37 60 95
37 61 19
37 62 22
37 63 16
37 64 42
37 65 78
37 66 98
37 67 97
37 68 99
37 69 18
37 70 87
37 71 13
37 72 80
37 73 51
37 74 12
37 75 4
37 76 70
37 77 10
37 78 57
37 79 10
37 80 68
37 81 96
37 82 77
37 83 37
37 84 2
37 85 84
37 86 66
37 87 59
37 88 92
37 89 57
37 90 23
37 91 100
37 92 30
37 93 40
37 94 5
37 95 46
37 96 42
37 97 76
37 98 1
37 99 21
37 100 73
37 101 79
37 102 37
37 103 86
37 104 84
37 105 81
37 106 17
37 107 42
37 108 5
37 109 48
37 110 14
37 111 13
37 112 26
37 113 10
37 114 30
37 115 16
37 116 64
37 117 48
37 118 47
37 119 19
37 120 1
37 121 88
37 122 67
37 123 33
37 124 31
37 125 71
37 126 3
37 127 13
37 128 96
37 129 9
37 130 47
37 131 98
37 132 43
37 133 27
37 134 97
37 135 98
37 136 22
37 137 28
37 138 12
37 139 45
37 140 68
37 141 90
37 142 46
37 143 36
37 144 71
37 145 32
37 146 51
37 147 34
37 148 85
37 149 12
37 150 86
37 151 7
37 152 45
37 153 58
37 154 34
37 155 49
37 156 82
37 157 4
37 158 88
37 159 46
38 39 64
38 40 39
38 41 91
38 42 22
38 43 89
38 44 81
38 45 56
38 46 31
38 47 25
38 48 88
38 49 57
38 50 13
38 51 84
38 52 88
38 53 10
38 54 21
38 55 31
38 56 34
38 57 34
38 58 5
38 59 57
38 60 1
38 61 32
38 62 73
38 63 66
38 64 11
38 65 96
38 66 49
38 67 86
38 68 44
38 69 50
38 70 82
38 71 78
38 72 65
38 73 45
38 74 21
38 75 82
38 76 73
38 77 16
38 78 76
38 79 12
38 80 88
38 81 22
38 82 67
38 83 92
38 84 18
38 85 53
38 86 52
38 87 41
38 88 67
38 89 43
38 90 51
38 91 98
38 92 64
38 93 33
38 94 62
38 95 68
38 96 34
38 97 50
38 98 90
38 99 96
38 100 5
38 101 89
38 102 4
38 103 85
38 104 2
38 105 48
38 106 81
38 107 59
38 108 3
38 109 29
38 110 72
38 111 69
38 112 94
38 113 2
38 114 95
38 115 66
38 116 33
38 117 69
38 118 74
38 119 80
38 120 34
38 121 18
38 122 37
38 123 2
38 124 23
38 125 85
38 126 93
38 127 36
38 128 31
38 129 39
38 130 67
38 131 75
38 132 26
38 133 68
38 134 61
38 135 11
38 136 22
38 137 13
38 138 89
38 139 98
38 140 88
38 141 98
38 142 94
38 143 72
38 144 50
38 145 97
38 146 66
38 147 97
38 148 71
38 149 15
38 150 21
38 151 30
38 152 82
38 153 78
38 154 40
38 155 46
38 156 16
38 157 40
38 158 32
38 159 41
39 40 38
39 41 89
39 42 13
39 43 74
39 44 81
39 45 10
39 46 11
39 47 97
39 48 65
39 49 99
39 50 44
39 51 77
39 52 44
39 53 76
39 54 86
39 55 59
39 56 46
39 57 27
39 58 62
39 59 50
39 60 49
39 61 72
39 62 17
39 63 92
39 64 93
39 65 93
39 66 77
39 67 27
39 68 100
39 69 3
39 70 98
39 71 12
39 72 78
39 73 23
39 74 79
39 75 55
39 76 88
39 77 59
39 78 1
39 79 52
39 80 26
39 81 12
39 82 48
39 83 3
39 84 96
39 85 72
39 86 100
39 87 43
39 88 86
39 89 65
39 90 59
39 91 82
39 92 5
39 93 30
39 94 70
39 95 70
39 96 84
39 97 63
39 98 2
39 99 77
39 100 68
39 101 25
39 102 80
39 103 36
39 104 66
39 105 99
39 106 84
39 107 23
39 108 59
39 109 27
39 110 94
39 111 68
39 112 34
39 113 80
39 114 30
39 115 74
39 116 72
39 117 25
39 118 90
39 119 84
39 120 50
39 121 7
39 122 88
39 123 35
39 124 63
39 125 34
39 126 61
39 127 37
39 128 60
39 129 55
39 130 70
39 131 7
39 132 32
39 133 58
39 134 9
39 135 15
39 136 32
39 137 91
39 138 48
39 139 66
39 140 96
39 141 25
39 142 82
39 143 61
39 144 22
39 145 90
39 146 94
39 147 19
39 148 18
39 149 40
39 150 29
39 151 48
39 152 9
39 153 59
39 154 43
39 155 77
39 156 34
39 157 62
39 158 13
39 159 25
40 41 72
40 42 1
40 43 32
40 44 2
40 45 2
40 46 5
40 47 43
40 48 25
40 49 51
40 50 66
40 51 85
40 52 66
40 53 15
40 54 85
40 55 64
40 56 65
40 57 8
40 58 61
40 59 61
40 60 37
40 61 7
40 62 96
40 63 88
40 64 9
40 65 37
40 66 28
40 67 79
40 68 49
40 69 82
40 70 91
40 71 27
40 72 97
40 73 13
40 74 90
40 75 78
40 76 73
40 77 79
40 78 53
40 79 92
40 80 97
40 81 92
40 82 10
40 83 90
40 84 50
40 85 98
40 86 76
40 87 6
40 88 48
40 89 31
40 90 52
40 91 23
40 92 1
40 93 54
40 94 20
40 95 65
40 96 7
40 97 45
40 98 7
40 99 21
40 100 7
40 101 24
40 102 19
40 103 62
40 104 69
40 105 42
40 106 67
40 107 83
40 108 83
40 109 97
40 110 57
40 111 89
40 112 79
40 113 80
40 114 47
40 115 96
40 116 9
40 117 19
40 118 56
40 119 63
40 120 94
40 121 89
40 122 50
40 123 37
40 124 75
40 125 15
40 126 19
40 127 39
40 128 58
40 129 51
40 130 65
40 131 43
40 132 77
40 133 20
40 134 69
40 135 5
40 136 40
40 137 39
40 138 99
40 139 72
40 140 70
40 141 94
40 142 15
40 143 96
40 144 72
40 145 5
40 146 25
40 147 6
40 148 67
40 149 54
40 150 26
40 151 84
40 152 92
40 153 47
40 154 52
40 155 7
40 156 44
40 157 98
40 158 92
40 159 27
41 42 94
41 43 83
41 44 73
41 45 31
41 46 78
41 47 34
41 48 26
41 49 25
41 50 52
41 51 37
41 52 71
41 53 35
41 54 42
41 55 12
41 56 58
41 57 22
41 58 86
41 59 97
41 60 37
41 61 11
41 62 59
41 63 10
41 64 33
41 65 64
41 66 78
41 67 17
41 68 92
41 69 87
41 70 80
41 71 87
41 72 56
41 73 32
41 74 66
41 75 94
41 76 93
41 77 55
41 78 84
41 79 92
41 80 89
41 81 44
41 82 72
41 83 26
41 84 43
41 85 92
41 86 32
41 87 47
41 88 36
41 89 90
41 90 79
41 91 98
41 92 58
41 93 60
41 94 25
41 95 15
41 96 90
41 97 20
41 98 82
41 99 43
41 100 34
41 101 71
41 102 82
41 103 91
41 104 27
41 105 12
41 106 85
41 107 48
41 108 88
41 109 40
41 110 9
41 111 8
41 112 77
41 113 76
41 114 96
41 115 82
41 116 21
41 117 2
41 118 73
41 119 13
41 120 14
41 121 30
41 122 65
41 123 28
41 124 4
41 125 85
41 126 11
41 127 97
41 128 62
41 129 59
41 130 80
41 131 74
41 132 89
41 133 28
41 134 12
41 135 5
41 136 97
41 137 64
41 138 55
41 139 35
41 140 52
41 141 98
41 142 97
41 143 88
41 144 59
41 145 11
41 146 1
41 147 15
41 148 70
41 149 54
41 150 15
41 151 29
41 152 33
41 153 97
41 154 2
41 155 3
41 156 99
41 157 63
41 158 88
41 159 31
42 43 49
42 44 25
42 45 46
42 46 73
42 47 25
42 48 61
42 49 59
42 50 90
42 51 49
42 52 71
42 53 50
42 54 57
42 55 7
42 56 12
42 57 11
42 58 57
42 59 87
42 60 11
42 61 52
42 62 68
42 63 4
42 64 73
42 65 91
42 66 49
42 67 17
42 68 32
42 69 78
42 70 26
42 71 65
42 72 57
42 73 93
42 74 54
42 75 68
42 76 64
42 77 51
42 78 64
42 79 8
42 80 94
42 81 33
42 82 24
42 83 25
42 84 78
42 85 29
42 86 9
42 87 37
42 88 95
42 89 86
42 90 100
42 91 15
42 92 92
42 93 61
42 94 36
42 95 8
42 96 7
42 97 24
42 98 17
42 99 46
42 100 100
42 101 86
42 102 90
42 103 71
42 104 14
42 105 88
42 106 95
42 107 6
42 108 23
42 109 75
42 110 36
42 111 34
42 112 72
42 113 45
42 114 43
42 115 86
42 116 28
42 117 85
42 118 70
42 119 44
42 120 74
42 121 63
42 122 92
42 123 18
42 124 80
42 125 31
42 126 55
42 127 33
42 128 65
42 129 54
42 130 43
42 131 64
42 132 100
42 133 6
42 134 41
42 135 60
42 136 63
42 137 37
42 138 64
42 139 15
42 140 72
42 141 61
42 142 32
42 143 74
42 144 46
42 145 90
42 146 92
42 147 58
42 148 1
42 149 84
42 150 42
42 151 89
42 152 90
42 153 80
42 154 62
42 155 26
42 156 28
42 157 100
42 158 34
42 159 42
43 44 67
43 45 67
43 46 74
43 47 13
43 48 84
43 49 83
43 50 55
43 51 54
43 52 98
43 53 30
43 54 99
43 55 97
43 56 52
43 57 20
43 58 33
43 59 22
43 60 98
43 61 28
43 62 9
43 63 6
43 64 31
43 65 19
43 66 5
43 67 54
43 68 18
43 69 9
43 70 89
43 71 19
43 72 15
43 73 99
43 74 73
43 75 55
43 76 22
43 77 18
43 78 19
43 79 35
43 80 97
43 81 40
43 82 40
43 83 27
43 84 13
43 85 1
43 86 90
43 87 59
43 88 17
43 89 10
43 90 39
43 91 71
43 92 85
43 93 30
43 94 90
43 95 1
43 96 56
43 97 26
43 98 17
43 99 67
43 100 55
43 101 79
43 102 86
43 103 7
43 104 94
43 105 66
43 106 20
43 107 46
43 108 34
43 109 32
43 110 72
43 111 83
43 112 48
43 113 40
43 114 25
43 115 45
43 116 20
43 117 35
43 118 12
43 119 69
43 120 56
43 121 76
43 122 47
43 123 31
43 124 71
43 125 98
43 126 74
43 127 87
43 128 5
43 129 40
43 130 19
43 131 65
43 132 67
43 133 92
43 134 80
43 135 30
43 136 59
43 137 17
43 138 17
43 139 74
43 140 59
43 141 73
43 142 90
43 143 10
43 144 89
43 145 65
43 146 38
43 147 91
43 148 67
43 149 72
43 150 79
43 151 35
43 152 37
43 153 93
43 154 62
43 155 82
43 156 40
43 157 21
43 158 5
43 159 14
44 45 75
44 46 92
44 47 91
44 48 65
44 49 64
44 50 40
44 51 80
44 52 93
44 53 50
44 54 78
44 55 71
44 56 4
44 57 87
44 58 84
44 59 86
44 60 58
44 61 67
44 62 40
44 63 15
44 64 72
44 65 83
44 66 91
44 67 29
44 68 1
44 69 18
44 70 44
44 71 48
44 72 18
44 73 86
44 74 76
44 75 48
44 76 97
44 77 93
44 78 64
44 79 10
44 80 11
44 81 91
44 82 54
44 83 88
44 84 85
44 85 25
44 86 84
44 87 28
44 88 37
44 89 11
44 90 5
44 91 95
44 92 96
44 93 80
44 94 90
44 95 81
44 96 58
44 97 8
44 98 68
44 99 20
44 100 19
44 101 92
44 102 77
44 103 99
44 104 31
44 105 77
44 106 58
44 107 23
44 108 83
44 109 77
44 110 82
44 111 20
44 112 86
44 113 46
44 114 90
44 115 93
44 116 66
44 117 26
44 118 75
44 119 13
44 120 34
44 121 86
44 122 54
44 123 40
44 124 36
44 125 81
44 126 45
44 127 75
44 128 81
44 129 46
44 130 14
44 131 5
44 132 2
44 133 69
44 134 2
44 135 53
44 136 42
44 137 91
44 138 27
44 139 38
44 140 53
44 141 55
44 142 24
44 143 51
44 144 68
44 145 77
44 146 82
44 147 64
44 148 92
44 149 65
44 150 89
44 151 53
44 152 10
44 153 39
44 154 29
44 155 54
44 156 80
44 157 29
44 158 99
44 159 1
45 46 1
45 47 90
45 48 71
45 49 91
45 50 21
45 51 32
45 52 9
45 53 84
45 54 89
45 55 2
45 56 25
45 57 25
45 58 23
45 59 54
45 60 36
45 61 82
45 62 92
45 63 71
45 64 71
45 65 86
45 66 18
45 67 32
45 68 15
45 69 32
45 70 75
45 71 20
45 72 67
45 73 77
45 74 53
45 75 56
45 76 76
45 77 16
45 78 35
45 79 92
45 80 61
45 81 34
45 82 18
45 83 23
45 84 12
45 85 30
45 86 77
45 87 42
45 88 41
45 89 20
45 90 14
45 91 52
45 92 15
45 93 32
45 94 95
45 95 39
45 96 5
45 97 18
45 98 5
45 99 33
45 100 99
45 101 28
45 102 41
45 103 2
45 104 89
45 105 90
45 106 93
45 107 15
45 108 96
45 109 11
45 110 3
45 111 58
45 112 4
45 113 24
45 114 60
45 115 41
45 116 31
45 117 95
45 118 62
45 119 23
45 120 2
45 121 100
45 122 46
45 123 21
45 124 38
45 125 82
45 126 59
45 127 49
45 128 12
45 129 11
45 130 34
45 131 27
45 132 50
45 133 46
45 134 30
45 135 97
45 136 55
45 137 6
45 138 22
45 139 30
45 140 26
45 141 11
45 142 73
45 143 76
45 144 96
45 145 98
45 146 35
45 147 42
45 148 48
45 149 84
45 150 57
45 151 70
45 152 74
45 153 89
45 154 97
45 155 45
45 156 54
45 157 54
45 158 70
45 159 53
46 47 8
46 48 49
46 49 86
46 50 65
46 51 84
46 52 37
46 53 77
46 54 41
46 55 99
46 56 46
46 57 34
46 58 73
46 59 48
46 60 80
46 61 36
46 62 20
46 63 32
46 64 71
46 65 87
46 66 81
46 67 1
46 68 13
46 69 50
46 70 38
46 71 83
46 72 38
46 73 60
46 74 75
46 75 98
46 76 93
46 77 41
46 78 28
46 79 36
46 80 68
46 81 1
46 82 1
46 83 78
46 84 89
46 85 55
46 86 26
46 87 89
46 88 26
46 89 59
46 90 13
46 91 21
46 92 44
46 93 4
46 94 38
46 95 95
46 96 2
46 97 11
46 98 51
46 99 34
46 100 28
46 101 60
46 102 88
46 103 92
46 104 15
46 105 100
46 106 27
46 107 61
46 108 12
46 109 17
46 110 97
46 111 59
46 112 87
46 113 77
46 114 41
46 115 32
46 116 4
46 117 15
46 118 72
46 119 89
46 120 45
46 121 5
46 122 80
46 123 8
46 124 2
46 125 34
46 126 39
46 127 37
46 128 59
46 129 21
46 130 48
46 131 92
46 132 53
46 133 46
46 134 33
46 135 47
46 136 43
46 137 3
46 138 49
46 139 100
46 140 69
46 141 96
46 142 45
46 143 10
46 144 76
46 145 33
46 146 52
46 147 18
46 148 79
46 149 19
46 150 8
46 151 1
46 152 44
46 153 42
46 154 62
46 155 94
46 156 90
46 157 7
46 158 50
46 159 27
47 48 71
47 49 77
47 50 83
47 51 99
47 52 7
47 53 82
47 54 35
47 55 5
47 56 13
47 57 89
47 58 29
47 59 59
47 60 86
47 61 8
47 62 31
47 63 8
47 64 39
47 65 82
47 66 51
47 67 81
47 68 11
47 69 48
47 70 70
47 71 49
47 72 91
47 73 75
47 74 18
47 75 26
47 76 64
47 77 7
47 78 100
47 79 94
47 80 20
47 81 19
47 82 52
47 83 76
47 84 45
47 85 49
47 86 7
47 87 93
47 88 98
47 89 2
47 90 73
47 91 31
47 92 94
47 93 59
47 94 48
47 95 69
47 96 88
47 97 74
47 98 25
47 99 20
47 100 15
47 101 23
47 102 29
47 103 14
47 104 6
47 105 53
47 106 82
47 107 8
47 108 63
47 109 86
47 110 28
47 111 65
47 112 69
47 113 65
47 114 1
47 115 23
47 116 6
47 117 10
47 118 90
47 119 3
47 120 27
47 121 16
47 122 18
47 123 20
47 124 2
47 125 75
47 126 9
47 127 35
47 128 87
47 129 28
47 130 20
47 131 83
47 132 68
47 133 47
47 134 77
47 135 84
47 136 74
47 137 53
47 138 86
47 139 70
47 140 42
47 141 35
47 142 94
47 143 73
47 144 8
47 145 89
47 146 34
47 147 27
47 148 29
47 149 42
47 150 89
47 151 90
47 152 34
47 153 50
47 154 10
47 155 40
47 156 56
47 157 76
47 158 83
47 159 58
48 49 42
48 50 19
48 51 11
48 52 5
48 53 3
48 54 48
48 55 35
48 56 51
48 57 85
48 58 4
48 59 10
48 60 54
48 61 42
48 62 29
48 63 1
48 64 10
48 65 31
48 66 98
48 67 50
48 68 2
48 69 65
48 70 98
48 71 88
48 72 94
48 73 55
48 74 72
48 75 61
48 76 1
48 77 4
48 78 85
48 79 35
48 80 83
48 81 11
48 82 2
48 83 23
48 84 82
48 85 16
48 86 73
48 87 88
48 88 69
48 89 23
48 90 30
48 91 94
48 92 15
48 93 12
48 94 55
48 95 99
48 96 34
48 97 86
48 98 37
48 99 46
48 100 26
48 101 38
48 102 33
48 103 68
48 104 71
48 105 4
48 106 10
48 107 52
48 108 19
48 109 57
48 110 11
48 111 64
48 112 81
48 113 54
48 114 47
48 115 57
48 116 9
48 117 19
48 118 8
48 119 25
48 120 52
48 121 20
48 122 82
48 123 79
48 124 12
48 125 2
48 126 77
48 127 51
48 128 42
48 129 80
48 130 70
48 131 92
48 132 73
48 133 38
48 134 77
48 135 4
48 136 89
48 137 21
48 138 79
48 139 81
48 140 28
48 141 61
48 142 12
48 143 76
48 144 96
48 145 21
48 146 69
48 147 19
48 148 49
48 149 96
48 150 81
48 151 19
48 152 3
48 153 90
48 154 70
48 155 3
48 156 9
48 157 61
48 158 97
48 159 8
49 50 77
49 51 82
49 52 47
49 53 81
49 54 97
49 55 80
49 56 47
49 57 50
49 58 11
49 59 93
49 60 55
49 61 29
49 62 78
49 63 56
49 64 41
49 65 49
49 66 84
49 67 69
49 68 87
49 69 4
49 70 72
49 71 52
49 72 57
49 73 40
49 74 1
49 75 80
49 76 41
49 77 76
49 78 48
49 79 84
49 80 31
49 81 43
49 82 21
49 83 80
49 84 66
49 85 46
49 86 38
49 87 54
49 88 15
49 89 46
49 90 36
49 91 75
49 92 13
49 93 49
49 94 40
49 95 31
49 96 23
49 97 47
49 98 97
49 99 71
49 100 32
49 101 48
49 102 59
49 103 49
49 104 63
49 105 38
49 106 19
49 107 50
49 108 75
49 109 44
49 110 40
49 111 34
49 112 70
49 113 3
49 114 28
49 115 14
49 116 70
49 117 64
49 118 91
49 119 69
49 120 78
49 121 47
49 122 64
49 123 92
49 124 69
49 125 42
49 126 16
49 127 53
49 128 11
49 129 78
49 130 58
49 131 83
49 132 36
49 133 22
49 134 27
49 135 57
49 136 27
49 137 61
49 138 71
49 139 4
49 140 30
49 141 57
49 142 4
49 143 2
49 144 55
49 145 57
49 146 46
49 147 37
49 148 78
49 149 11
49 150 10
49 151 63
49 152 74
49 153 62
49 154 12
49 155 98
49 156 50
49 157 81
49 158 97
49 159 33
50 51 9
50 52 71
50 53 17
50 54 16
50 55 95
50 56 34
50 57 15
50 58 79
50 59 79
50 60 56
50 61 52
50 62 98
50 63 73
50 64 10
50 65 28
50 66 67
50 67 93
50 68 75
50 69 32
50 70 44
50 71 4
50 72 79
50 73 43
50 74 96
50 75 94
50 76 1
50 77 81
50 78 79
50 79 36
50 80 89
50 81 16
50 82 65
50 83 22
50 84 47
50 85 56
50 86 47
50 87 15
50 88 79
50 89 38
50 90 61
50 91 25
50 92 100
50 93 27
50 94 71
50 95 22
50 96 3
50 97 4
50 98 57
50 99 24
50 100 61
50 101 38
50 102 55
50 103 95
50 104 98
50 105 47
50 106 91
50 107 30
50 108 21
50 109 24
50 110 61
50 111 88
50 112 54
50 113 64
50 114 24
50 115 70
50 116 92
50 117 60
50 118 18
50 119 51
50 120 72
50 121 48
50 122 91
50 123 58
50 124 4
50 125 23
50 126 52
50 127 57
50 128 30
50 129 18
50 130 24
50 131 19
50 132 33
50 133 16
50 134 63
50 135 33
50 136 2
50 137 31
50 138 49
50 139 95
50 140 11
50 141 48
50 142 3
50 143 26
50 144 59
50 145 83
50 146 44
50 147 46
50 148 97
50 149 21
50 150 72
50 151 22
50 152 71
50 153 24
50 154 79
50 155 33
50 156 6
50 157 18
50 158 14
50 159 6
51 52 4
51 53 30
51 54 24
51 55 97
51 56 81
51 57 29
51 58 58
51 59 96
51 60 86
51 61 33
51 62 85
51 63 20
51 64 58
51 65 15
51 66 53
51 67 31
51 68 45
51 69 44
51 70 89
51 71 40
51 72 99
51 73 65
51 74 42
51 75 95
51 76 2
51 77 29
51 78 88
51 79 34
51 80 44
51 81 32
51 82 20
51 83 37
51 84 50
51 85 23
51 86 75
51 87 63
51 88 23
51 89 28
51 90 79
51 91 19
51 92 51
51 93 24
51 94 44
51 95 30
51 96 62
51 97 26
51 98 94
51 99 86
51 100 31
51 101 88
51 102 12
51 103 14
51 104 59
51 105 51
51 106 77
51 107 17
51 108 32
51 109 61
51 110 51
51 111 10
51 112 47
51 113 55
51 114 23
51 115 66
51 116 50
51 117 92
51 118 45
51 119 60
51 120 23
51 121 53
51 122 52
51 123 6
51 124 80
51 125 49
51 126 67
51 127 6
51 128 79
51 129 6
51 130 7
51 131 80
51 132 38
51 133 14
51 134 53
51 135 22
51 136 24
51 137 84
51 138 76
51 139 70
51 140 63
51 141 63
51 142 51
51 143 88
51 144 43
51 145 24
51 146 51
51 147 55
51 148 61
51 149 72
51 150 30
51 151 13
51 152 64
51 153 67
51 154 49
51 155 52
51 156 92
51 157 65
51 158 89
51 159 43
52 53 1
52 54 92
52 55 52
52 56 87
52 57 5
52 58 59
52 59 37
52 60 32
52 61 21
52 62 20
52 63 45
52 64 81
52 65 54
52 66 60
52 67 46
52 68 38
52 69 19
52 70 29
52 71 83
52 72 23
52 73 25
52 74 94
52 75 88
52 76 47
52 77 54
52 78 96
52 79 52
52 80 79
52 81 39
52 82 1
52 83 56
52 84 86
52 85 48
52 86 19
52 87 77
52 88 93
52 89 38
52 90 52
52 91 98
52 92 19
52 93 85
52 94 36
52 95 96
52 96 28
52 97 37
52 98 56
52 99 93
52 100 24
52 101 61
52 102 73
52 103 70
52 104 79
52 105 12
52 106 55
52 107 6
52 108 52
52 109 18
52 110 99
52 111 35
52 112 30
52 113 41
52 114 14
52 115 72
52 116 28
52 117 94
52 118 42
52 119 97
52 120 46
52 121 4
52 122 50
52 123 25
52 124 40
52 125 83
52 126 97
52 127 2
52 128 86
52 129 63
52 130 72
52 131 25
52 132 11
52 133 87
52 134 16
52 135 21
52 136 42
52 137 57
52 138 97
52 139 51
52 140 58
52 141 8
52 142 24
52 143 41
52 144 99
52 145 95
52 146 76
52 147 36
52 148 46
52 149 95
52 150 96
52 151 83
52 152 48
52 153 37
52 154 29
52 155 58
52 156 54
52 157 100
52 158 13
52 159 91
53 54 94
53 55 14
53 56 41
53 57 10
53 58 33
53 59 86
53 60 33
53 61 36
53 62 99
53 63 67
53 64 72
53 65 17
53 66 66
53 67 9
53 68 76
53 69 33
53 70 68
53 71 62
53 72 8
53 73 1
53 74 82
53 75 23
53 76 54
53 77 28
53 78 67
53 79 31
53 80 48
53 81 59
53 82 90
53 83 72
53 84 49
53 85 42
53 86 79
53 87 40
53 88 78
53 89 37
53 90 50
53 91 19
53 92 23
53 93 13
53 94 17
53 95 5
53 96 27
53 97 30
53 98 59
53 99 42
53 100 23
53 101 71
53 102 40
53 103 13
53 104 68
53 105 21
53 106 53
53 107 98
53 108 55
53 109 74
53 110 68
53 111 67
53 112 70
53 113 49
53 114 67
53 115 20
53 116 14
53 117 52
53 118 12
53 119 38
53 120 1
53 121 87
53 122 3
53 123 50
53 124 60
53 125 33
53 126 74
53 127 20
53 128 20
53 129 89
53 130 37
53 131 58
53 132 88
53 133 71
53 134 83
53 135 62
53 136 27
53 137 4
53 138 40
53 139 50
53 140 62
53 141 32
53 142 94
53 143 70
53 144 87
53 145 38
53 146 7
53 147 70
53 148 9
53 149 79
53 150 82
53 151 77
53 152 3
53 153 25
53 154 45
53 155 92
53 156 9
53 157 91
53 158 20
53 159 22
54 55 10
54 56 49
54 57 55
54 58 12
54 59 29
54 60 86
54 61 34
54 62 60
54 63 87
54 64 62
54 65 50
54 66 68
54 67 56
54 68 32
54 69 51
54 70 10
54 71 52
54 72 16
54 73 46
54 74 19
54 75 34
54 76 68
54 77 40
54 78 84
54 79 44
54 80 61
54 81 72
54 82 60
54 83 68
54 84 53
54 85 31
54 86 84
54 87 73
54 88 54
54 89 85
54 90 22
54 91 66
54 92 37
54 93 16
54 94 12
54 95 80
54 96 8
54 97 72
54 98 49
54 99 25
54 100 49
54 101 57
54 102 68
54 103 81
54 104 92
54 105 7
54 106 85
54 107 45
54 108 43
54 109 9
54 110 21
54 111 49
54 112 56
54 113 5
54 114 91
54 115 13
54 116 65
54 117 2
54 118 92
54 119 84
54 120 65
54 121 33
54 122 96
54 123 77
54 124 51
54 125 43
54 126 58
54 127 39
54 128 65
54 129 87
54 130 64
54 131 43
54 132 13
54 133 52
54 134 100
54 135 56
54 136 82
54 137 61
54 138 34
54 139 21
54 140 17
54 141 19
54 142 19
54 143 40
54 144 68
54 145 87
54 146 32
54 147 58
54 148 22
54 149 70
54 150 57
54 151 52
54 152 27
54 153 6
54 154 35
54 155 42
54 156 34
54 157 55
54 158 25
54 159 16
55 56 31
55 57 14
55 58 47
55 59 41
55 60 15
55 61 16
55 62 40
55 63 52
55 64 8
55 65 56
55 66 56
55 67 9
55 68 24
55 69 7
55 70 10
55 71 85
55 72 64
55 73 58
55 74 15
55 75 19
55 76 95
55 77 100
55 78 82
55 79 51
55 80 55
55 81 85
55 82 96
55 83 73
55 84 82
55 85 26
55 86 70
55 87 1
55 88 58
55 89 37
55 90 26
55 91 94
55 92 90
55 93 85
55 94 74
55 95 65
55 96 66
55 97 10
55 98 76
55 99 99
55 100 100
55 101 18
55 102 53
55 103 78
55 104 12
55 105 81
55 106 54
55 107 28
55 108 54
55 109 20
55 110 73
55 111 71
55 112 94
55 113 65
55 114 81
55 115 67
55 116 71
55 117 70
55 118 19
55 119 6
55 120 63
55 121 94
55 122 71
55 123 94
55 124 47
55 125 14
55 126 11
55 127 31
55 128 47
55 129 67
55 130 48
55 131 10
55 132 23
55 133 2
55 134 94
55 135 89
55 136 12
55 137 54
55 138 80
55 139 31
55 140 28
55 141 39
55 142 89
55 143 6
55 144 24
55 145 98
55 146 81
55 147 93
55 148 75
55 149 62
55 150 95
55 151 79
55 152 37
55 153 91
55 154 63
55 155 21
55 156 18
55 157 57
55 158 26
55 159 74
56 57 94
56 58 100
56 59 84
56 60 20
56 61 60
56 62 45
56 63 59
56 64 55
56 65 22
56 66 78
56 67 84
56 68 76
56 69 82
56 70 61
56 71 12
56 72 61
56 73 46
56 74 82
56 75 48
56 76 74
56 77 14
56 78 20
56 79 34
56 80 88
56 81 51
56 82 51
56 83 70
56 84 28
56 85 49
56 86 41
56 87 5
56 88 48
56 89 33
56 90 4
56 91 36
56 92 66
56 93 77
56 94 52
56 95 30
56 96 90
56 97 51
56 98 21
56 99 20
56 100 18
56 101 73
56 102 71
56 103 10
56 104 82
56 105 23
56 106 9
56 107 68
56 108 11
56 109 33
56 110 47
56 111 51
56 112 72
56 113 83
56 114 17
56 115 68
56 116 84
56 117 72
56 118 96
56 119 57
56 120 51
56 121 45
56 122 37
56 123 72
56 124 40
56 125 15
56 126 99
56 127 29
56 128 28
56 129 6
56 130 75
56 131 40
56 132 88
56 133 44
56 134 39
56 135 17
56 136 43
56 137 25
56 138 9
56 139 71
56 140 88
56 141 62
56 142 65
56 143 49
56 144 88
56 145 69
56 146 61
56 147 42
56 148 24
56 149 13
56 150 23
56 151 79
56 152 4
56 153 12
56 154 63
56 155 63
56 156 16
56 157 75
56 158 20
56 159 11
57 58 72
57 59 68
57 60 66
57 61 61
57 62 67
57 63 16
57 64 89
57 65 53
57 66 88
57 67 7
57 68 76
57 69 74
57 70 15
57 71 98
57 72 96
57 73 30
57 74 62
57 75 41
57 76 25
57 77 99
57 78 17
57 79 11
57 80 46
57 81 46
57 82 47
57 83 50
57 84 63
57 85 12
57 86 89
57 87 11
57 88 49
57 89 77
57 90 3
57 91 87
57 92 7
57 93 87
57 94 6
57 95 64
57 96 45
57 97 4
57 98 73
57 99 71
57 100 35
57 101 50
57 102 10
57 103 26
57 104 88
57 105 33
57 106 48
57 107 22
57 108 99
57 109 55
57 110 64
57 111 77
57 112 31
57 113 27
57 114 63
57 115 37
57 116 65
57 117 21
57 118 59
57 119 14
57 120 99
57 121 63
57 122 41
57 123 47
57 124 32
57 125 85
57 126 24
57 127 88
57 128 40
57 129 53
57 130 69
57 131 94
57 132 70
57 133 44
57 134 42
57 135 10
57 136 86
57 137 69
57 138 47
57 139 41
57 140 65
57 141 47
57 142 62
57 143 72
57 144 55
57 145 75
57 146 72
57 147 81
57 148 87
57 149 63
57 150 77
57 151 69
57 152 7
57 153 57
57 154 21
57 155 35
57 156 44
57 157 7
57 158 53
57 159 1
58 59 98
58 60 63
58 61 6
58 62 31
58 63 57
58 64 5
58 65 43
58 66 46
58 67 55
58 68 96
58 69 88
58 70 25
58 71 62
58 72 79
58 73 76
58 74 41
58 75 45
58 76 100
58 77 29
58 78 27
58 79 29
58 80 93
58 81 79
58 82 3
58 83 79
58 84 20
58 85 48
58 86 94
58 87 29
58 88 77
58 89 56
58 90 67
58 91 60
58 92 62
58 93 92
58 94 49
58 95 13
58 96 21
58 97 12
58 98 50
58 99 53
58 100 51
58 101 85
58 102 23
58 103 69
58 104 87
58 105 36
58 106 63
58 107 40
58 108 68
58 109 20
58 110 84
58 111 93
58 112 3
58 113 34
58 114 20
58 115 81
58 116 34
58 117 87
58 118 24
58 119 88
58 120 62
58 121 31
58 122 68
58 123 48
58 124 26
58 125 96
58 126 86
58 127 72
58 128 60
58 129 94
58 130 34
58 131 43
58 132 61
58 133 60
58 134 98
58 135 42
58 136 1
58 137 57
58 138 13
58 139 12
58 140 50
58 141 97
58 142 44
58 143 72
58 144 15
58 145 49
58 146 19
58 147 72
58 148 13
58 149 21
58 150 43
58 151 50
58 152 73
58 153 89
58 154 1
58 155 20
58 156 71
58 157 17
58 158 17
58 159 57
59 60 21
59 61 48
59 62 46
59 63 8
59 64 66
59 65 93
59 66 38
59 67 50
59 68 23
59 69 23
59 70 31
59 71 63
59 72 86
59 73 82
59 74 3
59 75 95
59 76 89
59 77 11
59 78 48
59 79 74
59 80 90
59 81 26
59 82 98
59 83 41
59 84 88
59 85 67
59 86 62
59 87 64
59 88 14
59 89 39
59 90 76
59 91 79
59 92 97
59 93 61
59 94 3
59 95 96
59 96 8
59 97 30
59 98 78
59 99 63
59 100 4
59 101 13
59 102 75
59 103 58
59 104 29
59 105 89
59 106 27
59 107 64
59 108 99
59 109 78
59 110 12
59 111 99
59 112 99
59 113 72
59 114 21
59 115 31
59 116 43
59 117 70
59 118 42
59 119 72
59 120 54
59 121 12
59 122 92
59 123 58
59 124 74
59 125 70
59 126 82
59 127 85
59 128 18
59 129 62
59 130 27
59 131 46
59 132 96
59 133 19
59 134 62
59 135 95
59 136 90
59 137 21
59 138 5
59 139 53
59 140 21
59 141 38
59 142 74
59 143 54
59 144 100
59 145 72
59 146 82
59 147 11
59 148 89
59 149 52
59 150 77
59 151 13
59 152 9
59 153 28
59 154 78
59 155 4
59 156 94
59 157 95
59 158 82
59 159 4
60 61 11
60 62 82
60 63 92
60 64 13
60 65 85
60 66 22
60 67 54
60 68 11
60 69 29
60 70 45
60 71 49
60 72 34
60 73 66
60 74 2
60 75 11
60 76 46
60 77 69
60 78 40
60 79 78
60 80 57
60 81 9
60 82 9
60 83 28
60 84 78
60 85 71
60 86 60
60 87 65
60 88 4
60 89 91
60 90 64
60 91 30
60 92 2
60 93 42
60 94 71
60 95 71
60 96 95
60 97 99
60 98 49
60 99 42
60 100 62
60 101 94
60 102 30
60 103 38
60 104 40
60 105 44
60 106 3
60 107 47
60 108 97
60 109 1
60 110 12
60 111 89
60 112 84
60 113 2
60 114 61
60 115 37
60 116 39
60 117 86
60 118 52
60 119 28
60 120 34
60 121 5
60 122 60
60 123 92
60 124 33
60 125 86
60 126 23
60 127 44
60 128 67
60 129 78
60 130 73
60 131 14
60 132 51
60 133 8
60 134 97
60 135 1
60 136 35
60 137 40
60 138 79
60 139 14
60 140 3
60 141 73
60 142 83
60 143 99
60 144 70
60 145 43
60 146 97
60 147 90
60 148 93
60 149 94
60 150 11
60 151 61
60 152 72
60 153 74
60 154 76
60 155 85
60 156 30
60 157 98
60 158 49
60 159 1
61 62 73
61 63 91
61 64 50
61 65 18
61 66 2
61 67 50
61 68 100
61 69 11
61 70 85
61 71 66
61 72 7
61 73 21
61 74 3
61 75 33
61 76 80
61 77 1
61 78 50
61 79 65
61 80 62
61 81 34
61 82 93
61 83 76
61 84 58
61 85 47
61 86 95
61 87 34
61 88 48
61 89 100
61 90 98
61 91 48
61 92 62
61 93 32
61 94 12
61 95 87
61 96 67
61 97 60
61 98 86
61 99 65
61 100 60
61 101 51
61 102 14
61 103 92
61 104 98
61 105 96
61 106 32
61 107 37
61 108 74
61 109 67
61 110 69
61 111 98
61 112 24
61 113 86
61 114 44
61 115 58
61 116 78
61 117 83
61 118 6
61 119 45
61 120 91
61 121 51
61 122 88
61 123 83
61 124 52
61 125 75
61 126 19
61 127 14
61 128 88
61 129 58
61 130 47
61 131 47
61 132 25
61 133 19
61 134 17
61 135 22
61 136 87
61 137 92
61 138 32
61 139 71
61 140 17
61 141 64
61 142 98
61 143 10
61 144 12
61 145 78
61 146 20
61 147 71
61 148 94
61 149 99
61 150 60
61 151 64
61 152 75
61 153 82
61 154 70
61 155 37
61 156 79
61 157 31
61 158 76
61 159 85
62 63 92
62 64 47
62 65 60
62 66 94
62 67 58
62 68 8
62 69 23
62 70 51
62 71 79
62 72 88
62 73 14
62 74 41
62 75 40
62 76 55
62 77 9
62 78 51
62 79 54
62 80 73
62 81 72
62 82 46
62 83 40
62 84 65
62 85 29
62 86 57
62 87 9
62 88 77
62 89 11
62 90 61
62 91 82
62 92 1
62 93 49
62 94 61
62 95 35
62 96 31
62 97 7
62 98 48
62 99 14
62 100 39
62 101 75
62 102 28
62 103 54
62 104 62
62 105 53
62 106 89
62 107 67
62 108 79
62 109 19
62 110 16
62 111 43
62 112 49
62 113 38
62 114 72
62 115 57
62 116 66
62 117 13
62 118 55
62 119 49
62 120 34
62 121 86
62 122 78
62 123 94
62 124 41
62 125 72
62 126 64
62 127 44
62 128 30
62 129 9
62 130 42
62 131 29
62 132 29
62 133 39
62 134 30
62 135 45
62 136 14
62 137 23
62 138 61
62 139 44
62 140 71
62 141 70
62 142 47
62 143 17
62 144 17
62 145 100
62 146 86
62 147 95
62 148 17
62 149 24
62 150 36
62 151 4
62 152 23
62 153 58
62 154 99
62 155 40
62 156 1
62 157 19
62 158 81
62 159 95
63 64 12
63 65 72
63 66 92
63 67 32
63 68 55
63 69 2
63 70 75
63 71 44
63 72 84
63 73 51
63 74 20
63 75 37
63 76 48
63 77 83
63 78 96
63 79 49
63 80 40
63 81 60
63 82 67
63 83 56
63 84 25
63 85 44
63 86 59
63 87 43
63 88 84
63 89 96
63 90 76
63 91 35
63 92 48
63 93 100
63 94 65
63 95 93
63 96 74
63 97 17
63 98 32
63 99 54
63 100 81
63 101 16
63 102 6
63 103 64
63 104 91
63 105 98
63 106 89
63 107 50
63 108 48
63 109 27
63 110 94
63 111 18
63 112 48
63 113 74
63 114 63
63 115 38
63 116 14
63 117 48
63 118 31
63 119 10
63 120 27
63 121 19
63 122 68
63 123 28
63 124 76
63 125 14
63 126 84
63 127 2
63 128 50
63 129 56
63 130 36
63 131 83
63 132 56
63 133 37
63 134 93
63 135 44
63 136 96
63 137 18
63 138 42
63 139 72
63 140 57
63 141 94
63 142 61
63 143 77
63 144 64
63 145 86
63 146 16
63 147 100
63 148 38
63 149 65
63 150 43
63 151 29
63 152 24
63 153 33
63 154 12
63 155 29
63 156 17
63 157 33
63 158 18
63 159 94
64 65 73
64 66 26
64 67 94
64 68 79
64 69 37
64 70 74
64 71 15
64 72 82
64 73 99
64 74 88
64 75 62
64 76 8
64 77 50
64 78 17
64 79 16
64 80 96
64 81 52
64 82 80
64 83 62
64 84 72
64 85 78
64 86 64
64 87 88
64 88 19
64 89 28
64 90 13
64 91 63
64 92 94
64 93 31
64 94 46
64 95 54
64 96 86
64 97 20
64 98 75
64 99 42
64 100 48
64 101 10
64 102 67
64 103 61
64 104 34
64 105 16
64 106 43
64 107 14
64 108 58
64 109 26
64 110 39
64 111 36
64 112 4
64 113 25
64 114 51
64 115 85
64 116 11
64 117 38
64 118 70
64 119 65
64 120 11
64 121 54
64 122 23
64 123 3
64 124 7
64 125 67
64 126 89
64 127 85
64 128 85
64 129 22
64 130 20
64 131 11
64 132 78
64 133 63
64 134 73
64 135 45
64 136 4
64 137 46
64 138 81
64 139 77
64 140 92
64 141 17
64 142 44
64 143 82
64 144 95
64 145 61
64 146 8
64 147 80
64 148 3
64 149 18
64 150 12
64 151 63
64 152 16
64 153 53
64 154 87
64 155 16
64 156 42
64 157 89
64 158 28
64 159 58
65 66 26
65 67 21
65 68 16
65 69 48
65 70 26
65 71 10
65 72 81
65 73 75
65 74 54
65 75 5
65 76 41
65 77 61
65 78 96
65 79 70
65 80 47
65 81 21
65 82 7
65 83 80
65 84 18
65 85 49
65 86 46
65 87 19
65 88 3
65 89 31
65 90 12
65 91 24
65 92 84
65 93 97
65 94 21
65 95 43
65 96 32
65 97 10
65 98 94
65 99 100
65 100 53
65 101 58
65 102 93
65 103 27
65 104 71
65 105 75
65 106 53
65 107 13
65 108 94
65 109 23
65 110 70
65 111 16
65 112 7
65 113 4
65 114 58
65 115 25
65 116 11
65 117 41
65 118 58
65 119 35
65 120 82
65 121 65
65 122 68
65 123 99
65 124 80
65 125 42
65 126 91
65 127 84
65 128 30
65 129 85
65 130 23
65 131 56
65 132 36
65 133 97
65 134 47
65 135 56
65 136 81
65 137 32
65 138 74
65 139 48
65 140 92
65 141 25
65 142 29
65 143 91
65 144 11
65 145 90
65 146 56
65 147 5
65 148 33
65 149 20
65 150 77
65 151 17
65 152 18
65 153 61
65 154 77
65 155 41
65 156 37
65 157 71
65 158 95
65 159 26
66 67 30
66 68 31
66 69 36
66 70 52
66 71 16
66 72 68
66 73 66
66 74 68
66 75 57
66 76 87
66 77 88
66 78 94
66 79 38
66 80 22
66 81 38
66 82 92
66 83 34
66 84 47
66 85 38
66 86 30
66 87 79
66 88 59
66 89 37
66 90 40
66 91 16
66 92 64
66 93 82
66 94 79
66 95 58
66 96 92
66 97 76
66 98 4
66 99 58
66 100 19
66 101 46
66 102 85
66 103 16
66 104 8
66 105 16
66 106 27
66 107 48
66 108 40
66 109 21
66 110 66
66 111 23
66 112 94
66 113 43
66 114 63
66 115 20
66 116 96
66 117 73
66 118 60
66 119 30
66 120 58
66 121 33
66 122 88
66 123 3
66 124 47
66 125 54
66 126 82
66 127 72
66 128 60
66 129 51
66 130 68
66 131 35
66 132 26
66 133 91
66 134 93
66 135 21
66 136 66
66 137 83
66 138 95
66 139 11
66 140 46
66 141 71
66 142 25
66 143 7
66 144 53
66 145 34
66 146 21
66 147 40
66 148 18
66 149 1
66 150 66
66 151 36
66 152 4
66 153 27
66 154 85
66 155 8
66 156 84
66 157 94
66 158 26
66 159 74
67 68 5
67 69 35
67 70 3
67 71 4
67 72 55
67 73 78
67 74 78
67 75 80
67 76 55
67 77 94
67 78 57
67 79 68
67 80 90
67 81 98
67 82 37
67 83 84
67 84 31
67 85 17
67 86 48
67 87 28
67 88 92
67 89 22
67 90 21
67 91 66
67 92 88
67 93 16
67 94 49
67 95 53
67 96 12
67 97 86
67 98 26
67 99 6
67 100 28
67 101 76
67 102 46
67 103 37
67 104 51
67 105 3
67 106 22
67 107 23
67 108 84
67 109 75
67 110 89
67 111 41
67 112 17
67 113 2
67 114 66
67 115 48
67 116 10
67 117 60
67 118 22
67 119 99
67 120 11
67 121 99
67 122 39
67 123 62
67 124 52
67 125 31
67 126 91
67 127 72
67 128 13
67 129 73
67 130 36
67 131 23
67 132 54
67 133 47
67 134 72
67 135 54
67 136 8
67 137 59
67 138 100
67 139 46
67 140 35
67 141 35
67 142 5
67 143 74
67 144 33
67 145 79
67 146 79
67 147 31
67 148 36
67 149 40
67 150 16
67 151 15
67 152 89
67 153 44
67 154 80
67 155 67
67 156 85
67 157 40
67 158 9
67 159 59
68 69 4
68 70 93
68 71 76
68 72 36
68 73 96
68 74 53
68 75 82
68 76 46
68 77 36
68 78 89
68 79 13
68 80 80
68 81 89
68 82 27
68 83 13
68 84 38
68 85 14
68 86 15
68 87 56
68 88 41
68 89 46
68 90 18
68 91 84
68 92 37
68 93 1
68 94 80
68 95 43
68 96 99
68 97 83
68 98 24
68 99 15
68 100 90
68 101 98
68 102 12
68 103 12
68 104 56
68 105 31
68 106 20
68 107 13
68 108 13
68 109 51
68 110 20
68 111 15
68 112 58
68 113 42
68 114 66
68 115 1
68 116 99
68 117 4
68 118 14
68 119 77
68 120 69
68 121 93
68 122 51
68 123 93
68 124 81
68 125 37
68 126 64
68 127 4
68 128 4
68 129 27
68 130 35
68 131 49
68 132 81
68 133 76
68 134 85
68 135 38
68 136 100
68 137 70
68 138 20
68 139 36
68 140 97
68 141 17
68 142 72
68 143 70
68 144 93
68 145 13
68 146 8
68 147 12
68 148 20
68 149 64
68 150 88
68 151 57
68 152 50
68 153 83
68 154 5
68 155 100
68 156 97
68 157 80
68 158 93
68 159 10
69 70 56
69 71 94
69 72 41
69 73 27
69 74 24
69 75 17
69 76 96
69 77 98
69 78 74
69 79 81
69 80 18
69 81 66
69 82 64
69 83 32
69 84 87
69 85 76
69 86 21
69 87 53
69 88 58
69 89 68
69 90 37
69 91 51
69 92 52
69 93 19
69 94 89
69 95 53
69 96 31
69 97 46
69 98 57
69 99 99
69 100 84
69 101 89
69 102 95
69 103 3
69 104 73
69 105 66
69 106 18
69 107 83
69 108 61
69 109 16
69 110 78
69 111 26
69 112 51
69 113 7
69 114 33
69 115 51
69 116 100
69 117 67
69 118 72
69 119 9
69 120 1
69 121 3
69 122 86
69 123 22
69 124 19
69 125 14
69 126 8
69 127 82
69 128 48
69 129 94
69 130 32
69 131 6
69 132 94
69 133 55
69 134 84
69 135 72
69 136 56
69 137 81
69 138 78
69 139 14
69 140 98
69 141 21
69 142 86
69 143 8
69 144 65
69 145 16
69 146 81
69 147 84
69 148 87
69 149 90
69 150 34
69 151 100
69 152 29
69 153 71
69 154 17
69 155 75
69 156 87
69 157 66
69 158 21
69 159 59
70 71 1
70 72 14
70 73 75
70 74 5
70 75 93
70 76 44
70 77 73
70 78 38
70 79 87
70 80 50
70 81 10
70 82 82
70 83 36
70 84 98
70 85 79
70 86 51
70 87 64
70 88 57
70 89 38
70 90 16
70 91 33
70 92 45
70 93 75
70 94 8
70 95 93
70 96 82
70 97 68
70 98 23
70 99 14
70 100 31
70 101 22
70 102 3
70 103 7
70 104 40
70 105 3
70 106 50
70 107 84
70 108 58
70 109 18
70 110 34
70 111 35
70 112 32
70 113 95
70 114 73
70 115 55
70 116 62
70 117 1
70 118 7
70 119 94
70 120 65
70 121 75
70 122 54
70 123 96
70 124 65
70 125 94
70 126 62
70 127 12
70 128 71
70 129 67
70 130 81
70 131 66
70 132 99
70 133 90
70 134 74
70 135 94
70 136 88
70 137 98
70 138 14
70 139 51
70 140 24
70 141 92
70 142 17
70 143 57
70 144 100
70 145 74
70 146 69
70 147 43
70 148 12
70 149 18
70 150 22
70 151 22
70 152 30
70 153 53
70 154 81
70 155 19
70 156 70
70 157 83
70 158 99
70 159 1
71 72 75
71 73 70
71 74 93
71 75 62
71 76 38
71 77 86
71 78 14
71 79 31
71 80 32
71 81 89
71 82 19
71 83 70
71 84 11
71 85 80
71 86 24
71 87 16
71 88 2
71 89 47
71 90 84
71 91 40
71 92 78
71 93 97
71 94 71
71 95 89
71 96 87
71 97 30
71 98 6
71 99 76
71 100 18
71 101 74
71 102 95
71 103 48
71 104 59
71 105 66
71 106 58
71 107 59
71 108 37
71 109 56
71 110 40
71 111 56
71 112 84
71 113 70
71 114 54
71 115 65
71 116 84
71 117 59
71 118 57
71 119 42
71 120 32
71 121 28
71 122 25
71 123 69
71 124 89
71 125 72
71 126 39
71 127 56
71 128 88
71 129 41
71 130 87
71 131 17
71 132 23
71 133 83
71 134 25
71 135 88
71 136 16
71 137 82
71 138 79
71 139 29
71 140 8
71 141 83
71 142 29
71 143 2
71 144 83
71 145 92
71 146 93
71 147 88
71 148 61
71 149 44
71 150 22
71 151 48
71 152 77
71 153 55
71 154 75
71 155 42
71 156 54
71 157 77
71 158 51
71 159 52
72 73 2
72 74 54
72 75 18
72 76 33
72 77 80
72 78 55
72 79 22
72 80 49
72 81 6
72 82 45
72 83 94
72 84 45
72 85 26
72 86 93
72 87 79
72 88 27
72 89 12
72 90 46
72 91 43
72 92 8
72 93 77
72 94 82
72 95 99
72 96 66
72 97 82
72 98 47
72 99 89
72 100 67
72 101 58
72 102 77
72 103 90
72 104 13
72 105 93
72 106 23
72 107 97
72 108 59
72 109 94
72 110 56
72 111 33
72 112 35
72 113 24
72 114 53
72 115 60
72 116 26
72 117 13
72 118 49
72 119 71
72 120 9
72 121 3
72 122 100
72 123 58
72 124 54
72 125 36
72 126 87
72 127 12
72 128 53
72 129 50
72 130 63
72 131 18
72 132 13
72 133 66
72 134 63
72 135 41
72 136 98
72 137 80
72 138 19
72 139 2
72 140 59
72 141 64
72 142 17
72 143 62
72 144 24
72 145 10
72 146 47
72 147 31
72 148 60
72 149 41
72 150 55
72 151 66
72 152 23
72 153 28
72 154 14
72 155 45
72 156 23
72 157 8
72 158 77
72 159 90
73 74 35
73 75 26
73 76 23
73 77 52
73 78 16
73 79 47
73 80 23
73 81 21
73 82 88
73 83 57
73 84 75
73 85 47
73 86 94
73 87 47
73 88 31
73 89 19
73 90 79
73 91 53
73 92 18
73 93 24
73 94 2
73 95 84
73 96 17
73 97 73
73 98 34
73 99 39
73 100 79
73 101 45
73 102 11
73 103 33
73 104 44
73 105 29
73 106 75
73 107 21
73 108 1
73 109 90
73 110 48
73 111 95
73 112 42
73 113 76
73 114 56
73 115 49
73 116 14
73 117 98
73 118 77
73 119 76
73 120 3
73 121 22
73 122 38
73 123 97
73 124 42
73 125 14
73 126 66
73 127 48
73 128 29
73 129 72
73 130 37
73 131 38
73 132 93
73 133 52
73 134 45
73 135 78
73 136 85
73 137 21
73 138 69
73 139 7
73 140 82
73 141 76
73 142 36
73 143 100
73 144 77
73 145 9
73 146 34
73 147 73
73 148 63
73 149 4
73 150 23
73 151 6
73 152 4
73 153 32
73 154 21
73 155 76
73 156 19
73 157 64
73 158 29
73 159 48
74 75 56
74 76 28
74 77 24
74 78 61
74 79 45
74 80 23
74 81 46
74 82 26
74 83 74
74 84 11
74 85 3
74 86 76
74 87 87
74 88 63
74 89 55
74 90 8
74 91 35
74 92 1
74 93 59
74 94 58
74 95 94
74 96 70
74 97 59
74 98 51
74 99 32
74 100 44
74 101 70
74 102 69
74 103 17
74 104 54
74 105 30
74 106 2
74 107 22
74 108 25
74 109 22
74 110 57
74 111 48
74 112 59
74 113 99
74 114 51
74 115 77
74 116 78
74 117 63
74 118 23
74 119 7
74 120 34
74 121 50
74 122 34
74 123 74
74 124 64
74 125 76
74 126 97
74 127 45
74 128 54
74 129 36
74 130 60
74 131 36
74 132 77
74 133 35
74 134 74
74 135 1
74 136 61
74 137 94
74 138 6
74 139 9
74 140 44
74 141 80
74 142 59
74 143 95
74 144 74
74 145 49
74 146 71
74 147 83
74 148 87
74 149 99
74 150 73
74 151 32
74 152 78
74 153 88
74 154 18
74 155 54
74 156 89
74 157 19
74 158 93
74 159 61
75 76 69
75 77 4
75 78 32
75 79 44
75 80 8
75 81 50
75 82 74
75 83 78
75 84 41
75 85 85
75 86 83
75 87 27
75 88 50
75 89 89
75 90 61
75 91 59
75 92 72
75 93 34
75 94 58
75 95 69
75 96 78
75 97 64
75 98 53
75 99 98
75 100 86
75 101 1
75 102 1
75 103 27
75 104 16
75 105 50
75 106 70
75 107 81
75 108 41
75 109 1
75 110 92
75 111 34
75 112 83
75 113 15
75 114 32
75 115 1
75 116 16
75 117 87
75 118 41
75 119 32
75 120 13
75 121 51
75 122 12
75 123 92
75 124 42
75 125 14
75 126 26
75 127 77
75 128 18
75 129 25
75 130 91
75 131 84
75 132 88
75 133 37
75 134 17
75 135 38
75 136 47
75 137 92
75 138 5
75 139 88
75 140 13
75 141 99
75 142 9
75 143 71
75 144 50
75 145 49
75 146 69
75 147 69
75 148 52
75 149 1
75 150 74
75 151 46
75 152 6
75 153 78
75 154 54
75 155 19
75 156 61
75 157 31
75 158 75
75 159 86
76 77 51
76 78 42
76 79 37
76 80 98
76 81 44
76 82 91
76 83 87
76 84 81
76 85 90
76 86 22
76 87 66
76 88 93
76 89 50
76 90 20
76 91 61
76 92 53
76 93 95
76 94 10
76 95 70
76 96 3
76 97 85
76 98 53
76 99 45
76 100 5
76 101 33
76 102 25
76 103 42
76 104 14
76 105 29
76 106 53
76 107 81
76 108 66
76 109 57
76 110 62
76 111 93
76 112 29
76 113 94
76 114 30
76 115 61
76 116 82
76 117 55
76 118 10
76 119 83
76 120 80
76 121 13
76 122 84
76 123 28
76 124 17
76 125 73
76 126 98
76 127 67
76 128 42
76 129 64
76 130 51
76 131 22
76 132 73
76 133 62
76 134 45
76 135 64
76 136 98
76 137 68
76 138 72
76 139 33
76 140 32
76 141 89
76 142 90
76 143 93
76 144 39
76 145 68
76 146 49
76 147 20
76 148 80
76 149 49
76 150 15
76 151 75
76 152 9
76 153 4
76 154 86
76 155 81
76 156 43
76 157 1
76 158 72
76 159 2
77 78 92
77 79 18
77 80 48
77 81 36
77 82 55
77 83 33
77 84 43
77 85 90
77 86 40
77 87 31
77 88 20
77 89 13
77 90 43
77 91 67
77 92 17
77 93 22
77 94 90
77 95 73
77 96 36
77 97 11
77 98 20
77 99 6
77 100 42
77 101 1
77 102 40
77 103 7
77 104 76
77 105 92
77 106 63
77 107 55
77 108 40
77 109 55
77 110 64
77 111 21
77 112 12
77 113 34
77 114 93
77 115 16
77 116 7
77 117 97
77 118 21
77 119 39
77 120 35
77 121 75
77 122 47
77 123 22
77 124 52
77 125 51
77 126 6
77 127 15
77 128 42
77 129 22
77 130 98
77 131 5
77 132 76
77 133 24
77 134 60
77 135 36
77 136 12
77 137 51
77 138 59
77 139 67
77 140 28
77 141 36
77 142 21
77 143 91
77 144 12
77 145 12
77 146 36
77 147 96
77 148 25
77 149 24
77 150 54
77 151 74
77 152 35
77 153 7
77 154 3
77 155 66
77 156 64
77 157 39
77 158 57
77 159 66
78 79 34
78 80 3
78 81 30
78 82 20
78 83 36
78 84 80
78 85 55
78 86 39
78 87 72
78 88 20
78 89 27
78 90 45
78 91 41
78 92 36
78 93 45
78 94 39
78 95 58
78 96 68
78 97 17
78 98 98
78 99 3
78 100 63
78 101 67
78 102 96
78 103 69
78 104 16
78 105 5
78 106 20
78 107 13
78 108 53
78 109 53
78 110 12
78 111 40
78 112 75
78 113 30
78 114 98
78 115 17
78 116 46
78 117 82
78 118 64
78 119 74
78 120 16
78 121 81
78 122 37
78 123 58
78 124 52
78 125 62
78 126 20
78 127 35
78 128 94
78 129 22
78 130 23
78 131 93
78 132 44
78 133 34
78 134 80
78 135 42
78 136 36
78 137 67
78 138 16
78 139 16
78 140 41
78 141 73
78 142 34
78 143 48
78 144 89
78 145 96
78 146 34
78 147 53
78 148 27
78 149 61
78 150 12
78 151 61
78 152 27
78 153 82
78 154 55
78 155 98
78 156 19
78 157 96
78 158 17
78 159 88
79 80 60
79 81 53
79 82 75
79 83 41
79 84 6
79 85 1
79 86 12
79 87 45
79 88 73
79 89 35
79 90 19
79 91 43
79 92 80
79 93 26
79 94 6
79 95 59
79 96 73
79 97 61
79 98 53
79 99 100
79 100 77
79 101 90
79 102 78
79 103 21
79 104 23
79 105 20
79 106 45
79 107 53
79 108 89
79 109 98
79 110 74
79 111 88
79 112 15
79 113 46
79 114 51
79 115 33
79 116 11
79 117 65
79 118 98
79 119 60
79 120 15
79 121 52
79 122 95
79 123 45
79 124 98
79 125 51
79 126 87
79 127 44
79 128 97
79 129 74
79 130 8
79 131 53
79 132 8
79 133 83
79 134 26
79 135 42
79 136 12
79 137 88
79 138 23
79 139 12
79 140 54
79 141 82
79 142 64
79 143 71
79 144 100
79 145 22
79 146 100
79 147 2
79 148 85
79 149 98
79 150 100
79 151 88
79 152 19
79 153 8
79 154 78
79 155 14
79 156 61
79 157 92
79 158 24
79 159 48
80 81 20
80 82 95
80 83 34
80 84 64
80 85 97
80 86 69
80 87 30
80 88 95
80 89 83
80 90 33
80 91 17
80 92 25
80 93 4
80 94 52
80 95 98
80 96 83
80 97 78
80 98 70
80 99 5
80 100 4
80 101 1
80 102 38
80 103 96
80 104 6
80 105 43
80 106 18
80 107 80
80 108 6
80 109 6
80 110 84
80 111 31
80 112 34
80 113 80
80 114 90
80 115 49
80 116 87
80 117 32
80 118 82
80 119 35
80 120 25
80 121 78
80 122 58
80 123 82
80 124 96
80 125 76
80 126 53
80 127 50
80 128 36
80 129 90
80 130 12
80 131 69
80 132 98
80 133 29
80 134 60
80 135 15
80 136 100
80 137 45
80 138 99
80 139 12
80 140 9
80 141 48
80 142 91
80 143 66
80 144 21
80 145 93
80 146 82
80 147 2
80 148 12
80 149 42
80 150 78
80 151 28
80 152 95
80 153 3
80 154 87
80 155 84
80 156 46
80 157 91
80 158 29
80 159 10
81 82 96
81 83 56
81 84 41
81 85 99
81 86 18
81 87 71
81 88 55
81 89 54
81 90 90
81 91 38
81 92 25
81 93 7
81 94 10
81 95 69
81 96 99
81 97 25
81 98 83
81 99 89
81 100 95
81 101 57
81 102 29
81 103 29
81 104 90
81 105 30
81 106 82
81 107 58
81 108 84
81 109 43
81 110 79
81 111 71
81 112 4
81 113 11
81 114 41
81 115 42
81 116 46
81 117 57
81 118 95
81 119 8
81 120 52
81 121 78
81 122 42
81 123 34
81 124 84
81 125 78
81 126 34
81 127 24
81 128 48
81 129 19
81 130 29
81 131 83
81 132 75
81 133 84
81 134 11
81 135 54
81 136 16
81 137 19
81 138 7
81 139 4
81 140 70
81 141 64
81 142 29
81 143 57
81 144 13
81 145 43
81 146 13
81 147 65
81 148 23
81 149 85
81 150 100
81 151 83
81 152 95
81 153 51
81 154 99
81 155 96
81 156 93
81 157 68
81 158 47
81 159 78
82 83 83
82 84 31
82 85 75
82 86 43
82 87 78
82 88 32
82 89 13
82 90 74
82 91 30
82 92 39
82 93 44
82 94 46
82 95 70
82 96 51
82 97 76
82 98 98
82 99 82
82 100 49
82 101 34
82 102 8
82 103 53
82 104 66
82 105 50
82 106 57
82 107 83
82 108 16
82 109 2
82 110 86
82 111 100
82 112 5
82 113 1
82 114 7
82 115 96
82 116 44
82 117 85
82 118 61
82 119 51
82 120 43
82 121 68
82 122 40
82 123 19
82 124 31
82 125 90
82 126 87
82 127 30
82 128 4
82 129 15
82 130 40
82 131 87
82 132 3
82 133 49
82 134 94
82 135 72
82 136 9
82 137 22
82 138 10
82 139 20
82 140 69
82 141 55
82 142 87
82 143 92
82 144 78
82 145 38
82 146 46
82 147 51
82 148 7
82 149 93
82 150 67
82 151 61
82 152 15
82 153 45
82 154 16
82 155 11
82 156 21
82 157 31
82 158 73
82 159 74
83 84 67
83 85 66
83 86 81
83 87 24
83 88 21
83 89 16
83 90 99
83 91 19
83 92 85
83 93 84
83 94 8
83 95 33
83 96 41
83 97 33
83 98 85
83 99 63
83 100 35
83 101 90
83 102 3
83 103 24
83 104 35
83 105 44
83 106 42
83 107 22
83 108 90
83 109 68
83 110 81
83 111 83
83 112 86
83 113 52
83 114 72
83 115 100
83 116 71
83 117 95
83 118 72
83 119 2
83 120 91
83 121 44
83 122 62
83 123 16
83 124 39
83 125 68
83 126 7
83 127 43
83 128 48
83 129 98
83 130 91
83 131 94
83 132 48
83 133 76
83 134 100
83 135 72
83 136 72
83 137 66
83 138 42
83 139 43
83 140 76
83 141 51
83 142 19
83 143 78
83 144 26
83 145 77
83 146 76
83 147 18
83 148 68
83 149 2
83 150 79
83 151 6
83 152 79
83 153 75
83 154 68
83 155 25
83 156 7
83 157 80
83 158 29
83 159 5
84 85 64
84 86 26
84 87 65
84 88 39
84 89 67
84 90 53
84 91 40
84 92 56
84 93 57
84 94 68
84 95 16
84 96 14
84 97 50
84 98 72
84 99 77
84 100 54
84 101 14
84 102 71
84 103 79
84 104 93
84 105 22
84 106 30
84 107 96
84 108 31
84 109 64
84 110 52
84 111 81
84 112 97
84 113 69
84 114 24
84 115 52
84 116 100
84 117 36
84 118 100
84 119 52
84 120 21
84 121 72
84 122 41
84 123 94
84 124 61
84 125 3
84 126 90
84 127 97
84 128 19
84 129 88
84 130 100
84 131 96
84 132 66
84 133 85
84 134 46
84 135 68
84 136 62
84 137 90
84 138 72
84 139 59
84 140 76
84 141 94
84 142 84
84 143 54
84 144 62
84 145 5
84 146 17
84 147 48
84 148 51
84 149 36
84 150 29
84 151 17
84 152 43
84 153 85
84 154 53
84 155 81
84 156 72
84 157 13
84 158 41
84 159 40
85 86 82
85 87 63
85 88 36
85 89 29
85 90 41
85 91 51
85 92 31
85 93 84
85 94 35
85 95 18
85 96 2
85 97 61
85 98 43
85 99 96
85 100 67
85 101 7
85 102 64
85 103 35
85 104 44
85 105 34
85 106 12
85 107 59
85 108 79
85 109 6
85 110 50
85 111 35
85 112 10
85 113 65
85 114 45
85 115 51
85 116 8
85 117 82
85 118 28
85 119 47
85 120 96
85 121 69
85 122 6
85 123 4
85 124 48
85 125 8
85 126 43
85 127 43
85 128 33
85 129 46
85 130 43
85 131 81
85 132 66
85 133 81
85 134 100
85 135 76
85 136 58
85 137 29
85 138 54
85 139 37
85 140 7
85 141 45
85 142 23
85 143 38
85 144 34
85 145 61
85 146 64
85 147 77
85 148 34
85 149 60
85 150 70
85 151 22
85 152 6
85 153 59
85 154 70
85 155 57
85 156 21
85 157 31
85 158 33
85 159 27
86 87 85
86 88 38
86 89 24
86 90 45
86 91 11
86 92 62
86 93 31
86 94 12
86 95 34
86 96 53
86 97 45
86 98 96
86 99 21
86 100 57
86 101 66
86 102 100
86 103 21
86 104 96
86 105 63
86 106 76
86 107 62
86 108 33
86 109 68
86 110 32
86 111 94
86 112 21
86 113 97
86 114 40
86 115 11
86 116 13
86 117 35
86 118 84
86 119 62
86 120 78
86 121 32
86 122 57
86 123 11
86 124 5
86 125 53
86 126 88
86 127 93
86 128 90
86 129 30
86 130 15
86 131 50
86 132 87
86 133 39
86 134 23
86 135 42
86 136 45
86 137 34
86 138 85
86 139 1
86 140 27
86 141 18
86 142 69
86 143 82
86 144 40
86 145 66
86 146 39
86 147 96
86 148 13
86 149 85
86 150 82
86 151 53
86 152 80
86 153 45
86 154 49
86 155 92
86 156 52
86 157 75
86 158 94
86 159 27
87 88 90
87 89 57
87 90 32
87 91 98
87 92 99
87 93 80
87 94 90
87 95 30
87 96 7
87 97 75
87 98 98
87 99 26
87 100 72
87 101 81
87 102 3
87 103 96
87 104 33
87 105 52
87 106 42
87 107 79
87 108 4
87 109 68
87 110 97
87 111 67
87 112 11
87 113 77
87 114 34
87 115 47
87 116 48
87 117 13
87 118 47
87 119 25
87 120 25
87 121 79
87 122 79
87 123 71
87 124 81
87 125 87
87 126 36
87 127 85
87 128 19
87 129 87
87 130 29
87 131 30
87 132 24
87 133 61
87 134 91
87 135 20
87 136 38
87 137 68
87 138 27
87 139 24
87 140 63
87 141 16
87 142 45
87 143 36
87 144 3
87 145 42
87 146 99
87 147 45
87 148 38
87 149 12
87 150 53
87 151 1
87 152 94
87 153 68
87 154 27
87 155 66
87 156 55
87 157 23
87 158 2
87 159 1
88 89 23
88 90 60
88 91 27
88 92 67
88 93 8
88 94 46
88 95 12
88 96 77
88 97 41
88 98 22
88 99 11
88 100 79
88 101 86
88 102 17
88 103 20
88 104 7
88 105 41
88 106 96
88 107 43
88 108 56
88 109 75
88 110 2
88 111 52
88 112 98
88 113 76
88 114 93
88 115 57
88 116 11
88 117 69
88 118 31
88 119 31
88 120 60
88 121 92
88 122 32
88 123 16
88 124 28
88 125 66
88 126 17
88 127 28
88 128 47
88 129 96
88 130 69
88 131 89
88 132 55
88 133 23
88 134 49
88 135 41
88 136 41
88 137 85
88 138 92
88 139 100
88 140 57
88 141 54
88 142 87
88 143 52
88 144 23
88 145 3
88 146 23
88 147 87
88 148 29
88 149 13
88 150 46
88 151 86
88 152 65
88 153 41
88 154 79
88 155 74
88 156 29
88 157 79
88 158 22
88 159 88
89 90 98
89 91 33
89 92 1
89 93 10
89 94 25
89 95 47
89 96 65
89 97 99
89 98 73
89 99 83
89 100 82
89 101 64
89 102 65
89 103 54
89 104 21
89 105 29
89 106 57
89 107 79
89 108 39
89 109 54
89 110 98
89 111 60
89 112 61
89 113 54
89 114 63
89 115 57
89 116 99
89 117 59
89 118 81
89 119 70
89 120 25
89 121 72
89 122 31
89 123 70
89 124 13
89 125 70
89 126 41
89 127 44
89 128 99
89 129 61
89 130 60
89 131 45
89 132 76
89 133 65
89 134 40
89 135 87
89 136 87
89 137 93
89 138 38
89 139 32
89 140 90
89 141 78
89 142 27
89 143 88
89 144 99
89 145 42
89 146 95
89 147 53
89 148 25
89 149 79
89 150 29
89 151 73
89 152 49
89 153 33
89 154 85
89 155 53
89 156 65
89 157 69
89 158 71
89 159 9
90 91 27
90 92 29
90 93 25
90 94 58
90 95 75
90 96 12
90 97 89
90 98 85
90 99 56
90 100 50
90 101 38
90 102 24
90 103 26
90 104 67
90 105 29
90 106 5
90 107 56
90 108 59
90 109 54
90 110 26
90 111 22
90 112 54
90 113 1
90 114 82
90 115 36
90 116 37
90 117 98
90 118 53
90 119 50
90 120 95
90 121 71
90 122 12
90 123 28
90 124 45
90 125 100
90 126 36
90 127 89
90 128 61
90 129 66
90 130 42
90 131 77
90 132 22
90 133 41
90 134 20
90 135 59
90 136 78
90 137 65
90 138 39
90 139 89
90 140 67
90 141 32
90 142 15
90 143 100
90 144 69
90 145 30
90 146 35
90 147 50
90 148 76
90 149 66
90 150 72
90 151 96
90 152 67
90 153 28
90 154 32
90 155 72
90 156 52
90 157 42
90 158 92
90 159 50
91 92 59
91 93 73
91 94 25
91 95 82
91 96 27
91 97 34
91 98 21
91 99 68
91 100 56
91 101 78
91 102 12
91 103 61
91 104 47
91 105 100
91 106 70
91 107 47
91 108 51
91 109 57
91 110 63
91 111 94
91 112 55
91 113 20
91 114 27
91 115 67
91 116 66
91 117 22
91 118 40
91 119 29
91 120 58
91 121 52
91 122 86
91 123 14
91 124 8
91 125 57
91 126 83
91 127 27
91 128 44
91 129 35
91 130 93
91 131 99
91 132 35
91 133 75
91 134 70
91 135 46
91 136 52
91 137 89
91 138 5
91 139 63
91 140 91
91 141 34
91 142 80
91 143 6
91 144 36
91 145 86
91 146 56
91 147 88
91 148 1
91 149 73
91 150 40
91 151 95
91 152 18
91 153 84
91 154 4
91 155 40
91 156 16
91 157 94
91 158 41
91 159 10
92 93 38
92 94 47
92 95 34
92 96 63
92 97 32
92 98 15
92 99 4
92 100 39
92 101 92
92 102 44
92 103 23
92 104 47
92 105 40
92 106 24
92 107 32
92 108 76
92 109 47
92 110 42
92 111 19
92 112 47
92 113 55
92 114 83
92 115 31
92 116 94
92 117 16
92 118 73
92 119 28
92 120 56
92 121 31
92 122 61
92 123 5
92 124 77
92 125 27
92 126 22
92 127 3
92 128 75
92 129 87
92 130 21
92 131 27
92 132 99
92 133 60
92 134 88
92 135 26
92 136 35
92 137 67
92 138 8
92 139 57
92 140 39
92 141 51
92 142 60
92 143 7
92 144 47
92 145 43
92 146 48
92 147 61
92 148 52
92 149 97
92 150 86
92 151 84
92 152 79
92 153 70
92 154 100
92 155 35
92 156 35
92 157 27
92 158 88
92 159 77
93 94 7
93 95 84
93 96 47
93 97 68
93 98 95
93 99 44
93 100 61
93 101 4
93 102 16
93 103 52
93 104 33
93 105 49
93 106 73
93 107 82
93 108 71
93 109 24
93 110 54
93 111 65
93 112 37
93 113 46
93 114 26
93 115 20
93 116 95
93 117 48
93 118 62
93 119 58
93 120 7
93 121 39
93 122 56
93 123 95
93 124 29
93 125 16
93 126 78
93 127 89
93 128 62
93 129 22
93 130 11
93 131 8
93 132 73
93 133 6
93 134 56
93 135 10
93 136 2
93 137 82
93 138 62
93 139 81
93 140 43
93 141 33
93 142 95
93 143 44
93 144 25
93 145 62
93 146 89
93 147 37
93 148 37
93 149 68
93 150 43
93 151 99
93 152 100
93 153 47
93 154 12
93 155 46
93 156 88
93 157 48
93 158 89
93 159 40
94 95 75
94 96 32
94 97 12
94 98 3
94 99 25
94 100 42
94 101 98
94 102 37
94 103 48
94 104 86
94 105 13
94 106 43
94 107 83
94 108 13
94 109 33
94 110 11
94 111 18
94 112 18
94 113 37
94 114 10
94 115 78
94 116 64
94 117 57
94 118 63
94 119 47
94 120 90
94 121 9
94 122 85
94 123 22
94 124 60
94 125 62
94 126 45
94 127 45
94 128 52
94 129 23
94 130 94
94 131 84
94 132 3
94 133 33
94 134 19
94 135 60
94 136 42
94 137 40
94 138 35
94 139 3
94 140 22
94 141 36
94 142 35
94 143 90
94 144 72
94 145 17
94 146 39
94 147 68
94 148 27
94 149 36
94 150 42
94 151 93
94 152 84
94 153 82
94 154 91
94 155 51
94 156 55
94 157 79
94 158 46
94 159 16
95 96 94
95 97 31
95 98 85
95 99 60
95 100 99
95 101 78
95 102 38
95 103 41
95 104 62
95 105 63
95 106 81
95 107 35
95 108 50
95 109 6
95 110 22
95 111 2
95 112 12
95 113 17
95 114 85
95 115 32
95 116 84
95 117 34
95 118 78
95 119 53
95 120 23
95 121 59
95 122 2
95 123 69
95 124 25
95 125 1
95 126 88
95 127 53
95 128 49
95 129 92
95 130 34
95 131 92
95 132 91
95 133 91
95 134 100
95 135 40
95 136 43
95 137 99
95 138 8
95 139 55
95 140 36
95 141 73
95 142 49
95 143 100
95 144 39
95 145 98
95 146 7
95 147 2
95 148 46
95 149 44
95 150 42
95 151 87
95 152 53
95 153 44
95 154 45
95 155 80
95 156 23
95 157 86
95 158 38
95 159 16
96 97 84
96 98 68
96 99 93
96 100 48
96 101 61
96 102 79
96 103 43
96 104 10
96 105 66
96 106 21
96 107 9
96 108 44
96 109 64
96 110 14
96 111 45
96 112 3
96 113 53
96 114 79
96 115 79
96 116 35
96 117 62
96 118 37
96 119 92
96 120 90
96 121 30
96 122 99
96 123 1
96 124 9
96 125 66
96 126 72
96 127 2
96 128 52
96 129 57
96 130 94
96 131 44
96 132 1
96 133 42
96 134 97
96 135 6
96 136 60
96 137 28
96 138 55
96 139 28
96 140 19
96 141 34
96 142 34
96 143 87
96 144 41
96 145 59
96 146 61
96 147 63
96 148 82
96 149 87
96 150 33
96 151 45
96 152 41
96 153 32
96 154 29
96 155 34
96 156 78
96 157 77
96 158 61
96 159 45
97 98 71
97 99 34
97 100 6
97 101 94
97 102 42
97 103 47
97 104 62
97 105 32
97 106 61
97 107 23
97 108 30
97 109 2
97 110 83
97 111 16
97 112 74
97 113 49
97 114 88
97 115 42
97 116 23
97 117 64
97 118 51
97 119 18
97 120 38
97 121 42
97 122 88
97 123 3
97 124 68
97 125 49
97 126 4
97 127 18
97 128 72
97 129 12
97 130 75
97 131 41
97 132 53
97 133 61
97 134 39
97 135 13
97 136 49
97 137 86
97 138 40
97 139 100
97 140 51
97 141 30
97 142 58
97 143 10
97 144 18
97 145 80
97 146 38
97 147 83
97 148 31
97 149 14
97 150 41
97 151 25
97 152 26
97 153 91
97 154 60
97 155 69
97 156 85
97 157 39
97 158 93
97 159 37
98 99 81
98 100 41
98 101 89
98 102 45
98 103 6
98 104 86
98 105 18
98 106 64
98 107 17
98 108 4
98 109 21
98 110 45
98 111 16
98 112 48
98 113 47
98 114 90
98 115 77
98 116 28
98 117 80
98 118 59
98 119 82
98 120 95
98 121 61
98 122 13
98 123 60
98 124 71
98 125 67
98 126 99
98 127 17
98 128 56
98 129 36
98 130 2
98 131 43
98 132 4
98 133 12
98 134 62
98 135 73
98 136 5
98 137 12
98 138 56
98 139 42
98 140 100
98 141 89
98 142 54
98 143 60
98 144 26
98 145 26
98 146 13
98 147 35
98 148 76
98 149 83
98 150 24
98 151 55
98 152 41
98 153 88
98 154 81
98 155 2
98 156 100
98 157 43
98 158 80
98 159 66
99 100 90
99 101 89
99 102 37
99 103 33
99 104 17
99 105 24
99 106 31
99 107 60
99 108 21
99 109 81
99 110 38
99 111 76
99 112 1
99 113 47
99 114 36
99 115 11
99 116 66
99 117 55
99 118 17
99 119 8
99 120 40
99 121 73
99 122 90
99 123 45
99 124 26
99 125 86
99 126 5
99 127 23
99 128 17
99 129 90
99 130 71
99 131 100
99 132 8
99 133 55
99 134 20
99 135 70
99 136 80
99 137 71
99 138 5
99 139 33
99 140 93
99 141 85
99 142 84
99 143 58
99 144 3
99 145 44
99 146 73
99 147 39
99 148 23
99 149 7
99 150 2
99 151 90
99 152 48
99 153 38
99 154 14
99 155 5
99 156 80
99 157 74
99 158 74
99 159 43
100 101 7
100 102 92
100 103 24
100 104 73
100 105 84
100 106 99
100 107 19
100 108 73
100 109 60
100 110 39
100 111 48
100 112 26
100 113 77
100 114 48
100 115 15
100 116 34
100 117 99
100 118 81
100 119 4
100 120 94
100 121 17
100 122 50
100 123 43
100 124 70
100 125 57
100 126 44
100 127 93
100 128 27
100 129 38
100 130 13
100 131 65
100 132 14
100 133 41
100 134 87
100 135 7
100 136 9
100 137 100
100 138 87
100 139 43
100 140 20
100 141 5
100 142 20
100 143 78
100 144 22
100 145 18
100 146 79
100 147 85
100 148 28
100 149 99
100 150 24
100 151 31
100 152 62
100 153 31
100 154 40
100 155 61
100 156 72
100 157 22
100 158 58
100 159 81
101 102 39
101 103 71
101 104 55
101 105 90
101 106 19
101 107 3
101 108 54
101 109 35
101 110 62
101 111 10
101 112 78
101 113 13
101 114 16
101 115 29
101 116 54
101 117 51
101 118 12
101 119 94
101 120 33
101 121 68
101 122 12
101 123 6
101 124 85
101 125 29
101 126 89
101 127 74
101 128 45
101 129 92
101 130 6
101 131 87
101 132 18
101 133 46
101 134 3
101 135 10
101 136 68
101 137 56
101 138 80
101 139 18
101 140 51
101 141 54
101 142 51
101 143 94
101 144 69
101 145 2
101 146 33
101 147 21
101 148 29
101 149 88
101 150 23
101 151 9
101 152 84
101 153 67
101 154 79
101 155 60
101 156 60
101 157 78
101 158 46
101 159 73
102 103 35
102 104 92
102 105 28
102 106 6
102 107 25
102 108 53
102 109 89
102 110 62
102 111 29
102 112 79
102 113 74
102 114 9
102 115 3
102 116 7
102 117 55
102 118 14
102 119 93
102 120 77
102 121 31
102 122 72
102 123 32
102 124 26
102 125 98
102 126 59
102 127 17
102 128 33
102 129 29
102 130 2
102 131 39
102 132 88
102 133 95
102 134 7
102 135 70
102 136 94
102 137 72
102 138 83
102 139 96
102 140 42
102 141 7
102 142 81
102 143 73
102 144 15
102 145 27
102 146 95
102 147 83
102 148 63
102 149 91
102 150 79
102 151 10
102 152 84
102 153 43
102 154 59
102 155 95
102 156 85
102 157 34
102 158 79
102 159 83
103 104 13
103 105 49
103 106 18
103 107 40
103 108 41
103 109 29
103 110 94
103 111 100
103 112 7
103 113 57
103 114 69
103 115 10
103 116 67
103 117 67
103 118 25
103 119 36
103 120 37
103 121 7
103 122 43
103 123 52
103 124 92
103 125 84
103 126 28
103 127 81
103 128 3
103 129 27
103 130 71
103 131 72
103 132 37
103 133 96
103 134 91
103 135 50
103 136 32
103 137 44
103 138 79
103 139 33
103 140 8
103 141 98
103 142 57
103 143 34
103 144 48
103 145 20
103 146 42
103 147 58
103 148 84
103 149 56
103 150 50
103 151 7
103 152 64
103 153 5
103 154 5
103 155 7
103 156 98
103 157 59
103 158 4
103 159 87
104 105 82
104 106 27
104 107 74
104 108 32
104 109 66
104 110 46
104 111 20
104 112 31
104 113 63
104 114 53
104 115 50
104 116 97
104 117 30
104 118 79
104 119 61
104 120 37
104 121 70
104 122 52
104 123 99
104 124 76
104 125 4
104 126 80
104 127 61
104 128 43
104 129 22
104 130 48
104 131 24
104 132 92
104 133 45
104 134 50
104 135 94
104 136 51
104 137 42
104 138 92
104 139 71
104 140 96
104 141 16
104 142 69
104 143 40
104 144 7
104 145 10
104 146 44
104 147 39
104 148 22
104 149 91
104 150 73
104 151 47
104 152 54
104 153 11
104 154 99
104 155 2
104 156 75
104 157 49
104 158 11
104 159 2
105 106 91
105 107 49
105 108 2
105 109 34
105 110 80
105 111 23
105 112 81
105 113 40
105 114 50
105 115 42
105 116 9
105 117 43
105 118 36
105 119 36
105 120 15
105 121 96
105 122 11
105 123 56
105 124 49
105 125 10
105 126 33
105 127 5
105 128 80
105 129 43
105 130 10
105 131 26
105 132 61
105 133 91
105 134 43
105 135 5
105 136 39
105 137 97
105 138 1
105 139 38
105 140 49
105 141 64
105 142 18
105 143 13
105 144 17
105 145 53
105 146 60
105 147 88
105 148 3
105 149 59
105 150 14
105 151 62
105 152 24
105 153 39
105 154 9
105 155 32
105 156 46
105 157 60
105 158 65
105 159 47
106 107 63
106 108 36
106 109 10
106 110 65
106 111 16
106 112 1
106 113 12
106 114 79
106 115 16
106 116 67
106 117 85
106 118 62
106 119 88
106 120 60
106 121 55
106 122 48
106 123 88
106 124 45
106 125 29
106 126 15
106 127 59
106 128 100
106 129 78
106 130 82
106 131 58
106 132 81
106 133 33
106 134 42
106 135 56
106 136 56
106 137 33
106 138 62
106 139 37
106 140 92
106 141 41
106 142 40
106 143 42
106 144 55
106 145 63
106 146 55
106 147 43
106 148 4
106 149 91
106 150 24
106 151 46
106 152 93
106 153 37
106 154 7
106 155 86
106 156 2
106 157 55
106 158 5
106 159 45
107 108 34
107 109 6
107 110 71
107 111 33
107 112 38
107 113 32
107 114 71
107 115 53
107 116 35
107 117 42
107 118 10
107 119 29
107 120 38
107 121 2
107 122 94
107 123 97
107 124 30
107 125 68
107 126 50
107 127 97
107 128 59
107 129 17
107 130 60
107 131 41
107 132 16
107 133 62
107 134 12
107 135 22
107 136 42
107 137 77
107 138 80
107 139 43
107 140 88
107 141 44
107 142 1
107 143 90
107 144 93
107 145 6
107 146 5
107 147 16
107 148 52
107 149 1
107 150 82
107 151 28
107 152 30
107 153 48
107 154 22
107 155 93
107 156 96
107 157 51
107 158 30
107 159 64
108 109 95
108 110 12
108 111 23
108 112 38
108 113 35
108 114 46
108 115 38
108 116 87
108 117 16
108 118 22
108 119 33
108 120 98
108 121 46
108 122 64
108 123 30
108 124 40
108 125 32
108 126 55
108 127 51
108 128 15
108 129 40
108 130 63
108 131 16
108 132 86
108 133 51
108 134 26
108 135 68
108 136 99
108 137 50
108 138 12
108 139 52
108 140 83
108 141 91
108 142 16
108 143 62
108 144 82
108 145 41
108 146 69
108 147 18
108 148 65
108 149 60
108 150 69
108 151 62
108 152 95
108 153 91
108 154 32
108 155 69
108 156 31
108 157 9
108 158 92
108 159 71
109 110 74
109 111 56
109 112 21
109 113 14
109 114 98
109 115 32
109 116 87
109 117 3
109 118 12
109 119 12
109 120 41
109 121 67
109 122 92
109 123 14
109 124 34
109 125 49
109 126 57
109 127 20
109 128 95
109 129 32
109 130 51
109 131 10
109 132 31
109 133 96
109 134 91
109 135 47
109 136 96
109 137 69
109 138 69
109 139 34
109 140 89
109 141 85
109 142 75
109 143 44
109 144 60
109 145 17
109 146 88
109 147 38
109 148 8
109 149 20
109 150 95
109 151 22
109 152 74
109 153 63
109 154 87
109 155 6
109 156 83
109 157 94
109 158 9
109 159 50
110 111 38
110 112 15
110 113 14
110 114 21
110 115 15
110 116 50
110 117 87
110 118 62
110 119 75
110 120 70
110 121 73
110 122 4
110 123 45
110 124 37
110 125 95
110 126 72
110 127 75
110 128 60
110 129 69
110 130 73
110 131 2
110 132 38
110 133 96
110 134 63
110 135 15
110 136 79
110 137 44
110 138 53
110 139 77
110 140 77
110 141 60
110 142 34
110 143 6
110 144 93
110 145 35
110 146 67
110 147 18
110 148 70
110 149 98
110 150 51
110 151 31
110 152 59
110 153 71
110 154 83
110 155 71
110 156 15
110 157 48
110 158 17
110 159 36
111 112 48
111 113 63
111 114 49
111 115 53
111 116 70
111 117 100
111 118 95
111 119 32
111 120 88
111 121 28
111 122 49
111 123 52
111 124 98
111 125 68
111 126 71
111 127 93
111 128 11
111 129 26
111 130 91
111 131 53
111 132 87
111 133 17
111 134 10
111 135 60
111 136 90
111 137 94
111 138 49
111 139 17
111 140 96
111 141 81
111 142 60
111 143 90
111 144 4
111 145 16
111 146 82
111 147 85
111 148 93
111 149 88
111 150 96
111 151 20
111 152 71
111 153 19
111 154 60
111 155 9
111 156 2
111 157 4
111 158 96
111 159 92
112 113 70
112 114 68
112 115 94
112 116 6
112 117 33
112 118 11
112 119 100
112 120 1
112 121 25
112 122 3
112 123 86
112 124 99
112 125 50
112 126 33
112 127 72
112 128 64
112 129 61
112 130 35
112 131 7
112 132 49
112 133 38
112 134 100
112 135 11
112 136 52
112 137 12
112 138 63
112 139 41
112 140 98
112 141 11
112 142 43
112 143 52
112 144 25
112 145 13
112 146 43
112 147 34
112 148 24
112 149 50
112 150 40
112 151 48
112 152 99
112 153 63
112 154 87
112 155 6
112 156 55
112 157 36
112 158 53
112 159 6
113 114 24
113 115 56
113 116 82
113 117 46
113 118 50
113 119 29
113 120 22
113 121 5
113 122 4
113 123 50
113 124 27
113 125 81
113 126 55
113 127 78
113 128 14
113 129 87
113 130 6
113 131 88
113 132 100
113 133 58
113 134 78
113 135 43
113 136 68
113 137 41
113 138 9
113 139 44
113 140 3
113 141 55
113 142 16
113 143 48
113 144 92
113 145 65
113 146 18
113 147 97
113 148 97
113 149 52
113 150 91
113 151 65
113 152 3
113 153 59
113 154 4
113 155 37
113 156 27
113 157 100
113 158 42
113 159 76
114 115 98
114 116 88
114 117 76
114 118 37
114 119 56
114 120 12
114 121 11
114 122 86
114 123 86
114 124 96
114 125 96
114 126 75
114 127 33
114 128 10
114 129 37
114 130 19
114 131 40
114 132 78
114 133 80
114 134 37
114 135 33
114 136 67
114 137 79
114 138 98
114 139 90
114 140 32
114 141 82
114 142 56
114 143 17
114 144 34
114 145 65
114 146 21
114 147 79
114 148 8
114 149 55
114 150 97
114 151 59
114 152 80
114 153 34
114 154 64
114 155 95
114 156 76
114 157 23
114 158 15
114 159 82
115 116 19
115 117 29
115 118 45
115 119 18
115 120 57
115 121 75
115 122 20
115 123 99
115 124 46
115 125 58
115 126 32
115 127 31
115 128 25
115 129 87
115 130 3
115 131 22
115 132 64
115 133 12
115 134 19
115 135 42
115 136 52
115 137 88
115 138 80
115 139 69
115 140 94
115 141 82
115 142 90
115 143 68
115 144 38
115 145 51
115 146 84
115 147 65
115 148 85
115 149 46
115 150 62
115 151 92
115 152 22
115 153 90
115 154 78
115 155 32
115 156 73
115 157 45
115 158 13
115 159 65
116 117 14
116 118 54
116 119 40
116 120 86
116 121 93
116 122 47
116 123 55
116 124 58
116 125 12
116 126 59
116 127 13
116 128 42
116 129 26
116 130 55
116 131 67
116 132 55
116 133 70
116 134 16
116 135 47
116 136 32
116 137 71
116 138 33
116 139 67
116 140 77
116 141 57
116 142 73
116 143 14
116 144 57
116 145 64
116 146 29
116 147 83
116 148 33
116 149 11
116 150 80
116 151 82
116 152 32
116 153 13
116 154 78
116 155 8
116 156 50
116 157 3
116 158 87
116 159 92
117 118 44
117 119 94
117 120 54
117 121 67
117 122 47
117 123 40
117 124 40
117 125 18
117 126 15
117 127 60
117 128 29
117 129 63
117 130 52
117 131 43
117 132 50
117 133 82
117 134 36
117 135 75
117 136 93
117 137 97
117 138 70
117 139 72
117 140 15
117 141 80
117 142 71
117 143 9
117 144 7
117 145 69
117 146 4
117 147 3
117 148 100
117 149 81
117 150 33
117 151 15
117 152 35
117 153 35
117 154 66
117 155 93
117 156 43
117 157 23
117 158 87
117 159 77
118 119 46
118 120 75
118 121 59
118 122 17
118 123 40
118 124 38
118 125 79
118 126 40
118 127 33
118 128 41
118 129 15
118 130 37
118 131 33
118 132 7
118 133 96
118 134 60
118 135 75
118 136 56
118 137 44
118 138 49
118 139 68
118 140 44
118 141 28
118 142 97
118 143 40
118 144 12
118 145 55
118 146 65
118 147 48
118 148 1
118 149 98
118 150 94
118 151 54
118 152 48
118 153 2
118 154 74
118 155 6
118 156 28
118 157 63
118 158 38
118 159 24
119 120 36
119 121 17
119 122 95
119 123 54
119 124 20
119 125 68
119 126 44
119 127 49
119 128 59
119 129 7
119 130 71
119 131 73
119 132 21
119 133 88
119 134 20
119 135 18
119 136 93
119 137 27
119 138 81
119 139 38
119 140 12
119 141 95
119 142 44
119 143 92
119 144 30
119 145 77
119 146 45
119 147 64
119 148 93
119 149 90
119 150 19
119 151 75
119 152 71
119 153 57
119 154 34
119 155 19
119 156 87
119 157 53
119 158 97
119 159 22
120 121 45
120 122 26
120 123 5
120 124 59
120 125 78
120 126 78
120 127 34
120 128 44
120 129 58
120 130 99
120 131 8
120 132 53
120 133 30
120 134 36
120 135 38
120 136 94
120 137 48
120 138 83
120 139 55
120 140 24
120 141 60
120 142 75
120 143 31
120 144 47
120 145 63
120 146 98
120 147 46
120 148 86
120 149 74
120 150 8
120 151 63
120 152 79
120 153 46
120 154 93
120 155 32
120 156 73
120 157 17
120 158 61
120 159 37
121 122 16
121 123 78
121 124 100
121 125 81
121 126 61
121 127 13
121 128 22
121 129 19
121 130 70
121 131 77
121 132 5
121 133 75
121 134 93
121 135 7
121 136 36
121 137 61
121 138 35
121 139 72
121 140 72
121 141 48
121 142 32
121 143 44
121 144 84
121 145 15
121 146 91
121 147 13
121 148 8
121 149 85
121 150 31
121 151 89
121 152 2
121 153 30
121 154 13
121 155 5
121 156 75
121 157 79
121 158 27
121 159 70
122 123 10
122 124 33
122 125 76
122 126 49
122 127 12
122 128 43
122 129 70
122 130 3
122 131 81
122 132 25
122 133 91
122 134 13
122 135 19
122 136 3
122 137 79
122 138 90
122 139 58
122 140 49
122 141 66
122 142 80
122 143 55
122 144 11
122 145 95
122 146 20
122 147 75
122 148 82
122 149 36
122 150 18
122 151 83
122 152 32
122 153 78
122 154 87
122 155 37
122 156 94
122 157 28
122 158 2
122 159 98
123 124 61
123 125 51
123 126 48
123 127 30
123 128 1
123 129 71
123 130 12
123 131 48
123 132 37
123 133 88
123 134 5
123 135 6
123 136 40
123 137 84
123 138 91
123 139 98
123 140 19
123 141 46
123 142 53
123 143 30
123 144 70
123 145 7
123 146 68
123 147 96
123 148 86
123 149 44
123 150 31
123 151 97
123 152 29
123 153 75
123 154 98
123 155 73
123 156 17
123 157 13
123 158 99
123 159 35
124 125 15
124 126 36
124 127 34
124 128 39
124 129 68
124 130 77
124 131 42
124 132 74
124 133 21
124 134 77
124 135 13
124 136 28
124 137 43
124 138 58
124 139 48
124 140 81
124 141 24
124 142 35
124 143 16
124 144 96
124 145 11
124 146 26
124 147 100
124 148 22
124 149 15
124 150 48
124 151 83
124 152 94
124 153 69
124 154 61
124 155 61
124 156 31
124 157 61
124 158 45
124 159 70
125 126 2
125 127 25
125 128 3
125 129 9
125 130 76
125 131 18
125 132 26
125 133 67
125 134 69
125 135 87
125 136 74
125 137 39
125 138 25
125 139 25
125 140 75
125 141 29
125 142 54
125 143 88
125 144 85
125 145 16
125 146 4
125 147 66
125 148 4
125 149 39
125 150 71
125 151 41
125 152 90
125 153 44
125 154 42
125 155 32
125 156 98
125 157 46
125 158 18
125 159 60
126 127 77
126 128 55
126 129 8
126 130 70
126 131 24
126 132 16
126 133 51
126 134 87
126 135 25
126 136 87
126 137 54
126 138 80
126 139 12
126 140 95
126 141 96
126 142 75
126 143 88
126 144 96
126 145 39
126 146 41
126 147 73
126 148 46
126 149 70
126 150 29
126 151 79
126 152 50
126 153 86
126 154 87
126 155 26
126 156 68
126 157 85
126 158 49
126 159 86
127 128 54
127 129 76
127 130 8
127 131 67
127 132 38
127 133 81
127 134 35
127 135 4
127 136 71
127 137 98
127 138 21
127 139 32
127 140 88
127 141 31
127 142 50
127 143 21
127 144 85
127 145 34
127 146 99
127 147 81
127 148 63
127 149 38
127 150 24
127 151 8
127 152 11
127 153 87
127 154 5
127 155 52
127 156 97
127 157 5
127 158 8
127 159 35
128 129 24
128 130 90
128 131 5
128 132 74
128 133 12
128 134 24
128 135 30
128 136 96
128 137 85
128 138 14
128 139 6
128 140 36
128 141 41
128 142 60
128 143 14
128 144 22
128 145 53
128 146 99
128 147 23
128 148 62
128 149 25
128 150 10
128 151 56
128 152 3
128 153 45
128 154 3
128 155 83
128 156 96
128 157 16
128 158 78
128 159 12
129 130 18
129 131 15
129 132 16
129 133 72
129 134 42
129 135 77
129 136 15
129 137 2
129 138 73
129 139 68
129 140 6
129 141 27
129 142 64
129 143 8
129 144 60
129 145 12
129 146 29
129 147 38
129 148 89
129 149 10
129 150 18
129 151 91
129 152 23
129 153 10
129 154 52
129 155 81
129 156 91
129 157 9
129 158 88
129 159 53
130 131 45
130 132 14
130 133 33
130 134 77
130 135 33
130 136 49
130 137 41
130 138 58
130 139 37
130 140 24
130 141 72
130 142 3
130 143 42
130 144 34
130 145 24
130 146 24
130 147 11
130 148 32
130 149 34
130 150 79
130 151 79
130 152 40
130 153 66
130 154 19
130 155 30
130 156 33
130 157 13
130 158 84
130 159 16
131 132 10
131 133 87
131 134 70
131 135 61
131 136 93
131 137 41
131 138 31
131 139 62
131 140 77
131 141 10
131 142 76
131 143 53
131 144 57
131 145 13
131 146 97
131 147 92
131 148 18
131 149 77
131 150 60
131 151 64
131 152 94
131 153 25
131 154 11
131 155 25
131 156 100
131 157 69
131 158 58
131 159 47
132 133 27
132 134 58
132 135 9
132 136 20
132 137 48
132 138 48
132 139 25
132 140 87
132 141 57
132 142 37
132 143 55
132 144 10
132 145 81
132 146 17
132 147 52
132 148 68
132 149 57
132 150 70
132 151 85
132 152 16
132 153 91
132 154 19
132 155 61
132 156 78
132 157 47
132 158 18
132 159 44
133 134 75
133 135 71
133 136 61
133 137 6
133 138 48
133 139 33
133 140 61
133 141 66
133 142 43
133 143 41
133 144 20
133 145 23
133 146 73
133 147 45
133 148 31
133 149 92
133 150 36
133 151 93
133 152 57
133 153 43
133 154 47
133 155 81
133 156 6
133 157 12
133 158 2
133 159 28
134 135 95
134 136 61
134 137 80
134 138 7
134 139 97
134 140 12
134 141 96
134 142 27
134 143 59
134 144 36
134 145 34
134 146 4
134 147 38
134 148 74
134 149 90
134 150 71
134 151 56
134 152 17
134 153 99
134 154 63
134 155 57
134 156 31
134 157 5
134 158 28
134 159 12
135 136 11
135 137 73
135 138 61
135 139 44
135 140 44
135 141 27
135 142 36
135 143 54
135 144 18
135 145 77
135 146 87
135 147 6
135 148 8
135 149 51
135 150 19
135 151 69
135 152 52
135 153 7
135 154 25
135 155 41
135 156 35
135 157 33
135 158 89
135 159 95
136 137 82
136 138 49
136 139 39
136 140 92
136 141 29
136 142 65
136 143 51
136 144 99
136 145 41
136 146 26
136 147 24
136 148 22
136 149 14
136 150 19
136 151 41
136 152 60
136 153 76
136 154 92
136 155 65
136 156 14
136 157 78
136 158 96
136 159 51
137 138 34
137 139 1
137 140 17
137 141 37
137 142 59
137 143 94
137 144 27
137 145 5
137 146 3
137 147 58
137 148 94
137 149 89
137 150 32
137 151 45
137 152 18
137 153 95
137 154 51
137 155 25
137 156 3
137 157 14
137 158 73
137 159 1
138 139 36
138 140 36
138 141 48
138 142 81
138 143 29
138 144 76
138 145 94
138 146 79
138 147 82
138 148 24
138 149 42
138 150 46
138 151 60
138 152 65
138 153 58
138 154 38
138 155 48
138 156 66
138 157 37
138 158 6
138 159 33
139 140 30
139 141 13
139 142 17
139 143 29
139 144 47
139 145 31
139 146 39
139 147 70
139 148 27
139 149 44
139 150 39
139 151 47
139 152 12
139 153 24
139 154 81
139 155 50
139 156 27
139 157 57
139 158 92
139 159 42
140 141 14
140 142 15
140 143 26
140 144 97
140 145 89
140 146 18
140 147 65
140 148 33
140 149 73
140 150 9
140 151 20
140 152 86
140 153 17
140 154 88
140 155 57
140 156 57
140 157 63
140 158 65
140 159 66
141 142 88
141 143 52
141 144 45
141 145 42
141 146 66
141 147 21
141 148 16
141 149 39
141 150 85
141 151 97
141 152 52
141 153 34
141 154 61
141 155 26
141 156 66
141 157 52
141 158 90
141 159 57
142 143 83
142 144 25
142 145 49
142 146 56
142 147 94
142 148 72
142 149 29
142 150 15
142 151 30
142 152 1
142 153 3
142 154 56
142 155 71
142 156 62
142 157 94
142 158 3
142 159 30
143 144 51
143 145 52
143 146 51
143 147 98
143 148 80
143 149 32
143 150 72
143 151 55
143 152 34
143 153 32
143 154 37
143 155 16
143 156 52
143 157 27
143 158 16
143 159 11
144 145 52
144 146 62
144 147 74
144 148 15
144 149 73
144 150 58
144 151 80
144 152 43
144 153 63
144 154 41
144 155 71
144 156 8
144 157 45
144 158 73
144 159 62
145 146 29
145 147 51
145 148 84
145 149 19
145 150 45
145 151 55
145 152 8
145 153 57
145 154 62
145 155 51
145 156 9
145 157 27
145 158 69
145 159 74
146 147 40
146 148 59
146 149 58
146 150 54
146 151 95
146 152 62
146 153 43
146 154 65
146 155 71
146 156 25
146 157 59
146 158 29
146 159 25
147 148 1
147 149 25
147 150 32
147 151 43
147 152 15
147 153 62
147 154 40
147 155 5
147 156 78
147 157 16
147 158 71
147 159 6
148 149 70
148 150 50
148 151 45
148 152 7
148 153 5
148 154 83
148 155 73
148 156 2
148 157 37
148 158 73
148 159 97
149 150 26
149 151 22
149 152 18
149 153 23
149 154 83
149 155 73
149 156 51
149 157 52
149 158 73
149 159 97
150 151 77
150 152 12
150 153 47
150 154 95
150 155 59
150 156 71
150 157 14
150 158 46
150 159 29
151 152 20
151 153 67
151 154 87
151 155 47
151 156 41
151 157 84
151 158 47
151 159 74
152 153 10
152 154 27
152 155 8
152 156 21
152 157 55
152 158 48
152 159 16
153 154 71
153 155 7
153 156 21
153 157 59
153 158 3
153 159 62
154 155 91
154 156 57
154 157 91
154 158 90
154 159 11
155 156 18
155 157 11
155 158 25
155 159 41
156 157 44
156 158 43
156 159 66
157 158 93
157 159 5
158 159 73
