160 12720
0 1 53
0 2 13
0 3 63
0 4 73
0 5 47
0 6 4
0 7 71
0 8 66
0 9 33
0 10 52
0 11 45
0 12 63
0 13 30
0 14 69
0 15 89
0 16 6
0 17 41
0 18 97
0 19 12
0 20 99
0 21 57
0 22 95
0 23 71
0 24 78
0 25 52
0 26 21
0 27 75
0 28 43
0 29 47
0 30 46
0 31 90
0 32 89
0 33 93
0 34 51
0 35 8
0 36 53
0 37 64
0 38 88
0 39 98
0 40 53
0 41 21
0 42 25
0 43 55
0 44 80
0 45 19
0 46 4
0 47 2
0 48 70
0 49 67
0 50 2
0 51 49
0 52 11
0 53 38
0 54 89
0 55 1
0 56 93
0 57 83
0 58 62
0 59 94
0 60 63
0 61 72
0 62 69
0 63 47
0 64 10
0 65 90
0 66 90
0 67 81
0 68 54
0 69 68
0 70 77
0 71 15
0 72 83
0 73 90
0 74 70
0 75 41
0 76 11
0 77 93
0 78 47
0 79 18
0 80 10
0 81 100
0 82 74
0 83 8
0 84 76
0 85 84
0 86 69
0 87 62
0 88 48
0 89 44
0 90 80
0 91 61
0 92 26
0 93 91
0 94 73
0 95 35
0 96 66
0 97 82
0 98 72
0 99 68
0 100 20
0 101 94
0 102 97
0 103 32
0 104 87
0 105 47
0 106 46
0 107 41
0 108 35
0 109 93
0 110 9
0 111 87
0 112 25
0 113 91
0 114 13
0 115 17
0 116 10
0 117 51
0 118 52
0 119 94
0 120 43
0 121 45
0 122 90
0 123 92
0 124 36
0 125 37
0 126 53
0 127 88
0 128 46
0 129 51
0 130 64
0 131 65
0 132 13
0 133 16
0 134 68
0 135 37
0 136 57
0 137 55
0 138 37
0 139 67
0 140 21
0 141 60
0 142 81
0 143 38
0 144 13
0 145 89
0 146 68
0 147 21
0 148 96
0 149 27
0 150 41
0 151 24
0 152 86
0 153 66
0 154 33
0 155 81
0 156 82
0 157 83
0 158 34
0 159 51
1 2 53
1 3 88
1 4 90
1 5 63
1 6 16
1 7 98
1 8 20
1 9 85
1 10 94
1 11 49
1 12 34
1 13 19
1 14 100
1 15 97
1 16 59
1 17 83
1 18 88
1 19 41
1 20 9
1 21 51
1 22 87
1 23 4
1 24 53
1 25 19
1 26 11
1 27 57
1 28 41
1 29 78
1 30 39
1 31 99
1 32 100
1 33 44
1 34 24
1 35 71
1 36 30
1 37 27
1 38 4
1 39 26
1 40 12
1 41 3
1 42 23
1 43 47
1 44 31
1 45 93
1 46 44
1 47 61
1 48 13
1 49 44
1 50 79
1 51 50
1 52 97
1 53 77
1 54 93
1 55 62
1 56 23
1 57 48
1 58 12
1 59 44
1 60 12
1 61 41
1 62 74
1 63 84
1 64 84
1 65 18
1 66 39
1 67 25
1 68 39
1 69 81
1 70 74
1 71 98
1 72 36
1 73 88
1 74 77
1 75 78
1 76 54
1 77 49
1 78 71
1 79 60
1 80 79
1 81 95
1 82 51
1 83 44
1 84 17
1 85 85
1 86 42
1 87 92
1 88 83
1 89 34
1 90 78
1 91 70
1 92 86
1 93 100
1 94 9
1 95 39
1 96 11
1 97 27
1 98 34
1 99 89
1 100 95
1 101 74
1 102 61
1 103 100
1 104 74
1 105 71
1 106 55
1 107 63
1 108 94
1 109 46
1 110 19
1 111 48
1 112 30
1 113 84
1 114 39
1 115 10
1 116 84
1 117 4
1 118 11
1 119 87
1 120 41
1 121 48
1 122 93
1 123 76
1 124 51
1 125 49
1 126 19
1 127 96
1 128 65
1 129 99
1 130 7
1 131 95
1 132 76
1 133 53
1 134 99
1 135 56
1 136 26
1 137 44
1 138 28
1 139 90
1 140 53
1 141 61
1 142 16
1 143 74
1 144 47
1 145 32
1 146 83
1 147 42
1 148 15
1 149 78
1 150 7
1 151 54
1 152 99
1 153 46
1 154 52
1 155 38
1 156 74
1 157 79
1 158 81
1 159 9
2 3 99
2 4 43
2 5 7
2 6 29
2 7 91
2 8 70
2 9 53
2 10 60
2 11 68
2 12 93
2 13 41
2 14 45
2 15 95
2 16 80
2 17 36
2 18 28
2 19 79
2 20 78
2 21 82
2 22 70
2 23 87
2 24 71
2 25 39
2 26 20
2 27 87
2 28 80
2 29 32
2 30 54
2 31 55
2 32 79
2 33 28
2 34 54
2 35 32
2 36 19
2 37 30
2 38 50
2 39 24
2 40 5
2 41 17
2 42 67
2 43 79
2 44 20
2 45 54
2 46 79
2 47 70
2 48 21
2 49 85
2 50 63
2 51 11
2 52 91
2 53 6
2 54 88
2 55 38
2 56 16
2 57 94
2 58 69
2 59 87
2 60 44
2 61 19
2 62 83
2 63 58
2 64 22
2 65 36
2 66 22
2 67 83
2 68 66
2 69 7
2 70 21
2 71 30
2 72 73
2 73 65
2 74 75
2 75 51
2 76 94
2 77 89
2 78 59
2 79 40
2 80 27
2 81 34
2 82 61
2 83 38
2 84 75
2 85 9
2 86 11
2 87 75
2 88 44
2 89 84
2 90 4
2 91 14
2 92 70
2 93 30
2 94 6
2 95 90
2 96 3
2 97 69
2 98 47
2 99 40
2 100 19
2 101 54
2 102 98
2 103 47
2 104 58
2 105 64
2 106 30
2 107 94
2 108 55
2 109 58
2 110 6
2 111 97
2 112 59
2 113 48
2 114 82
2 115 43
2 116 88
2 117 63
2 118 89
2 119 14
2 120 81
2 121 48
2 122 30
2 123 90
2 124 14
2 125 45
2 126 66
2 127 91
2 128 38
2 129 77
2 130 6
2 131 92
2 132 48
2 133 53
2 134 82
2 135 27
2 136 67
2 137 57
2 138 58
2 139 71
2 140 88
2 141 28
2 142 99
2 143 31
2 144 49
2 145 49
2 146 75
2 147 38
2 148 20
2 149 69
2 150 12
2 151 6
2 152 15
2 153 5
2 154 33
2 155 15
2 156 94
2 157 64
2 158 39
2 159 50
3 4 25
3 5 41
3 6 5
3 7 79
3 8 86
3 9 45
3 10 72
3 11 70
3 12 94
3 13 13
3 14 24
3 15 9
3 16 83
3 17 9
3 18 20
3 19 41
3 20 72
3 21 55
3 22 31
3 23 82
3 24 88
3 25 6
3 26 28
3 27 69
3 28 32
3 29 44
3 30 42
3 31 66
3 32 61
3 33 76
3 34 79
3 35 78
3 36 35
3 37 11
3 38 40
3 39 100
3 40 70
3 41 84
3 42 29
3 43 58
3 44 20
3 45 56
3 46 47
3 47 24
3 48 94
3 49 85
3 50 94
3 51 34
3 52 86
3 53 40
3 54 23
3 55 35
3 56 11
3 57 58
3 58 81
3 59 33
3 60 78
3 61 48
3 62 63
3 63 67
3 64 65
3 65 24
3 66 29
3 67 47
3 68 14
3 69 71
3 70 11
3 71 96
3 72 69
3 73 78
3 74 49
3 75 24
3 76 1
3 77 3
3 78 64
3 79 47
3 80 51
3 81 65
3 82 51
3 83 74
3 84 51
3 85 91
3 86 99
3 87 38
3 88 56
3 89 57
3 90 26
3 91 57
3 92 42
3 93 57
3 94 37
3 95 26
3 96 69
3 97 78
3 98 58
3 99 100
3 100 43
3 101 54
3 102 70
3 103 96
3 104 4
3 105 37
3 106 39
3 107 100
3 108 47
3 109 33
3 110 98
3 111 2
3 112 1
3 113 16
3 114 73
3 115 40
3 116 38
3 117 80
3 118 40
3 119 48
3 120 22
3 121 7
3 122 56
3 123 3
3 124 68
3 125 5
3 126 91
3 127 88
3 128 97
3 129 86
3 130 1
3 131 78
3 132 65
3 133 98
3 134 65
3 135 59
3 136 3
3 137 20
3 138 13
3 139 1
3 140 88
3 141 83
3 142 93
3 143 15
3 144 52
3 145 89
3 146 14
3 147 95
3 148 82
3 149 23
3 150 21
3 151 79
3 152 35
3 153 75
3 154 10
3 155 94
3 156 76
3 157 26
3 158 42
3 159 36
4 5 92
4 6 31
4 7 2
4 8 71
4 9 50
4 10 79
4 11 75
4 12 7
4 13 25
4 14 71
4 15 25
4 16 28
4 17 63
4 18 7
4 19 76
4 20 46
4 21 68
4 22 7
4 23 23
4 24 47
4 25 80
4 26 35
4 27 91
4 28 93
4 29 26
4 30 89
4 31 23
4 32 47
4 33 18
4 34 100
4 35 91
4 36 36
4 37 84
4 38 53
4 39 34
4 40 18
4 41 98
4 42 59
4 43 4
4 44 71
4 45 59
4 46 25
4 47 95
4 48 51
4 49 38
4 50 2
4 51 55
4 52 55
4 53 75
4 54 1
4 55 18
4 56 20
4 57 42
4 58 65
4 59 21
4 60 98
4 61 81
4 62 65
4 63 26
4 64 84
4 65 22
4 66 2
4 67 78
4 68 21
4 69 30
4 70 71
4 71 21
4 72 7
4 73 85
4 74 30
4 75 78
4 76 94
4 77 88
4 78 31
4 79 4
4 80 40
4 81 96
4 82 48
4 83 92
4 84 39
4 85 61
4 86 43
4 87 60
4 88 56
4 89 26
4 90 52
4 91 46
4 92 21
4 93 53
4 94 15
4 95 33
4 96 93
4 97 8
4 98 78
4 99 79
4 100 28
4 101 91
4 102 51
4 103 36
4 104 3
4 105 42
4 106 8
4 107 75
4 108 39
4 109 91
4 110 97
4 111 70
4 112 59
4 113 54
4 114 90
4 115 56
4 116 14
4 117 65
4 118 9
4 119 83
4 120 83
4 121 51
4 122 36
4 123 94
4 124 9
4 125 88
4 126 90
4 127 69
4 128 20
4 129 67
4 130 15
4 131 48
4 132 19
4 133 65
4 134 95
4 135 36
4 136 12
4 137 76
4 138 12
4 139 34
4 140 41
4 141 52
4 142 43
4 143 88
4 144 99
4 145 25
4 146 83
4 147 84
4 148 41
4 149 54
4 150 72
4 151 67
4 152 35
4 153 6
4 154 21
4 155 84
4 156 11
4 157 54
4 158 46
4 159 64
5 6 38
5 7 46
5 8 5
5 9 18
5 10 80
5 11 36
5 12 82
5 13 2
5 14 69
5 15 35
5 16 97
5 17 8
5 18 57
5 19 55
5 20 42
5 21 96
5 22 13
5 23 15
5 24 90
5 25 93
5 26 82
5 27 34
5 28 6
5 29 15
5 30 96
5 31 45
5 32 80
5 33 39
5 34 97
5 35 36
5 36 69
5 37 21
5 38 95
5 39 64
5 40 35
5 41 89
5 42 84
5 43 95
5 44 46
5 45 87
5 46 19
5 47 47
5 48 64
5 49 31
5 50 45
5 51 43
5 52 90
5 53 34
5 54 2
5 55 47
5 56 81
5 57 85
5 58 50
5 59 42
5 60 78
5 61 87
5 62 81
5 63 21
5 64 77
5 65 86
5 66 51
5 67 98
5 68 61
5 69 30
5 70 19
5 71 39
5 72 69
5 73 28
5 74 15
5 75 42
5 76 30
5 77 61
5 78 87
5 79 86
5 80 8
5 81 84
5 82 83
5 83 75
5 84 84
5 85 32
5 86 73
5 87 13
5 88 29
5 89 16
5 90 37
5 91 88
5 92 17
5 93 58
5 94 57
5 95 45
5 96 15
5 97 12
5 98 56
5 99 53
5 100 55
5 101 11
5 102 95
5 103 70
5 104 84
5 105 44
5 106 1
5 107 64
5 108 55
5 109 47
5 110 67
5 111 49
5 112 3
5 113 20
5 114 31
5 115 96
5 116 98
5 117 83
5 118 4
5 119 91
5 120 53
5 121 35
5 122 93
5 123 57
5 124 44
5 125 29
5 126 94
5 127 62
5 128 45
5 129 94
5 130 40
5 131 81
5 132 54
5 133 36
5 134 81
5 135 2
5 136 1
5 137 50
5 138 7
5 139 81
5 140 54
5 141 84
5 142 24
5 143 68
5 144 91
5 145 20
5 146 47
5 147 68
5 148 50
5 149 38
5 150 17
5 151 82
5 152 73
5 153 3
5 154 79
5 155 92
5 156 13
5 157 53
5 158 95
5 159 6
6 7 35
6 8 70
6 9 97
6 10 38
6 11 16
6 12 46
6 13 50
6 14 16
6 15 87
6 16 98
6 17 90
6 18 55
6 19 14
6 20 7
6 21 55
6 22 31
6 23 55
6 24 60
6 25 52
6 26 17
6 27 44
6 28 73
6 29 50
6 30 1
6 31 99
6 32 96
6 33 68
6 34 86
6 35 59
6 36 21
6 37 23
6 38 55
6 39 78
6 40 61
6 41 13
6 42 34
6 43 70
6 44 33
6 45 11
6 46 73
6 47 97
6 48 35
6 49 88
6 50 98
6 51 31
6 52 93
6 53 69
6 54 73
6 55 49
6 56 77
6 57 22
6 58 97
6 59 40
6 60 8
6 61 67
6 62 95
6 63 70
6 64 100
6 65 23
6 66 35
6 67 80
6 68 49
6 69 42
6 70 80
6 71 72
6 72 6
6 73 77
6 74 80
6 75 85
6 76 63
6 77 38
6 78 86
6 79 54
6 80 60
6 81 62
6 82 77
6 83 10
6 84 20
6 85 16
6 86 90
6 87 77
6 88 40
6 89 49
6 90 67
6 91 94
6 92 13
6 93 91
6 94 94
6 95 6
6 96 86
6 97 57
6 98 6
6 99 28
6 100 62
6 101 17
6 102 98
6 103 54
6 104 98
6 105 82
6 106 65
6 107 19
6 108 91
6 109 39
6 110 42
6 111 61
6 112 13
6 113 78
6 114 73
6 115 56
6 116 50
6 117 15
6 118 39
6 119 5
6 120 99
6 121 2
6 122 58
6 123 42
6 124 83
6 125 29
6 126 87
6 127 67
6 128 74
6 129 75
6 130 54
6 131 50
6 132 87
6 133 15
6 134 100
6 135 27
6 136 19
6 137 59
6 138 38
6 139 63
6 140 98
6 141 34
6 142 82
6 143 80
6 144 47
6 145 11
6 146 99
6 147 63
6 148 93
6 149 59
6 150 50
6 151 8
6 152 40
6 153 15
6 154 85
6 155 38
6 156 58
6 157 82
6 158 52
6 159 68
7 8 48
7 9 15
7 10 50
7 11 4
7 12 37
7 13 30
7 14 65
7 15 94
7 16 69
7 17 93
7 18 84
7 19 84
7 20 35
7 21 86
7 22 95
7 23 10
7 24 97
7 25 92
7 26 15
7 27 48
7 28 27
7 29 25
7 30 78
7 31 27
7 32 20
7 33 44
7 34 84
7 35 52
7 36 75
7 37 38
7 38 36
7 39 59
7 40 12
7 41 43
7 42 6
7 43 6
7 44 64
7 45 72
7 46 12
7 47 93
7 48 87
7 49 6
7 50 7
7 51 45
7 52 1
7 53 87
7 54 29
7 55 85
7 56 15
7 57 67
7 58 96
7 59 61
7 60 74
7 61 77
7 62 3
7 63 18
7 64 33
7 65 36
7 66 31
7 67 70
7 68 29
7 69 9
7 70 35
7 71 79
7 72 58
7 73 2
7 74 88
7 75 58
7 76 36
7 77 28
7 78 8
7 79 18
7 80 28
7 81 59
7 82 32
7 83 97
7 84 91
7 85 57
7 86 60
7 87 52
7 88 61
7 89 90
7 90 4
7 91 24
7 92 77
7 93 44
7 94 80
7 95 40
7 96 39
7 97 15
7 98 54
7 99 12
7 100 29
7 101 91
7 102 57
7 103 33
7 104 22
7 105 57
7 106 47
7 107 14
7 108 87
7 109 13
7 110 37
7 111 34
7 112 76
7 113 78
7 114 14
7 115 19
7 116 27
7 117 29
7 118 30
7 119 27
7 120 8
7 121 79
7 122 75
7 123 67
7 124 25
7 125 31
7 126 79
7 127 87
7 128 41
7 129 41
7 130 84
7 131 25
7 132 57
7 133 7
7 134 11
7 135 72
7 136 43
7 137 83
7 138 32
7 139 42
7 140 25
7 141 36
7 142 2
7 143 87
7 144 92
7 145 80
7 146 77
7 147 60
7 148 57
7 149 40
7 150 78
7 151 99
7 152 47
7 153 21
7 154 16
7 155 100
7 156 95
7 157 37
7 158 68
7 159 54
8 9 32
8 10 79
8 11 83
8 12 47
8 13 22
8 14 89
8 15 69
8 16 29
8 17 64
8 18 86
8 19 57
8 20 18
8 21 40
8 22 42
8 23 84
8 24 39
8 25 3
8 26 64
8 27 22
8 28 50
8 29 92
8 30 88
8 31 69
8 32 50
8 33 48
8 34 4
8 35 80
8 36 42
8 37 92
8 38 53
8 39 67
8 40 26
8 41 39
8 42 16
8 43 29
8 44 7
8 45 90
8 46 20
8 47 79
8 48 18
8 49 47
8 50 46
8 51 35
8 52 17
8 53 83
8 54 14
8 55 12
8 56 74
8 57 45
8 58 55
8 59 100
8 60 42
8 61 90
8 62 83
8 63 9
8 64 89
8 65 69
8 66 6
8 67 38
8 68 56
8 69 82
8 70 24
8 71 21
8 72 20
8 73 69
8 74 96
8 75 70
8 76 89
8 77 39
8 78 81
8 79 13
8 80 82
8 81 40
8 82 51
8 83 88
8 84 64
8 85 96
8 86 92
8 87 92
8 88 69
8 89 66
8 90 50
8 91 55
8 92 77
8 93 19
8 94 34
8 95 74
8 96 1
8 97 84
8 98 94
8 99 67
8 100 14
8 101 94
8 102 7
8 103 80
8 104 53
8 105 13
8 106 36
8 107 40
8 108 99
8 109 2
8 110 25
8 111 93
8 112 68
8 113 62
8 114 81
8 115 20
8 116 24
8 117 43
8 118 26
8 119 9
8 120 4
8 121 73
8 122 14
8 123 12
8 124 83
8 125 15
8 126 79
8 127 67
8 128 81
8 129 51
8 130 31
8 131 25
8 132 53
8 133 9
8 134 72
8 135 76
8 136 78
8 137 14
8 138 34
8 139 34
8 140 89
8 141 43
8 142 88
8 143 86
8 144 14
8 145 72
8 146 86
8 147 13
8 148 53
8 149 36
8 150 36
8 151 35
8 152 42
8 153 93
8 154 73
8 155 59
8 156 6
8 157 39
8 158 42
8 159 80
9 10 15
9 11 81
9 12 19
9 13 11
9 14 48
9 15 95
9 16 16
9 17 88
9 18 55
9 19 1
9 20 40
9 21 46
9 22 8
9 23 62
9 24 44
9 25 82
9 26 45
9 27 76
9 28 10
9 29 54
9 30 53
9 31 2
9 32 22
9 33 6
9 34 30
9 35 48
9 36 60
9 37 21
9 38 25
9 39 4
9 40 99
9 41 77
9 42 96
9 43 57
9 44 86
9 45 72
9 46 83
9 47 39
9 48 70
9 49 5
9 50 13
9 51 85
9 52 76
9 53 5
9 54 30
9 55 100
9 56 17
9 57 46
9 58 93
9 59 12
9 60 60
9 61 100
9 62 21
9 63 49
9 64 14
9 65 36
9 66 94
9 67 67
9 68 9
9 69 10
9 70 17
9 71 78
9 72 64
9 73 68
9 74 97
9 75 29
9 76 28
9 77 95
9 78 33
9 79 21
9 80 92
9 81 40
9 82 78
9 83 32
9 84 14
9 85 93
9 86 86
9 87 42
9 88 100
9 89 54
9 90 36
9 91 70
9 92 7
9 93 9
9 94 5
9 95 77
9 96 8
9 97 73
9 98 50
9 99 4
9 100 18
9 101 27
9 102 51
9 103 67
9 104 19
9 105 41
9 106 70
9 107 15
9 108 77
9 109 7
9 110 10
9 111 69
9 112 29
9 113 97
9 114 41
9 115 20
9 116 46
9 117 50
9 118 77
9 119 93
9 120 88
9 121 61
9 122 52
9 123 73
9 124 75
9 125 4
9 126 16
9 127 36
9 128 24
9 129 52
9 130 50
9 131 55
9 132 43
9 133 99
9 134 97
9 135 24
9 136 77
9 137 9
9 138 57
9 139 22
9 140 81
9 141 93
9 142 10
9 143 63
9 144 63
9 145 71
9 146 10
9 147 50
9 148 74
9 149 11
9 150 46
9 151 4
9 152 1
9 153 7
9 154 45
9 155 72
9 156 64
9 157 52
9 158 44
9 159 98
10 11 62
10 12 83
10 13 82
10 14 90
10 15 57
10 16 41
10 17 42
10 18 20
10 19 71
10 20 97
10 21 52
10 22 15
10 23 29
10 24 57
10 25 73
10 26 21
10 27 82
10 28 43
10 29 84
10 30 83
10 31 21
10 32 100
10 33 95
10 34 50
10 35 54
10 36 47
10 37 14
10 38 25
10 39 81
10 40 86
10 41 56
10 42 97
10 43 23
10 44 6
10 45 23
10 46 87
10 47 100
10 48 12
10 49 49
10 50 22
10 51 76
10 52 6
10 53 51
10 54 96
10 55 40
10 56 38
10 57 95
10 58 59
10 59 93
10 60 11
10 61 73
10 62 66
10 63 31
10 64 87
10 65 16
10 66 86
10 67 75
10 68 96
10 69 24
10 70 42
10 71 40
10 72 60
10 73 36
10 74 96
10 75 69
10 76 17
10 77 29
10 78 66
10 79 58
10 80 4
10 81 34
10 82 78
10 83 63
10 84 90
10 85 38
10 86 37
10 87 44
10 88 64
10 89 41
10 90 83
10 91 100
10 92 90
10 93 85
10 94 77
10 95 83
10 96 80
10 97 17
10 98 92
10 99 50
10 100 34
10 101 28
10 102 30
10 103 55
10 104 55
10 105 26
10 106 39
10 107 89
10 108 81
10 109 88
10 110 31
10 111 88
10 112 50
10 113 94
10 114 9
10 115 77
10 116 47
10 117 41
10 118 2
10 119 63
10 120 84
10 121 84
10 122 54
10 123 96
10 124 10
10 125 94
10 126 9
10 127 20
10 128 8
10 129 76
10 130 2
10 131 14
10 132 51
10 133 46
10 134 11
10 135 11
10 136 10
10 137 38
10 138 63
10 139 32
10 140 10
10 141 68
10 142 6
10 143 82
10 144 14
10 145 39
10 146 68
10 147 55
10 148 80
10 149 22
10 150 64
10 151 17
10 152 23
10 153 10
10 154 99
10 155 35
10 156 11
10 157 97
10 158 11
10 159 79
11 12 14
11 13 14
11 14 66
11 15 72
11 16 38
11 17 72
11 18 100
11 19 4
11 20 66
11 21 40
11 22 99
11 23 87
11 24 91
11 25 96
11 26 64
11 27 97
11 28 64
11 29 71
11 30 27
11 31 10
11 32 28
11 33 98
11 34 10
11 35 99
11 36 51
11 37 37
11 38 71
11 39 13
11 40 32
11 41 18
11 42 24
11 43 12
11 44 92
11 45 12
11 46 81
11 47 78
11 48 35
11 49 99
11 50 53
11 51 14
11 52 19
11 53 46
11 54 40
11 55 29
11 56 44
11 57 6
11 58 37
11 59 75
11 60 25
11 61 4
11 62 29
11 63 95
11 64 15
11 65 29
11 66 91
11 67 12
11 68 89
11 69 5
11 70 26
11 71 6
11 72 42
11 73 71
11 74 60
11 75 6
11 76 100
11 77 74
11 78 47
11 79 4
11 80 51
11 81 62
11 82 10
11 83 38
11 84 41
11 85 2
11 86 40
11 87 3
11 88 98
11 89 36
11 90 61
11 91 5
11 92 90
11 93 80
11 94 89
11 95 62
11 96 76
11 97 77
11 98 24
11 99 53
11 100 83
11 101 8
11 102 88
11 103 65
11 104 29
11 105 94
11 106 61
11 107 82
11 108 47
11 109 59
11 110 92
11 111 34
11 112 79
11 113 16
11 114 76
11 115 24
11 116 62
11 117 98
11 118 62
11 119 58
11 120 76
11 121 67
11 122 25
11 123 43
11 124 67
11 125 95
11 126 71
11 127 82
11 128 33
11 129 56
11 130 59
11 131 39
11 132 99
11 133 16
11 134 75
11 135 95
11 136 86
11 137 20
11 138 65
11 139 28
11 140 31
11 141 81
11 142 52
11 143 64
11 144 14
11 145 60
11 146 67
11 147 54
11 148 75
11 149 83
11 150 76
11 151 2
11 152 4
11 153 1
11 154 71
11 155 89
11 156 81
11 157 50
11 158 68
11 159 31
12 13 4
12 14 1
12 15 25
12 16 79
12 17 26
12 18 94
12 19 7
12 20 31
12 21 3
12 22 94
12 23 32
12 24 54
12 25 55
12 26 55
12 27 82
12 28 63
12 29 43
12 30 40
12 31 38
12 32 95
12 33 96
12 34 98
12 35 83
12 36 77
12 37 69
12 38 31
12 39 28
12 40 39
12 41 33
12 42 38
12 43 70
12 44 69
12 45 93
12 46 5
12 47 24
12 48 44
12 49 22
12 50 25
12 51 73
12 52 4
12 53 79
12 54 27
12 55 31
12 56 56
12 57 72
12 58 57
12 59 73
12 60 79
12 61 33
12 62 71
12 63 80
12 64 89
12 65 32
12 66 75
12 67 64
12 68 74
12 69 94
12 70 30
12 71 16
12 72 55
12 73 19
12 74 66
12 75 85
12 76 97
12 77 46
12 78 26
12 79 37
12 80 79
12 81 55
12 82 96
12 83 49
12 84 11
12 85 56
12 86 70
12 87 23
12 88 91
12 89 9
12 90 60
12 91 13
12 92 17
12 93 52
12 94 61
12 95 2
12 96 42
12 97 45
12 98 3
12 99 7
12 100 73
12 101 63
12 102 55
12 103 67
12 104 24
12 105 66
12 106 99
12 107 13
12 108 3
12 109 34
12 110 98
12 111 65
12 112 16
12 113 20
12 114 96
12 115 18
12 116 93
12 117 29
12 118 11
12 119 52
12 120 44
12 121 23
12 122 95
12 123 41
12 124 77
12 125 46
12 126 11
12 127 66
12 128 14
12 129 44
12 130 57
12 131 61
12 132 93
12 133 60
12 134 40
12 135 39
12 136 59
12 137 49
12 138 17
12 139 71
12 140 57
12 141 17
12 142 27
12 143 92
12 144 99
12 145 39
12 146 21
12 147 55
12 148 45
12 149 13
12 150 95
12 151 20
12 152 53
12 153 62
12 154 54
12 155 30
12 156 23
12 157 44
12 158 30
12 159 20
13 14 85
13 15 68
13 16 46
13 17 37
13 18 76
13 19 82
13 20 34
13 21 51
13 22 10
13 23 91
13 24 11
13 25 69
13 26 41
13 27 5
13 28 91
13 29 35
13 30 66
13 31 34
13 32 77
13 33 40
13 34 98
13 35 74
13 36 72
13 37 96
13 38 71
13 39 53
13 40 33
13 41 78
13 42 17
13 43 1
13 44 94
13 45 39
13 46 8
13 47 61
13 48 70
13 49 81
13 50 45
13 51 57
13 52 45
13 53 92
13 54 40
13 55 82
13 56 94
13 57 81
13 58 8
13 59 8
13 60 84
13 61 10
13 62 38
13 63 53
13 64 25
13 65 49
13 66 17
13 67 64
13 68 71
13 69 47
13 70 38
13 71 76
13 72 19
13 73 7
13 74 34
13 75 2
13 76 56
13 77 91
13 78 27
13 79 24
13 80 61
13 81 89
13 82 45
13 83 50
13 84 44
13 85 97
13 86 76
13 87 72
13 88 52
13 89 95
13 90 9
13 91 2
13 92 25
13 93 92
13 94 46
13 95 4
13 96 21
13 97 27
13 98 82
13 99 75
13 100 70
13 101 76
13 102 85
13 103 16
13 104 76
13 105 18
13 106 6
13 107 38
13 108 8
13 109 29
13 110 14
13 111 47
13 112 41
13 113 75
13 114 59
13 115 87
13 116 9
13 117 24
13 118 88
13 119 8
13 120 44
13 121 28
13 122 77
13 123 48
13 124 92
13 125 24
13 126 22
13 127 26
13 128 59
13 129 100
13 130 83
13 131 27
13 132 17
13 133 51
13 134 100
13 135 48
13 136 58
13 137 27
13 138 8
13 139 71
13 140 89
13 141 62
13 142 97
13 143 4
13 144 73
13 145 51
13 146 9
13 147 8
13 148 93
13 149 57
13 150 86
13 151 86
13 152 23
13 153 88
13 154 21
13 155 55
13 156 32
13 157 28
13 158 19
13 159 88
14 15 53
14 16 6
14 17 8
14 18 21
14 19 33
14 20 71
14 21 11
14 22 18
14 23 97
14 24 38
14 25 5
14 26 85
14 27 27
14 28 66
14 29 89
14 30 91
14 31 98
14 32 46
14 33 39
14 34 34
14 35 95
14 36 90
14 37 68
14 38 2
14 39 22
14 40 90
14 41 16
14 42 72
14 43 86
14 44 97
14 45 97
14 46 10
14 47 59
14 48 7
14 49 42
14 50 100
14 51 20
14 52 100
14 53 68
14 54 90
14 55 17
14 56 66
14 57 41
14 58 29
14 59 3
14 60 27
14 61 69
14 62 91
14 63 87
14 64 71
14 65 21
14 66 10
14 67 76
14 68 9
14 69 33
14 70 60
14 71 40
14 72 27
14 73 16
14 74 5
14 75 29
14 76 41
14 77 34
14 78 97
14 79 41
14 80 96
14 81 23
14 82 55
14 83 14
14 84 41
14 85 28
14 86 86
14 87 45
14 88 17
14 89 54
14 90 20
14 91 89
14 92 17
14 93 35
14 94 4
14 95 83
14 96 34
14 97 40
14 98 100
14 99 44
14 100 69
14 101 12
14 102 7
14 103 38
14 104 84
14 105 49
14 106 43
14 107 87
14 108 58
14 109 9
14 110 36
14 111 76
14 112 40
14 113 41
14 114 29
14 115 23
14 116 26
14 117 46
14 118 64
14 119 63
14 120 88
14 121 91
14 122 84
14 123 79
14 124 19
14 125 36
14 126 22
14 127 53
14 128 65
14 129 97
14 130 78
14 131 62
14 132 99
14 133 46
14 134 3
14 135 90
14 136 49
14 137 93
14 138 68
14 139 56
14 140 81
14 141 55
14 142 20
14 143 67
14 144 2
14 145 69
14 146 75
14 147 6
14 148 64
14 149 100
14 150 71
14 151 89
14 152 68
14 153 30
14 154 71
14 155 94
14 156 1
14 157 26
14 158 47
14 159 78
15 16 61
15 17 100
15 18 19
15 19 65
15 20 38
15 21 55
15 22 46
15 23 33
15 24 93
15 25 63
15 26 45
15 27 59
15 28 76
15 29 45
15 30 70
15 31 73
15 32 20
15 33 10
15 34 81
15 35 60
15 36 75
15 37 75
15 38 93
15 39 95
15 40 7
15 41 24
15 42 18
15 43 81
15 44 49
15 45 40
15 46 63
15 47 70
15 48 76
15 49 20
15 50 43
15 51 17
15 52 98
15 53 88
15 54 44
15 55 95
15 56 66
15 57 67
15 58 42
15 59 19
15 60 32
15 61 40
15 62 13
15 63 32
15 64 49
15 65 10
15 66 62
15 67 66
15 68 6
15 69 87
15 70 13
15 71 63
15 72 52
15 73 19
15 74 3
15 75 9
15 76 11
15 77 24
15 78 22
15 79 92
15 80 82
15 81 63
15 82 91
15 83 12
15 84 15
15 85 20
15 86 53
15 87 7
15 88 91
15 89 40
15 90 66
15 91 78
15 92 46
15 93 48
15 94 52
15 95 64
15 96 44
15 97 48
15 98 2
15 99 29
15 100 99
15 101 85
15 102 82
15 103 54
15 104 92
15 105 69
15 106 18
15 107 33
15 108 17
15 109 17
15 110 70
15 111 71
15 112 62
15 113 51
15 114 37
15 115 87
15 116 38
15 117 70
15 118 65
15 119 20
15 120 38
15 121 66
15 122 2
15 123 17
15 124 59
15 125 62
15 126 50
15 127 30
15 128 72
15 129 24
15 130 96
15 131 90
15 132 97
15 133 25
15 134 86
15 135 44
15 136 56
15 137 40
15 138 50
15 139 14
15 140 52
15 141 8
15 142 82
15 143 18
15 144 22
15 145 36
15 146 40
15 147 69
15 148 96
15 149 92
15 150 29
15 151 53
15 152 100
15 153 98
15 154 11
15 155 30
15 156 27
15 157 71
15 158 65
15 159 31
16 17 78
16 18 49
16 19 90
16 20 72
16 21 12
16 22 87
16 23 65
16 24 36
16 25 97
16 26 8
16 27 57
16 28 58
16 29 53
16 30 14
16 31 56
16 32 31
16 33 48
16 34 41
16 35 39
16 36 82
16 37 19
16 38 63
16 39 55
16 40 9
16 41 77
16 42 89
16 43 9
16 44 3
16 45 26
16 46 85
16 47 52
16 48 27
16 49 43
16 50 64
16 51 15
16 52 36
16 53 12
16 54 85
16 55 86
16 56 71
16 57 70
16 58 75
16 59 60
16 60 22
16 61 20
16 62 23
16 63 38
16 64 33
16 65 88
16 66 42
16 67 40
16 68 49
16 69 93
16 70 69
16 71 32
16 72 84
16 73 92
16 74 97
16 75 1
16 76 69
16 77 66
16 78 5
16 79 19
16 80 34
16 81 74
16 82 91
16 83 88
16 84 21
16 85 5
16 86 44
16 87 82
16 88 99
16 89 28
16 90 19
16 91 83
16 92 85
16 93 32
16 94 63
16 95 74
16 96 19
16 97 29
16 98 6
16 99 36
16 100 73
16 101 28
16 102 55
16 103 56
16 104 69
16 105 58
16 106 71
16 107 4
16 108 58
16 109 12
16 110 12
16 111 67
16 112 38
16 113 5
16 114 97
16 115 15
16 116 3
16 117 72
16 118 50
16 119 89
16 120 69
16 121 75
16 122 60
16 123 91
16 124 48
16 125 1
16 126 37
16 127 17
16 128 40
16 129 5
16 130 35
16 131 33
16 132 96
16 133 7
16 134 72
16 135 100
16 136 70
16 137 53
16 138 33
16 139 83
16 140 36
16 141 43
16 142 74
16 143 91
16 144 52
16 145 27
16 146 98
16 147 57
16 148 76
16 149 86
16 150 2
16 151 3
16 152 15
16 153 10
16 154 30
16 155 5
16 156 30
16 157 38
16 158 32
16 159 87
17 18 66
17 19 65
17 20 58
17 21 17
17 22 39
17 23 41
17 24 27
17 25 9
17 26 32
17 27 55
17 28 22
17 29 22
17 30 75
17 31 47
17 32 49
17 33 57
17 34 64
17 35 71
17 36 85
17 37 1
17 38 42
17 39 39
17 40 35
17 41 71
17 42 8
17 43 33
17 44 91
17 45 75
17 46 81
17 47 33
17 48 26
17 49 10
17 50 52
17 51 99
17 52 94
17 53 30
17 54 85
17 55 23
17 56 86
17 57 50
17 58 39
17 59 72
17 60 85
17 61 38
17 62 62
17 63 41
17 64 33
17 65 66
17 66 56
17 67 96
17 68 30
17 69 16
17 70 6
17 71 77
17 72 97
17 73 8
17 74 6
17 75 1
17 76 93
17 77 21
17 78 16
17 79 73
17 80 71
17 81 60
17 82 74
17 83 63
17 84 86
17 85 5
17 86 23
17 87 78
17 88 61
17 89 14
17 90 86
17 91 87
17 92 10
17 93 48
17 94 20
17 95 76
17 96 99
17 97 4
17 98 62
17 99 12
17 100 66
17 101 25
17 102 98
17 103 42
17 104 86
17 105 100
17 106 48
17 107 94
17 108 100
17 109 55
17 110 72
17 111 29
17 112 78
17 113 7
17 114 4
17 115 3
17 116 12
17 117 44
17 118 64
17 119 71
17 120 26
17 121 42
17 122 3
17 123 21
17 124 60
17 125 89
17 126 32
17 127 27
17 128 7
17 129 19
17 130 95
17 131 76
17 132 39
17 133 21
17 134 27
17 135 10
17 136 77
17 137 24
17 138 36
17 139 100
17 140 12
17 141 92
17 142 4
17 143 87
17 144 89
17 145 50
17 146 86
17 147 21
17 148 13
17 149 41
17 150 37
17 151 41
17 152 68
17 153 29
17 154 49
17 155 87
17 156 17
17 157 39
17 158 47
17 159 87
18 19 61
18 20 59
18 21 75
18 22 93
18 23 2
18 24 74
18 25 70
18 26 70
18 27 51
18 28 70
18 29 88
18 30 9
18 31 85
18 32 98
18 33 1
18 34 90
18 35 6
18 36 20
18 37 9
18 38 78
18 39 11
18 40 36
18 41 94
18 42 43
18 43 53
18 44 62
18 45 75
18 46 75
18 47 31
18 48 21
18 49 59
18 50 76
18 51 82
18 52 94
18 53 92
18 54 30
18 55 27
18 56 40
18 57 1
18 58 48
18 59 44
18 60 25
18 61 99
18 62 68
18 63 47
18 64 67
18 65 96
18 66 11
18 67 81
18 68 95
18 69 79
18 70 89
18 71 49
18 72 95
18 73 65
18 74 51
18 75 75
18 76 81
18 77 25
18 78 42
18 79 73
18 80 64
18 81 69
18 82 59
18 83 36
18 84 80
18 85 32
18 86 99
18 87 89
18 88 77
18 89 68
18 90 77
18 91 67
18 92 9
18 93 58
18 94 60
18 95 48
18 96 49
18 97 13
18 98 49
18 99 3
18 100 17
18 101 8
18 102 11
18 103 53
18 104 22
18 105 3
18 106 59
18 107 63
18 108 95
18 109 42
18 110 11
18 111 29
18 112 24
18 113 95
18 114 56
18 115 27
18 116 51
18 117 83
18 118 49
18 119 35
18 120 74
18 121 66
18 122 47
18 123 92
18 124 7
18 125 25
18 126 17
18 127 27
18 128 90
18 129 35
18 130 60
18 131 31
18 132 100
18 133 71
18 134 81
18 135 9
18 136 25
18 137 54
18 138 94
18 139 7
18 140 13
18 141 6
18 142 53
18 143 39
18 144 49
18 145 1
18 146 53
18 147 74
18 148 58
18 149 31
18 150 52
18 151 87
18 152 28
18 153 76
18 154 43
18 155 93
18 156 27
18 157 55
18 158 37
18 159 18
19 20 15
19 21 36
19 22 90
19 23 93
19 24 19
19 25 29
19 26 72
19 27 24
19 28 84
19 29 47
19 30 93
19 31 42
19 32 3
19 33 95
19 34 37
19 35 4
19 36 8
19 37 6
19 38 27
19 39 93
19 40 94
19 41 56
19 42 59
19 43 1
19 44 88
19 45 32
19 46 10
19 47 67
19 48 21
19 49 37
19 50 73
19 51 11
19 52 51
19 53 99
19 54 3
19 55 26
19 56 97
19 57 67
19 58 92
19 59 21
19 60 42
19 61 3
19 62 44
19 63 73
19 64 2
19 65 94
19 66 28
19 67 24
19 68 88
19 69 70
19 70 91
19 71 93
19 72 97
19 73 75
19 74 43
19 75 75
19 76 7
19 77 9
19 78 82
19 79 99
19 80 50
19 81 22
19 82 65
19 83 84
19 84 15
19 85 33
19 86 51
19 87 63
19 88 21
19 89 11
19 90 67
19 91 16
19 92 74
19 93 48
19 94 7
19 95 2
19 96 3
19 97 35
19 98 89
19 99 12
19 100 40
19 101 41
19 102 82
19 103 45
19 104 69
19 105 39
19 106 78
19 107 63
19 108 54
19 109 4
19 110 7
19 111 21
19 112 48
19 113 41
19 114 66
19 115 62
19 116 1
19 117 55
19 118 8
19 119 38
19 120 79
19 121 71
19 122 34
19 123 48
19 124 41
19 125 50
19 126 80
19 127 1
19 128 60
19 129 65
19 130 17
19 131 14
19 132 24
19 133 32
19 134 68
19 135 95
19 136 86
19 137 90
19 138 88
19 139 9
19 140 70
19 141 49
19 142 43
19 143 45
19 144 51
19 145 46
19 146 73
19 147 80
19 148 51
19 149 46
19 150 48
19 151 36
19 152 45
19 153 73
19 154 26
19 155 37
19 156 47
19 157 41
19 158 71
19 159 6
20 21 59
20 22 36
20 23 6
20 24 82
20 25 87
20 26 97
20 27 59
20 28 76
20 29 13
20 30 7
20 31 12
20 32 45
20 33 35
20 34 29
20 35 63
20 36 80
20 37 9
20 38 96
20 39 46
20 40 99
20 41 5
20 42 87
20 43 48
20 44 39
20 45 47
20 46 23
20 47 83
20 48 81
20 49 5
20 50 57
20 51 43
20 52 30
20 53 4
20 54 54
20 55 82
20 56 35
20 57 27
20 58 82
20 59 56
20 60 8
20 61 85
20 62 90
20 63 37
20 64 98
20 65 49
20 66 85
20 67 14
20 68 45
20 69 39
20 70 5
20 71 29
20 72 27
20 73 30
20 74 96
20 75 29
20 76 89
20 77 7
20 78 28
20 79 20
20 80 13
20 81 34
20 82 99
20 83 2
20 84 81
20 85 86
20 86 98
20 87 64
20 88 89
20 89 64
20 90 24
20 91 45
20 92 15
20 93 54
20 94 55
20 95 2
20 96 91
20 97 17
20 98 83
20 99 67
20 100 70
20 101 6
20 102 68
20 103 73
20 104 22
20 105 29
20 106 25
20 107 65
20 108 17
20 109 83
20 110 3
20 111 10
20 112 96
20 113 95
20 114 9
20 115 67
20 116 88
20 117 47
20 118 57
20 119 43
20 120 51
20 121 92
20 122 62
20 123 25
20 124 42
20 125 61
20 126 86
20 127 86
20 128 86
20 129 70
20 130 44
20 131 51
20 132 30
20 133 14
20 134 97
20 135 37
20 136 3
20 137 55
20 138 64
20 139 7
20 140 76
20 141 52
20 142 41
20 143 45
20 144 67
20 145 17
20 146 25
20 147 53
20 148 68
20 149 33
20 150 95
20 151 69
20 152 28
20 153 11
20 154 54
20 155 53
20 156 50
20 157 26
20 158 69
20 159 92
21 22 7
21 23 12
21 24 15
21 25 35
21 26 39
21 27 14
21 28 42
21 29 40
21 30 39
21 31 50
21 32 83
21 33 5
21 34 8
21 35 14
21 36 79
21 37 70
21 38 47
21 39 80
21 40 21
21 41 32
21 42 37
21 43 93
21 44 48
21 45 50
21 46 58
21 47 32
21 48 8
21 49 68
21 50 19
21 51 66
21 52 41
21 53 91
21 54 10
21 55 25
21 56 12
21 57 62
21 58 62
21 59 13
21 60 4
21 61 57
21 62 34
21 63 43
21 64 96
21 65 97
21 66 30
21 67 29
21 68 24
21 69 35
21 70 28
21 71 42
21 72 73
21 73 9
21 74 61
21 75 50
21 76 51
21 77 32
21 78 30
21 79 59
21 80 8
21 81 38
21 82 39
21 83 42
21 84 27
21 85 5
21 86 78
21 87 91
21 88 16
21 89 77
21 90 21
21 91 85
21 92 13
21 93 55
21 94 16
21 95 90
21 96 57
21 97 92
21 98 81
21 99 79
21 100 17
21 101 11
21 102 46
21 103 92
21 104 68
21 105 24
21 106 27
21 107 4
21 108 18
21 109 2
21 110 42
21 111 44
21 112 57
21 113 69
21 114 95
21 115 87
21 116 60
21 117 63
21 118 33
21 119 88
21 120 53
21 121 72
21 122 69
21 123 10
21 124 7
21 125 11
21 126 77
21 127 27
21 128 88
21 129 24
21 130 63
21 131 50
21 132 98
21 133 29
21 134 57
21 135 53
21 136 13
21 137 78
21 138 85
21 139 15
21 140 53
21 141 71
21 142 14
21 143 65
21 144 92
21 145 8
21 146 58
21 147 10
21 148 36
21 149 85
21 150 59
21 151 81
21 152 15
21 153 46
21 154 79
21 155 88
21 156 17
21 157 33
21 158 37
21 159 5
22 23 44
22 24 67
22 25 64
22 26 52
22 27 65
22 28 7
22 29 78
22 30 41
22 31 2
22 32 21
22 33 98
22 34 77
22 35 19
22 36 43
22 37 93
22 38 69
22 39 97
22 40 61
22 41 12
22 42 100
22 43 20
22 44 18
22 45 72
22 46 32
22 47 72
22 48 82
22 49 79
22 50 53
22 51 98
22 52 44
22 53 62
22 54 55
22 55 87
22 56 57
22 57 2
22 58 89
22 59 95
22 60 13
22 61 40
22 62 17
22 63 53
22 64 79
22 65 38
22 66 2
22 67 49
22 68 12
22 69 82
22 70 80
22 71 60
22 72 39
22 73 66
22 74 85
22 75 61
22 76 95
22 77 29
22 78 76
22 79 77
22 80 67
22 81 52
22 82 6
22 83 3
22 84 10
22 85 7
22 86 49
22 87 62
22 88 80
22 89 56
22 90 64
22 91 60
22 92 39
22 93 19
22 94 97
22 95 15
22 96 64
22 97 71
22 98 66
22 99 91
22 100 56
22 101 42
22 102 28
22 103 66
22 104 10
22 105 99
22 106 58
22 107 63
22 108 82
22 109 36
22 110 27
22 111 70
22 112 20
22 113 15
22 114 12
22 115 1
22 116 23
22 117 76
22 118 37
22 119 11
22 120 66
22 121 76
22 122 22
22 123 46
22 124 78
22 125 100
22 126 13
22 127 92
22 128 26
22 129 5
22 130 68
22 131 44
22 132 7
22 133 5
22 134 29
22 135 91
22 136 32
22 137 45
22 138 4
22 139 89
22 140 82
22 141 6
22 142 26
22 143 19
22 144 19
22 145 90
22 146 7
22 147 9
22 148 77
22 149 84
22 150 49
22 151 15
22 152 29
22 153 87
22 154 98
22 155 11
22 156 73
22 157 21
22 158 18
22 159 30
23 24 72
23 25 79
23 26 49
23 27 55
23 28 96
23 29 6
23 30 60
23 31 87
23 32 61
23 33 99
23 34 22
23 35 55
23 36 97
23 37 71
23 38 41
23 39 16
23 40 42
23 41 32
23 42 18
23 43 94
23 44 30
23 45 61
23 46 34
23 47 80
23 48 44
23 49 67
23 50 10
23 51 86
23 52 96
23 53 85
23 54 69
23 55 31
23 56 97
23 57 51
23 58 91
23 59 87
23 60 64
23 61 85
23 62 87
23 63 37
23 64 15
23 65 54
23 66 42
23 67 42
23 68 67
23 69 90
23 70 65
23 71 51
23 72 70
23 73 14
23 74 3
23 75 50
23 76 36
23 77 14
23 78 76
23 79 100
23 80 65
23 81 37
23 82 19
23 83 84
23 84 47
23 85 78
23 86 6
23 87 23
23 88 56
23 89 92
23 90 27
23 91 49
23 92 19
23 93 53
23 94 29
23 95 82
23 96 34
23 97 37
23 98 91
23 99 91
23 100 94
23 101 39
23 102 89
23 103 35
23 104 39
23 105 32
23 106 51
23 107 61
23 108 39
23 109 96
23 110 34
23 111 11
23 112 70
23 113 73
23 114 68
23 115 12
23 116 83
23 117 82
23 118 85
23 119 21
23 120 82
23 121 43
23 122 98
23 123 40
23 124 1
23 125 50
23 126 15
23 127 91
23 128 53
23 129 84
23 130 75
23 131 33
23 132 18
23 133 72
23 134 78
23 135 59
23 136 2
23 137 78
23 138 97
23 139 77
23 140 16
23 141 31
23 142 43
23 143 75
23 144 53
23 145 61
23 146 27
23 147 15
23 148 78
23 149 47
23 150 3
23 151 69
23 152 87
23 153 17
23 154 45
23 155 59
23 156 60
23 157 97
23 158 66
23 159 3
24 25 37
24 26 90
24 27 64
24 28 66
24 29 43
24 30 25
24 31 98
24 32 92
24 33 1
24 34 94
24 35 54
24 36 28
24 37 60
24 38 74
24 39 6
24 40 4
24 41 99
24 42 67
24 43 79
24 44 100
24 45 93
24 46 70
24 47 42
24 48 88
24 49 2
24 50 19
24 51 78
24 52 91
24 53 97
24 54 31
24 55 94
24 56 68
24 57 18
24 58 9
24 59 22
24 60 7
24 61 20
24 62 27
24 63 69
24 64 39
24 65 36
24 66 11
24 67 70
24 68 37
24 69 96
24 70 8
24 71 30
24 72 90
24 73 22
24 74 7
24 75 85
24 76 94
24 77 56
24 78 4
24 79 23
24 80 97
24 81 60
24 82 94
24 83 59
24 84 98
24 85 38
24 86 98
24 87 74
24 88 41
24 89 67
24 90 65
24 91 30
24 92 6
24 93 79
24 94 74
24 95 77
24 96 8
24 97 50
24 98 37
24 99 4
24 100 1
24 101 71
24 102 94
24 103 97
24 104 51
24 105 14
24 106 47
24 107 1
24 108 84
24 109 36
24 110 19
24 111 54
24 112 39
24 113 22
24 114 89
24 115 42
24 116 13
24 117 69
24 118 98
24 119 35
24 120 18
24 121 72
24 122 73
24 123 34
24 124 51
24 125 40
24 126 83
24 127 2
24 128 88
24 129 25
24 130 56
24 131 69
24 132 62
24 133 92
24 134 12
24 135 17
24 136 16
24 137 99
24 138 17
24 139 33
24 140 1
24 141 49
24 142 7
24 143 97
24 144 61
24 145 9
24 146 35
24 147 23
24 148 70
24 149 47
24 150 12
24 151 32
24 152 95
24 153 92
24 154 25
24 155 90
24 156 73
24 157 46
24 158 66
24 159 93
25 26 75
25 27 63
25 28 59
25 29 6
25 30 45
25 31 46
25 32 63
25 33 16
25 34 92
25 35 34
25 36 38
25 37 70
25 38 80
25 39 64
25 40 13
25 41 46
25 42 89
25 43 12
25 44 15
25 45 61
25 46 86
25 47 23
25 48 89
25 49 99
25 50 19
25 51 28
25 52 41
25 53 59
25 54 99
25 55 1
25 56 100
25 57 59
25 58 64
25 59 60
25 60 11
25 61 66
25 62 90
25 63 31
25 64 87
25 65 43
25 66 56
25 67 19
25 68 33
25 69 30
25 70 98
25 71 3
25 72 69
25 73 33
25 74 46
25 75 82
25 76 8
25 77 100
25 78 9
25 79 9
25 80 5
25 81 32
25 82 10
25 83 17
25 84 17
25 85 98
25 86 8
25 87 82
25 88 49
25 89 68
25 90 94
25 91 9
25 92 22
25 93 81
25 94 74
25 95 47
25 96 8
25 97 60
25 98 36
25 99 64
25 100 56
25 101 16
25 102 27
25 103 80
25 104 82
25 105 34
25 106 45
25 107 35
25 108 40
25 109 81
25 110 68
25 111 39
25 112 98
25 113 12
25 114 24
25 115 26
25 116 10
25 117 63
25 118 34
25 119 8
25 120 44
25 121 33
25 122 26
25 123 95
25 124 96
25 125 94
25 126 30
25 127 63
25 128 42
25 129 30
25 130 38
25 131 57
25 132 35
25 133 72
25 134 84
25 135 59
25 136 29
25 137 39
25 138 25
25 139 85
25 140 86
25 141 51
25 142 93
25 143 75
25 144 4
25 145 31
25 146 17
25 147 23
25 148 79
25 149 2
25 150 96
25 151 22
25 152 64
25 153 21
25 154 95
25 155 46
25 156 32
25 157 33
25 158 86
25 159 9
26 27 85
26 28 96
26 29 61
26 30 87
26 31 23
26 32 55
26 33 60
26 34 51
26 35 74
26 36 71
26 37 39
26 38 61
26 39 51
26 40 47
26 41 64
26 42 14
26 43 80
26 44 62
26 45 25
26 46 40
26 47 9
26 48 38
26 49 87
26 50 36
26 51 58
26 52 56
26 53 52
26 54 49
26 55 91
26 56 39
26 57 66
26 58 83
26 59 96
26 60 21
26 61 38
26 62 47
26 63 24
26 64 90
26 65 31
26 66 26
26 67 38
26 68 42
26 69 67
26 70 94
26 71 100
26 72 30
26 73 2
26 74 14
26 75 53
26 76 62
26 77 33
26 78 5
26 79 3
26 80 30
26 81 53
26 82 69
26 83 3
26 84 3
26 85 36
26 86 97
26 87 3
26 88 30
26 89 90
26 90 57
26 91 60
26 92 96
26 93 32
26 94 76
26 95 29
26 96 71
26 97 74
26 98 3
26 99 82
26 100 95
26 101 11
26 102 86
26 103 24
26 104 81
26 105 26
26 106 13
26 107 98
26 108 81
26 109 78
26 110 1
26 111 93
26 112 62
26 113 45
26 114 75
26 115 59
26 116 82
26 117 36
26 118 9
26 119 89
26 120 40
26 121 8
26 122 10
26 123 89
26 124 17
26 125 23
26 126 79
26 127 77
26 128 37
26 129 50
26 130 57
26 131 92
26 132 41
26 133 80
26 134 94
26 135 23
26 136 52
26 137 14
26 138 27
26 139 26
26 140 64
26 141 8
26 142 82
26 143 98
26 144 53
26 145 48
26 146 81
26 147 12
26 148 64
26 149 3
26 150 70
26 151 8
26 152 42
26 153 46
26 154 60
26 155 34
26 156 100
26 157 71
26 158 32
26 159 28
27 28 81
27 29 19
27 30 3
27 31 90
27 32 62
27 33 24
27 34 78
27 35 57
27 36 39
27 37 30
27 38 13
27 39 83
27 40 94
27 41 88
27 42 39
27 43 53
27 44 22
27 45 60
27 46 13
27 47 2
27 48 76
27 49 18
27 50 100
27 51 75
27 52 15
27 53 96
27 54 37
27 55 60
27 56 42
27 57 95
27 58 72
27 59 78
27 60 90
27 61 26
27 62 43
27 63 31
27 64 10
27 65 37
27 66 71
27 67 10
27 68 77
27 69 49
27 70 56
27 71 76
27 72 77
27 73 16
27 74 90
27 75 62
27 76 46
27 77 16
27 78 11
27 79 43
27 80 19
27 81 91
27 82 72
27 83 75
27 84 95
27 85 18
27 86 21
27 87 50
27 88 48
27 89 97
27 90 6
27 91 23
27 92 75
27 93 78
27 94 70
27 95 22
27 96 62
27 97 35
27 98 2
27 99 61
27 100 48
27 101 5
27 102 4
27 103 47
27 104 70
27 105 71
27 106 63
27 107 57
27 108 32
27 109 87
27 110 48
27 111 66
27 112 74
27 113 76
27 114 8
27 115 10
27 116 82
27 117 44
27 118 72
27 119 28
27 120 7
27 121 87
27 122 54
27 123 76
27 124 3
27 125 68
27 126 53
27 127 40
27 128 12
27 129 55
27 130 70
27 131 81
27 132 71
27 133 6
27 134 42
27 135 1
27 136 10
27 137 34
27 138 10
27 139 16
27 140 90
27 141 20
27 142 43
27 143 73
27 144 36
27 145 82
27 146 13
27 147 81
27 148 93
27 149 8
27 150 44
27 151 20
27 152 65
27 153 11
27 154 33
27 155 39
27 156 92
27 157 41
27 158 46
27 159 92
28 29 35
28 30 19
28 31 58
28 32 65
28 33 46
28 34 85
28 35 15
28 36 91
28 37 45
28 38 93
28 39 92
28 40 54
28 41 77
28 42 65
28 43 73
28 44 85
28 45 63
28 46 5
28 47 57
28 48 96
28 49 83
28 50 22
28 51 76
28 52 38
28 53 57
28 54 34
28 55 90
28 56 100
28 57 80
28 58 28
28 59 44
28 60 63
28 61 70
28 62 49
28 63 60
28 64 58
28 65 7
28 66 44
28 67 17
28 68 96
28 69 9
28 70 68
28 71 36
28 72 40
28 73 3
28 74 18
28 75 58
28 76 42
28 77 65
28 78 60
28 79 52
28 80 55
28 81 100
28 82 25
28 83 60
28 84 54
28 85 1
28 86 99
28 87 11
28 88 70
28 89 62
28 90 27
28 91 40
28 92 53
28 93 48
28 94 94
28 95 57
28 96 51
28 97 20
28 98 70
28 99 41
28 100 57
28 101 38
28 102 14
28 103 37
28 104 82
28 105 95
28 106 27
28 107 70
28 108 53
28 109 30
28 110 48
28 111 57
28 112 85
28 113 31
28 114 29
28 115 30
28 116 33
28 117 94
28 118 96
28 119 37
28 120 56
28 121 26
28 122 78
28 123 12
28 124 18
28 125 30
28 126 51
28 127 51
28 128 100
28 129 6
28 130 74
28 131 93
28 132 41
28 133 17
28 134 74
28 135 1
28 136 63
28 137 36
28 138 35
28 139 9
28 140 43
28 141 12
28 142 54
28 143 28
28 144 87
28 145 6
28 146 6
28 147 94
28 148 53
28 149 87
28 150 81
28 151 49
28 152 78
28 153 71
28 154 32
28 155 19
28 156 10
28 157 41
28 158 68
28 159 6
29 30 89
29 31 41
29 32 92
29 33 43
29 34 63
29 35 83
29 36 49
29 37 45
29 38 89
29 39 96
29 40 32
29 41 34
29 42 29
29 43 28
29 44 58
29 45 18
29 46 93
29 47 82
29 48 28
29 49 72
29 50 41
29 51 24
29 52 53
29 53 83
29 54 76
29 55 18
29 56 41
29 57 50
29 58 37
29 59 59
29 60 62
29 61 20
29 62 55
29 63 50
29 64 79
29 65 54
29 66 4
29 67 3
29 68 23
29 69 89
29 70 2
29 71 60
29 72 50
29 73 94
29 74 94
29 75 3
29 76 45
29 77 29
29 78 30
29 79 99
29 80 30
29 81 93
29 82 73
29 83 87
29 84 83
29 85 65
29 86 49
29 87 89
29 88 21
29 89 2
29 90 55
29 91 2
29 92 83
29 93 97
29 94 63
29 95 68
29 96 40
29 97 26
29 98 8
29 99 37
29 100 79
29 101 37
29 102 21
29 103 32
29 104 11
29 105 13
29 106 13
29 107 88
29 108 29
29 109 7
29 110 71
29 111 61
29 112 75
29 113 61
29 114 99
29 115 8
29 116 92
29 117 20
29 118 53
29 119 49
29 120 84
29 121 10
29 122 88
29 123 2
29 124 60
29 125 16
29 126 1
29 127 88
29 128 29
29 129 66
29 130 72
29 131 59
29 132 65
29 133 62
29 134 41
29 135 44
29 136 35
29 137 50
29 138 88
29 139 77
29 140 52
29 141 98
29 142 95
29 143 37
29 144 30
29 145 32
29 146 7
29 147 17
29 148 90
29 149 74
29 150 30
29 151 85
29 152 14
29 153 80
29 154 23
29 155 99
29 156 51
29 157 74
29 158 49
29 159 34
30 31 96
30 32 49
30 33 4
30 34 38
30 35 52
30 36 22
30 37 35
30 38 17
30 39 40
30 40 83
30 41 36
30 42 85
30 43 61
30 44 46
30 45 9
30 46 70
30 47 51
30 48 98
30 49 74
30 50 83
30 51 33
30 52 54
30 53 91
30 54 82
30 55 74
30 56 94
30 57 41
30 58 8
30 59 60
30 60 20
30 61 60
30 62 47
30 63 59
30 64 97
30 65 4
30 66 53
30 67 52
30 68 26
30 69 79
30 70 11
30 71 5
30 72 82
30 73 30
30 74 80
30 75 47
30 76 82
30 77 54
30 78 68
30 79 100
30 80 58
30 81 46
30 82 70
30 83 54
30 84 93
30 85 66
30 86 19
30 87 43
30 88 59
30 89 50
30 90 84
30 91 54
30 92 72
30 93 36
30 94 33
30 95 24
30 96 15
30 97 68
30 98 80
30 99 37
30 100 40
30 101 98
30 102 94
30 103 76
30 104 68
30 105 51
30 106 4
30 107 30
30 108 60
30 109 22
30 110 60
30 111 71
30 112 64
30 113 13
30 114 43
30 115 29
30 116 28
30 117 83
30 118 43
30 119 81
30 120 45
30 121 4
30 122 84
30 123 16
30 124 71
30 125 48
30 126 9
30 127 53
30 128 35
30 129 52
30 130 48
30 131 35
30 132 40
30 133 58
30 134 59
30 135 44
30 136 98
30 137 15
30 138 24
30 139 81
30 140 21
30 141 42
30 142 39
30 143 28
30 144 68
30 145 91
30 146 56
30 147 3
30 148 57
30 149 44
30 150 8
30 151 21
30 152 21
30 153 85
30 154 31
30 155 52
30 156 65
30 157 93
30 158 98
30 159 69
31 32 91
31 33 6
31 34 37
31 35 38
31 36 41
31 37 73
31 38 29
31 39 84
31 40 5
31 41 20
31 42 54
31 43 8
31 44 91
31 45 19
31 46 32
31 47 81
31 48 91
31 49 97
31 50 14
31 51 9
31 52 46
31 53 26
31 54 21
31 55 39
31 56 47
31 57 41
31 58 17
31 59 72
31 60 34
31 61 33
31 62 45
31 63 47
31 64 90
31 65 49
31 66 27
31 67 93
31 68 44
31 69 35
31 70 65
31 71 39
31 72 39
31 73 6
31 74 84
31 75 12
31 76 11
31 77 14
31 78 3
31 79 36
31 80 27
31 81 4
31 82 33
31 83 28
31 84 14
31 85 34
31 86 96
31 87 82
31 88 33
31 89 3
31 90 27
31 91 91
31 92 52
31 93 30
31 94 21
31 95 10
31 96 79
31 97 86
31 98 44
31 99 9
31 100 10
31 101 20
31 102 29
31 103 7
31 104 4
31 105 23
31 106 66
31 107 48
31 108 79
31 109 78
31 110 15
31 111 78
31 112 11
31 113 78
31 114 37
31 115 15
31 116 36
31 117 99
31 118 49
31 119 43
31 120 6
31 121 46
31 122 55
31 123 86
31 124 98
31 125 28
31 126 57
31 127 67
31 128 59
31 129 47
31 130 71
31 131 82
31 132 26
31 133 63
31 134 81
31 135 38
31 136 2
31 137 43
31 138 38
31 139 42
31 140 99
31 141 85
31 142 55
31 143 17
31 144 79
31 145 1
31 146 99
31 147 8
31 148 86
31 149 2
31 150 79
31 151 42
31 152 71
31 153 89
31 154 86
31 155 84
31 156 64
31 157 79
31 158 82
31 159 88
32 33 50
32 34 100
32 35 64
32 36 71
32 37 86
32 38 4
32 39 21
32 40 100
32 41 4
32 42 39
32 43 47
32 44 91
32 45 86
32 46 40
32 47 82
32 48 91
32 49 74
32 50 19
32 51 64
32 52 27
32 53 79
32 54 17
32 55 90
32 56 88
32 57 19
32 58 65
32 59 79
32 60 26
32 61 60
32 62 99
32 63 10
32 64 94
32 65 21
32 66 96
32 67 14
32 68 24
32 69 82
32 70 5
32 71 80
32 72 61
32 73 50
32 74 34
32 75 84
32 76 78
32 77 98
32 78 90
32 79 75
32 80 29
32 81 98
32 82 83
32 83 1
32 84 37
32 85 11
32 86 66
32 87 67
32 88 62
32 89 2
32 90 85
32 91 85
32 92 47
32 93 2
32 94 64
32 95 95
32 96 37
32 97 88
32 98 54
32 99 40
32 100 11
32 101 33
32 102 43
32 103 75
32 104 70
32 105 10
32 106 98
32 107 84
32 108 6
32 109 5
32 110 40
32 111 39
32 112 48
32 113 87
32 114 99
32 115 6
32 116 95
32 117 84
32 118 34
32 119 17
32 120 71
32 121 35
32 122 9
32 123 90
32 124 49
32 125 34
32 126 86
32 127 5
32 128 13
32 129 75
32 130 42
32 131 45
32 132 21
32 133 79
32 134 12
32 135 24
32 136 34
32 137 65
32 138 7
32 139 22
32 140 86
32 141 32
32 142 87
32 143 1
32 144 20
32 145 32
32 146 99
32 147 14
32 148 74
32 149 24
32 150 17
32 151 91
32 152 100
32 153 58
32 154 86
32 155 52
32 156 53
32 157 8
32 158 42
32 159 28
33 34 94
33 35 3
33 36 81
33 37 95
33 38 13
33 39 29
33 40 80
33 41 39
33 42 14
33 43 24
33 44 96
33 45 83
33 46 79
33 47 83
33 48 69
33 49 59
33 50 87
33 51 73
33 52 19
33 53 70
33 54 20
33 55 85
33 56 100
33 57 65
33 58 87
33 59 44
33 60 20
33 61 91
33 62 92
33 63 24
33 64 6
33 65 84
33 66 18
33 67 7
33 68 81
33 69 94
33 70 15
33 71 87
33 72 34
33 73 49
33 74 68
33 75 82
33 76 57
33 77 13
33 78 38
33 79 54
33 80 79
33 81 18
33 82 25
33 83 100
33 84 25
33 85 85
33 86 63
33 87 86
33 88 68
33 89 78
33 90 92
33 91 44
33 92 16
33 93 40
33 94 45
33 95 15
33 96 33
33 97 27
33 98 3
33 99 1
33 100 96
33 101 41
33 102 43
33 103 41
33 104 76
33 105 95
33 106 78
33 107 50
33 108 57
33 109 39
33 110 24
33 111 44
33 112 86
33 113 8
33 114 92
33 115 19
33 116 89
33 117 87
33 118 30
33 119 80
33 120 86
33 121 17
33 122 69
33 123 47
33 124 78
33 125 79
33 126 95
33 127 33
33 128 91
33 129 40
33 130 3
33 131 25
33 132 75
33 133 29
33 134 37
33 135 73
33 136 34
33 137 83
33 138 10
33 139 95
33 140 68
33 141 74
33 142 22
33 143 81
33 144 83
33 145 5
33 146 12
33 147 53
33 148 81
33 149 69
33 150 26
33 151 16
33 152 22
33 153 100
33 154 84
33 155 69
33 156 90
33 157 3
33 158 81
33 159 34
34 35 48
34 36 5
34 37 81
34 38 94
34 39 42
34 40 70
34 41 48
34 42 22
34 43 29
34 44 79
34 45 85
34 46 61
34 47 50
34 48 52
34 49 76
34 50 56
34 51 79
34 52 75
34 53 59
34 54 32
34 55 90
34 56 10
34 57 25
34 58 49
34 59 34
34 60 40
34 61 50
34 62 97
34 63 36
34 64 98
34 65 30
34 66 16
34 67 7
34 68 79
34 69 30
34 70 8
34 71 67
34 72 30
34 73 96
34 74 59
34 75 68
34 76 93
34 77 100
34 78 81
34 79 72
34 80 38
34 81 84
34 82 76
34 83 19
34 84 79
34 85 35
34 86 6
34 87 91
34 88 36
34 89 18
34 90 69
34 91 83
34 92 75
34 93 45
34 94 21
34 95 56
34 96 45
34 97 63
34 98 9
34 99 66
34 100 36
34 101 100
34 102 96
34 103 51
34 104 75
34 105 83
34 106 5
34 107 57
34 108 95
34 109 16
34 110 45
34 111 22
34 112 41
34 113 45
34 114 36
34 115 35
34 116 94
34 117 5
34 118 2
34 119 50
34 120 61
34 121 75
34 122 46
34 123 11
34 124 11
34 125 51
34 126 2
34 127 47
34 128 75
34 129 63
34 130 72
34 131 53
34 132 52
34 133 55
34 134 96
34 135 11
34 136 54
34 137 38
34 138 5
34 139 50
34 140 15
34 141 67
34 142 54
34 143 61
34 144 31
34 145 81
34 146 99
34 147 80
34 148 5
34 149 15
34 150 86
34 151 42
34 152 21
34 153 41
34 154 32
34 155 17
34 156 43
34 157 85
34 158 88
34 159 90
35 36 43
35 37 63
35 38 21
35 39 50
35 40 90
35 41 69
35 42 82
35 43 59
35 44 22
35 45 53
35 46 90
35 47 8
35 48 12
35 49 96
35 50 52
35 51 68
35 52 34
35 53 40
35 54 83
35 55 5
35 56 33
35 57 15
35 58 65
35 59 23
35 60 45
35 61 31
35 62 80
35 63 83
35 64 54
35 65 48
35 66 54
35 67 76
35 68 96
35 69 51
35 70 27
35 71 60
35 72 85
35 73 24
35 74 5
35 75 7
35 76 33
35 77 30
35 78 77
35 79 27
35 80 22
35 81 3
35 82 8
35 83 49
35 84 46
35 85 60
35 86 85
35 87 53
35 88 55
35 89 54
35 90 48
35 91 73
35 92 16
35 93 61
35 94 68
35 95 77
35 96 14
35 97 9
35 98 8
35 99 22
35 100 48
35 101 51
35 102 30
35 103 94
35 104 88
35 105 90
35 106 22
35 107 36
35 108 47
35 109 75
35 110 14
35 111 36
35 112 76
35 113 74
35 114 66
35 115 24
35 116 19
35 117 44
35 118 55
35 119 93
35 120 67
35 121 9
35 122 30
35 123 16
35 124 99
35 125 90
35 126 39
35 127 16
35 128 66
35 129 34
35 130 27
35 131 48
35 132 69
35 133 8
35 134 24
35 135 75
35 136 66
35 137 32
35 138 39
35 139 30
35 140 30
35 141 100
35 142 46
35 143 41
35 144 73
35 145 6
35 146 53
35 147 23
35 148 36
35 149 56
35 150 83
35 151 79
35 152 62
35 153 74
35 154 93
35 155 54
35 156 57
35 157 40
35 158 96
35 159 90
36 37 75
36 38 61
36 39 1
36 40 43
36 41 61
36 42 68
36 43 68
36 44 5
36 45 11
36 46 99
36 47 64
36 48 74
36 49 94
36 50 83
36 51 81
36 52 34
36 53 6
36 54 72
36 55 1
36 56 37
36 57 13
36 58 55
36 59 38
36 60 2
36 61 2
36 62 32
36 63 80
36 64 96
36 65 46
36 66 2
36 67 95
36 68 57
36 69 83
36 70 70
36 71 23
36 72 36
36 73 12
36 74 55
36 75 79
36 76 63
36 77 51
36 78 98
36 79 79
36 80 69
36 81 27
36 82 32
36 83 82
36 84 26
36 85 49
36 86 76
36 87 51
36 88 58
36 89 44
36 90 28
36 91 9
36 92 29
36 93 3
36 94 87
36 95 19
36 96 79
36 97 12
36 98 71
36 99 3
36 100 34
36 101 18
36 102 29
36 103 22
36 104 50
36 105 81
36 106 1
36 107 6
36 108 58
36 109 16
36 110 85
36 111 19
36 112 74
36 113 63
36 114 6
36 115 20
36 116 97
36 117 51
36 118 33
36 119 53
36 120 78
36 121 51
36 122 71
36 123 83
36 124 54
36 125 60
36 126 59
36 127 82
36 128 38
36 129 57
36 130 94
36 131 28
36 132 97
36 133 68
36 134 36
36 135 22
36 136 81
36 137 8
36 138 74
36 139 91
36 140 19
36 141 14
36 142 99
36 143 58
36 144 62
36 145 47
36 146 11
36 147 89
36 148 58
36 149 62
36 150 5
36 151 98
36 152 55
36 153 72
36 154 93
36 155 51
36 156 61
36 157 79
36 158 77
36 159 16
37 38 86
37 39 82
37 40 31
37 41 14
37 42 54
37 43 88
37 44 39
37 45 80
37 46 64
37 47 62
37 48 46
37 49 57
37 50 17
37 51 27
37 52 92
37 53 22
37 54 11
37 55 22
37 56 76
37 57 71
37 58 63
37 59 51
37 60 18
37 61 13
37 62 32
37 63 72
37 64 7
37 65 70
37 66 57
37 67 5
37 68 39
37 69 84
37 70 87
37 71 59
37 72 91
37 73 91
37 74 70
37 75 36
37 76 19
37 77 24
37 78 75
37 79 46
37 80 40
37 81 85
37 82 37
37 83 57
37 84 38
37 85 28
37 86 99
37 87 48
37 88 90
37 89 66
37 90 23
37 91 23
37 92 32
37 93 52
37 94 4
37 95 97
37 96 40
37 97 74
37 98 28
37 99 23
37 100 1
37 101 27
37 102 50
37 103 83
37 104 70
37 105 68
37 106 8
37 107 79
37 108 16
37 109 93
37 110 42
37 111 26
37 112 49
37 113 90
37 114 80
37 115 86
37 116 1
37 117 3
37 118 60
37 119 12
37 120 37
37 121 36
37 122 23
37 123 35
37 124 87
37 125 69
37 126 38
37 127 36
37 128 4
37 129 45
37 130 99
37 131 20
37 132 84
37 133 4
37 134 67
37 135 73
37 136 37
37 137 47
37 138 21
37 139 3
37 140 81
37 141 31
37 142 25
37 143 35
37 144 45
37 145 69
37 146 18
37 147 43
37 148 67
37 149 48
37 150 40
37 151 65
37 152 67
37 153 12
37 154 54
37 155 16
37 156 88
37 157 12
37 158 54
37 159 13
38 39 18
38 40 67
38 41 7
38 42 22
38 43 87
38 44 12
38 45 69
38 46 43
38 47 77
38 48 55
38 49 48
38 50 45
38 51 60
38 52 36
38 53 25
38 54 67
38 55 41
38 56 64
38 57 36
38 58 74
38 59 62
38 60 96
38 61 58
38 62 15
38 63 92
38 64 54
38 65 91
38 66 37
38 67 15
38 68 95
38 69 24
38 70 44
38 71 39
38 72 36
38 73 67
38 74 36
38 75 50
38 76 5
38 77 40
38 78 50
38 79 12
38 80 22
38 81 86
38 82 22
38 83 52
38 84 38
38 85 39
38 86 95
38 87 9
38 88 46
38 89 25
38 90 93
38 91 86
38 92 91
38 93 100
38 94 26
38 95 25
38 96 83
38 97 88
38 98 23
38 99 12
38 100 97
38 101 92
38 102 73
38 103 60
38 104 29
38 105 26
38 106 3
38 107 37
38 108 75
38 109 62
38 110 48
38 111 18
38 112 79
38 113 100
38 114 70
38 115 33
38 116 69
38 117 19
38 118 81
38 119 39
38 120 43
38 121 32
38 122 34
38 123 13
38 124 33
38 125 55
38 126 60
38 127 27
38 128 54
38 129 17
38 130 29
38 131 63
38 132 43
38 133 25
38 134 98
38 135 38
38 136 84
38 137 79
38 138 51
38 139 66
38 140 62
38 141 20
38 142 41
38 143 63
38 144 60
38 145 69
38 146 15
38 147 57
38 148 91
38 149 60
38 150 52
38 151 35
38 152 38
38 153 77
38 154 14
38 155 30
38 156 91
38 157 19
38 158 26
38 159 68
39 40 73
39 41 61
39 42 30
39 43 93
39 44 49
39 45 67
39 46 2
39 47 39
39 48 19
39 49 33
39 50 61
39 51 43
39 52 73
39 53 2
39 54 18
39 55 51
39 56 57
39 57 41
39 58 73
39 59 72
39 60 87
39 61 86
39 62 17
39 63 23
39 64 44
39 65 31
39 66 89
39 67 58
39 68 22
39 69 67
39 70 40
39 71 32
39 72 28
39 73 28
39 74 46
39 75 68
39 76 64
39 77 69
39 78 69
39 79 9
39 80 73
39 81 72
39 82 86
39 83 53
39 84 72
39 85 47
39 86 64
39 87 77
39 88 38
39 89 1
39 90 30
39 91 88
39 92 70
39 93 38
39 94 44
39 95 95
39 96 98
39 97 3
39 98 96
39 99 28
39 100 3
39 101 78
39 102 3
39 103 81
39 104 66
39 105 68
39 106 68
39 107 88
39 108 97
39 109 22
39 110 60
39 111 10
39 112 35
39 113 32
39 114 82
39 115 11
39 116 99
39 117 58
39 118 18
39 119 91
39 120 33
39 121 21
39 122 84
39 123 75
39 124 11
39 125 48
39 126 81
39 127 100
39 128 45
39 129 100
39 130 9
39 131 24
39 132 60
39 133 67
39 134 17
39 135 77
39 136 40
39 137 58
39 138 25
39 139 57
39 140 39
39 141 84
39 142 79
39 143 9
39 144 10
39 145 19
39 146 50
39 147 3
39 148 10
39 149 50
39 150 20
39 151 10
39 152 49
39 153 15
39 154 92
39 155 32
39 156 13
39 157 99
39 158 99
39 159 51
40 41 23
40 42 70
40 43 33
40 44 49
40 45 69
40 46 38
40 47 51
40 48 24
40 49 19
40 50 77
40 51 64
40 52 11
40 53 43
40 54 4
40 55 23
40 56 58
40 57 66
40 58 65
40 59 4
40 60 14
40 61 96
40 62 28
40 63 8
40 64 87
40 65 98
40 66 1
40 67 25
40 68 75
40 69 3
40 70 93
40 71 52
40 72 65
40 73 2
40 74 63
40 75 36
40 76 60
40 77 49
40 78 17
40 79 27
40 80 91
40 81 5
40 82 80
40 83 98
40 84 16
40 85 29
40 86 32
40 87 20
40 88 51
40 89 53
40 90 9
40 91 66
40 92 98
40 93 57
40 94 88
40 95 92
40 96 77
40 97 74
40 98 55
40 99 12
40 100 97
40 101 43
40 102 91
40 103 67
40 104 28
40 105 49
40 106 9
40 107 81
40 108 63
40 109 58
40 110 2
40 111 80
40 112 60
40 113 100
40 114 52
40 115 49
40 116 31
40 117 84
40 118 36
40 119 2
40 120 10
40 121 91
40 122 35
40 123 48
40 124 8
40 125 67
40 126 74
40 127 32
40 128 54
40 129 41
40 130 88
40 131 99
40 132 87
40 133 95
40 134 59
40 135 13
40 136 49
40 137 44
40 138 88
40 139 17
40 140 66
40 141 71
40 142 14
40 143 93
40 144 40
40 145 89
40 146 50
40 147 42
40 148 31
40 149 19
40 150 17
40 151 62
40 152 31
40 153 61
40 154 17
40 155 14
40 156 21
40 157 53
40 158 12
40 159 38
41 42 52
41 43 45
41 44 94
41 45 83
41 46 27
41 47 37
41 48 80
41 49 49
41 50 60
41 51 93
41 52 22
41 53 12
41 54 62
41 55 59
41 56 51
41 57 56
41 58 30
41 59 53
41 60 33
41 61 70
41 62 80
41 63 6
41 64 41
41 65 68
41 66 33
41 67 42
41 68 28
41 69 76
41 70 78
41 71 30
41 72 29
41 73 67
41 74 17
41 75 30
41 76 71
41 77 97
41 78 28
41 79 80
41 80 4
41 81 18
41 82 41
41 83 12
41 84 29
41 85 25
41 86 71
41 87 55
41 88 76
41 89 72
41 90 81
41 91 33
41 92 27
41 93 44
41 94 85
41 95 57
41 96 31
41 97 56
41 98 9
41 99 49
41 100 30
41 101 17
41 102 27
41 103 85
41 104 55
41 105 72
41 106 49
41 107 25
41 108 34
41 109 36
41 110 65
41 111 2
41 112 100
41 113 47
41 114 80
41 115 87
41 116 78
41 117 89
41 118 67
41 119 41
41 120 48
41 121 66
41 122 90
41 123 76
41 124 7
41 125 81
41 126 29
41 127 49
41 128 61
41 129 65
41 130 44
41 131 60
41 132 81
41 133 59
41 134 7
41 135 50
41 136 53
41 137 89
41 138 26
41 139 60
41 140 32
41 141 54
41 142 91
41 143 71
41 144 18
41 145 35
41 146 100
41 147 20
41 148 36
41 149 63
41 150 58
41 151 39
41 152 56
41 153 100
41 154 11
41 155 35
41 156 11
41 157 80
41 158 65
41 159 69
42 43 91
42 44 45
42 45 81
42 46 53
42 47 81
42 48 69
42 49 47
42 50 16
42 51 44
42 52 18
42 53 6
42 54 95
42 55 85
42 56 27
42 57 53
42 58 35
42 59 38
42 60 61
42 61 51
42 62 30
42 63 79
42 64 34
42 65 16
42 66 47
42 67 69
42 68 18
42 69 99
42 70 26
42 71 2
42 72 33
42 73 22
42 74 74
42 75 86
42 76 38
42 77 45
42 78 21
42 79 94
42 80 7
42 81 35
42 82 40
42 83 4
42 84 32
42 85 82
42 86 62
42 87 87
42 88 36
42 89 62
42 90 65
42 91 74
42 92 24
42 93 62
42 94 62
42 95 66
42 96 56
42 97 38
42 98 94
42 99 42
42 100 22
42 101 20
42 102 71
42 103 78
42 104 92
42 105 39
42 106 55
42 107 13
42 108 75
42 109 68
42 110 10
42 111 70
42 112 32
42 113 42
42 114 47
42 115 75
42 116 20
42 117 42
42 118 62
42 119 70
42 120 92
42 121 96
42 122 17
42 123 3
42 124 91
42 125 54
42 126 98
42 127 61
42 128 73
42 129 93
42 130 5
42 131 2
42 132 26
42 133 55
42 134 48
42 135 5
42 136 55
42 137 70
42 138 6
42 139 24
42 140 65
42 141 44
42 142 91
42 143 12
42 144 15
42 145 53
42 146 47
42 147 24
42 148 59
42 149 77
42 150 96
42 151 75
42 152 83
42 153 81
42 154 26
42 155 27
42 156 92
42 157 98
42 158 49
42 159 18
43 44 35
43 45 73
43 46 56
43 47 4
43 48 82
43 49 16
43 50 20
43 51 91
43 52 50
43 53 19
43 54 48
43 55 39
43 56 24
43 57 9
43 58 57
43 59 46
43 60 85
43 61 99
43 62 27
43 63 28
43 64 10
43 65 48
43 66 100
43 67 39
43 68 14
43 69 97
43 70 9
43 71 85
43 72 96
43 73 62
43 74 72
43 75 73
43 76 4
43 77 33
43 78 86
43 79 12
43 80 74
43 81 4
43 82 51
43 83 55
43 84 18
43 85 43
43 86 59
43 87 72
43 88 10
43 89 31
43 90 79
43 91 88
43 92 80
43 93 46
43 94 97
43 95 25
43 96 19
43 97 75
43 98 44
43 99 96
43 100 8
43 101 27
43 102 83
43 103 34
43 104 75
43 105 20
43 106 97
43 107 89
43 108 42
43 109 79
43 110 83
43 111 94
43 112 50
43 113 82
43 114 9
43 115 46
43 116 92
43 117 13
43 118 77
43 119 49
43 120 66
43 121 80
43 122 34
43 123 65
43 124 89
43 125 3
43 126 21
43 127 6
43 128 99
43 129 65
43 130 96
43 131 82
43 132 100
43 133 5
43 134 17
43 135 62
43 136 93
43 137 76
43 138 40
43 139 18
43 140 12
43 141 78
43 142 44
43 143 47
43 144 82
43 145 81
43 146 31
43 147 91
43 148 95
43 149 54
43 150 81
43 151 62
43 152 60
43 153 16
43 154 62
43 155 88
43 156 21
43 157 36
43 158 59
43 159 26
44 45 46
44 46 88
44 47 7
44 48 22
44 49 20
44 50 44
44 51 60
44 52 2
44 53 9
44 54 95
44 55 12
44 56 74
44 57 57
44 58 39
44 59 9
44 60 73
44 61 13
44 62 90
44 63 17
44 64 3
44 65 15
44 66 46
44 67 16
44 68 22
44 69 26
44 70 95
44 71 38
44 72 95
44 73 84
44 74 1
44 75 12
44 76 54
44 77 74
44 78 7
44 79 98
44 80 25
44 81 96
44 82 25
44 83 59
44 84 38
44 85 37
44 86 66
44 87 15
44 88 64
44 89 91
44 90 94
44 91 47
44 92 89
44 93 85
44 94 74
44 95 44
44 96 67
44 97 55
44 98 29
44 99 92
44 100 54
44 101 38
44 102 20
44 103 36
44 104 76
44 105 85
44 106 28
44 107 64
44 108 6
44 109 1
44 110 71
44 111 19
44 112 24
44 113 98
44 114 53
44 115 40
44 116 6
44 117 41
44 118 40
44 119 18
44 120 29
44 121 44
44 122 66
44 123 13
44 124 98
44 125 40
44 126 75
44 127 100
44 128 4
44 129 50
44 130 100
44 131 11
44 132 6
44 133 51
44 134 25
44 135 22
44 136 70
44 137 57
44 138 15
44 139 99
44 140 40
44 141 35
44 142 99
44 143 19
44 144 54
44 145 41
44 146 48
44 147 98
44 148 73
44 149 40
44 150 50
44 151 73
44 152 16
44 153 1
44 154 74
44 155 1
44 156 40
44 157 89
44 158 13
44 159 52
45 46 16
45 47 97
45 48 100
45 49 72
45 50 62
45 51 48
45 52 26
45 53 62
45 54 35
45 55 22
45 56 48
45 57 74
45 58 41
45 59 96
45 60 72
45 61 8
45 62 11
45 63 52
45 64 100
45 65 29
45 66 100
45 67 36
45 68 90
45 69 10
45 70 36
45 71 81
45 72 87
45 73 83
45 74 81
45 75 48
45 76 17
45 77 70
45 78 36
45 79 7
45 80 96
45 81 5
45 82 66
45 83 87
45 84 4
45 85 73
45 86 42
45 87 53
45 88 98
45 89 50
45 90 31
45 91 8
45 92 38
45 93 69
45 94 92
45 95 74
45 96 65
45 97 53
45 98 85
45 99 79
45 100 47
45 101 66
45 102 90
45 103 75
45 104 80
45 105 30
45 106 13
45 107 42
45 108 7
45 109 20
45 110 48
45 111 76
45 112 60
45 113 92
45 114 54
45 115 68
45 116 33
45 117 61
45 118 51
45 119 11
45 120 44
45 121 35
45 122 71
45 123 55
45 124 81
45 125 37
45 126 31
45 127 23
45 128 87
45 129 71
45 130 57
45 131 89
45 132 65
45 133 48
45 134 37
45 135 98
45 136 69
45 137 52
45 138 63
45 139 85
45 140 53
45 141 59
45 142 35
45 143 27
45 144 82
45 145 42
45 146 71
45 147 5
45 148 61
45 149 18
45 150 57
45 151 4
45 152 38
45 153 25
45 154 70
45 155 25
45 156 49
45 157 23
45 158 8
45 159 34
46 47 81
46 48 83
46 49 85
46 50 89
46 51 20
46 52 77
46 53 62
46 54 31
46 55 26
46 56 14
46 57 6
46 58 3
46 59 49
46 60 93
46 61 60
46 62 53
46 63 35
46 64 85
46 65 55
46 66 38
46 67 50
46 68 43
46 69 82
46 70 17
46 71 29
46 72 47
46 73 13
46 74 90
46 75 12
46 76 59
46 77 33
46 78 33
46 79 29
46 80 53
46 81 90
46 82 7
46 83 85
46 84 61
46 85 34
46 86 28
46 87 80
46 88 4
46 89 10
46 90 50
46 91 6
46 92 97
46 93 47
46 94 92
46 95 98
46 96 98
46 97 85
46 98 25
46 99 87
46 100 62
46 101 96
46 102 68
46 103 51
46 104 90
46 105 33
46 106 7
46 107 14
46 108 85
46 109 71
46 110 47
46 111 19
46 112 77
46 113 47
46 114 69
46 115 53
46 116 40
46 117 54
46 118 25
46 119 83
46 120 91
46 121 25
46 122 44
46 123 52
46 124 29
46 125 5
46 126 45
46 127 11
46 128 28
46 129 95
46 130 47
46 131 71
46 132 26
46 133 86
46 134 50
46 135 63
46 136 53
46 137 24
46 138 57
46 139 76
46 140 64
46 141 95
46 142 35
46 143 40
46 144 22
46 145 49
46 146 1
46 147 58
46 148 20
46 149 66
46 150 72
46 151 85
46 152 49
46 153 61
46 154 47
46 155 77
46 156 50
46 157 6
46 158 2
46 159 10
47 48 37
47 49 8
47 50 91
47 51 66
47 52 28
47 53 92
47 54 63
47 55 58
47 56 5
47 57 10
47 58 7
47 59 86
47 60 86
47 61 67
47 62 22
47 63 89
47 64 53
47 65 76
47 66 55
47 67 7
47 68 46
47 69 96
47 70 45
47 71 89
47 72 2
47 73 9
47 74 89
47 75 15
47 76 10
47 77 24
47 78 64
47 79 14
47 80 87
47 81 66
47 82 50
47 83 84
47 84 18
47 85 24
47 86 9
47 87 11
47 88 62
47 89 87
47 90 21
47 91 84
47 92 33
47 93 97
47 94 9
47 95 2
47 96 19
47 97 98
47 98 98
47 99 15
47 100 44
47 101 31
47 102 17
47 103 11
47 104 27
47 105 36
47 106 31
47 107 91
47 108 64
47 109 19
47 110 46
47 111 48
47 112 93
47 113 41
47 114 93
47 115 22
47 116 95
47 117 79
47 118 71
47 119 91
47 120 97
47 121 70
47 122 47
47 123 79
47 124 28
47 125 27
47 126 35
47 127 38
47 128 98
47 129 12
47 130 78
47 131 68
47 132 96
47 133 41
47 134 64
47 135 83
47 136 80
47 137 97
47 138 2
47 139 76
47 140 57
47 141 91
47 142 18
47 143 64
47 144 45
47 145 25
47 146 82
47 147 49
47 148 50
47 149 96
47 150 76
47 151 56
47 152 1
47 153 34
47 154 38
47 155 13
47 156 15
47 157 29
47 158 11
47 159 6
48 49 59
48 50 61
48 51 41
48 52 44
48 53 31
48 54 2
48 55 77
48 56 79
48 57 71
48 58 39
48 59 29
48 60 38
48 61 63
48 62 28
48 63 79
48 64 7
48 65 37
48 66 48
48 67 40
48 68 72
48 69 84
48 70 84
48 71 85
48 72 19
48 73 8
48 74 5
48 75 23
48 76 32
48 77 30
48 78 57
48 79 46
48 80 35
48 81 76
48 82 88
48 83 25
48 84 35
48 85 48
48 86 60
48 87 79
48 88 48
48 89 5
48 90 84
48 91 27
48 92 13
48 93 81
48 94 68
48 95 13
48 96 33
48 97 63
48 98 96
48 99 28
48 100 74
48 101 42
48 102 5
48 103 69
48 104 94
48 105 2
48 106 58
48 107 71
48 108 33
48 109 78
48 110 48
48 111 38
48 112 48
48 113 95
48 114 4
48 115 88
48 116 44
48 117 44
48 118 77
48 119 42
48 120 72
48 121 82
48 122 90
48 123 95
48 124 93
48 125 77
48 126 12
48 127 75
48 128 42
48 129 68
48 130 95
48 131 90
48 132 28
48 133 31
48 134 43
48 135 63
48 136 59
48 137 64
48 138 92
48 139 8
48 140 86
48 141 93
48 142 25
48 143 46
48 144 84
48 145 21
48 146 93
48 147 76
48 148 8
48 149 81
48 150 52
48 151 39
48 152 14
48 153 94
48 154 67
48 155 48
48 156 2
48 157 70
48 158 100
48 159 36
49 50 58
49 51 43
49 52 56
49 53 95
49 54 82
49 55 7
49 56 100
49 57 37
49 58 72
49 59 5
49 60 94
49 61 7
49 62 43
49 63 63
49 64 97
49 65 28
49 66 70
49 67 45
49 68 36
49 69 63
49 70 86
49 71 97
49 72 70
49 73 56
49 74 59
49 75 78
49 76 85
49 77 50
49 78 96
49 79 94
49 80 23
49 81 90
49 82 26
49 83 79
49 84 65
49 85 79
49 86 95
49 87 75
49 88 6
49 89 70
49 90 36
49 91 4
49 92 78
49 93 10
49 94 30
49 95 71
49 96 41
49 97 65
49 98 40
49 99 72
49 100 31
49 101 53
49 102 47
49 103 4
49 104 49
49 105 19
49 106 66
49 107 77
49 108 18
49 109 46
49 110 93
49 111 91
49 112 64
49 113 38
49 114 41
49 115 28
49 116 54
49 117 85
49 118 7
49 119 50
49 120 33
49 121 8
49 122 14
49 123 53
49 124 27
49 125 88
49 126 82
49 127 95
49 128 63
49 129 35
49 130 15
49 131 2
49 132 79
49 133 72
49 134 18
49 135 88
49 136 95
49 137 23
49 138 2
49 139 70
49 140 26
49 141 73
49 142 29
49 143 28
49 144 40
49 145 69
49 146 18
49 147 15
49 148 78
49 149 75
49 150 94
49 151 39
49 152 18
49 153 37
49 154 43
49 155 41
49 156 39
49 157 85
49 158 4
49 159 78
50 51 80
50 52 78
50 53 6
50 54 73
50 55 36
50 56 78
50 57 69
50 58 62
50 59 74
50 60 90
50 61 61
50 62 100
50 63 81
50 64 11
50 65 95
50 66 82
50 67 28
50 68 51
50 69 32
50 70 5
50 71 79
50 72 77
50 73 38
50 74 41
50 75 60
50 76 47
50 77 22
50 78 78
50 79 80
50 80 92
50 81 6
50 82 1
50 83 21
50 84 35
50 85 86
50 86 31
50 87 62
50 88 41
50 89 3
50 90 9
50 91 68
50 92 7
50 93 44
50 94 14
50 95 43
50 96 14
50 97 79
50 98 43
50 99 35
50 100 99
50 101 97
50 102 42
50 103 68
50 104 74
50 105 96
50 106 43
50 107 95
50 108 53
50 109 16
50 110 54
50 111 59
50 112 5
50 113 86
50 114 63
50 115 54
50 116 86
50 117 9
50 118 32
50 119 31
50 120 40
50 121 24
50 122 92
50 123 52
50 124 94
50 125 18
50 126 98
50 127 69
50 128 29
50 129 63
50 130 18
50 131 7
50 132 88
50 133 49
50 134 77
50 135 56
50 136 81
50 137 53
50 138 50
50 139 51
50 140 14
50 141 40
50 142 96
50 143 76
50 144 51
50 145 93
50 146 5
50 147 77
50 148 46
50 149 48
50 150 55
50 151 25
50 152 5
50 153 17
50 154 71
50 155 58
50 156 25
50 157 74
50 158 60
50 159 32
51 52 15
51 53 10
51 54 28
51 55 18
51 56 49
51 57 82
51 58 87
51 59 23
51 60 71
51 61 64
51 62 92
51 63 74
51 64 95
51 65 51
51 66 100
51 67 56
51 68 24
51 69 9
51 70 39
51 71 52
51 72 81
51 73 56
51 74 24
51 75 90
51 76 1
51 77 90
51 78 46
51 79 83
51 80 81
51 81 76
51 82 45
51 83 17
51 84 4
51 85 14
51 86 10
51 87 2
51 88 51
51 89 30
51 90 69
51 91 15
51 92 92
51 93 66
51 94 64
51 95 48
51 96 30
51 97 96
51 98 65
51 99 52
51 100 76
51 101 74
51 102 39
51 103 10
51 104 9
51 105 28
51 106 84
51 107 12
51 108 91
51 109 25
51 110 78
51 111 58
51 112 15
51 113 6
51 114 7
51 115 29
51 116 28
51 117 59
51 118 85
51 119 92
51 120 17
51 121 62
51 122 51
51 123 77
51 124 87
51 125 44
51 126 32
51 127 81
51 128 97
51 129 27
51 130 61
51 131 30
51 132 49
51 133 42
51 134 10
51 135 22
51 136 28
51 137 84
51 138 71
51 139 97
51 140 84
51 141 19
51 142 70
51 143 54
51 144 55
51 145 14
51 146 10
51 147 57
51 148 40
51 149 16
51 150 73
51 151 40
51 152 50
51 153 5
51 154 91
51 155 75
51 156 52
51 157 38
51 158 82
51 159 10
52 53 49
52 54 63
52 55 32
52 56 53
52 57 17
52 58 89
52 59 23
52 60 24
52 61 94
52 62 49
52 63 42
52 64 72
52 65 74
52 66 30
52 67 42
52 68 14
52 69 42
52 70 84
52 71 3
52 72 81
52 73 95
52 74 43
52 75 88
52 76 74
52 77 86
52 78 19
52 79 33
52 80 48
52 81 65
52 82 50
52 83 53
52 84 68
52 85 41
52 86 73
52 87 47
52 88 25
52 89 19
52 90 43
52 91 19
52 92 23
52 93 4
52 94 4
52 95 68
52 96 35
52 97 98
52 98 43
52 99 85
52 100 57
52 101 52
52 102 50
52 103 73
52 104 25
52 105 18
52 106 65
52 107 6
52 108 78
52 109 41
52 110 93
52 111 9
52 112 8
52 113 95
52 114 10
52 115 77
52 116 16
52 117 99
52 118 7
52 119 53
52 120 13
52 121 10
52 122 97
52 123 60
52 124 45
52 125 38
52 126 71
52 127 37
52 128 11
52 129 18
52 130 86
52 131 21
52 132 29
52 133 87
52 134 66
52 135 25
52 136 16
52 137 8
52 138 26
52 139 2
52 140 2
52 141 20
52 142 40
52 143 92
52 144 58
52 145 14
52 146 81
52 147 85
52 148 91
52 149 98
52 150 23
52 151 27
52 152 29
52 153 12
52 154 92
52 155 63
52 156 22
52 157 95
52 158 69
52 159 89
53 54 98
53 55 34
53 56 15
53 57 56
53 58 83
53 59 83
53 60 93
53 61 81
53 62 86
53 63 55
53 64 19
53 65 72
53 66 83
53 67 83
53 68 71
53 69 98
53 70 24
53 71 67
53 72 86
53 73 34
53 74 50
53 75 18
53 76 5
53 77 89
53 78 56
53 79 93
53 80 80
53 81 35
53 82 41
53 83 65
53 84 20
53 85 44
53 86 100
53 87 13
53 88 80
53 89 99
53 90 18
53 91 51
53 92 38
53 93 37
53 94 38
53 95 46
53 96 36
53 97 79
53 98 13
53 99 61
53 100 94
53 101 15
53 102 24
53 103 10
53 104 40
53 105 94
53 106 89
53 107 17
53 108 74
53 109 12
53 110 89
53 111 97
53 112 25
53 113 2
53 114 90
53 115 5
53 116 85
53 117 76
53 118 32
53 119 91
53 120 92
53 121 20
53 122 57
53 123 13
53 124 90
53 125 92
53 126 85
53 127 46
53 128 94
53 129 32
53 130 26
53 131 91
53 132 42
53 133 14
53 134 29
53 135 87
53 136 29
53 137 10
53 138 23
53 139 75
53 140 81
53 141 49
53 142 74
53 143 76
53 144 15
53 145 72
53 146 49
53 147 59
53 148 92
53 149 54
53 150 59
53 151 92
53 152 2
53 153 77
53 154 50
53 155 49
53 156 53
53 157 3
53 158 98
53 159 37
54 55 49
54 56 69
54 57 18
54 58 94
54 59 74
54 60 60
54 61 13
54 62 84
54 63 54
54 64 61
54 65 24
54 66 94
54 67 40
54 68 78
54 69 89
54 70 29
54 71 26
54 72 67
54 73 36
54 74 26
54 75 6
54 76 66
54 77 5
54 78 21
54 79 68
54 80 62
54 81 65
54 82 20
54 83 17
54 84 14
54 85 37
54 86 87
54 87 15
54 88 14
54 89 32
54 90 95
54 91 8
54 92 28
54 93 48
54 94 93
54 95 17
54 96 1
54 97 80
54 98 22
54 99 65
54 100 32
54 101 20
54 102 9
54 103 41
54 104 34
54 105 31
54 106 37
54 107 25
54 108 9
54 109 55
54 110 10
54 111 16
54 112 10
54 113 39
54 114 93
54 115 70
54 116 22
54 117 53
54 118 87
54 119 70
54 120 95
54 121 99
54 122 28
54 123 15
54 124 67
54 125 44
54 126 62
54 127 57
54 128 51
54 129 24
54 130 10
54 131 94
54 132 5
54 133 14
54 134 43
54 135 58
54 136 36
54 137 48
54 138 41
54 139 8
54 140 54
54 141 4
54 142 100
54 143 9
54 144 34
54 145 53
54 146 12
54 147 40
54 148 16
54 149 12
54 150 67
54 151 44
54 152 48
54 153 31
54 154 94
54 155 36
54 156 57
54 157 47
54 158 99
54 159 96
55 56 66
55 57 11
55 58 81
55 59 36
55 60 91
55 61 63
55 62 61
55 63 21
55 64 67
55 65 78
55 66 61
55 67 1
55 68 17
55 69 42
55 70 98
55 71 86
55 72 17
55 73 25
55 74 57
55 75 41
55 76 45
55 77 49
55 78 95
55 79 19
55 80 79
55 81 65
55 82 1
55 83 20
55 84 29
55 85 22
55 86 55
55 87 90
55 88 92
55 89 42
55 90 10
55 91 80
55 92 89
55 93 56
55 94 77
55 95 92
55 96 28
55 97 94
55 98 6
55 99 84
55 100 47
55 101 33
55 102 60
55 103 99
55 104 30
55 105 54
55 106 81
55 107 53
55 108 44
55 109 57
55 110 34
55 111 12
55 112 84
55 113 60
55 114 82
55 115 45
55 116 71
55 117 10
55 118 69
55 119 99
55 120 33
55 121 73
55 122 22
55 123 6
55 124 28
55 125 42
55 126 12
55 127 53
55 128 3
55 129 5
55 130 75
55 131 74
55 132 71
55 133 24
55 134 61
55 135 81
55 136 10
55 137 23
55 138 94
55 139 60
55 140 58
55 141 35
55 142 40
55 143 39
55 144 6
55 145 22
55 146 1
55 147 4
55 148 17
55 149 8
55 150 87
55 151 15
55 152 67
55 153 45
55 154 21
55 155 30
55 156 6
55 157 88
55 158 14
55 159 17
56 57 84
56 58 36
56 59 20
56 60 16
56 61 76
56 62 90
56 63 61
56 64 16
56 65 9
56 66 94
56 67 38
56 68 52
56 69 19
56 70 42
56 71 53
56 72 34
56 73 71
56 74 21
56 75 94
56 76 76
56 77 98
56 78 19
56 79 40
56 80 32
56 81 43
56 82 84
56 83 65
56 84 23
56 85 60
56 86 100
56 87 12
56 88 43
56 89 70
56 90 30
56 91 79
56 92 62
56 93 28
56 94 50
56 95 14
56 96 15
56 97 78
56 98 15
56 99 85
56 100 13
56 101 3
56 102 44
56 103 64
56 104 19
56 105 30
56 106 12
56 107 72
56 108 26
56 109 6
56 110 74
56 111 7
56 112 98
56 113 33
56 114 84
56 115 74
56 116 58
56 117 27
56 118 1
56 119 36
56 120 43
56 121 83
56 122 16
56 123 38
56 124 33
56 125 67
56 126 45
56 127 89
56 128 11
56 129 21
56 130 23
56 131 41
56 132 24
56 133 98
56 134 62
56 135 35
56 136 34
56 137 94
56 138 47
56 139 46
56 140 14
56 141 6
56 142 59
56 143 42
56 144 73
56 145 97
56 146 26
56 147 16
56 148 10
56 149 41
56 150 56
56 151 93
56 152 68
56 153 18
56 154 35
56 155 2
56 156 9
56 157 1
56 158 59
56 159 25
57 58 77
57 59 83
57 60 53
57 61 41
57 62 35
57 63 16
57 64 11
57 65 74
57 66 45
57 67 40
57 68 38
57 69 89
57 70 5
57 71 11
57 72 60
57 73 71
57 74 58
57 75 71
57 76 6
57 77 16
57 78 15
57 79 30
57 80 54
57 81 1
57 82 26
57 83 72
57 84 71
57 85 28
57 86 35
57 87 73
57 88 53
57 89 8
57 90 19
57 91 83
57 92 26
57 93 39
57 94 1
57 95 63
57 96 1
57 97 13
57 98 95
57 99 32
57 100 37
57 101 70
57 102 32
57 103 47
57 104 22
57 105 35
57 106 77
57 107 30
57 108 15
57 109 96
57 110 47
57 111 99
57 112 91
57 113 100
57 114 82
57 115 3
57 116 59
57 117 70
57 118 64
57 119 71
57 120 66
57 121 22
57 122 56
57 123 97
57 124 22
57 125 68
57 126 91
57 127 98
57 128 46
57 129 63
57 130 7
57 131 81
57 132 66
57 133 24
57 134 33
57 135 65
57 136 60
57 137 52
57 138 70
57 139 97
57 140 69
57 141 61
57 142 72
57 143 98
57 144 74
57 145 46
57 146 71
57 147 5
57 148 50
57 149 97
57 150 8
57 151 31
57 152 74
57 153 17
57 154 30
57 155 34
57 156 54
57 157 71
57 158 39
57 159 51
58 59 69
58 60 48
58 61 13
58 62 77
58 63 28
58 64 9
58 65 58
58 66 50
58 67 46
58 68 92
58 69 55
58 70 62
58 71 77
58 72 52
58 73 90
58 74 87
58 75 9
58 76 19
58 77 48
58 78 84
58 79 55
58 80 66
58 81 15
58 82 75
58 83 99
58 84 41
58 85 82
58 86 6
58 87 33
58 88 83
58 89 43
58 90 55
58 91 33
58 92 60
58 93 11
58 94 10
58 95 11
58 96 6
58 97 41
58 98 100
58 99 78
58 100 49
58 101 85
58 102 56
58 103 37
58 104 61
58 105 30
58 106 81
58 107 48
58 108 87
58 109 63
58 110 49
58 111 74
58 112 43
58 113 87
58 114 85
58 115 13
58 116 44
58 117 39
58 118 74
58 119 19
58 120 42
58 121 75
58 122 83
58 123 62
58 124 29
58 125 4
58 126 6
58 127 53
58 128 98
58 129 95
58 130 71
58 131 95
58 132 48
58 133 21
58 134 35
58 135 69
58 136 99
58 137 27
58 138 13
58 139 10
58 140 74
58 141 50
58 142 4
58 143 75
58 144 33
58 145 21
58 146 90
58 147 6
58 148 55
58 149 61
58 150 27
58 151 70
58 152 45
58 153 93
58 154 8
58 155 44
58 156 44
58 157 11
58 158 71
58 159 1
59 60 64
59 61 7
59 62 27
59 63 13
59 64 100
59 65 4
59 66 97
59 67 13
59 68 55
59 69 7
59 70 59
59 71 30
59 72 60
59 73 36
59 74 67
59 75 91
59 76 83
59 77 84
59 78 5
59 79 41
59 80 54
59 81 78
59 82 49
59 83 55
59 84 59
59 85 70
59 86 83
59 87 55
59 88 16
59 89 41
59 90 32
59 91 4
59 92 30
59 93 46
59 94 29
59 95 22
59 96 98
59 97 25
59 98 60
59 99 79
59 100 86
59 101 92
59 102 77
59 103 55
59 104 9
59 105 55
59 106 83
59 107 86
59 108 26
59 109 12
59 110 72
59 111 89
59 112 94
59 113 72
59 114 81
59 115 74
59 116 82
59 117 4
59 118 18
59 119 17
59 120 28
59 121 15
59 122 35
59 123 27
59 124 57
59 125 16
59 126 66
59 127 8
59 128 78
59 129 100
59 130 84
59 131 17
59 132 42
59 133 99
59 134 86
59 135 83
59 136 47
59 137 22
59 138 28
59 139 59
59 140 34
59 141 17
59 142 75
59 143 44
59 144 49
59 145 56
59 146 52
59 147 27
59 148 80
59 149 11
59 150 95
59 151 5
59 152 84
59 153 31
59 154 7
59 155 41
59 156 23
59 157 3
59 158 15
59 159 87
60 61 5
60 62 81
60 63 64
60 64 89
60 65 87
60 66 65
60 67 27
60 68 27
60 69 12
60 70 79
60 71 92
60 72 43
60 73 93
60 74 9
60 75 84
60 76 27
60 77 16
60 78 53
60 79 24
60 80 28
60 81 44
60 82 31
60 83 66
60 84 89
60 85 15
60 86 67
60 87 49
60 88 26
60 89 7
60 90 41
60 91 46
60 92 89
60 93 63
60 94 76
60 95 17
60 96 92
60 97 94
60 98 51
60 99 46
60 100 73
60 101 52
60 102 5
60 103 14
60 104 6
60 105 69
60 106 52
60 107 40
60 108 93
60 109 1
60 110 39
60 111 50
60 112 18
60 113 5
60 114 13
60 115 82
60 116 61
60 117 69
60 118 84
60 119 9
60 120 46
60 121 58
60 122 78
60 123 41
60 124 68
60 125 43
60 126 47
60 127 52
60 128 42
60 129 8
60 130 25
60 131 12
60 132 53
60 133 7
60 134 1
60 135 98
60 136 57
60 137 12
60 138 82
60 139 64
60 140 46
60 141 93
60 142 44
60 143 4
60 144 4
60 145 2
60 146 95
60 147 93
60 148 83
60 149 64
60 150 2
60 151 61
60 152 75
60 153 11
60 154 82
60 155 85
60 156 24
60 157 12
60 158 7
60 159 36
61 62 72
61 63 4
61 64 44
61 65 3
61 66 1
61 67 90
61 68 2
61 69 9
61 70 97
61 71 12
61 72 35
61 73 2
61 74 21
61 75 98
61 76 26
61 77 88
61 78 82
61 79 44
61 80 49
61 81 48
61 82 16
61 83 24
61 84 55
61 85 17
61 86 79
61 87 29
61 88 95
61 89 28
61 90 86
61 91 77
61 92 77
61 93 41
61 94 39
61 95 7
61 96 72
61 97 72
61 98 11
61 99 95
61 100 32
61 101 99
61 102 88
61 103 90
61 104 54
61 105 74
61 106 11
61 107 13
61 108 35
61 109 51
61 110 51
61 111 22
61 112 95
61 113 20
61 114 21
61 115 53
61 116 75
61 117 75
61 118 96
61 119 57
61 120 98
61 121 91
61 122 33
61 123 5
61 124 76
61 125 63
61 126 59
61 127 7
61 128 36
61 129 29
61 130 66
61 131 14
61 132 76
61 133 1
61 134 67
61 135 66
61 136 86
61 137 97
61 138 71
61 139 23
61 140 90
61 141 22
61 142 48
61 143 47
61 144 29
61 145 12
61 146 98
61 147 37
61 148 47
61 149 93
61 150 29
61 151 41
61 152 93
61 153 60
61 154 1
61 155 47
61 156 17
61 157 50
61 158 2
61 159 65
62 63 1
62 64 90
62 65 8
62 66 54
62 67 53
62 68 53
62 69 31
62 70 16
62 71 64
62 72 54
62 73 57
62 74 89
62 75 15
62 76 83
62 77 64
62 78 29
62 79 74
62 80 81
62 81 8
62 82 99
62 83 2
62 84 31
62 85 12
62 86 90
62 87 57
62 88 74
62 89 4
62 90 41
62 91 43
62 92 6
62 93 95
62 94 20
62 95 38
62 96 2
62 97 2
62 98 80
62 99 65
62 100 30
62 101 13
62 102 30
62 103 38
62 104 9
62 105 49
62 106 81
62 107 34
62 108 97
62 109 13
62 110 7
62 111 37
62 112 82
62 113 67
62 114 1
62 115 12
62 116 50
62 117 97
62 118 4
62 119 59
62 120 1
62 121 75
62 122 63
62 123 81
62 124 100
62 125 57
62 126 58
62 127 58
62 128 3
62 129 23
62 130 86
62 131 10
62 132 80
62 133 12
62 134 57
62 135 72
62 136 66
62 137 9
62 138 14
62 139 77
62 140 1
62 141 83
62 142 62
62 143 4
62 144 73
62 145 10
62 146 14
62 147 36
62 148 44
62 149 78
62 150 54
62 151 60
62 152 37
62 153 32
62 154 15
62 155 33
62 156 38
62 157 88
62 158 3
62 159 62
63 64 50
63 65 10
63 66 67
63 67 11
63 68 71
63 69 71
63 70 87
63 71 33
63 72 12
63 73 82
63 74 46
63 75 93
63 76 93
63 77 10
63 78 5
63 79 93
63 80 24
63 81 9
63 82 81
63 83 67
63 84 82
63 85 43
63 86 29
63 87 34
63 88 95
63 89 25
63 90 3
63 91 51
63 92 9
63 93 95
63 94 28
63 95 34
63 96 32
63 97 24
63 98 33
63 99 80
63 100 10
63 101 1
63 102 55
63 103 90
63 104 44
63 105 53
63 106 17
63 107 3
63 108 71
63 109 69
63 110 32
63 111 63
63 112 60
63 113 78
63 114 24
63 115 87
63 116 26
63 117 75
63 118 2
63 119 91
63 120 55
63 121 93
63 122 19
63 123 57
63 124 97
63 125 11
63 126 100
63 127 100
63 128 93
63 129 81
63 130 75
63 131 52
63 132 32
63 133 43
63 134 37
63 135 27
63 136 17
63 137 65
63 138 36
63 139 6
63 140 100
63 141 86
63 142 74
63 143 5
63 144 4
63 145 30
63 146 92
63 147 12
63 148 2
63 149 58
63 150 84
63 151 21
63 152 10
63 153 71
63 154 53
63 155 54
63 156 81
63 157 11
63 158 62
63 159 77
64 65 67
64 66 46
64 67 100
64 68 20
64 69 72
64 70 50
64 71 83
64 72 35
64 73 60
64 74 86
64 75 1
64 76 3
64 77 34
64 78 67
64 79 3
64 80 49
64 81 23
64 82 27
64 83 67
64 84 46
64 85 27
64 86 68
64 87 37
64 88 33
64 89 27
64 90 11
64 91 14
64 92 33
64 93 22
64 94 8
64 95 86
64 96 67
64 97 15
64 98 34
64 99 45
64 100 36
64 101 46
64 102 8
64 103 22
64 104 24
64 105 3
64 106 4
64 107 90
64 108 71
64 109 81
64 110 18
64 111 90
64 112 47
64 113 11
64 114 71
64 115 41
64 116 26
64 117 36
64 118 19
64 119 27
64 120 93
64 121 31
64 122 54
64 123 52
64 124 42
64 125 37
64 126 72
64 127 11
64 128 31
64 129 99
64 130 64
64 131 28
64 132 22
64 133 54
64 134 96
64 135 11
64 136 13
64 137 19
64 138 67
64 139 68
64 140 16
64 141 31
64 142 87
64 143 80
64 144 32
64 145 55
64 146 3
64 147 33
64 148 12
64 149 1
64 150 98
64 151 38
64 152 8
64 153 92
64 154 82
64 155 93
64 156 74
64 157 15
64 158 64
64 159 92
65 66 8
65 67 78
65 68 57
65 69 41
65 70 67
65 71 42
65 72 1
65 73 69
65 74 87
65 75 70
65 76 62
65 77 63
65 78 33
65 79 84
65 80 2
65 81 91
65 82 76
65 83 71
65 84 24
65 85 78
65 86 82
65 87 68
65 88 76
65 89 34
65 90 3
65 91 70
65 92 85
65 93 40
65 94 58
65 95 80
65 96 88
65 97 42
65 98 97
65 99 47
65 100 91
65 101 26
65 102 76
65 103 33
65 104 39
65 105 52
65 106 48
65 107 98
65 108 19
65 109 61
65 110 26
65 111 58
65 112 1
65 113 11
65 114 48
65 115 76
65 116 58
65 117 27
65 118 96
65 119 44
65 120 11
65 121 61
65 122 85
65 123 5
65 124 45
65 125 92
65 126 77
65 127 83
65 128 59
65 129 98
65 130 31
65 131 66
65 132 29
65 133 64
65 134 78
65 135 11
65 136 58
65 137 46
65 138 27
65 139 94
65 140 85
65 141 75
65 142 5
65 143 53
65 144 24
65 145 71
65 146 10
65 147 32
65 148 52
65 149 18
65 150 38
65 151 90
65 152 25
65 153 68
65 154 44
65 155 38
65 156 99
65 157 94
65 158 35
65 159 90
66 67 65
66 68 52
66 69 20
66 70 84
66 71 98
66 72 61
66 73 80
66 74 52
66 75 74
66 76 89
66 77 41
66 78 15
66 79 10
66 80 93
66 81 32
66 82 1
66 83 33
66 84 43
66 85 46
66 86 10
66 87 71
66 88 98
66 89 15
66 90 15
66 91 30
66 92 60
66 93 99
66 94 19
66 95 26
66 96 95
66 97 17
66 98 15
66 99 83
66 100 89
66 101 71
66 102 33
66 103 51
66 104 81
66 105 78
66 106 29
66 107 58
66 108 96
66 109 52
66 110 24
66 111 63
66 112 45
66 113 88
66 114 98
66 115 35
66 116 49
66 117 82
66 118 7
66 119 8
66 120 25
66 121 96
66 122 94
66 123 14
66 124 59
66 125 35
66 126 59
66 127 6
66 128 67
66 129 13
66 130 53
66 131 44
66 132 13
66 133 40
66 134 82
66 135 17
66 136 41
66 137 59
66 138 15
66 139 78
66 140 76
66 141 34
66 142 13
66 143 92
66 144 55
66 145 2
66 146 90
66 147 80
66 148 95
66 149 22
66 150 97
66 151 79
66 152 92
66 153 76
66 154 35
66 155 67
66 156 67
66 157 72
66 158 95
66 159 54
67 68 15
67 69 98
67 70 94
67 71 81
67 72 97
67 73 28
67 74 90
67 75 74
67 76 25
67 77 19
67 78 83
67 79 41
67 80 29
67 81 34
67 82 22
67 83 26
67 84 11
67 85 2
67 86 60
67 87 32
67 88 51
67 89 21
67 90 72
67 91 7
67 92 54
67 93 20
67 94 23
67 95 15
67 96 18
67 97 60
67 98 7
67 99 26
67 100 44
67 101 41
67 102 63
67 103 1
67 104 85
67 105 4
67 106 45
67 107 49
67 108 67
67 109 56
67 110 45
67 111 32
67 112 55
67 113 84
67 114 82
67 115 12
67 116 49
67 117 96
67 118 2
67 119 60
67 120 70
67 121 2
67 122 31
67 123 33
67 124 67
67 125 89
67 126 50
67 127 33
67 128 25
67 129 53
67 130 26
67 131 60
67 132 34
67 133 4
67 134 23
67 135 56
67 136 61
67 137 46
67 138 83
67 139 16
67 140 100
67 141 49
67 142 94
67 143 22
67 144 2
67 145 76
67 146 23
67 147 35
67 148 48
67 149 11
67 150 44
67 151 8
67 152 73
67 153 7
67 154 3
67 155 41
67 156 6
67 157 38
67 158 68
67 159 52
68 69 96
68 70 80
68 71 26
68 72 72
68 73 92
68 74 82
68 75 12
68 76 34
68 77 23
68 78 23
68 79 9
68 80 39
68 81 56
68 82 17
68 83 57
68 84 95
68 85 64
68 86 79
68 87 66
68 88 41
68 89 73
68 90 90
68 91 43
68 92 1
68 93 37
68 94 54
68 95 89
68 96 58
68 97 39
68 98 40
68 99 41
68 100 88
68 101 88
68 102 9
68 103 38
68 104 19
68 105 83
68 106 31
68 107 13
68 108 34
68 109 94
68 110 97
68 111 72
68 112 31
68 113 99
68 114 2
68 115 36
68 116 50
68 117 21
68 118 27
68 119 2
68 120 51
68 121 55
68 122 34
68 123 12
68 124 23
68 125 5
68 126 31
68 127 61
68 128 9
68 129 57
68 130 70
68 131 76
68 132 67
68 133 85
68 134 15
68 135 57
68 136 77
68 137 40
68 138 96
68 139 97
68 140 5
68 141 5
68 142 14
68 143 37
68 144 33
68 145 27
68 146 22
68 147 90
68 148 94
68 149 85
68 150 3
68 151 79
68 152 97
68 153 78
68 154 7
68 155 54
68 156 57
68 157 100
68 158 92
68 159 99
69 70 87
69 71 24
69 72 59
69 73 52
69 74 13
69 75 24
69 76 34
69 77 46
69 78 90
69 79 98
69 80 97
69 81 61
69 82 28
69 83 83
69 84 32
69 85 21
69 86 6
69 87 37
69 88 82
69 89 1
69 90 23
69 91 24
69 92 23
69 93 88
69 94 40
69 95 100
69 96 54
69 97 76
69 98 91
69 99 73
69 100 15
69 101 63
69 102 75
69 103 17
69 104 97
69 105 67
69 106 66
69 107 15
69 108 19
69 109 96
69 110 95
69 111 72
69 112 13
69 113 99
69 114 38
69 115 61
69 116 43
69 117 81
69 118 69
69 119 90
69 120 33
69 121 17
69 122 67
69 123 36
69 124 95
69 125 47
69 126 55
69 127 82
69 128 25
69 129 92
69 130 47
69 131 79
69 132 95
69 133 19
69 134 86
69 135 36
69 136 79
69 137 29
69 138 22
69 139 71
69 140 7
69 141 5
69 142 51
69 143 99
69 144 95
69 145 81
69 146 41
69 147 98
69 148 11
69 149 14
69 150 94
69 151 36
69 152 73
69 153 75
69 154 98
69 155 90
69 156 92
69 157 65
69 158 78
69 159 43
70 71 76
70 72 74
70 73 54
70 74 79
70 75 80
70 76 42
70 77 19
70 78 86
70 79 9
70 80 58
70 81 82
70 82 92
70 83 6
70 84 94
70 85 37
70 86 39
70 87 59
70 88 51
70 89 54
70 90 77
70 91 7
70 92 59
70 93 43
70 94 45
70 95 21
70 96 98
70 97 29
70 98 43
70 99 38
70 100 40
70 101 65
70 102 97
70 103 46
70 104 6
70 105 76
70 106 70
70 107 28
70 108 65
70 109 26
70 110 55
70 111 51
70 112 48
70 113 69
70 114 64
70 115 85
70 116 43
70 117 37
70 118 14
70 119 30
70 120 42
70 121 12
70 122 97
70 123 17
70 124 2
70 125 25
70 126 43
70 127 75
70 128 96
70 129 31
70 130 85
70 131 6
70 132 91
70 133 23
70 134 84
70 135 25
70 136 64
70 137 18
70 138 66
70 139 95
70 140 39
70 141 49
70 142 98
70 143 6
70 144 100
70 145 27
70 146 92
70 147 20
70 148 87
70 149 55
70 150 30
70 151 48
70 152 96
70 153 16
70 154 10
70 155 18
70 156 36
70 157 45
70 158 2
70 159 28
71 72 28
71 73 67
71 74 29
71 75 99
71 76 65
71 77 19
71 78 69
71 79 41
71 80 81
71 81 5
71 82 59
71 83 49
71 84 58
71 85 48
71 86 24
71 87 66
71 88 87
71 89 92
71 90 27
71 91 73
71 92 66
71 93 88
71 94 63
71 95 63
71 96 10
71 97 73
71 98 64
71 99 53
71 100 97
71 101 92
71 102 18
71 103 81
71 104 20
71 105 27
71 106 86
71 107 7
71 108 53
71 109 81
71 110 39
71 111 35
71 112 69
71 113 84
71 114 96
71 115 67
71 116 84
71 117 39
71 118 86
71 119 78
71 120 31
71 121 77
71 122 44
71 123 85
71 124 92
71 125 60
71 126 33
71 127 32
71 128 45
71 129 27
71 130 74
71 131 42
71 132 31
71 133 19
71 134 27
71 135 83
71 136 49
71 137 64
71 138 80
71 139 21
71 140 56
71 141 76
71 142 33
71 143 89
71 144 23
71 145 20
71 146 69
71 147 54
71 148 8
71 149 1
71 150 77
71 151 71
71 152 60
71 153 24
71 154 41
71 155 75
71 156 83
71 157 39
71 158 46
71 159 81
72 73 57
72 74 12
72 75 70
72 76 97
72 77 45
72 78 37
72 79 43
72 80 35
72 81 25
72 82 83
72 83 30
72 84 20
72 85 60
72 86 23
72 87 77
72 88 46
72 89 56
72 90 59
72 91 70
72 92 56
72 93 96
72 94 38
72 95 14
72 96 8
72 97 37
72 98 56
72 99 81
72 100 31
72 101 54
72 102 16
72 103 98
72 104 85
72 105 24
72 106 91
72 107 63
72 108 12
72 109 30
72 110 58
72 111 11
72 112 29
72 113 79
72 114 40
72 115 1
72 116 12
72 117 77
72 118 23
72 119 33
72 120 68
72 121 70
72 122 38
72 123 59
72 124 28
72 125 16
72 126 16
72 127 40
72 128 9
72 129 67
72 130 9
72 131 90
72 132 32
72 133 68
72 134 75
72 135 84
72 136 62
72 137 30
72 138 86
72 139 66
72 140 61
72 141 72
72 142 65
72 143 70
72 144 22
72 145 37
72 146 13
72 147 71
72 148 87
72 149 80
72 150 48
72 151 2
72 152 76
72 153 77
72 154 54
72 155 23
72 156 6
72 157 32
72 158 13
72 159 42
73 74 13
73 75 92
73 76 88
73 77 36
73 78 54
73 79 21
73 80 66
73 81 27
73 82 13
73 83 55
73 84 83
73 85 5
73 86 86
73 87 1
73 88 37
73 89 22
73 90 12
73 91 93
73 92 55
73 93 64
73 94 93
73 95 39
73 96 85
73 97 15
73 98 8
73 99 78
73 100 75
73 101 48
73 102 83
73 103 25
73 104 3
73 105 82
73 106 63
73 107 87
73 108 64
73 109 4
73 110 67
73 111 16
73 112 45
73 113 15
73 114 31
73 115 23
73 116 65
73 117 13
73 118 2
73 119 47
73 120 91
73 121 85
73 122 45
73 123 60
73 124 72
73 125 14
73 126 47
73 127 37
73 128 20
73 129 65
73 130 40
73 131 27
73 132 19
73 133 5
73 134 17
73 135 96
73 136 9
73 137 58
73 138 19
73 139 66
73 140 72
73 141 38
73 142 79
73 143 87
73 144 53
73 145 11
73 146 34
73 147 2
73 148 38
73 149 16
73 150 57
73 151 57
73 152 54
73 153 33
73 154 9
73 155 88
73 156 76
73 157 49
73 158 98
73 159 61
74 75 64
74 76 10
74 77 41
74 78 89
74 79 68
74 80 23
74 81 85
74 82 88
74 83 13
74 84 83
74 85 41
74 86 89
74 87 39
74 88 24
74 89 72
74 90 9
74 91 70
74 92 95
74 93 89
74 94 6
74 95 83
74 96 67
74 97 51
74 98 16
74 99 31
74 100 14
74 101 18
74 102 51
74 103 20
74 104 85
74 105 24
74 106 71
74 107 26
74 108 66
74 109 96
74 110 20
74 111 32
74 112 77
74 113 14
74 114 63
74 115 58
74 116 20
74 117 64
74 118 17
74 119 49
74 120 10
74 121 79
74 122 2
74 123 51
74 124 24
74 125 55
74 126 60
74 127 66
74 128 9
74 129 26
74 130 92
74 131 79
74 132 46
74 133 94
74 134 2
74 135 77
74 136 91
74 137 48
74 138 65
74 139 51
74 140 87
74 141 71
74 142 38
74 143 31
74 144 23
74 145 46
74 146 86
74 147 5
74 148 28
74 149 86
74 150 70
74 151 85
74 152 42
74 153 74
74 154 14
74 155 21
74 156 39
74 157 70
74 158 33
74 159 28
75 76 26
75 77 25
75 78 94
75 79 20
75 80 14
75 81 16
75 82 71
75 83 99
75 84 79
75 85 74
75 86 42
75 87 33
75 88 82
75 89 97
75 90 30
75 91 40
75 92 37
75 93 16
75 94 6
75 95 68
75 96 34
75 97 66
75 98 76
75 99 1
75 100 90
75 101 74
75 102 92
75 103 93
75 104 76
75 105 38
75 106 44
75 107 60
75 108 66
75 109 100
75 110 64
75 111 49
75 112 96
75 113 91
75 114 59
75 115 89
75 116 18
75 117 57
75 118 21
75 119 88
75 120 6
75 121 65
75 122 25
75 123 73
75 124 24
75 125 96
75 126 63
75 127 10
75 128 94
75 129 12
75 130 99
75 131 42
75 132 83
75 133 67
75 134 26
75 135 61
75 136 32
75 137 32
75 138 78
75 139 56
75 140 83
75 141 26
75 142 8
75 143 95
75 144 27
75 145 27
75 146 43
75 147 80
75 148 58
75 149 47
75 150 93
75 151 72
75 152 13
75 153 22
75 154 73
75 155 88
75 156 79
75 157 31
75 158 18
75 159 69
76 77 53
76 78 61
76 79 59
76 80 72
76 81 2
76 82 47
76 83 6
76 84 90
76 85 38
76 86 4
76 87 75
76 88 54
76 89 37
76 90 73
76 91 95
76 92 94
76 93 94
76 94 50
76 95 29
76 96 3
76 97 58
76 98 85
76 99 30
76 100 38
76 101 3
76 102 93
76 103 16
76 104 19
76 105 90
76 106 38
76 107 1
76 108 93
76 109 73
76 110 31
76 111 92
76 112 46
76 113 50
76 114 90
76 115 61
76 116 35
76 117 39
76 118 64
76 119 22
76 120 81
76 121 67
76 122 28
76 123 6
76 124 81
76 125 44
76 126 65
76 127 90
76 128 93
76 129 19
76 130 34
76 131 71
76 132 12
76 133 9
76 134 2
76 135 1
76 136 44
76 137 3
76 138 11
76 139 99
76 140 31
76 141 58
76 142 56
76 143 24
76 144 68
76 145 15
76 146 60
76 147 38
76 148 51
76 149 98
76 150 95
76 151 2
76 152 10
76 153 51
76 154 100
76 155 33
76 156 8
76 157 26
76 158 96
76 159 20
77 78 14
77 79 50
77 80 69
77 81 38
77 82 54
77 83 35
77 84 56
77 85 75
77 86 15
77 87 80
77 88 37
77 89 29
77 90 27
77 91 56
77 92 61
77 93 58
77 94 43
77 95 62
77 96 94
77 97 60
77 98 93
77 99 63
77 100 100
77 101 80
77 102 2
77 103 29
77 104 99
77 105 34
77 106 43
77 107 40
77 108 79
77 109 87
77 110 49
77 111 68
77 112 86
77 113 44
77 114 44
77 115 74
77 116 24
77 117 96
77 118 55
77 119 25
77 120 65
77 121 20
77 122 55
77 123 37
77 124 6
77 125 8
77 126 34
77 127 65
77 128 57
77 129 25
77 130 68
77 131 90
77 132 87
77 133 59
77 134 24
77 135 84
77 136 9
77 137 81
77 138 83
77 139 98
77 140 11
77 141 90
77 142 76
77 143 55
77 144 72
77 145 4
77 146 34
77 147 77
77 148 38
77 149 84
77 150 22
77 151 20
77 152 21
77 153 87
77 154 38
77 155 46
77 156 69
77 157 69
77 158 64
77 159 78
78 79 90
78 80 22
78 81 73
78 82 30
78 83 2
78 84 91
78 85 47
78 86 42
78 87 86
78 88 12
78 89 3
78 90 21
78 91 41
78 92 60
78 93 75
78 94 86
78 95 73
78 96 25
78 97 82
78 98 26
78 99 15
78 100 29
78 101 16
78 102 69
78 103 14
78 104 60
78 105 31
78 106 81
78 107 30
78 108 97
78 109 25
78 110 3
78 111 54
78 112 2
78 113 55
78 114 33
78 115 50
78 116 43
78 117 69
78 118 34
78 119 4
78 120 75
78 121 53
78 122 54
78 123 88
78 124 66
78 125 47
78 126 79
78 127 52
78 128 64
78 129 74
78 130 19
78 131 67
78 132 99
78 133 98
78 134 15
78 135 31
78 136 74
78 137 51
78 138 70
78 139 68
78 140 68
78 141 24
78 142 49
78 143 32
78 144 95
78 145 1
78 146 55
78 147 31
78 148 32
78 149 94
78 150 21
78 151 19
78 152 83
78 153 44
78 154 43
78 155 23
78 156 95
78 157 75
78 158 57
78 159 99
79 80 35
79 81 6
79 82 83
79 83 58
79 84 6
79 85 51
79 86 53
79 87 63
79 88 75
79 89 41
79 90 42
79 91 18
79 92 17
79 93 60
79 94 63
79 95 78
79 96 78
79 97 66
79 98 38
79 99 23
79 100 85
79 101 6
79 102 50
79 103 86
79 104 100
79 105 49
79 106 13
79 107 18
79 108 44
79 109 89
79 110 39
79 111 13
79 112 15
79 113 44
79 114 17
79 115 59
79 116 88
79 117 18
79 118 48
79 119 58
79 120 17
79 121 93
79 122 16
79 123 85
79 124 82
79 125 16
79 126 8
79 127 1
79 128 91
79 129 4
79 130 41
79 131 30
79 132 14
79 133 46
79 134 33
79 135 47
79 136 44
79 137 63
79 138 20
79 139 31
79 140 2
79 141 31
79 142 39
79 143 55
79 144 54
79 145 9
79 146 95
79 147 14
79 148 84
79 149 91
79 150 3
79 151 78
79 152 41
79 153 80
79 154 48
79 155 44
79 156 85
79 157 4
79 158 35
79 159 57
80 81 55
80 82 67
80 83 41
80 84 54
80 85 32
80 86 96
80 87 36
80 88 29
80 89 81
80 90 100
80 91 1
80 92 58
80 93 54
80 94 69
80 95 96
80 96 80
80 97 92
80 98 88
80 99 55
80 100 96
80 101 34
80 102 70
80 103 42
80 104 16
80 105 68
80 106 93
80 107 9
80 108 63
80 109 7
80 110 55
80 111 66
80 112 99
80 113 81
80 114 2
80 115 41
80 116 80
80 117 91
80 118 2
80 119 3
80 120 57
80 121 50
80 122 79
80 123 5
80 124 10
80 125 59
80 126 46
80 127 66
80 128 91
80 129 57
80 130 51
80 131 91
80 132 58
80 133 94
80 134 54
80 135 9
80 136 67
80 137 51
80 138 3
80 139 61
80 140 38
80 141 99
80 142 36
80 143 12
80 144 92
80 145 63
80 146 25
80 147 67
80 148 60
80 149 27
80 150 29
80 151 32
80 152 56
80 153 80
80 154 8
80 155 32
80 156 46
80 157 30
80 158 79
80 159 39
81 82 82
81 83 96
81 84 20
81 85 23
81 86 25
81 87 36
81 88 10
81 89 89
81 90 62
81 91 33
81 92 15
81 93 82
81 94 80
81 95 87
81 96 5
81 97 22
81 98 83
81 99 92
81 100 15
81 101 41
81 102 68
81 103 6
81 104 23
81 105 33
81 106 23
81 107 53
81 108 94
81 109 9
81 110 33
81 111 50
81 112 48
81 113 26
81 114 65
81 115 65
81 116 13
81 117 9
81 118 35
81 119 20
81 120 72
81 121 69
81 122 54
81 123 4
81 124 15
81 125 33
81 126 90
81 127 35
81 128 89
81 129 82
81 130 78
81 131 11
81 132 45
81 133 10
81 134 25
81 135 79
81 136 89
81 137 38
81 138 64
81 139 67
81 140 74
81 141 85
81 142 95
81 143 28
81 144 42
81 145 61
81 146 58
81 147 28
81 148 73
81 149 91
81 150 9
81 151 4
81 152 12
81 153 7
81 154 24
81 155 86
81 156 2
81 157 3
81 158 6
81 159 93
82 83 96
82 84 76
82 85 53
82 86 3
82 87 66
82 88 44
82 89 47
82 90 86
82 91 77
82 92 14
82 93 46
82 94 16
82 95 40
82 96 34
82 97 49
82 98 38
82 99 5
82 100 89
82 101 1
82 102 1
82 103 70
82 104 52
82 105 87
82 106 35
82 107 49
82 108 16
82 109 82
82 110 70
82 111 47
82 112 39
82 113 44
82 114 66
82 115 71
82 116 74
82 117 37
82 118 6
82 119 87
82 120 83
82 121 63
82 122 59
82 123 45
82 124 4
82 125 71
82 126 97
82 127 30
82 128 32
82 129 56
82 130 51
82 131 67
82 132 34
82 133 48
82 134 65
82 135 15
82 136 58
82 137 24
82 138 96
82 139 3
82 140 2
82 141 31
82 142 34
82 143 2
82 144 91
82 145 97
82 146 45
82 147 99
82 148 24
82 149 33
82 150 62
82 151 9
82 152 71
82 153 75
82 154 50
82 155 44
82 156 34
82 157 38
82 158 10
82 159 46
83 84 37
83 85 57
83 86 4
83 87 25
83 88 64
83 89 11
83 90 49
83 91 16
83 92 74
83 93 4
83 94 55
83 95 61
83 96 75
83 97 42
83 98 15
83 99 32
83 100 94
83 101 5
83 102 85
83 103 18
83 104 58
83 105 67
83 106 38
83 107 37
83 108 97
83 109 98
83 110 62
83 111 2
83 112 77
83 113 45
83 114 6
83 115 1
83 116 64
83 117 11
83 118 54
83 119 41
83 120 3
83 121 15
83 122 18
83 123 80
83 124 65
83 125 61
83 126 35
83 127 17
83 128 41
83 129 54
83 130 67
83 131 48
83 132 68
83 133 90
83 134 100
83 135 25
83 136 13
83 137 39
83 138 47
83 139 88
83 140 88
83 141 65
83 142 74
83 143 54
83 144 29
83 145 12
83 146 51
83 147 80
83 148 65
83 149 38
83 150 76
83 151 58
83 152 48
83 153 44
83 154 66
83 155 50
83 156 89
83 157 15
83 158 34
83 159 55
84 85 2
84 86 2
84 87 42
84 88 24
84 89 9
84 90 40
84 91 77
84 92 20
84 93 32
84 94 91
84 95 83
84 96 78
84 97 73
84 98 47
84 99 91
84 100 46
84 101 24
84 102 57
84 103 98
84 104 52
84 105 61
84 106 22
84 107 18
84 108 97
84 109 73
84 110 9
84 111 49
84 112 5
84 113 92
84 114 46
84 115 74
84 116 62
84 117 13
84 118 79
84 119 44
84 120 100
84 121 5
84 122 47
84 123 19
84 124 55
84 125 79
84 126 70
84 127 49
84 128 53
84 129 63
84 130 84
84 131 72
84 132 72
84 133 14
84 134 51
84 135 63
84 136 38
84 137 70
84 138 85
84 139 33
84 140 79
84 141 25
84 142 32
84 143 56
84 144 52
84 145 48
84 146 14
84 147 2
84 148 4
84 149 5
84 150 23
84 151 25
84 152 98
84 153 46
84 154 28
84 155 81
84 156 99
84 157 51
84 158 98
84 159 76
85 86 98
85 87 16
85 88 69
85 89 28
85 90 15
85 91 1
85 92 59
85 93 98
85 94 33
85 95 36
85 96 15
85 97 36
85 98 82
85 99 10
85 100 74
85 101 31
85 102 52
85 103 12
85 104 33
85 105 26
85 106 94
85 107 73
85 108 84
85 109 61
85 110 41
85 111 97
85 112 15
85 113 62
85 114 80
85 115 37
85 116 24
85 117 8
85 118 61
85 119 82
85 120 88
85 121 30
85 122 97
85 123 72
85 124 15
85 125 99
85 126 13
85 127 35
85 128 66
85 129 3
85 130 23
85 131 90
85 132 82
85 133 12
85 134 13
85 135 52
85 136 6
85 137 61
85 138 74
85 139 3
85 140 30
85 141 49
85 142 73
85 143 47
85 144 27
85 145 76
85 146 61
85 147 45
85 148 53
85 149 19
85 150 70
85 151 62
85 152 4
85 153 97
85 154 94
85 155 28
85 156 18
85 157 5
85 158 8
85 159 41
86 87 74
86 88 39
86 89 36
86 90 44
86 91 51
86 92 94
86 93 91
86 94 22
86 95 89
86 96 85
86 97 47
86 98 89
86 99 22
86 100 22
86 101 59
86 102 79
86 103 58
86 104 99
86 105 16
86 106 48
86 107 40
86 108 52
86 109 11
86 110 24
86 111 1
86 112 94
86 113 7
86 114 72
86 115 86
86 116 12
86 117 65
86 118 37
86 119 60
86 120 33
86 121 52
86 122 38
86 123 11
86 124 36
86 125 41
86 126 3
86 127 93
86 128 66
86 129 72
86 130 20
86 131 65
86 132 4
86 133 51
86 134 23
86 135 26
86 136 15
86 137 32
86 138 65
86 139 33
86 140 12
86 141 44
86 142 96
86 143 29
86 144 20
86 145 95
86 146 3
86 147 91
86 148 6
86 149 87
86 150 5
86 151 76
86 152 72
86 153 35
86 154 29
86 155 47
86 156 99
86 157 86
86 158 4
86 159 50
87 88 12
87 89 25
87 90 86
87 91 97
87 92 17
87 93 70
87 94 98
87 95 52
87 96 52
87 97 37
87 98 39
87 99 46
87 100 22
87 101 13
87 102 66
87 103 35
87 104 31
87 105 66
87 106 83
87 107 27
87 108 63
87 109 79
87 110 46
87 111 30
87 112 4
87 113 90
87 114 39
87 115 4
87 116 62
87 117 41
87 118 5
87 119 92
87 120 44
87 121 96
87 122 5
87 123 94
87 124 70
87 125 9
87 126 55
87 127 65
87 128 74
87 129 11
87 130 13
87 131 83
87 132 92
87 133 75
87 134 18
87 135 67
87 136 25
87 137 71
87 138 53
87 139 29
87 140 25
87 141 28
87 142 44
87 143 87
87 144 86
87 145 79
87 146 88
87 147 61
87 148 38
87 149 81
87 150 83
87 151 80
87 152 24
87 153 26
87 154 40
87 155 20
87 156 64
87 157 19
87 158 48
87 159 12
88 89 66
88 90 64
88 91 75
88 92 62
88 93 87
88 94 89
88 95 11
88 96 30
88 97 8
88 98 92
88 99 82
88 100 6
88 101 46
88 102 30
88 103 15
88 104 79
88 105 55
88 106 16
88 107 21
88 108 15
88 109 10
88 110 13
88 111 73
88 112 58
88 113 30
88 114 42
88 115 33
88 116 86
88 117 85
88 118 90
88 119 3
88 120 14
88 121 89
88 122 59
88 123 67
88 124 93
88 125 72
88 126 41
88 127 98
88 128 90
88 129 30
88 130 12
88 131 97
88 132 80
88 133 9
88 134 34
88 135 14
88 136 100
88 137 28
88 138 42
88 139 19
88 140 15
88 141 37
88 142 58
88 143 49
88 144 12
88 145 1
88 146 20
88 147 6
88 148 61
88 149 83
88 150 4
88 151 52
88 152 85
88 153 75
88 154 11
88 155 10
88 156 91
88 157 17
88 158 56
88 159 60
89 90 11
89 91 63
89 92 51
89 93 94
89 94 77
89 95 99
89 96 57
89 97 47
89 98 33
89 99 59
89 100 46
89 101 54
89 102 70
89 103 71
89 104 72
89 105 61
89 106 21
89 107 54
89 108 93
89 109 50
89 110 35
89 111 75
89 112 45
89 113 6
89 114 15
89 115 29
89 116 2
89 117 88
89 118 63
89 119 81
89 120 1
89 121 29
89 122 13
89 123 44
89 124 88
89 125 16
89 126 88
89 127 46
89 128 12
89 129 55
89 130 29
89 131 1
89 132 62
89 133 45
89 134 60
89 135 25
89 136 78
89 137 63
89 138 76
89 139 33
89 140 61
89 141 89
89 142 67
89 143 45
89 144 84
89 145 46
89 146 56
89 147 71
89 148 87
89 149 96
89 150 25
89 151 87
89 152 58
89 153 10
89 154 13
89 155 31
89 156 73
89 157 68
89 158 15
89 159 79
90 91 61
90 92 65
90 93 70
90 94 86
90 95 91
90 96 92
90 97 57
90 98 92
90 99 27
90 100 23
90 101 99
90 102 51
90 103 39
90 104 16
90 105 86
90 106 40
90 107 66
90 108 23
90 109 71
90 110 56
90 111 65
90 112 81
90 113 23
90 114 94
90 115 30
90 116 1
90 117 76
90 118 88
90 119 91
90 120 85
90 121 72
90 122 33
90 123 68
90 124 77
90 125 73
90 126 68
90 127 25
90 128 82
90 129 89
90 130 65
90 131 90
90 132 45
90 133 22
90 134 50
90 135 16
90 136 25
90 137 86
90 138 65
90 139 43
90 140 38
90 141 55
90 142 11
90 143 81
90 144 48
90 145 36
90 146 38
90 147 43
90 148 72
90 149 1
90 150 97
90 151 38
90 152 47
90 153 85
90 154 40
90 155 49
90 156 73
90 157 24
90 158 68
90 159 14
91 92 83
91 93 54
91 94 20
91 95 76
91 96 87
91 97 20
91 98 54
91 99 71
91 100 26
91 101 88
91 102 98
91 103 88
91 104 26
91 105 64
91 106 99
91 107 6
91 108 80
91 109 9
91 110 100
91 111 27
91 112 66
91 113 7
91 114 78
91 115 87
91 116 20
91 117 18
91 118 13
91 119 98
91 120 68
91 121 84
91 122 20
91 123 65
91 124 59
91 125 45
91 126 14
91 127 9
91 128 52
91 129 93
91 130 58
91 131 1
91 132 53
91 133 58
91 134 29
91 135 27
91 136 90
91 137 86
91 138 14
91 139 57
91 140 38
91 141 23
91 142 88
91 143 52
91 144 18
91 145 61
91 146 94
91 147 31
91 148 77
91 149 43
91 150 51
91 151 54
91 152 75
91 153 88
91 154 92
91 155 26
91 156 89
91 157 82
91 158 97
91 159 87
92 93 43
92 94 95
92 95 24
92 96 18
92 97 9
92 98 10
92 99 71
92 100 80
92 101 76
92 102 15
92 103 78
92 104 70
92 105 66
92 106 18
92 107 5
92 108 100
92 109 55
92 110 75
92 111 75
92 112 64
92 113 90
92 114 72
92 115 10
92 116 65
92 117 21
92 118 11
92 119 15
92 120 49
92 121 5
92 122 77
92 123 33
92 124 30
92 125 77
92 126 32
92 127 50
92 128 36
92 129 3
92 130 4
92 131 72
92 132 3
92 133 62
92 134 80
92 135 21
92 136 23
92 137 53
92 138 11
92 139 61
92 140 43
92 141 62
92 142 98
92 143 98
92 144 51
92 145 85
92 146 56
92 147 66
92 148 64
92 149 8
92 150 1
92 151 10
92 152 71
92 153 88
92 154 1
92 155 27
92 156 33
92 157 97
92 158 23
92 159 8
93 94 100
93 95 5
93 96 97
93 97 77
93 98 73
93 99 47
93 100 15
93 101 95
93 102 19
93 103 55
93 104 28
93 105 63
93 106 46
93 107 15
93 108 78
93 109 21
93 110 63
93 111 53
93 112 15
93 113 38
93 114 8
93 115 74
93 116 60
93 117 97
93 118 10
93 119 80
93 120 80
93 121 42
93 122 30
93 123 84
93 124 59
93 125 38
93 126 62
93 127 22
93 128 54
93 129 77
93 130 76
93 131 77
93 132 45
93 133 36
93 134 11
93 135 57
93 136 43
93 137 4
93 138 24
93 139 48
93 140 78
93 141 40
93 142 92
93 143 34
93 144 70
93 145 88
93 146 50
93 147 77
93 148 18
93 149 65
93 150 68
93 151 26
93 152 22
93 153 17
93 154 16
93 155 90
93 156 35
93 157 85
93 158 48
93 159 97
94 95 15
94 96 34
94 97 6
94 98 5
94 99 92
94 100 9
94 101 11
94 102 79
94 103 68
94 104 67
94 105 45
94 106 92
94 107 88
94 108 25
94 109 50
94 110 19
94 111 9
94 112 94
94 113 51
94 114 85
94 115 45
94 116 100
94 117 76
94 118 32
94 119 36
94 120 58
94 121 14
94 122 33
94 123 50
94 124 11
94 125 4
94 126 56
94 127 19
94 128 100
94 129 61
94 130 16
94 131 93
94 132 51
94 133 19
94 134 78
94 135 11
94 136 89
94 137 7
94 138 79
94 139 71
94 140 79
94 141 94
94 142 26
94 143 11
94 144 72
94 145 17
94 146 95
94 147 9
94 148 89
94 149 63
94 150 75
94 151 37
94 152 53
94 153 66
94 154 76
94 155 92
94 156 28
94 157 30
94 158 66
94 159 21
95 96 81
95 97 76
95 98 54
95 99 73
95 100 25
95 101 53
95 102 3
95 103 41
95 104 63
95 105 74
95 106 65
95 107 36
95 108 72
95 109 53
95 110 35
95 111 69
95 112 86
95 113 23
95 114 50
95 115 48
95 116 36
95 117 47
95 118 37
95 119 3
95 120 29
95 121 69
95 122 13
95 123 60
95 124 16
95 125 6
95 126 68
95 127 48
95 128 98
95 129 78
95 130 47
95 131 60
95 132 90
95 133 28
95 134 82
95 135 72
95 136 8
95 137 78
95 138 51
95 139 34
95 140 21
95 141 69
95 142 47
95 143 49
95 144 100
95 145 3
95 146 71
95 147 89
95 148 75
95 149 75
95 150 61
95 151 18
95 152 48
95 153 9
95 154 50
95 155 19
95 156 75
95 157 63
95 158 8
95 159 46
96 97 10
96 98 85
96 99 30
96 100 74
96 101 29
96 102 45
96 103 36
96 104 27
96 105 25
96 106 53
96 107 65
96 108 58
96 109 19
96 110 82
96 111 70
96 112 96
96 113 47
96 114 7
96 115 34
96 116 20
96 117 61
96 118 5
96 119 39
96 120 45
96 121 90
96 122 16
96 123 13
96 124 3
96 125 19
96 126 14
96 127 50
96 128 50
96 129 81
96 130 43
96 131 24
96 132 30
96 133 35
96 134 80
96 135 44
96 136 4
96 137 42
96 138 90
96 139 81
96 140 74
96 141 13
96 142 3
96 143 75
96 144 83
96 145 79
96 146 78
96 147 7
96 148 92
96 149 63
96 150 16
96 151 20
96 152 97
96 153 63
96 154 31
96 155 13
96 156 24
96 157 60
96 158 67
96 159 15
97 98 5
97 99 37
97 100 79
97 101 8
97 102 13
97 103 53
97 104 84
97 105 92
97 106 83
97 107 17
97 108 29
97 109 43
97 110 94
97 111 10
97 112 25
97 113 8
97 114 28
97 115 92
97 116 69
97 117 88
97 118 96
97 119 63
97 120 66
97 121 4
97 122 18
97 123 95
97 124 17
97 125 100
97 126 86
97 127 38
97 128 1
97 129 68
97 130 87
97 131 3
97 132 43
97 133 96
97 134 47
97 135 95
97 136 59
97 137 73
97 138 43
97 139 46
97 140 5
97 141 77
97 142 42
97 143 53
97 144 25
97 145 85
97 146 35
97 147 83
97 148 51
97 149 80
97 150 91
97 151 98
97 152 31
97 153 51
97 154 59
97 155 69
97 156 95
97 157 88
97 158 76
97 159 42
98 99 63
98 100 65
98 101 21
98 102 93
98 103 76
98 104 3
98 105 92
98 106 75
98 107 17
98 108 26
98 109 55
98 110 13
98 111 72
98 112 26
98 113 29
98 114 15
98 115 46
98 116 36
98 117 42
98 118 19
98 119 59
98 120 94
98 121 4
98 122 72
98 123 50
98 124 20
98 125 51
98 126 18
98 127 28
98 128 72
98 129 47
98 130 95
98 131 41
98 132 92
98 133 9
98 134 62
98 135 36
98 136 33
98 137 35
98 138 26
98 139 23
98 140 18
98 141 8
98 142 12
98 143 31
98 144 75
98 145 49
98 146 20
98 147 91
98 148 34
98 149 57
98 150 51
98 151 47
98 152 39
98 153 39
98 154 44
98 155 2
98 156 95
98 157 51
98 158 87
98 159 66
99 100 38
99 101 77
99 102 84
99 103 44
99 104 64
99 105 45
99 106 20
99 107 54
99 108 76
99 109 80
99 110 76
99 111 83
99 112 73
99 113 83
99 114 47
99 115 98
99 116 24
99 117 84
99 118 11
99 119 32
99 120 63
99 121 33
99 122 10
99 123 66
99 124 53
99 125 36
99 126 63
99 127 47
99 128 72
99 129 39
99 130 75
99 131 56
99 132 77
99 133 98
99 134 69
99 135 30
99 136 82
99 137 22
99 138 19
99 139 71
99 140 94
99 141 67
99 142 83
99 143 58
99 144 10
99 145 36
99 146 27
99 147 83
99 148 97
99 149 17
99 150 42
99 151 39
99 152 12
99 153 54
99 154 43
99 155 82
99 156 85
99 157 92
99 158 98
99 159 79
100 101 63
100 102 75
100 103 1
100 104 55
100 105 35
100 106 68
100 107 48
100 108 82
100 109 57
100 110 9
100 111 96
100 112 17
100 113 63
100 114 9
100 115 31
100 116 15
100 117 25
100 118 35
100 119 85
100 120 72
100 121 55
100 122 51
100 123 100
100 124 44
100 125 27
100 126 70
100 127 13
100 128 40
100 129 52
100 130 75
100 131 90
100 132 77
100 133 50
100 134 9
100 135 23
100 136 42
100 137 42
100 138 60
100 139 71
100 140 96
100 141 38
100 142 59
100 143 63
100 144 46
100 145 78
100 146 92
100 147 5
100 148 87
100 149 5
100 150 3
100 151 16
100 152 5
100 153 12
100 154 84
100 155 16
100 156 60
100 157 95
100 158 29
100 159 79
101 102 95
101 103 40
101 104 14
101 105 16
101 106 71
101 107 87
101 108 67
101 109 70
101 110 32
101 111 88
101 112 8
101 113 62
101 114 30
101 115 68
101 116 98
101 117 64
101 118 57
101 119 69
101 120 35
101 121 2
101 122 76
101 123 39
101 124 23
101 125 36
101 126 57
101 127 14
101 128 44
101 129 21
101 130 65
101 131 12
101 132 8
101 133 9
101 134 72
101 135 37
101 136 72
101 137 40
101 138 11
101 139 62
101 140 18
101 141 41
101 142 49
101 143 82
101 144 10
101 145 63
101 146 89
101 147 50
101 148 32
101 149 49
101 150 43
101 151 1
101 152 93
101 153 19
101 154 66
101 155 87
101 156 81
101 157 15
101 158 11
101 159 48
102 103 48
102 104 66
102 105 30
102 106 40
102 107 76
102 108 41
102 109 32
102 110 48
102 111 7
102 112 62
102 113 17
102 114 8
102 115 65
102 116 39
102 117 41
102 118 9
102 119 28
102 120 39
102 121 14
102 122 45
102 123 77
102 124 93
102 125 61
102 126 84
102 127 69
102 128 81
102 129 97
102 130 47
102 131 33
102 132 80
102 133 32
102 134 31
102 135 50
102 136 79
102 137 100
102 138 34
102 139 48
102 140 26
102 141 65
102 142 19
102 143 34
102 144 4
102 145 32
102 146 39
102 147 8
102 148 36
102 149 3
102 150 19
102 151 72
102 152 6
102 153 27
102 154 56
102 155 21
102 156 57
102 157 37
102 158 58
102 159 55
103 104 5
103 105 2
103 106 5
103 107 56
103 108 7
103 109 27
103 110 62
103 111 25
103 112 28
103 113 28
103 114 31
103 115 45
103 116 57
103 117 8
103 118 49
103 119 55
103 120 72
103 121 94
103 122 100
103 123 2
103 124 61
103 125 20
103 126 25
103 127 16
103 128 4
103 129 16
103 130 24
103 131 11
103 132 89
103 133 10
103 134 55
103 135 32
103 136 1
103 137 7
103 138 79
103 139 1
103 140 25
103 141 15
103 142 96
103 143 5
103 144 6
103 145 31
103 146 26
103 147 70
103 148 99
103 149 33
103 150 16
103 151 26
103 152 43
103 153 70
103 154 92
103 155 98
103 156 92
103 157 17
103 158 86
103 159 70
104 105 91
104 106 66
104 107 20
104 108 17
104 109 93
104 110 10
104 111 54
104 112 29
104 113 52
104 114 33
104 115 43
104 116 27
104 117 27
104 118 97
104 119 89
104 120 84
104 121 36
104 122 12
104 123 51
104 124 94
104 125 67
104 126 1
104 127 99
104 128 21
104 129 77
104 130 69
104 131 22
104 132 12
104 133 70
104 134 86
104 135 13
104 136 4
104 137 22
104 138 13
104 139 20
104 140 5
104 141 81
104 142 32
104 143 65
104 144 60
104 145 71
104 146 13
104 147 2
104 148 37
104 149 38
104 150 48
104 151 38
104 152 79
104 153 20
104 154 16
104 155 52
104 156 2
104 157 39
104 158 54
104 159 6
105 106 94
105 107 37
105 108 6
105 109 95
105 110 19
105 111 72
105 112 53
105 113 62
105 114 68
105 115 92
105 116 60
105 117 15
105 118 25
105 119 41
105 120 25
105 121 32
105 122 50
105 123 33
105 124 25
105 125 79
105 126 50
105 127 36
105 128 42
105 129 77
105 130 87
105 131 94
105 132 39
105 133 70
105 134 17
105 135 13
105 136 10
105 137 10
105 138 43
105 139 64
105 140 85
105 141 32
105 142 91
105 143 56
105 144 31
105 145 66
105 146 93
105 147 53
105 148 35
105 149 59
105 150 90
105 151 66
105 152 99
105 153 12
105 154 35
105 155 71
105 156 63
105 157 90
105 158 12
105 159 87
106 107 15
106 108 19
106 109 18
106 110 87
106 111 39
106 112 38
106 113 5
106 114 54
106 115 99
106 116 48
106 117 61
106 118 22
106 119 95
106 120 32
106 121 46
106 122 9
106 123 3
106 124 1
106 125 52
106 126 70
106 127 30
106 128 69
106 129 32
106 130 31
106 131 58
106 132 53
106 133 24
106 134 88
106 135 79
106 136 1
106 137 4
106 138 79
106 139 73
106 140 78
106 141 76
106 142 35
106 143 76
106 144 25
106 145 55
106 146 82
106 147 30
106 148 40
106 149 41
106 150 18
106 151 23
106 152 29
106 153 3
106 154 99
106 155 92
106 156 20
106 157 46
106 158 86
106 159 50
107 108 8
107 109 48
107 110 7
107 111 68
107 112 75
107 113 84
107 114 44
107 115 53
107 116 34
107 117 71
107 118 87
107 119 90
107 120 52
107 121 4
107 122 24
107 123 9
107 124 94
107 125 54
107 126 92
107 127 53
107 128 94
107 129 11
107 130 46
107 131 39
107 132 39
107 133 70
107 134 79
107 135 100
107 136 72
107 137 30
107 138 44
107 139 82
107 140 86
107 141 5
107 142 68
107 143 72
107 144 62
107 145 92
107 146 20
107 147 85
107 148 63
107 149 42
107 150 36
107 151 42
107 152 4
107 153 59
107 154 22
107 155 6
107 156 62
107 157 99
107 158 13
107 159 15
108 109 8
108 110 10
108 111 50
108 112 6
108 113 68
108 114 46
108 115 68
108 116 16
108 117 99
108 118 33
108 119 65
108 120 34
108 121 19
108 122 83
108 123 71
108 124 37
108 125 74
108 126 7
108 127 29
108 128 91
108 129 30
108 130 11
108 131 29
108 132 53
108 133 76
108 134 96
108 135 4
108 136 77
108 137 87
108 138 75
108 139 75
108 140 18
108 141 35
108 142 89
108 143 98
108 144 12
108 145 56
108 146 1
108 147 68
108 148 79
108 149 45
108 150 55
108 151 65
108 152 10
108 153 92
108 154 34
108 155 21
108 156 12
108 157 98
108 158 25
108 159 58
109 110 83
109 111 19
109 112 67
109 113 54
109 114 93
109 115 59
109 116 68
109 117 50
109 118 31
109 119 93
109 120 53
109 121 3
109 122 70
109 123 10
109 124 62
109 125 91
109 126 64
109 127 53
109 128 16
109 129 21
109 130 80
109 131 91
109 132 78
109 133 59
109 134 65
109 135 50
109 136 15
109 137 71
109 138 78
109 139 28
109 140 56
109 141 39
109 142 6
109 143 55
109 144 7
109 145 56
109 146 31
109 147 80
109 148 69
109 149 91
109 150 60
109 151 4
109 152 97
109 153 77
109 154 90
109 155 55
109 156 28
109 157 70
109 158 90
109 159 59
110 111 62
110 112 50
110 113 98
110 114 50
110 115 25
110 116 12
110 117 55
110 118 6
110 119 78
110 120 39
110 121 64
110 122 8
110 123 56
110 124 52
110 125 37
110 126 73
110 127 48
110 128 99
110 129 80
110 130 90
110 131 99
110 132 54
110 133 17
110 134 58
110 135 9
110 136 48
110 137 21
110 138 32
110 139 10
110 140 24
110 141 82
110 142 65
110 143 61
110 144 46
110 145 25
110 146 25
110 147 12
110 148 12
110 149 77
110 150 99
110 151 1
110 152 21
110 153 96
110 154 43
110 155 17
110 156 94
110 157 40
110 158 34
110 159 8
111 112 56
111 113 73
111 114 86
111 115 80
111 116 81
111 117 56
111 118 14
111 119 98
111 120 75
111 121 69
111 122 44
111 123 32
111 124 9
111 125 9
111 126 36
111 127 59
111 128 23
111 129 30
111 130 78
111 131 56
111 132 23
111 133 7
111 134 29
111 135 21
111 136 91
111 137 49
111 138 84
111 139 66
111 140 57
111 141 86
111 142 85
111 143 92
111 144 43
111 145 50
111 146 58
111 147 91
111 148 18
111 149 26
111 150 48
111 151 80
111 152 19
111 153 2
111 154 27
111 155 8
111 156 60
111 157 30
111 158 100
111 159 76
112 113 4
112 114 87
112 115 42
112 116 87
112 117 16
112 118 85
112 119 19
112 120 77
112 121 98
112 122 15
112 123 38
112 124 88
112 125 74
112 126 80
112 127 75
112 128 96
112 129 51
112 130 94
112 131 65
112 132 70
112 133 35
112 134 55
112 135 59
112 136 94
112 137 2
112 138 56
112 139 26
112 140 97
112 141 53
112 142 34
112 143 24
112 144 89
112 145 37
112 146 45
112 147 35
112 148 76
112 149 99
112 150 35
112 151 31
112 152 29
112 153 87
112 154 3
112 155 29
112 156 85
112 157 96
112 158 13
112 159 81
113 114 100
113 115 75
113 116 4
113 117 71
113 118 11
113 119 22
113 120 59
113 121 95
113 122 77
113 123 62
113 124 91
113 125 14
113 126 4
113 127 32
113 128 30
113 129 72
113 130 92
113 131 81
113 132 35
113 133 48
113 134 77
113 135 50
113 136 59
113 137 40
113 138 92
113 139 10
113 140 17
113 141 11
113 142 13
113 143 6
113 144 9
113 145 55
113 146 58
113 147 56
113 148 37
113 149 60
113 150 73
113 151 36
113 152 22
113 153 14
113 154 52
113 155 60
113 156 78
113 157 74
113 158 66
113 159 44
114 115 24
114 116 38
114 117 7
114 118 49
114 119 17
114 120 1
114 121 13
114 122 89
114 123 87
114 124 87
114 125 99
114 126 100
114 127 39
114 128 86
114 129 89
114 130 71
114 131 40
114 132 44
114 133 88
114 134 74
114 135 97
114 136 74
114 137 39
114 138 64
114 139 60
114 140 39
114 141 46
114 142 22
114 143 17
114 144 85
114 145 75
114 146 90
114 147 14
114 148 8
114 149 20
114 150 39
114 151 5
114 152 97
114 153 100
114 154 99
114 155 2
114 156 8
114 157 26
114 158 30
114 159 79
115 116 90
115 117 46
115 118 79
115 119 95
115 120 81
115 121 83
115 122 74
115 123 60
115 124 38
115 125 27
115 126 4
115 127 16
115 128 51
115 129 96
115 130 74
115 131 75
115 132 45
115 133 12
115 134 14
115 135 65
115 136 3
115 137 100
115 138 91
115 139 13
115 140 52
115 141 10
115 142 89
115 143 68
115 144 67
115 145 89
115 146 28
115 147 66
115 148 12
115 149 17
115 150 91
115 151 64
115 152 69
115 153 53
115 154 32
115 155 33
115 156 22
115 157 68
115 158 98
115 159 10
116 117 27
116 118 65
116 119 68
116 120 12
116 121 62
116 122 53
116 123 95
116 124 5
116 125 49
116 126 77
116 127 14
116 128 86
116 129 100
116 130 78
116 131 33
116 132 43
116 133 3
116 134 81
116 135 64
116 136 15
116 137 87
116 138 45
116 139 37
116 140 97
116 141 11
116 142 49
116 143 8
116 144 9
116 145 31
116 146 18
116 147 31
116 148 22
116 149 45
116 150 98
116 151 54
116 152 40
116 153 34
116 154 15
116 155 2
116 156 10
116 157 51
116 158 36
116 159 9
117 118 12
117 119 75
117 120 20
117 121 70
117 122 44
117 123 81
117 124 20
117 125 74
117 126 26
117 127 53
117 128 37
117 129 50
117 130 3
117 131 91
117 132 96
117 133 86
117 134 5
117 135 67
117 136 30
117 137 55
117 138 70
117 139 32
117 140 96
117 141 22
117 142 43
117 143 6
117 144 84
117 145 30
117 146 28
117 147 35
117 148 18
117 149 81
117 150 41
117 151 9
117 152 55
117 153 78
117 154 26
117 155 69
117 156 80
117 157 51
117 158 84
117 159 58
118 119 42
118 120 76
118 121 83
118 122 3
118 123 77
118 124 51
118 125 2
118 126 69
118 127 40
118 128 26
118 129 18
118 130 57
118 131 17
118 132 15
118 133 28
118 134 75
118 135 23
118 136 49
118 137 3
118 138 71
118 139 38
118 140 100
118 141 46
118 142 8
118 143 68
118 144 90
118 145 6
118 146 92
118 147 74
118 148 14
118 149 38
118 150 59
118 151 61
118 152 27
118 153 29
118 154 44
118 155 75
118 156 44
118 157 63
118 158 55
118 159 25
119 120 89
119 121 17
119 122 70
119 123 76
119 124 81
119 125 7
119 126 13
119 127 95
119 128 28
119 129 30
119 130 96
119 131 19
119 132 43
119 133 76
119 134 34
119 135 91
119 136 62
119 137 81
119 138 1
119 139 81
119 140 46
119 141 85
119 142 18
119 143 89
119 144 87
119 145 33
119 146 18
119 147 75
119 148 29
119 149 89
119 150 61
119 151 42
119 152 2
119 153 41
119 154 7
119 155 63
119 156 14
119 157 31
119 158 75
119 159 3
120 121 59
120 122 13
120 123 46
120 124 73
120 125 27
120 126 52
120 127 78
120 128 87
120 129 68
120 130 30
120 131 1
120 132 28
120 133 31
120 134 65
120 135 96
120 136 14
120 137 55
120 138 83
120 139 66
120 140 78
120 141 96
120 142 40
120 143 4
120 144 57
120 145 89
120 146 59
120 147 70
120 148 73
120 149 46
120 150 79
120 151 5
120 152 56
120 153 6
120 154 7
120 155 28
120 156 68
120 157 77
120 158 32
120 159 4
121 122 99
121 123 1
121 124 79
121 125 39
121 126 69
121 127 9
121 128 10
121 129 30
121 130 78
121 131 69
121 132 51
121 133 22
121 134 74
121 135 68
121 136 95
121 137 65
121 138 29
121 139 100
121 140 44
121 141 56
121 142 88
121 143 30
121 144 38
121 145 98
121 146 34
121 147 27
121 148 8
121 149 15
121 150 71
121 151 36
121 152 81
121 153 91
121 154 78
121 155 87
121 156 93
121 157 88
121 158 73
121 159 45
122 123 66
122 124 19
122 125 50
122 126 25
122 127 57
122 128 40
122 129 16
122 130 91
122 131 58
122 132 60
122 133 54
122 134 5
122 135 79
122 136 52
122 137 57
122 138 36
122 139 35
122 140 76
122 141 46
122 142 99
122 143 87
122 144 28
122 145 31
122 146 27
122 147 28
122 148 92
122 149 34
122 150 45
122 151 93
122 152 64
122 153 36
122 154 28
122 155 41
122 156 74
122 157 4
122 158 57
122 159 59
123 124 85
123 125 42
123 126 49
123 127 72
123 128 2
123 129 46
123 130 14
123 131 81
123 132 21
123 133 92
123 134 1
123 135 85
123 136 39
123 137 57
123 138 64
123 139 38
123 140 77
123 141 1
123 142 84
123 143 69
123 144 99
123 145 67
123 146 42
123 147 18
123 148 30
123 149 7
123 150 91
123 151 44
123 152 46
123 153 83
123 154 52
123 155 81
123 156 60
123 157 60
123 158 61
123 159 54
124 125 28
124 126 90
124 127 65
124 128 99
124 129 86
124 130 53
124 131 22
124 132 1
124 133 82
124 134 56
124 135 88
124 136 94
124 137 12
124 138 46
124 139 27
124 140 96
124 141 62
124 142 20
124 143 68
124 144 50
124 145 82
124 146 40
124 147 17
124 148 88
124 149 98
124 150 40
124 151 29
124 152 3
124 153 54
124 154 61
124 155 46
124 156 90
124 157 93
124 158 18
124 159 94
125 126 16
125 127 42
125 128 19
125 129 47
125 130 16
125 131 81
125 132 55
125 133 26
125 134 57
125 135 87
125 136 23
125 137 9
125 138 1
125 139 27
125 140 38
125 141 24
125 142 83
125 143 79
125 144 22
125 145 25
125 146 96
125 147 67
125 148 78
125 149 82
125 150 64
125 151 41
125 152 38
125 153 23
125 154 24
125 155 47
125 156 56
125 157 21
125 158 38
125 159 32
126 127 96
126 128 40
126 129 11
126 130 83
126 131 25
126 132 71
126 133 88
126 134 69
126 135 21
126 136 7
126 137 100
126 138 100
126 139 7
126 140 49
126 141 91
126 142 29
126 143 97
126 144 42
126 145 39
126 146 46
126 147 2
126 148 81
126 149 59
126 150 9
126 151 62
126 152 45
126 153 51
126 154 17
126 155 61
126 156 11
126 157 20
126 158 57
126 159 52
127 128 82
127 129 98
127 130 10
127 131 67
127 132 80
127 133 37
127 134 45
127 135 79
127 136 18
127 137 7
127 138 53
127 139 49
127 140 19
127 141 39
127 142 55
127 143 62
127 144 72
127 145 30
127 146 64
127 147 30
127 148 36
127 149 23
127 150 99
127 151 18
127 152 51
127 153 22
127 154 31
127 155 68
127 156 93
127 157 18
127 158 57
127 159 96
128 129 60
128 130 77
128 131 86
128 132 95
128 133 74
128 134 1
128 135 44
128 136 15
128 137 99
128 138 7
128 139 39
128 140 47
128 141 7
128 142 83
128 143 90
128 144 81
128 145 2
128 146 83
128 147 34
128 148 70
128 149 99
128 150 78
128 151 21
128 152 57
128 153 46
128 154 6
128 155 36
128 156 62
128 157 97
128 158 97
128 159 46
129 130 20
129 131 96
129 132 95
129 133 68
129 134 6
129 135 9
129 136 1
129 137 59
129 138 16
129 139 96
129 140 73
129 141 6
129 142 32
129 143 2
129 144 86
129 145 63
129 146 47
129 147 92
129 148 44
129 149 72
129 150 32
129 151 57
129 152 91
129 153 39
129 154 94
129 155 49
129 156 24
129 157 99
129 158 20
129 159 36
130 131 89
130 132 10
130 133 38
130 134 59
130 135 91
130 136 68
130 137 38
130 138 43
130 139 76
130 140 22
130 141 65
130 142 3
130 143 73
130 144 62
130 145 57
130 146 79
130 147 29
130 148 23
130 149 36
130 150 55
130 151 96
130 152 42
130 153 19
130 154 17
130 155 19
130 156 84
130 157 36
130 158 50
130 159 43
131 132 82
131 133 83
131 134 23
131 135 27
131 136 30
131 137 18
131 138 44
131 139 20
131 140 86
131 141 33
131 142 12
131 143 2
131 144 35
131 145 62
131 146 36
131 147 76
131 148 1
131 149 33
131 150 90
131 151 92
131 152 99
131 153 45
131 154 41
131 155 33
131 156 50
131 157 85
131 158 91
131 159 50
132 133 83
132 134 5
132 135 12
132 136 33
132 137 82
132 138 79
132 139 30
132 140 19
132 141 86
132 142 43
132 143 90
132 144 38
132 145 4
132 146 53
132 147 18
132 148 15
132 149 7
132 150 32
132 151 56
132 152 24
132 153 81
132 154 47
132 155 28
132 156 54
132 157 91
132 158 18
132 159 61
133 134 7
133 135 87
133 136 15
133 137 61
133 138 83
133 139 5
133 140 28
133 141 3
133 142 47
133 143 23
133 144 72
133 145 29
133 146 57
133 147 19
133 148 9
133 149 10
133 150 2
133 151 55
133 152 13
133 153 59
133 154 38
133 155 23
133 156 64
133 157 17
133 158 80
133 159 28
134 135 74
134 136 23
134 137 63
134 138 9
134 139 32
134 140 16
134 141 57
134 142 24
134 143 54
134 144 97
134 145 87
134 146 20
134 147 71
134 148 90
134 149 65
134 150 97
134 151 10
134 152 1
134 153 31
134 154 40
134 155 5
134 156 93
134 157 52
134 158 64
134 159 29
135 136 21
135 137 67
135 138 46
135 139 24
135 140 13
135 141 1
135 142 9
135 143 97
135 144 35
135 145 37
135 146 71
135 147 43
135 148 23
135 149 67
135 150 22
135 151 23
135 152 82
135 153 19
135 154 81
135 155 52
135 156 97
135 157 64
135 158 68
135 159 41
136 137 81
136 138 94
136 139 60
136 140 38
136 141 55
136 142 58
136 143 67
136 144 89
136 145 9
136 146 90
136 147 85
136 148 44
136 149 85
136 150 91
136 151 91
136 152 7
136 153 62
136 154 33
136 155 36
136 156 22
136 157 85
136 158 57
136 159 15
137 138 48
137 139 20
137 140 98
137 141 22
137 142 91
137 143 4
137 144 91
137 145 6
137 146 19
137 147 16
137 148 26
137 149 58
137 150 87
137 151 1
137 152 82
137 153 64
137 154 100
137 155 56
137 156 28
137 157 30
137 158 36
137 159 95
138 139 79
138 140 45
138 141 6
138 142 89
138 143 79
138 144 58
138 145 86
138 146 100
138 147 91
138 148 88
138 149 64
138 150 54
138 151 81
138 152 41
138 153 27
138 154 12
138 155 54
138 156 31
138 157 84
138 158 31
138 159 59
139 140 79
139 141 19
139 142 16
139 143 98
139 144 34
139 145 16
139 146 28
139 147 30
139 148 96
139 149 76
139 150 99
139 151 22
139 152 1
139 153 51
139 154 35
139 155 34
139 156 98
139 157 12
139 158 90
139 159 69
140 141 56
140 142 81
140 143 63
140 144 68
140 145 61
140 146 38
140 147 50
140 148 86
140 149 78
140 150 97
140 151 35
140 152 39
140 153 90
140 154 69
140 155 69
140 156 10
140 157 6
140 158 58
140 159 80
141 142 21
141 143 13
141 144 81
141 145 88
141 146 58
141 147 26
141 148 44
141 149 60
141 150 81
141 151 24
141 152 3
141 153 17
141 154 97
141 155 69
141 156 3
141 157 84
141 158 18
141 159 90
142 143 14
142 144 42
142 145 13
142 146 4
142 147 64
142 148 29
142 149 38
142 150 2
142 151 52
142 152 60
142 153 45
142 154 72
142 155 28
142 156 74
142 157 41
142 158 26
142 159 70
143 144 60
143 145 58
143 146 34
143 147 18
143 148 21
143 149 77
143 150 56
143 151 91
143 152 19
143 153 54
143 154 67
143 155 83
143 156 76
143 157 99
143 158 76
143 159 75
144 145 67
144 146 20
144 147 29
144 148 64
144 149 54
144 150 59
144 151 22
144 152 11
144 153 21
144 154 49
144 155 45
144 156 57
144 157 86
144 158 68
144 159 43
145 146 30
145 147 67
145 148 89
145 149 40
145 150 55
145 151 95
145 152 12
145 153 26
145 154 55
145 155 38
145 156 27
145 157 22
145 158 40
145 159 33
146 147 62
146 148 35
146 149 49
146 150 9
146 151 29
146 152 62
146 153 90
146 154 25
146 155 69
146 156 59
146 157 16
146 158 93
146 159 14
147 148 49
147 149 61
147 150 70
147 151 46
147 152 52
147 153 12
147 154 95
147 155 64
147 156 85
147 157 79
147 158 85
147 159 21
148 149 70
148 150 62
148 151 80
148 152 38
148 153 66
148 154 35
148 155 67
148 156 2
148 157 31
148 158 16
148 159 29
149 150 84
149 151 24
149 152 100
149 153 34
149 154 14
149 155 26
149 156 7
149 157 35
149 158 3
149 159 36
150 151 26
150 152 87
150 153 22
150 154 78
150 155 74
150 156 15
150 157 33
150 158 36
150 159 40
151 152 3
151 153 44
151 154 17
151 155 67
151 156 57
151 157 20
151 158 30
151 159 7
152 153 19
152 154 4
152 155 44
152 156 4
152 157 52
152 158 2
152 159 15
153 154 59
153 155 10
153 156 97
153 157 37
153 158 80
153 159 99
154 155 96
154 156 13
154 157 58
154 158 84
154 159 89
155 156 71
155 157 18
155 158 32
155 159 59
156 157 34
156 158 16
156 159 57
157 158 28
157 159 49
158 159 81
