160 12720
0 1 28
0 2 1
0 3 43
0 4 96
0 5 26
0 6 5
0 7 65
0 8 49
0 9 98
0 10 44
0 11 58
0 12 24
0 13 1
0 14 58
0 15 52
0 16 81
0 17 77
0 18 94
0 19 51
0 20 63
0 21 56
0 22 90
0 23 12
0 24 5
0 25 11
0 26 24
0 27 80
0 28 97
0 29 44
0 30 58
0 31 47
0 32 51
0 33 91
0 34 2
0 35 13
0 36 65
0 37 75
0 38 57
0 39 18
0 40 12
0 41 1
0 42 89
0 43 65
0 44 78
0 45 89
0 46 80
0 47 70
0 48 50
0 49 7
0 50 49
0 51 21
0 52 22
0 53 90
0 54 85
0 55 42
0 56 71
0 57 35
0 58 98
0 59 22
0 60 97
0 61 82
0 62 60
0 63 79
0 64 93
0 65 63
0 66 21
0 67 4
0 68 27
0 69 43
0 70 72
0 71 78
0 72 93
0 73 100
0 74 38
0 75 23
0 76 100
0 77 92
0 78 20
0 79 79
0 80 34
0 81 37
0 82 28
0 83 74
0 84 92
0 85 73
0 86 81
0 87 7
0 88 21
0 89 59
0 90 53
0 91 18
0 92 22
0 93 26
0 94 15
0 95 51
0 96 63
0 97 22
0 98 68
0 99 86
0 100 64
0 101 43
0 102 6
0 103 63
0 104 29
0 105 61
0 106 29
0 107 38
0 108 24
0 109 12
0 110 10
0 111 5
0 112 44
0 113 31
0 114 48
0 115 74
0 116 12
0 117 59
0 118 52
0 119 97
0 120 38
0 121 6
0 122 79
0 123 42
0 124 64
0 125 55
0 126 11
0 127 29
0 128 58
0 129 38
0 130 12
0 131 98
0 132 89
0 133 36
0 134 2
0 135 51
0 136 60
0 137 13
0 138 66
0 139 19
0 140 83
0 141 9
0 142 1
0 143 47
0 144 19
0 145 51
0 146 54
0 147 94
0 148 70
0 149 68
0 150 53
0 151 75
0 152 5
0 153 38
0 154 92
0 155 40
0 156 93
0 157 98
0 158 63
0 159 26
1 2 88
1 3 59
1 4 7
1 5 1
1 6 82
1 7 4
1 8 82
1 9 90
1 10 18
1 11 72
1 12 47
1 13 38
1 14 89
1 15 57
1 16 90
1 17 31
1 18 100
1 19 45
1 20 95
1 21 26
1 22 27
1 23 89
1 24 9
1 25 27
1 26 13
1 27 89
1 28 73
1 29 48
1 30 69
1 31 31
1 32 36
1 33 63
1 34 11
1 35 30
1 36 98
1 37 3
1 38 61
1 39 30
1 40 74
1 41 59
1 42 2
1 43 20
1 44 57
1 45 100
1 46 81
1 47 6
1 48 11
1 49 68
1 50 59
1 51 74
1 52 92
1 53 93
1 54 16
1 55 45
1 56 53
1 57 17
1 58 64
1 59 23
1 60 42
1 61 91
1 62 89
1 63 89
1 64 82
1 65 52
1 66 38
1 67 58
1 68 95
1 69 14
1 70 39
1 71 53
1 72 16
1 73 54
1 74 30
1 75 100
1 76 39
1 77 34
1 78 37
1 79 39
1 80 74
1 81 60
1 82 71
1 83 7
1 84 79
1 85 100
1 86 6
1 87 93
1 88 35
1 89 97
1 90 4
1 91 78
1 92 9
1 93 48
1 94 10
1 95 1
1 96 94
1 97 15
1 98 64
1 99 3
1 100 76
1 101 31
1 102 70
1 103 94
1 104 63
1 105 42
1 106 6
1 107 61
1 108 79
1 109 5
1 110 10
1 111 24
1 112 32
1 113 57
1 114 67
1 115 14
1 116 23
1 117 54
1 118 10
1 119 15
1 120 63
1 121 1
1 122 40
1 123 27
1 124 11
1 125 98
1 126 23
1 127 98
1 128 13
1 129 19
1 130 79
1 131 70
1 132 80
1 133 65
1 134 58
1 135 17
1 136 27
1 137 99
1 138 1
1 139 73
1 140 48
1 141 3
1 142 55
1 143 34
1 144 2
1 145 72
1 146 23
1 147 98
1 148 99
1 149 92
1 150 32
1 151 13
1 152 79
1 153 2
1 154 60
1 155 25
1 156 10
1 157 40
1 158 96
1 159 20
2 3 13
2 4 88
2 5 35
2 6 92
2 7 3
2 8 55
2 9 28
2 10 87
2 11 9
2 12 43
2 13 97
2 14 53
2 15 68
2 16 17
2 17 2
2 18 88
2 19 5
2 20 100
2 21 64
2 22 23
2 23 78
2 24 30
2 25 27
2 26 17
2 27 81
2 28 3
2 29 3
2 30 4
2 31 68
2 32 38
2 33 88
2 34 66
2 35 63
2 36 21
2 37 24
2 38 72
2 39 56
2 40 69
2 41 69
2 42 79
2 43 72
2 44 53
2 45 3
2 46 74
2 47 100
2 48 50
2 49 80
2 50 27
2 51 46
2 52 48
2 53 86
2 54 43
2 55 50
2 56 100
2 57 94
2 58 18
2 59 72
2 60 99
2 61 21
2 62 55
2 63 22
2 64 64
2 65 37
2 66 30
2 67 60
2 68 64
2 69 5
2 70 2
2 71 41
2 72 55
2 73 95
2 74 51
2 75 60
2 76 24
2 77 21
2 78 41
2 79 17
2 80 86
2 81 63
2 82 33
2 83 11
2 84 43
2 85 88
2 86 41
2 87 95
2 88 76
2 89 78
2 90 63
2 91 39
2 92 100
2 93 71
2 94 50
2 95 93
2 96 61
2 97 28
2 98 78
2 99 29
2 100 45
2 101 65
2 102 68
2 103 46
2 104 59
2 105 16
2 106 86
2 107 72
2 108 86
2 109 41
2 110 47
2 111 47
2 112 86
2 113 60
2 114 40
2 115 32
2 116 64
2 117 64
2 118 49
2 119 6
2 120 2
2 121 26
2 122 8
2 123 17
2 124 22
2 125 26
2 126 40
2 127 37
2 128 81
2 129 35
2 130 3
2 131 83
2 132 58
2 133 80
2 134 84
2 135 10
2 136 61
2 137 78
2 138 59
2 139 80
2 140 79
2 141 53
2 142 47
2 143 98
2 144 36
2 145 81
2 146 57
2 147 31
2 148 37
2 149 18
2 150 68
2 151 68
2 152 4
2 153 9
2 154 47
2 155 100
2 156 19
2 157 91
2 158 84
2 159 61
3 4 100
3 5 59
3 6 97
3 7 9
3 8 13
3 9 6
3 10 52
3 11 59
3 12 30
3 13 73
3 14 65
3 15 37
3 16 18
3 17 53
3 18 43
3 19 91
3 20 85
3 21 6
3 22 17
3 23 58
3 24 53
3 25 23
3 26 64
3 27 12
3 28 45
3 29 83
3 30 80
3 31 7
3 32 100
3 33 4
3 34 6
3 35 53
3 36 76
3 37 40
3 38 68
3 39 99
3 40 53
3 41 68
3 42 49
3 43 82
3 44 25
3 45 33
3 46 79
3 47 65
3 48 49
3 49 10
3 50 87
3 51 17
3 52 8
3 53 96
3 54 10
3 55 37
3 56 57
3 57 12
3 58 22
3 59 11
3 60 26
3 61 77
3 62 57
3 63 25
3 64 31
3 65 39
3 66 8
3 67 83
3 68 48
3 69 44
3 70 82
3 71 23
3 72 49
3 73 10
3 74 56
3 75 98
3 76 66
3 77 16
3 78 11
3 79 54
3 80 8
3 81 22
3 82 64
3 83 54
3 84 99
3 85 50
3 86 89
3 87 50
3 88 18
3 89 76
3 90 82
3 91 20
3 92 60
3 93 15
3 94 70
3 95 40
3 96 64
3 97 35
3 98 61
3 99 97
3 100 88
3 101 40
3 102 79
3 103 12
3 104 59
3 105 9
3 106 51
3 107 75
3 108 81
3 109 100
3 110 17
3 111 38
3 112 3
3 113 28
3 114 14
3 115 30
3 116 3
3 117 66
3 118 7
3 119 38
3 120 40
3 121 29
3 122 63
3 123 90
3 124 35
3 125 83
3 126 39
3 127 28
3 128 48
3 129 36
3 130 70
3 131 88
3 132 55
3 133 53
3 134 36
3 135 81
3 136 83
3 137 47
3 138 13
3 139 81
3 140 71
3 141 100
3 142 27
3 143 79
3 144 49
3 145 55
3 146 64
3 147 97
3 148 44
3 149 7
3 150 34
3 151 85
3 152 71
3 153 31
3 154 49
3 155 99
3 156 26
3 157 14
3 158 20
3 159 3
4 5 47
4 6 63
4 7 24
4 8 66
4 9 64
4 10 80
4 11 79
4 12 42
4 13 79
4 14 37
4 15 18
4 16 13
4 17 97
4 18 36
4 19 82
4 20 24
4 21 2
4 22 39
4 23 40
4 24 24
4 25 9
4 26 50
4 27 93
4 28 20
4 29 12
4 30 1
4 31 88
4 32 37
4 33 54
4 34 52
4 35 39
4 36 44
4 37 79
4 38 18
4 39 60
4 40 40
4 41 73
4 42 61
4 43 20
4 44 27
4 45 25
4 46 3
4 47 98
4 48 87
4 49 94
4 50 80
4 51 1
4 52 87
4 53 69
4 54 56
4 55 56
4 56 6
4 57 88
4 58 82
4 59 100
4 60 84
4 61 62
4 62 78
4 63 55
4 64 33
4 65 87
4 66 97
4 67 60
4 68 78
4 69 53
4 70 97
4 71 41
4 72 46
4 73 91
4 74 18
4 75 1
4 76 62
4 77 62
4 78 19
4 79 53
4 80 75
4 81 86
4 82 7
4 83 75
4 84 51
4 85 50
4 86 90
4 87 25
4 88 96
4 89 87
4 90 7
4 91 16
4 92 55
4 93 3
4 94 41
4 95 20
4 96 19
4 97 45
4 98 90
4 99 80
4 100 32
4 101 82
4 102 93
4 103 71
4 104 78
4 105 9
4 106 1
4 107 57
4 108 62
4 109 2
4 110 49
4 111 46
4 112 27
4 113 19
4 114 30
4 115 78
4 116 21
4 117 9
4 118 41
4 119 17
4 120 10
4 121 97
4 122 84
4 123 28
4 124 95
4 125 20
4 126 85
4 127 11
4 128 48
4 129 91
4 130 32
4 131 90
4 132 21
4 133 32
4 134 97
4 135 40
4 136 4
4 137 32
4 138 53
4 139 95
4 140 31
4 141 63
4 142 93
4 143 79
4 144 50
4 145 33
4 146 14
4 147 22
4 148 38
4 149 63
4 150 19
4 151 26
4 152 28
4 153 48
4 154 50
4 155 11
4 156 41
4 157 58
4 158 18
4 159 91
5 6 88
5 7 92
5 8 89
5 9 52
5 10 15
5 11 44
5 12 3
5 13 15
5 14 49
5 15 17
5 16 83
5 17 22
5 18 33
5 19 9
5 20 98
5 21 69
5 22 18
5 23 84
5 24 26
5 25 60
5 26 77
5 27 77
5 28 8
5 29 86
5 30 61
5 31 50
5 32 59
5 33 89
5 34 3
5 35 73
5 36 71
5 37 47
5 38 77
5 39 30
5 40 60
5 41 98
5 42 72
5 43 35
5 44 95
5 45 12
5 46 4
5 47 50
5 48 60
5 49 80
5 50 77
5 51 4
5 52 53
5 53 75
5 54 8
5 55 89
5 56 89
5 57 45
5 58 98
5 59 11
5 60 61
5 61 64
5 62 26
5 63 48
5 64 97
5 65 64
5 66 28
5 67 2
5 68 3
5 69 66
5 70 37
5 71 80
5 72 63
5 73 67
5 74 69
5 75 81
5 76 80
5 77 7
5 78 99
5 79 43
5 80 45
5 81 41
5 82 74
5 83 62
5 84 20
5 85 3
5 86 56
5 87 94
5 88 11
5 89 47
5 90 14
5 91 42
5 92 83
5 93 29
5 94 40
5 95 68
5 96 44
5 97 96
5 98 48
5 99 8
5 100 82
5 101 34
5 102 94
5 103 16
5 104 1
5 105 95
5 106 37
5 107 92
5 108 58
5 109 84
5 110 15
5 111 87
5 112 1
5 113 75
5 114 95
5 115 69
5 116 83
5 117 96
5 118 95
5 119 61
5 120 32
5 121 43
5 122 13
5 123 25
5 124 1
5 125 53
5 126 94
5 127 15
5 128 16
5 129 57
5 130 10
5 131 97
5 132 43
5 133 92
5 134 8
5 135 87
5 136 20
5 137 49
5 138 69
5 139 19
5 140 97
5 141 38
5 142 40
5 143 61
5 144 34
5 145 31
5 146 49
5 147 58
5 148 12
5 149 47
5 150 73
5 151 23
5 152 86
5 153 35
5 154 83
5 155 84
5 156 97
5 157 81
5 158 79
5 159 69
6 7 46
6 8 15
6 9 28
6 10 95
6 11 11
6 12 13
6 13 1
6 14 55
6 15 58
6 16 94
6 17 43
6 18 33
6 19 50
6 20 60
6 21 30
6 22 56
6 23 53
6 24 6
6 25 11
6 26 72
6 27 58
6 28 34
6 29 65
6 30 19
6 31 19
6 32 39
6 33 10
6 34 41
6 35 96
6 36 18
6 37 95
6 38 42
6 39 94
6 40 43
6 41 57
6 42 10
6 43 3
6 44 57
6 45 52
6 46 65
6 47 38
6 48 74
6 49 18
6 50 27
6 51 24
6 52 18
6 53 52
6 54 93
6 55 61
6 56 39
6 57 63
6 58 93
6 59 30
6 60 41
6 61 93
6 62 19
6 63 73
6 64 57
6 65 95
6 66 22
6 67 29
6 68 24
6 69 91
6 70 51
6 71 57
6 72 7
6 73 49
6 74 42
6 75 25
6 76 22
6 77 26
6 78 80
6 79 93
6 80 91
6 81 42
6 82 100
6 83 21
6 84 21
6 85 26
6 86 2
6 87 55
6 88 27
6 89 89
6 90 2
6 91 79
6 92 88
6 93 10
6 94 28
6 95 58
6 96 40
6 97 16
6 98 21
6 99 91
6 100 45
6 101 88
6 102 63
6 103 22
6 104 40
6 105 80
6 106 73
6 107 38
6 108 29
6 109 65
6 110 78
6 111 36
6 112 21
6 113 75
6 114 88
6 115 22
6 116 75
6 117 25
6 118 8
6 119 33
6 120 69
6 121 3
6 122 23
6 123 55
6 124 87
6 125 99
6 126 36
6 127 21
6 128 29
6 129 88
6 130 38
6 131 19
6 132 72
6 133 37
6 134 50
6 135 43
6 136 42
6 137 6
6 138 21
6 139 49
6 140 32
6 141 99
6 142 28
6 143 89
6 144 93
6 145 77
6 146 24
6 147 72
6 148 11
6 149 44
6 150 68
6 151 80
6 152 67
6 153 10
6 154 67
6 155 27
6 156 87
6 157 80
6 158 18
6 159 33
7 8 37
7 9 52
7 10 39
7 11 19
7 12 13
7 13 37
7 14 22
7 15 9
7 16 89
7 17 89
7 18 99
7 19 39
7 20 44
7 21 42
7 22 25
7 23 11
7 24 31
7 25 9
7 26 18
7 27 89
7 28 41
7 29 100
7 30 41
7 31 57
7 32 93
7 33 93
7 34 100
7 35 6
7 36 65
7 37 49
7 38 46
7 39 52
7 40 6
7 41 72
7 42 39
7 43 64
7 44 79
7 45 60
7 46 95
7 47 26
7 48 89
7 49 17
7 50 74
7 51 85
7 52 59
7 53 79
7 54 51
7 55 11
7 56 39
7 57 75
7 58 59
7 59 40
7 60 93
7 61 33
7 62 61
7 63 92
7 64 71
7 65 31
7 66 22
7 67 98
7 68 25
7 69 46
7 70 39
7 71 5
7 72 44
7 73 52
7 74 85
7 75 74
7 76 25
7 77 57
7 78 53
7 79 29
7 80 23
7 81 78
7 82 94
7 83 33
7 84 95
7 85 100
7 86 96
7 87 8
7 88 62
7 89 31
7 90 35
7 91 40
7 92 40
7 93 93
7 94 11
7 95 23
7 96 35
7 97 56
7 98 26
7 99 86
7 100 86
7 101 100
7 102 45
7 103 87
7 104 75
7 105 51
7 106 72
7 107 64
7 108 11
7 109 30
7 110 68
7 111 13
7 112 17
7 113 74
7 114 35
7 115 96
7 116 28
7 117 53
7 118 93
7 119 67
7 120 5
7 121 73
7 122 80
7 123 80
7 124 74
7 125 32
7 126 60
7 127 8
7 128 99
7 129 32
7 130 72
7 131 78
7 132 96
7 133 72
7 134 74
7 135 58
7 136 24
7 137 4
7 138 51
7 139 63
7 140 67
7 141 7
7 142 35
7 143 94
7 144 30
7 145 81
7 146 49
7 147 1
7 148 12
7 149 97
7 150 61
7 151 46
7 152 100
7 153 82
7 154 99
7 155 32
7 156 9
7 157 12
7 158 82
7 159 39
8 9 86
8 10 40
8 11 20
8 12 18
8 13 66
8 14 76
8 15 5
8 16 90
8 17 15
8 18 64
8 19 53
8 20 37
8 21 12
8 22 27
8 23 1
8 24 21
8 25 38
8 26 16
8 27 18
8 28 7
8 29 98
8 30 29
8 31 24
8 32 89
8 33 27
8 34 64
8 35 50
8 36 100
8 37 70
8 38 78
8 39 43
8 40 15
8 41 5
8 42 45
8 43 54
8 44 84
8 45 68
8 46 94
8 47 88
8 48 38
8 49 72
8 50 46
8 51 58
8 52 1
8 53 45
8 54 49
8 55 73
8 56 62
8 57 85
8 58 6
8 59 68
8 60 30
8 61 62
8 62 24
8 63 73
8 64 60
8 65 89
8 66 59
8 67 94
8 68 10
8 69 7
8 70 30
8 71 35
8 72 22
8 73 52
8 74 3
8 75 98
8 76 57
8 77 99
8 78 67
8 79 91
8 80 79
8 81 96
8 82 12
8 83 70
8 84 86
8 85 12
8 86 69
8 87 100
8 88 83
8 89 88
8 90 19
8 91 6
8 92 45
8 93 93
8 94 8
8 95 62
8 96 69
8 97 3
8 98 65
8 99 41
8 100 74
8 101 88
8 102 18
8 103 24
8 104 1
8 105 66
8 106 26
8 107 45
8 108 76
8 109 14
8 110 33
8 111 67
8 112 52
8 113 67
8 114 76
8 115 18
8 116 54
8 117 98
8 118 14
8 119 52
8 120 77
8 121 60
8 122 60
8 123 76
8 124 58
8 125 90
8 126 6
8 127 14
8 128 90
8 129 93
8 130 94
8 131 77
8 132 1
8 133 100
8 134 40
8 135 45
8 136 97
8 137 70
8 138 18
8 139 96
8 140 94
8 141 38
8 142 63
8 143 56
8 144 56
8 145 21
8 146 33
8 147 99
8 148 83
8 149 40
8 150 25
8 151 67
8 152 13
8 153 47
8 154 13
8 155 55
8 156 74
8 157 92
8 158 72
8 159 51
9 10 16
9 11 78
9 12 54
9 13 29
9 14 90
9 15 89
9 16 76
9 17 31
9 18 99
9 19 16
9 20 25
9 21 3
9 22 8
9 23 38
9 24 54
9 25 62
9 26 74
9 27 8
9 28 71
9 29 99
9 30 26
9 31 71
9 32 47
9 33 15
9 34 34
9 35 5
9 36 3
9 37 93
9 38 25
9 39 2
9 40 16
9 41 89
9 42 94
9 43 39
9 44 95
9 45 83
9 46 4
9 47 70
9 48 50
9 49 24
9 50 99
9 51 70
9 52 98
9 53 7
9 54 66
9 55 65
9 56 9
9 57 58
9 58 71
9 59 79
9 60 51
9 61 86
9 62 79
9 63 40
9 64 30
9 65 26
9 66 53
9 67 60
9 68 24
9 69 37
9 70 76
9 71 31
9 72 88
9 73 26
9 74 66
9 75 78
9 76 2
9 77 26
9 78 16
9 79 30
9 80 12
9 81 20
9 82 31
9 83 46
9 84 12
9 85 63
9 86 51
9 87 46
9 88 16
9 89 15
9 90 24
9 91 42
9 92 18
9 93 60
9 94 22
9 95 92
9 96 97
9 97 82
9 98 53
9 99 20
9 100 46
9 101 2
9 102 46
9 103 52
9 104 2
9 105 43
9 106 19
9 107 97
9 108 88
9 109 28
9 110 41
9 111 35
9 112 58
9 113 92
9 114 52
9 115 82
9 116 49
9 117 82
9 118 81
9 119 74
9 120 1
9 121 75
9 122 82
9 123 90
9 124 14
9 125 7
9 126 48
9 127 52
9 128 89
9 129 54
9 130 51
9 131 51
9 132 62
9 133 87
9 134 99
9 135 36
9 136 34
9 137 48
9 138 49
9 139 64
9 140 50
9 141 39
9 142 98
9 143 81
9 144 3
9 145 23
9 146 100
9 147 54
9 148 88
9 149 49
9 150 55
9 151 72
9 152 96
9 153 18
9 154 67
9 155 16
9 156 98
9 157 36
9 158 29
9 159 46
10 11 18
10 12 19
10 13 89
10 14 32
10 15 81
10 16 98
10 17 5
10 18 62
10 19 60
10 20 67
10 21 79
10 22 46
10 23 95
10 24 62
10 25 18
10 26 84
10 27 61
10 28 39
10 29 35
10 30 65
10 31 40
10 32 56
10 33 65
10 34 27
10 35 26
10 36 8
10 37 49
10 38 23
10 39 41
10 40 18
10 41 78
10 42 91
10 43 71
10 44 75
10 45 46
10 46 2
10 47 16
10 48 29
10 49 50
10 50 89
10 51 9
10 52 65
10 53 78
10 54 75
10 55 48
10 56 25
10 57 2
10 58 35
10 59 18
10 60 76
10 61 43
10 62 62
10 63 68
10 64 93
10 65 55
10 66 68
10 67 35
10 68 32
10 69 13
10 70 5
10 71 58
10 72 19
10 73 83
10 74 25
10 75 13
10 76 29
10 77 80
10 78 88
10 79 78
10 80 46
10 81 73
10 82 39
10 83 15
10 84 10
10 85 52
10 86 68
10 87 86
10 88 8
10 89 50
10 90 74
10 91 9
10 92 88
10 93 76
10 94 82
10 95 42
10 96 21
10 97 21
10 98 23
10 99 44
10 100 42
10 101 38
10 102 100
10 103 70
10 104 69
10 105 73
10 106 5
10 107 40
10 108 58
10 109 81
10 110 98
10 111 72
10 112 30
10 113 96
10 114 3
10 115 71
10 116 6
10 117 61
10 118 74
10 119 50
10 120 92
10 121 39
10 122 54
10 123 69
10 124 54
10 125 15
10 126 26
10 127 51
10 128 13
10 129 9
10 130 46
10 131 85
10 132 94
10 133 30
10 134 100
10 135 73
10 136 36
10 137 77
10 138 35
10 139 1
10 140 23
10 141 12
10 142 22
10 143 86
10 144 26
10 145 14
10 146 91
10 147 17
10 148 17
10 149 80
10 150 53
10 151 87
10 152 100
10 153 55
10 154 32
10 155 27
10 156 94
10 157 15
10 158 82
10 159 21
11 12 19
11 13 62
11 14 72
11 15 65
11 16 39
11 17 97
11 18 55
11 19 81
11 20 59
11 21 75
11 22 64
11 23 90
11 24 14
11 25 89
11 26 39
11 27 10
11 28 53
11 29 71
11 30 14
11 31 100
11 32 76
11 33 83
11 34 38
11 35 64
11 36 99
11 37 58
11 38 66
11 39 69
11 40 19
11 41 70
11 42 89
11 43 77
11 44 14
11 45 67
11 46 29
11 47 62
11 48 21
11 49 81
11 50 51
11 51 61
11 52 72
11 53 24
11 54 54
11 55 17
11 56 59
11 57 33
11 58 87
11 59 37
11 60 39
11 61 15
11 62 11
11 63 41
11 64 12
11 65 95
11 66 90
11 67 89
11 68 100
11 69 20
11 70 99
11 71 58
11 72 91
11 73 38
11 74 64
11 75 10
11 76 4
11 77 65
11 78 63
11 79 84
11 80 42
11 81 51
11 82 37
11 83 72
11 84 21
11 85 17
11 86 81
11 87 83
11 88 52
11 89 14
11 90 81
11 91 85
11 92 11
11 93 1
11 94 62
11 95 86
11 96 5
11 97 7
11 98 100
11 99 18
11 100 80
11 101 66
11 102 45
11 103 23
11 104 63
11 105 19
11 106 21
11 107 30
11 108 23
11 109 55
11 110 18
11 111 46
11 112 96
11 113 100
11 114 78
11 115 26
11 116 30
11 117 58
11 118 25
11 119 43
11 120 88
11 121 74
11 122 95
11 123 66
11 124 48
11 125 37
11 126 97
11 127 28
11 128 67
11 129 86
11 130 21
11 131 12
11 132 19
11 133 52
11 134 53
11 135 53
11 136 27
11 137 47
11 138 74
11 139 42
11 140 8
11 141 44
11 142 31
11 143 23
11 144 62
11 145 84
11 146 30
11 147 65
11 148 6
11 149 57
11 150 80
11 151 83
11 152 73
11 153 62
11 154 72
11 155 80
11 156 85
11 157 13
11 158 76
11 159 40
12 13 36
12 14 68
12 15 40
12 16 50
12 17 57
12 18 82
12 19 82
12 20 70
12 21 75
12 22 24
12 23 60
12 24 27
12 25 5
12 26 49
12 27 87
12 28 50
12 29 34
12 30 11
12 31 88
12 32 64
12 33 61
12 34 85
12 35 34
12 36 93
12 37 41
12 38 79
12 39 66
12 40 67
12 41 96
12 42 99
12 43 88
12 44 42
12 45 47
12 46 51
12 47 92
12 48 88
12 49 61
12 50 40
12 51 68
12 52 80
12 53 38
12 54 72
12 55 3
12 56 58
12 57 71
12 58 68
12 59 75
12 60 26
12 61 82
12 62 12
12 63 29
12 64 25
12 65 40
12 66 67
12 67 87
12 68 99
12 69 80
12 70 33
12 71 78
12 72 54
12 73 48
12 74 52
12 75 42
12 76 39
12 77 19
12 78 60
12 79 22
12 80 88
12 81 5
12 82 100
12 83 81
12 84 16
12 85 31
12 86 55
12 87 35
12 88 41
12 89 71
12 90 75
12 91 15
12 92 47
12 93 99
12 94 59
12 95 58
12 96 61
12 97 7
12 98 3
12 99 47
12 100 4
12 101 1
12 102 89
12 103 89
12 104 97
12 105 76
12 106 21
12 107 64
12 108 78
12 109 60
12 110 55
12 111 83
12 112 25
12 113 78
12 114 7
12 115 8
12 116 4
12 117 1
12 118 82
12 119 30
12 120 44
12 121 95
12 122 60
12 123 39
12 124 35
12 125 51
12 126 19
12 127 57
12 128 95
12 129 55
12 130 5
12 131 11
12 132 52
12 133 5
12 134 35
12 135 96
12 136 37
12 137 84
12 138 69
12 139 90
12 140 26
12 141 87
12 142 70
12 143 45
12 144 49
12 145 21
12 146 89
12 147 17
12 148 74
12 149 17
12 150 24
12 151 23
12 152 64
12 153 15
12 154 1
12 155 32
12 156 33
12 157 42
12 158 30
12 159 86
13 14 13
13 15 63
13 16 51
13 17 87
13 18 55
13 19 48
13 20 98
13 21 63
13 22 65
13 23 95
13 24 33
13 25 100
13 26 9
13 27 31
13 28 43
13 29 46
13 30 12
13 31 12
13 32 45
13 33 17
13 34 27
13 35 9
13 36 42
13 37 23
13 38 12
13 39 61
13 40 9
13 41 40
13 42 44
13 43 8
13 44 3
13 45 44
13 46 52
13 47 5
13 48 14
13 49 26
13 50 93
13 51 26
13 52 1
13 53 97
13 54 37
13 55 7
13 56 14
13 57 30
13 58 65
13 59 12
13 60 18
13 61 30
13 62 37
13 63 92
13 64 96
13 65 69
13 66 89
13 67 13
13 68 15
13 69 25
13 70 72
13 71 10
13 72 27
13 73 35
13 74 31
13 75 77
13 76 79
13 77 9
13 78 8
13 79 17
13 80 26
13 81 63
13 82 24
13 83 5
13 84 99
13 85 71
13 86 56
13 87 34
13 88 51
13 89 35
13 90 87
13 91 38
13 92 63
13 93 8
13 94 36
13 95 84
13 96 98
13 97 35
13 98 70
13 99 55
13 100 44
13 101 69
13 102 64
13 103 47
13 104 8
13 105 18
13 106 25
13 107 81
13 108 45
13 109 45
13 110 26
13 111 71
13 112 35
13 113 15
13 114 78
13 115 31
13 116 53
13 117 16
13 118 44
13 119 66
13 120 60
13 121 27
13 122 30
13 123 27
13 124 62
13 125 63
13 126 9
13 127 48
13 128 89
13 129 19
13 130 49
13 131 63
13 132 91
13 133 17
13 134 43
13 135 53
13 136 74
13 137 72
13 138 67
13 139 62
13 140 91
13 141 100
13 142 78
13 143 54
13 144 60
13 145 25
13 146 92
13 147 45
13 148 15
13 149 77
13 150 21
13 151 3
13 152 90
13 153 7
13 154 16
13 155 61
13 156 66
13 157 11
13 158 25
13 159 28
14 15 35
14 16 37
14 17 34
14 18 42
14 19 54
14 20 72
14 21 28
14 22 38
14 23 2
14 24 19
14 25 69
14 26 84
14 27 51
14 28 60
14 29 47
14 30 99
14 31 87
14 32 95
14 33 88
14 34 1
14 35 62
14 36 70
14 37 5
14 38 28
14 39 81
14 40 93
14 41 20
14 42 34
14 43 80
14 44 16
14 45 53
14 46 11
14 47 21
14 48 100
14 49 83
14 50 1
14 51 55
14 52 29
14 53 81
14 54 64
14 55 12
14 56 41
14 57 60
14 58 76
14 59 68
14 60 14
14 61 27
14 62 2
14 63 42
14 64 84
14 65 91
14 66 19
14 67 85
14 68 70
14 69 76
14 70 67
14 71 95
14 72 6
14 73 31
14 74 66
14 75 25
14 76 9
14 77 23
14 78 76
14 79 95
14 80 16
14 81 30
14 82 3
14 83 75
14 84 75
14 85 92
14 86 92
14 87 59
14 88 16
14 89 95
14 90 99
14 91 42
14 92 42
14 93 75
14 94 36
14 95 70
14 96 8
14 97 49
14 98 55
14 99 53
14 100 85
14 101 55
14 102 96
14 103 86
14 104 6
14 105 99
14 106 83
14 107 42
14 108 8
14 109 83
14 110 78
14 111 78
14 112 68
14 113 37
14 114 5
14 115 95
14 116 2
14 117 50
14 118 36
14 119 36
14 120 46
14 121 20
14 122 88
14 123 57
14 124 80
14 125 31
14 126 85
14 127 1
14 128 80
14 129 44
14 130 71
14 131 75
14 132 55
14 133 73
14 134 29
14 135 21
14 136 45
14 137 3
14 138 12
14 139 75
14 140 17
14 141 43
14 142 44
14 143 10
14 144 98
14 145 10
14 146 71
14 147 28
14 148 3
14 149 85
14 150 43
14 151 9
14 152 38
14 153 83
14 154 51
14 155 8
14 156 9
14 157 87
14 158 66
14 159 99
15 16 74
15 17 90
15 18 24
15 19 40
15 20 48
15 21 79
15 22 67
15 23 89
15 24 64
15 25 52
15 26 70
15 27 73
15 28 94
15 29 78
15 30 85
15 31 96
15 32 10
15 33 56
15 34 77
15 35 7
15 36 89
15 37 4
15 38 86
15 39 14
15 40 84
15 41 28
15 42 13
15 43 74
15 44 39
15 45 10
15 46 16
15 47 4
15 48 57
15 49 1
15 50 94
15 51 39
15 52 24
15 53 72
15 54 46
15 55 15
15 56 20
15 57 88
15 58 43
15 59 23
15 60 51
15 61 95
15 62 15
15 63 77
15 64 64
15 65 44
15 66 80
15 67 92
15 68 66
15 69 39
15 70 16
15 71 45
15 72 40
15 73 65
15 74 60
15 75 93
15 76 35
15 77 42
15 78 15
15 79 95
15 80 23
15 81 71
15 82 51
15 83 33
15 84 61
15 85 91
15 86 70
15 87 35
15 88 52
15 89 53
15 90 98
15 91 75
15 92 65
15 93 30
15 94 32
15 95 23
15 96 67
15 97 19
15 98 73
15 99 61
15 100 83
15 101 52
15 102 3
15 103 58
15 104 11
15 105 31
15 106 62
15 107 83
15 108 21
15 109 27
15 110 71
15 111 28
15 112 99
15 113 27
15 114 100
15 115 80
15 116 34
15 117 9
15 118 6
15 119 5
15 120 71
15 121 23
15 122 49
15 123 61
15 124 23
15 125 77
15 126 40
15 127 16
15 128 6
15 129 48
15 130 22
15 131 65
15 132 32
15 133 98
15 134 65
15 135 82
15 136 63
15 137 51
15 138 33
15 139 57
15 140 66
15 141 30
15 142 94
15 143 52
15 144 93
15 145 53
15 146 84
15 147 50
15 148 98
15 149 79
15 150 40
15 151 52
15 152 53
15 153 93
15 154 31
15 155 84
15 156 94
15 157 100
15 158 80
15 159 86
16 17 74
16 18 80
16 19 41
16 20 96
16 21 8
16 22 2
16 23 85
16 24 89
16 25 89
16 26 74
16 27 14
16 28 56
16 29 89
16 30 6
16 31 74
16 32 71
16 33 62
16 34 36
16 35 8
16 36 46
16 37 66
16 38 75
16 39 84
16 40 20
16 41 23
16 42 70
16 43 97
16 44 29
16 45 12
16 46 83
16 47 5
16 48 4
16 49 28
16 50 67
16 51 48
16 52 37
16 53 5
16 54 19
16 55 48
16 56 49
16 57 10
16 58 27
16 59 72
16 60 84
16 61 87
16 62 25
16 63 13
16 64 28
16 65 98
16 66 71
16 67 67
16 68 87
16 69 77
16 70 10
16 71 95
16 72 3
16 73 54
16 74 24
16 75 10
16 76 52
16 77 75
16 78 38
16 79 53
16 80 17
16 81 85
16 82 58
16 83 34
16 84 22
16 85 2
16 86 18
16 87 17
16 88 95
16 89 1
16 90 9
16 91 75
16 92 88
16 93 8
16 94 1
16 95 53
16 96 21
16 97 65
16 98 58
16 99 36
16 100 43
16 101 64
16 102 51
16 103 96
16 104 5
16 105 50
16 106 28
16 107 3
16 108 45
16 109 3
16 110 75
16 111 50
16 112 57
16 113 88
16 114 64
16 115 17
16 116 72
16 117 13
16 118 96
16 119 24
16 120 2
16 121 34
16 122 87
16 123 48
16 124 79
16 125 25
16 126 96
16 127 94
16 128 34
16 129 41
16 130 10
16 131 9
16 132 76
16 133 72
16 134 77
16 135 39
16 136 1
16 137 85
16 138 51
16 139 89
16 140 22
16 141 80
16 142 81
16 143 69
16 144 88
16 145 91
16 146 58
16 147 95
16 148 42
16 149 85
16 150 13
16 151 23
16 152 79
16 153 85
16 154 28
16 155 53
16 156 46
16 157 65
16 158 1
16 159 63
17 18 72
17 19 53
17 20 63
17 21 98
17 22 19
17 23 14
17 24 35
17 25 98
17 26 64
17 27 2
17 28 49
17 29 76
17 30 96
17 31 97
17 32 22
17 33 88
17 34 23
17 35 10
17 36 54
17 37 90
17 38 7
17 39 41
17 40 69
17 41 38
17 42 13
17 43 93
17 44 11
17 45 34
17 46 28
17 47 86
17 48 84
17 49 100
17 50 95
17 51 4
17 52 17
17 53 91
17 54 54
17 55 18
17 56 89
17 57 2
17 58 32
17 59 45
17 60 27
17 61 62
17 62 35
17 63 17
17 64 53
17 65 69
17 66 76
17 67 55
17 68 3
17 69 81
17 70 79
17 71 72
17 72 78
17 73 33
17 74 59
17 75 51
17 76 1
17 77 9
17 78 17
17 79 9
17 80 59
17 81 6
17 82 54
17 83 62
17 84 35
17 85 38
17 86 77
17 87 8
17 88 17
17 89 40
17 90 28
17 91 59
17 92 50
17 93 52
17 94 38
17 95 14
17 96 52
17 97 12
17 98 23
17 99 18
17 100 54
17 101 25
17 102 8
17 103 75
17 104 67
17 105 48
17 106 19
17 107 18
17 108 80
17 109 2
17 110 51
17 111 50
17 112 28
17 113 16
17 114 65
17 115 18
17 116 16
17 117 27
17 118 45
17 119 74
17 120 66
17 121 31
17 122 97
17 123 6
17 124 29
17 125 65
17 126 96
17 127 37
17 128 42
17 129 46
17 130 48
17 131 50
17 132 58
17 133 23
17 134 27
17 135 83
17 136 31
17 137 56
17 138 38
17 139 65
17 140 78
17 141 31
17 142 56
17 143 4
17 144 91
17 145 50
17 146 18
17 147 96
17 148 70
17 149 9
17 150 72
17 151 100
17 152 51
17 153 25
17 154 23
17 155 55
17 156 66
17 157 26
17 158 62
17 159 97
18 19 49
18 20 7
18 21 15
18 22 88
18 23 38
18 24 7
18 25 36
18 26 3
18 27 9
18 28 89
18 29 20
18 30 69
18 31 75
18 32 47
18 33 91
18 34 39
18 35 21
18 36 71
18 37 8
18 38 48
18 39 26
18 40 21
18 41 28
18 42 4
18 43 36
18 44 72
18 45 19
18 46 21
18 47 1
18 48 11
18 49 10
18 50 94
18 51 66
18 52 3
18 53 50
18 54 6
18 55 21
18 56 20
18 57 83
18 58 54
18 59 60
18 60 65
18 61 47
18 62 7
18 63 23
18 64 39
18 65 99
18 66 23
18 67 18
18 68 60
18 69 98
18 70 99
18 71 81
18 72 20
18 73 25
18 74 31
18 75 36
18 76 45
18 77 67
18 78 4
18 79 22
18 80 31
18 81 16
18 82 15
18 83 88
18 84 13
18 85 54
18 86 42
18 87 67
18 88 18
18 89 15
18 90 96
18 91 57
18 92 73
18 93 68
18 94 6
18 95 4
18 96 88
18 97 13
18 98 60
18 99 79
18 100 95
18 101 59
18 102 15
18 103 57
18 104 93
18 105 21
18 106 11
18 107 3
18 108 44
18 109 36
18 110 27
18 111 24
18 112 16
18 113 68
18 114 11
18 115 100
18 116 86
18 117 10
18 118 43
18 119 3
18 120 11
18 121 91
18 122 22
18 123 100
18 124 94
18 125 5
18 126 25
18 127 80
18 128 31
18 129 38
18 130 99
18 131 40
18 132 80
18 133 57
18 134 67
18 135 20
18 136 18
18 137 33
18 138 56
18 139 28
18 140 87
18 141 60
18 142 2
18 143 64
18 144 71
18 145 55
18 146 28
18 147 89
18 148 67
18 149 76
18 150 17
18 151 35
18 152 11
18 153 4
18 154 82
18 155 42
18 156 79
18 157 48
18 158 68
18 159 64
19 20 60
19 21 70
19 22 10
19 23 98
19 24 49
19 25 92
19 26 51
19 27 76
19 28 57
19 29 29
19 30 73
19 31 63
19 32 65
19 33 10
19 34 28
19 35 11
19 36 94
19 37 99
19 38 36
19 39 95
19 40 82
19 41 53
19 42 84
19 43 23
19 44 17
19 45 57
19 46 37
19 47 63
19 48 58
19 49 56
19 50 20
19 51 82
19 52 27
19 53 21
19 54 20
19 55 17
19 56 98
19 57 18
19 58 30
19 59 89
19 60 9
19 61 17
19 62 51
19 63 46
19 64 65
19 65 14
19 66 78
19 67 27
19 68 22
19 69 93
19 70 78
19 71 39
19 72 12
19 73 69
19 74 27
19 75 41
19 76 22
19 77 28
19 78 51
19 79 26
19 80 62
19 81 1
19 82 40
19 83 60
19 84 33
19 85 93
19 86 36
19 87 43
19 88 25
19 89 94
19 90 26
19 91 61
19 92 58
19 93 32
19 94 88
19 95 82
19 96 63
19 97 17
19 98 1
19 99 62
19 100 47
19 101 80
19 102 82
19 103 77
19 104 83
19 105 50
19 106 88
19 107 11
19 108 93
19 109 90
19 110 21
19 111 3
19 112 23
19 113 76
19 114 57
19 115 52
19 116 18
19 117 93
19 118 12
19 119 53
19 120 2
19 121 31
19 122 25
19 123 70
19 124 99
19 125 86
19 126 57
19 127 61
19 128 81
19 129 15
19 130 26
19 131 3
19 132 13
19 133 27
19 134 35
19 135 90
19 136 87
19 137 78
19 138 5
19 139 85
19 140 84
19 141 42
19 142 73
19 143 52
19 144 10
19 145 2
19 146 65
19 147 95
19 148 85
19 149 78
19 150 95
19 151 62
19 152 41
19 153 28
19 154 60
19 155 78
19 156 92
19 157 31
19 158 35
19 159 63
20 21 41
20 22 92
20 23 53
20 24 12
20 25 42
20 26 28
20 27 29
20 28 44
20 29 33
20 30 41
20 31 7
20 32 3
20 33 18
20 34 94
20 35 61
20 36 17
20 37 81
20 38 90
20 39 33
20 40 18
20 41 96
20 42 58
20 43 12
20 44 15
20 45 24
20 46 5
20 47 98
20 48 52
20 49 1
20 50 6
20 51 31
20 52 64
20 53 96
20 54 17
20 55 22
20 56 59
20 57 81
20 58 5
20 59 52
20 60 59
20 61 65
20 62 25
20 63 15
20 64 23
20 65 91
20 66 74
20 67 20
20 68 50
20 69 94
20 70 7
20 71 76
20 72 24
20 73 48
20 74 50
20 75 82
20 76 8
20 77 70
20 78 91
20 79 3
20 80 54
20 81 43
20 82 5
20 83 29
20 84 83
20 85 56
20 86 58
20 87 12
20 88 74
20 89 100
20 90 72
20 91 3
20 92 37
20 93 91
20 94 17
20 95 24
20 96 49
20 97 63
20 98 79
20 99 98
20 100 67
20 101 67
20 102 97
20 103 90
20 104 31
20 105 15
20 106 15
20 107 54
20 108 61
20 109 71
20 110 28
20 111 54
20 112 21
20 113 96
20 114 51
20 115 48
20 116 59
20 117 63
20 118 67
20 119 66
20 120 93
20 121 41
20 122 55
20 123 12
20 124 81
20 125 61
20 126 86
20 127 66
20 128 81
20 129 11
20 130 95
20 131 15
20 132 66
20 133 99
20 134 64
20 135 52
20 136 53
20 137 76
20 138 74
20 139 97
20 140 7
20 141 96
20 142 62
20 143 9
20 144 38
20 145 75
20 146 58
20 147 36
20 148 8
20 149 88
20 150 57
20 151 54
20 152 94
20 153 58
20 154 34
20 155 50
20 156 41
20 157 33
20 158 30
20 159 17
21 22 93
21 23 72
21 24 77
21 25 39
21 26 4
21 27 77
21 28 16
21 29 58
21 30 67
21 31 87
21 32 88
21 33 49
21 34 92
21 35 29
21 36 90
21 37 4
21 38 67
21 39 14
21 40 47
21 41 68
21 42 44
21 43 41
21 44 47
21 45 85
21 46 92
21 47 41
21 48 40
21 49 58
21 50 8
21 51 22
21 52 69
21 53 70
21 54 47
21 55 43
21 56 6
21 57 53
21 58 90
21 59 53
21 60 41
21 61 75
21 62 10
21 63 30
21 64 63
21 65 100
21 66 11
21 67 77
21 68 85
21 69 86
21 70 72
21 71 82
21 72 74
21 73 67
21 74 88
21 75 72
21 76 86
21 77 55
21 78 54
21 79 16
21 80 42
21 81 15
21 82 13
21 83 71
21 84 34
21 85 2
21 86 6
21 87 9
21 88 41
21 89 41
21 90 76
21 91 78
21 92 28
21 93 64
21 94 77
21 95 55
21 96 20
21 97 54
21 98 92
21 99 95
21 100 37
21 101 3
21 102 16
21 103 84
21 104 23
21 105 4
21 106 90
21 107 49
21 108 3
21 109 79
21 110 73
21 111 23
21 112 3
21 113 59
21 114 24
21 115 14
21 116 3
21 117 74
21 118 71
21 119 79
21 120 24
21 121 81
21 122 70
21 123 4
21 124 29
21 125 19
21 126 42
21 127 30
21 128 98
21 129 71
21 130 32
21 131 7
21 132 59
21 133 15
21 134 48
21 135 8
21 136 50
21 137 97
21 138 54
21 139 85
21 140 8
21 141 33
21 142 43
21 143 2
21 144 37
21 145 88
21 146 34
21 147 10
21 148 60
21 149 95
21 150 45
21 151 51
21 152 4
21 153 67
21 154 53
21 155 4
21 156 33
21 157 17
21 158 38
21 159 19
22 23 9
22 24 30
22 25 68
22 26 36
22 27 86
22 28 94
22 29 28
22 30 49
22 31 52
22 32 38
22 33 14
22 34 16
22 35 77
22 36 1
22 37 54
22 38 54
22 39 22
22 40 92
22 41 87
22 42 86
22 43 68
22 44 67
22 45 14
22 46 64
22 47 40
22 48 70
22 49 65
22 50 4
22 51 4
22 52 59
22 53 18
22 54 81
22 55 47
22 56 44
22 57 100
22 58 80
22 59 83
22 60 69
22 61 22
22 62 59
22 63 59
22 64 72
22 65 88
22 66 21
22 67 55
22 68 13
22 69 85
22 70 92
22 71 71
22 72 87
22 73 43
22 74 98
22 75 94
22 76 75
22 77 100
22 78 79
22 79 9
22 80 48
22 81 66
22 82 9
22 83 74
22 84 56
22 85 20
22 86 94
22 87 58
22 88 53
22 89 24
22 90 29
22 91 13
22 92 34
22 93 20
22 94 2
22 95 98
22 96 24
22 97 10
22 98 76
22 99 28
22 100 20
22 101 46
22 102 13
22 103 47
22 104 61
22 105 82
22 106 24
22 107 87
22 108 67
22 109 17
22 110 92
22 111 16
22 112 85
22 113 61
22 114 11
22 115 59
22 116 67
22 117 15
22 118 35
22 119 44
22 120 68
22 121 4
22 122 18
22 123 43
22 124 22
22 125 87
22 126 42
22 127 67
22 128 97
22 129 61
22 130 93
22 131 86
22 132 99
22 133 1
22 134 41
22 135 42
22 136 49
22 137 74
22 138 62
22 139 89
22 140 98
22 141 32
22 142 73
22 143 58
22 144 39
22 145 54
22 146 7
22 147 9
22 148 26
22 149 100
22 150 91
22 151 73
22 152 73
22 153 12
22 154 15
22 155 62
22 156 14
22 157 36
22 158 97
22 159 32
23 24 49
23 25 57
23 26 2
23 27 50
23 28 25
23 29 90
23 30 20
23 31 61
23 32 18
23 33 36
23 34 49
23 35 1
23 36 99
23 37 58
23 38 64
23 39 97
23 40 12
23 41 4
23 42 84
23 43 65
23 44 6
23 45 58
23 46 42
23 47 28
23 48 63
23 49 12
23 50 26
23 51 3
23 52 33
23 53 50
23 54 11
23 55 21
23 56 73
23 57 9
23 58 24
23 59 82
23 60 91
23 61 54
23 62 46
23 63 52
23 64 100
23 65 82
23 66 21
23 67 81
23 68 45
23 69 51
23 70 42
23 71 72
23 72 91
23 73 64
23 74 59
23 75 13
23 76 65
23 77 55
23 78 47
23 79 88
23 80 53
23 81 57
23 82 70
23 83 61
23 84 52
23 85 50
23 86 97
23 87 14
23 88 19
23 89 42
23 90 87
23 91 60
23 92 92
23 93 2
23 94 79
23 95 64
23 96 29
23 97 1
23 98 69
23 99 44
23 100 51
23 101 11
23 102 72
23 103 99
23 104 13
23 105 34
23 106 37
23 107 40
23 108 49
23 109 75
23 110 76
23 111 18
23 112 16
23 113 45
23 114 94
23 115 56
23 116 83
23 117 40
23 118 50
23 119 24
23 120 2
23 121 45
23 122 35
23 123 55
23 124 73
23 125 14
23 126 52
23 127 71
23 128 80
23 129 54
23 130 58
23 131 70
23 132 29
23 133 98
23 134 55
23 135 66
23 136 97
23 137 8
23 138 5
23 139 19
23 140 65
23 141 17
23 142 67
23 143 86
23 144 2
23 145 31
23 146 23
23 147 46
23 148 72
23 149 86
23 150 87
23 151 38
23 152 64
23 153 38
23 154 7
23 155 53
23 156 67
23 157 84
23 158 73
23 159 80
24 25 64
24 26 7
24 27 89
24 28 25
24 29 81
24 30 14
24 31 62
24 32 5
24 33 44
24 34 42
24 35 33
24 36 64
24 37 15
24 38 82
24 39 38
24 40 17
24 41 55
24 42 99
24 43 79
24 44 16
24 45 49
24 46 80
24 47 7
24 48 19
24 49 70
24 50 62
24 51 18
24 52 66
24 53 12
24 54 7
24 55 88
24 56 99
24 57 1
24 58 44
24 59 28
24 60 5
24 61 97
24 62 78
24 63 7
24 64 10
24 65 73
24 66 3
24 67 6
24 68 90
24 69 36
24 70 88
24 71 10
24 72 11
24 73 88
24 74 51
24 75 90
24 76 5
24 77 57
24 78 55
24 79 87
24 80 12
24 81 14
24 82 34
24 83 5
24 84 96
24 85 30
24 86 3
24 87 67
24 88 66
24 89 16
24 90 17
24 91 93
24 92 11
24 93 34
24 94 16
24 95 88
24 96 23
24 97 43
24 98 32
24 99 73
24 100 40
24 101 56
24 102 97
24 103 47
24 104 43
24 105 48
24 106 55
24 107 93
24 108 59
24 109 33
24 110 65
24 111 74
24 112 35
24 113 51
24 114 36
24 115 11
24 116 55
24 117 81
24 118 37
24 119 94
24 120 6
24 121 19
24 122 44
24 123 22
24 124 25
24 125 98
24 126 18
24 127 29
24 128 19
24 129 14
24 130 51
24 131 48
24 132 48
24 133 14
24 134 7
24 135 8
24 136 82
24 137 91
24 138 74
24 139 59
24 140 80
24 141 79
24 142 8
24 143 75
24 144 15
24 145 59
24 146 41
24 147 80
24 148 35
24 149 60
24 150 35
24 151 57
24 152 14
24 153 2
24 154 62
24 155 79
24 156 30
24 157 72
24 158 7
24 159 12
25 26 21
25 27 97
25 28 37
25 29 50
25 30 47
25 31 58
25 32 65
25 33 42
25 34 17
25 35 7
25 36 45
25 37 49
25 38 71
25 39 79
25 40 96
25 41 28
25 42 50
25 43 88
25 44 47
25 45 37
25 46 57
25 47 77
25 48 4
25 49 45
25 50 66
25 51 4
25 52 5
25 53 79
25 54 21
25 55 66
25 56 76
25 57 99
25 58 83
25 59 33
25 60 99
25 61 93
25 62 27
25 63 33
25 64 16
25 65 2
25 66 16
25 67 12
25 68 18
25 69 89
25 70 18
25 71 57
25 72 89
25 73 43
25 74 6
25 75 99
25 76 85
25 77 24
25 78 53
25 79 73
25 80 82
25 81 15
25 82 9
25 83 71
25 84 88
25 85 67
25 86 28
25 87 51
25 88 83
25 89 33
25 90 93
25 91 35
25 92 1
25 93 51
25 94 92
25 95 72
25 96 2
25 97 66
25 98 32
25 99 91
25 100 35
25 101 4
25 102 94
25 103 19
25 104 82
25 105 19
25 106 4
25 107 52
25 108 68
25 109 41
25 110 23
25 111 8
25 112 84
25 113 86
25 114 2
25 115 10
25 116 79
25 117 34
25 118 18
25 119 1
25 120 36
25 121 7
25 122 87
25 123 45
25 124 56
25 125 86
25 126 75
25 127 79
25 128 93
25 129 19
25 130 50
25 131 26
25 132 9
25 133 60
25 134 83
25 135 95
25 136 53
25 137 56
25 138 92
25 139 81
25 140 42
25 141 35
25 142 66
25 143 45
25 144 6
25 145 22
25 146 82
25 147 48
25 148 6
25 149 15
25 150 11
25 151 97
25 152 22
25 153 26
25 154 16
25 155 81
25 156 19
25 157 43
25 158 97
25 159 82
26 27 59
26 28 67
26 29 10
26 30 51
26 31 29
26 32 39
26 33 82
26 34 8
26 35 30
26 36 27
26 37 20
26 38 15
26 39 56
26 40 55
26 41 25
26 42 27
26 43 12
26 44 58
26 45 10
26 46 36
26 47 27
26 48 95
26 49 18
26 50 82
26 51 29
26 52 67
26 53 48
26 54 2
26 55 74
26 56 67
26 57 31
26 58 18
26 59 99
26 60 78
26 61 65
26 62 59
26 63 37
26 64 58
26 65 8
26 66 59
26 67 8
26 68 69
26 69 76
26 70 23
26 71 70
26 72 16
26 73 1
26 74 43
26 75 62
26 76 93
26 77 56
26 78 68
26 79 36
26 80 78
26 81 48
26 82 47
26 83 49
26 84 43
26 85 42
26 86 85
26 87 41
26 88 59
26 89 81
26 90 94
26 91 39
26 92 49
26 93 100
26 94 34
26 95 90
26 96 16
26 97 41
26 98 92
26 99 67
26 100 94
26 101 10
26 102 49
26 103 1
26 104 69
26 105 93
26 106 3
26 107 68
26 108 87
26 109 86
26 110 92
26 111 100
26 112 78
26 113 34
26 114 88
26 115 14
26 116 42
26 117 52
26 118 68
26 119 9
26 120 29
26 121 84
26 122 37
26 123 20
26 124 61
26 125 66
26 126 36
26 127 69
26 128 44
26 129 24
26 130 30
26 131 29
26 132 4
26 133 100
26 134 4
26 135 7
26 136 43
26 137 16
26 138 25
26 139 30
26 140 68
26 141 95
26 142 95
26 143 23
26 144 20
26 145 33
26 146 29
26 147 50
26 148 8
26 149 46
26 150 39
26 151 10
26 152 19
26 153 43
26 154 39
26 155 68
26 156 10
26 157 95
26 158 48
26 159 55
27 28 80
27 29 56
27 30 14
27 31 100
27 32 86
27 33 33
27 34 70
27 35 72
27 36 58
27 37 22
27 38 22
27 39 88
27 40 42
27 41 59
27 42 39
27 43 99
27 44 46
27 45 66
27 46 58
27 47 9
27 48 61
27 49 89
27 50 57
27 51 41
27 52 78
27 53 50
27 54 18
27 55 65
27 56 71
27 57 27
27 58 92
27 59 43
27 60 45
27 61 2
27 62 50
27 63 1
27 64 28
27 65 25
27 66 32
27 67 64
27 68 68
27 69 20
27 70 95
27 71 8
27 72 29
27 73 17
27 74 90
27 75 46
27 76 78
27 77 45
27 78 82
27 79 3
27 80 90
27 81 94
27 82 65
27 83 27
27 84 55
27 85 3
27 86 25
27 87 28
27 88 100
27 89 21
27 90 26
27 91 32
27 92 46
27 93 18
27 94 5
27 95 95
27 96 51
27 97 34
27 98 40
27 99 43
27 100 81
27 101 81
27 102 89
27 103 93
27 104 55
27 105 79
27 106 29
27 107 89
27 108 43
27 109 53
27 110 17
27 111 60
27 112 70
27 113 14
27 114 2
27 115 94
27 116 90
27 117 91
27 118 23
27 119 63
27 120 2
27 121 44
27 122 11
27 123 15
27 124 33
27 125 34
27 126 30
27 127 4
27 128 59
27 129 45
27 130 90
27 131 7
27 132 4
27 133 29
27 134 48
27 135 9
27 136 100
27 137 58
27 138 59
27 139 64
27 140 79
27 141 89
27 142 82
27 143 89
27 144 78
27 145 52
27 146 39
27 147 23
27 148 66
27 149 67
27 150 43
27 151 66
27 152 27
27 153 69
27 154 82
27 155 36
27 156 99
27 157 44
27 158 84
27 159 91
28 29 71
28 30 90
28 31 58
28 32 30
28 33 48
28 34 93
28 35 79
28 36 21
28 37 72
28 38 64
28 39 76
28 40 85
28 41 16
28 42 89
28 43 1
28 44 33
28 45 75
28 46 6
28 47 38
28 48 6
28 49 66
28 50 85
28 51 45
28 52 85
28 53 38
28 54 23
28 55 66
28 56 29
28 57 7
28 58 54
28 59 57
28 60 91
28 61 13
28 62 94
28 63 75
28 64 63
28 65 49
28 66 48
28 67 78
28 68 53
28 69 44
28 70 90
28 71 46
28 72 21
28 73 81
28 74 91
28 75 94
28 76 63
28 77 48
28 78 85
28 79 24
28 80 53
28 81 39
28 82 15
28 83 62
28 84 53
28 85 68
28 86 66
28 87 71
28 88 67
28 89 93
28 90 26
28 91 62
28 92 58
28 93 61
28 94 18
28 95 50
28 96 86
28 97 27
28 98 30
28 99 20
28 100 15
28 101 11
28 102 10
28 103 82
28 104 48
28 105 100
28 106 58
28 107 47
28 108 98
28 109 44
28 110 12
28 111 63
28 112 53
28 113 17
28 114 84
28 115 19
28 116 67
28 117 92
28 118 86
28 119 92
28 120 69
28 121 31
28 122 65
28 123 97
28 124 96
28 125 35
28 126 77
28 127 96
28 128 88
28 129 44
28 130 1
28 131 33
28 132 45
28 133 28
28 134 73
28 135 82
28 136 20
28 137 83
28 138 56
28 139 14
28 140 73
28 141 85
28 142 30
28 143 99
28 144 47
28 145 28
28 146 34
28 147 75
28 148 50
28 149 76
28 150 11
28 151 39
28 152 94
28 153 51
28 154 42
28 155 20
28 156 97
28 157 77
28 158 49
28 159 28
29 30 94
29 31 42
29 32 79
29 33 86
29 34 97
29 35 36
29 36 37
29 37 96
29 38 19
29 39 24
29 40 56
29 41 87
29 42 79
29 43 24
29 44 52
29 45 35
29 46 26
29 47 81
29 48 3
29 49 18
29 50 100
29 51 28
29 52 90
29 53 89
29 54 91
29 55 42
29 56 63
29 57 86
29 58 30
29 59 64
29 60 15
29 61 85
29 62 62
29 63 50
29 64 76
29 65 96
29 66 31
29 67 51
29 68 90
29 69 87
29 70 48
29 71 25
29 72 43
29 73 31
29 74 32
29 75 2
29 76 38
29 77 47
29 78 33
29 79 14
29 80 51
29 81 43
29 82 17
29 83 75
29 84 32
29 85 44
29 86 33
29 87 97
29 88 88
29 89 43
29 90 100
29 91 52
29 92 85
29 93 51
29 94 46
29 95 67
29 96 89
29 97 43
29 98 56
29 99 89
29 100 44
29 101 99
29 102 73
29 103 19
29 104 50
29 105 84
29 106 55
29 107 7
29 108 52
29 109 32
29 110 3
29 111 8
29 112 45
29 113 92
29 114 17
29 115 54
29 116 80
29 117 53
29 118 65
29 119 3
29 120 99
29 121 30
29 122 48
29 123 1
29 124 11
29 125 9
29 126 91
29 127 44
29 128 78
29 129 24
29 130 76
29 131 35
29 132 69
29 133 6
29 134 98
29 135 22
29 136 53
29 137 70
29 138 13
29 139 15
29 140 34
29 141 18
29 142 99
29 143 54
29 144 99
29 145 85
29 146 17
29 147 4
29 148 6
29 149 51
29 150 77
29 151 56
29 152 75
29 153 44
29 154 84
29 155 37
29 156 82
29 157 84
29 158 60
29 159 25
30 31 19
30 32 43
30 33 1
30 34 95
30 35 87
30 36 9
30 37 50
30 38 40
30 39 8
30 40 42
30 41 41
30 42 5
30 43 52
30 44 6
30 45 81
30 46 12
30 47 85
30 48 56
30 49 31
30 50 22
30 51 41
30 52 32
30 53 15
30 54 41
30 55 83
30 56 8
30 57 48
30 58 100
30 59 61
30 60 1
30 61 8
30 62 86
30 63 74
30 64 38
30 65 94
30 66 40
30 67 80
30 68 90
30 69 38
30 70 91
30 71 7
30 72 34
30 73 82
30 74 64
30 75 77
30 76 45
30 77 3
30 78 21
30 79 99
30 80 59
30 81 2
30 82 30
30 83 47
30 84 29
30 85 95
30 86 34
30 87 99
30 88 1
30 89 42
30 90 79
30 91 66
30 92 84
30 93 26
30 94 89
30 95 63
30 96 91
30 97 66
30 98 36
30 99 22
30 100 54
30 101 85
30 102 58
30 103 79
30 104 33
30 105 88
30 106 63
30 107 34
30 108 7
30 109 5
30 110 75
30 111 92
30 112 8
30 113 97
30 114 12
30 115 4
30 116 55
30 117 79
30 118 2
30 119 25
30 120 91
30 121 17
30 122 74
30 123 92
30 124 41
30 125 17
30 126 28
30 127 43
30 128 71
30 129 15
30 130 85
30 131 24
30 132 57
30 133 43
30 134 58
30 135 59
30 136 54
30 137 99
30 138 67
30 139 30
30 140 92
30 141 95
30 142 74
30 143 5
30 144 2
30 145 78
30 146 18
30 147 99
30 148 96
30 149 60
30 150 100
30 151 29
30 152 4
30 153 26
30 154 12
30 155 73
30 156 95
30 157 29
30 158 79
30 159 32
31 32 9
31 33 33
31 34 21
31 35 33
31 36 84
31 37 50
31 38 39
31 39 24
31 40 16
31 41 79
31 42 83
31 43 87
31 44 1
31 45 50
31 46 43
31 47 27
31 48 88
31 49 97
31 50 14
31 51 12
31 52 92
31 53 1
31 54 46
31 55 71
31 56 76
31 57 19
31 58 90
31 59 61
31 60 49
31 61 75
31 62 90
31 63 86
31 64 39
31 65 11
31 66 5
31 67 23
31 68 65
31 69 3
31 70 24
31 71 77
31 72 46
31 73 59
31 74 71
31 75 1
31 76 58
31 77 80
31 78 12
31 79 64
31 80 32
31 81 13
31 82 11
31 83 21
31 84 62
31 85 99
31 86 56
31 87 38
31 88 10
31 89 66
31 90 14
31 91 87
31 92 95
31 93 52
31 94 25
31 95 4
31 96 1
31 97 79
31 98 7
31 99 23
31 100 51
31 101 78
31 102 70
31 103 24
31 104 94
31 105 24
31 106 66
31 107 56
31 108 29
31 109 66
31 110 96
31 111 9
31 112 50
31 113 95
31 114 69
31 115 78
31 116 23
31 117 71
31 118 85
31 119 2
31 120 4
31 121 32
31 122 15
31 123 82
31 124 73
31 125 43
31 126 21
31 127 89
31 128 35
31 129 45
31 130 84
31 131 100
31 132 40
31 133 12
31 134 55
31 135 77
31 136 7
31 137 42
31 138 82
31 139 40
31 140 38
31 141 19
31 142 94
31 143 60
31 144 73
31 145 1
31 146 24
31 147 80
31 148 12
31 149 19
31 150 7
31 151 45
31 152 9
31 153 4
31 154 85
31 155 10
31 156 75
31 157 32
31 158 6
31 159 93
32 33 96
32 34 92
32 35 36
32 36 89
32 37 66
32 38 65
32 39 68
32 40 48
32 41 43
32 42 83
32 43 66
32 44 69
32 45 41
32 46 92
32 47 25
32 48 91
32 49 33
32 50 32
32 51 35
32 52 91
32 53 44
32 54 93
32 55 84
32 56 16
32 57 39
32 58 98
32 59 13
32 60 6
32 61 96
32 62 55
32 63 79
32 64 94
32 65 37
32 66 42
32 67 39
32 68 38
32 69 25
32 70 84
32 71 22
32 72 29
32 73 74
32 74 80
32 75 66
32 76 51
32 77 24
32 78 41
32 79 99
32 80 48
32 81 94
32 82 28
32 83 2
32 84 60
32 85 69
32 86 87
32 87 31
32 88 56
32 89 76
32 90 47
32 91 69
32 92 56
32 93 70
32 94 9
32 95 75
32 96 31
32 97 62
32 98 77
32 99 82
32 100 65
32 101 43
32 102 6
32 103 3
32 104 35
32 105 32
32 106 11
32 107 55
32 108 45
32 109 13
32 110 35
32 111 15
32 112 36
32 113 29
32 114 8
32 115 100
32 116 3
32 117 12
32 118 99
32 119 44
32 120 48
32 121 71
32 122 52
32 123 87
32 124 60
32 125 32
32 126 76
32 127 46
32 128 49
32 129 46
32 130 11
32 131 57
32 132 87
32 133 88
32 134 6
32 135 94
32 136 28
32 137 53
32 138 27
32 139 14
32 140 75
32 141 35
32 142 63
32 143 24
32 144 55
32 145 41
32 146 92
32 147 88
32 148 46
32 149 40
32 150 14
32 151 9
32 152 83
32 153 3
32 154 93
32 155 72
32 156 54
32 157 56
32 158 76
32 159 90
33 34 57
33 35 40
33 36 94
33 37 72
33 38 96
33 39 90
33 40 90
33 41 11
33 42 64
33 43 76
33 44 45
33 45 73
33 46 70
33 47 10
33 48 4
33 49 48
33 50 66
33 51 40
33 52 37
33 53 41
33 54 65
33 55 82
33 56 78
33 57 74
33 58 12
33 59 3
33 60 51
33 61 5
33 62 53
33 63 31
33 64 88
33 65 11
33 66 62
33 67 28
33 68 41
33 69 26
33 70 45
33 71 94
33 72 33
33 73 11
33 74 58
33 75 41
33 76 68
33 77 18
33 78 22
33 79 71
33 80 23
33 81 70
33 82 36
33 83 59
33 84 16
33 85 71
33 86 23
33 87 100
33 88 51
33 89 63
33 90 30
33 91 6
33 92 86
33 93 75
33 94 31
33 95 91
33 96 59
33 97 48
33 98 18
33 99 31
33 100 66
33 101 2
33 102 74
33 103 76
33 104 74
33 105 23
33 106 72
33 107 90
33 108 48
33 109 43
33 110 5
33 111 2
33 112 27
33 113 74
33 114 46
33 115 25
33 116 53
33 117 51
33 118 27
33 119 15
33 120 94
33 121 14
33 122 71
33 123 51
33 124 90
33 125 83
33 126 26
33 127 7
33 128 59
33 129 96
33 130 40
33 131 85
33 132 98
33 133 79
33 134 31
33 135 57
33 136 5
33 137 93
33 138 23
33 139 42
33 140 37
33 141 40
33 142 16
33 143 57
33 144 54
33 145 1
33 146 70
33 147 16
33 148 54
33 149 74
33 150 61
33 151 6
33 152 33
33 153 46
33 154 87
33 155 89
33 156 16
33 157 89
33 158 40
33 159 94
34 35 86
34 36 32
34 37 8
34 38 33
34 39 65
34 40 34
34 41 9
34 42 73
34 43 36
34 44 46
34 45 27
34 46 65
34 47 51
34 48 41
34 49 94
34 50 32
34 51 70
34 52 6
34 53 29
34 54 49
34 55 84
34 56 50
34 57 13
34 58 42
34 59 72
34 60 72
34 61 48
34 62 94
34 63 64
34 64 27
34 65 51
34 66 82
34 67 42
34 68 28
34 69 93
34 70 97
34 71 89
34 72 12
34 73 90
34 74 29
34 75 2
34 76 49
34 77 64
34 78 28
34 79 6
34 80 19
34 81 13
34 82 21
34 83 26
34 84 63
34 85 78
34 86 44
34 87 31
34 88 61
34 89 40
34 90 69
34 91 95
34 92 31
34 93 43
34 94 8
34 95 73
34 96 94
34 97 21
34 98 18
34 99 17
34 100 96
34 101 49
34 102 41
34 103 6
34 104 42
34 105 3
34 106 64
34 107 7
34 108 41
34 109 84
34 110 66
34 111 62
34 112 12
34 113 68
34 114 23
34 115 60
34 116 57
34 117 96
34 118 89
34 119 70
34 120 76
34 121 57
34 122 100
34 123 99
34 124 19
34 125 48
34 126 61
34 127 7
34 128 33
34 129 11
34 130 70
34 131 9
34 132 17
34 133 81
34 134 88
34 135 88
34 136 31
34 137 33
34 138 69
34 139 41
34 140 37
34 141 80
34 142 7
34 143 88
34 144 56
34 145 80
34 146 38
34 147 9
34 148 77
34 149 37
34 150 99
34 151 29
34 152 60
34 153 11
34 154 80
34 155 39
34 156 93
34 157 97
34 158 29
34 159 9
35 36 62
35 37 65
35 38 69
35 39 75
35 40 65
35 41 78
35 42 76
35 43 36
35 44 53
35 45 14
35 46 79
35 47 7
35 48 49
35 49 23
35 50 60
35 51 3
35 52 34
35 53 24
35 54 28
35 55 9
35 56 27
35 57 79
35 58 1
35 59 61
35 60 41
35 61 73
35 62 3
35 63 80
35 64 31
35 65 62
35 66 54
35 67 70
35 68 31
35 69 48
35 70 48
35 71 89
35 72 5
35 73 20
35 74 68
35 75 74
35 76 24
35 77 20
35 78 32
35 79 85
35 80 47
35 81 40
35 82 83
35 83 43
35 84 36
35 85 42
35 86 25
35 87 80
35 88 5
35 89 99
35 90 76
35 91 47
35 92 13
35 93 4
35 94 56
35 95 30
35 96 72
35 97 50
35 98 78
35 99 60
35 100 68
35 101 96
35 102 7
35 103 82
35 104 33
35 105 89
35 106 80
35 107 39
35 108 79
35 109 51
35 110 69
35 111 85
35 112 70
35 113 38
35 114 9
35 115 78
35 116 64
35 117 88
35 118 46
35 119 5
35 120 58
35 121 100
35 122 56
35 123 50
35 124 11
35 125 41
35 126 40
35 127 17
35 128 6
35 129 99
35 130 27
35 131 85
35 132 46
35 133 54
35 134 31
35 135 22
35 136 85
35 137 78
35 138 25
35 139 8
35 140 73
35 141 24
35 142 32
35 143 90
35 144 18
35 145 87
35 146 63
35 147 20
35 148 61
35 149 86
35 150 31
35 151 80
35 152 23
35 153 93
35 154 77
35 155 46
35 156 58
35 157 14
35 158 86
35 159 55
36 37 62
36 38 51
36 39 43
36 40 90
36 41 43
36 42 17
36 43 39
36 44 34
36 45 10
36 46 60
36 47 15
36 48 48
36 49 21
36 50 80
36 51 52
36 52 53
36 53 1
36 54 54
36 55 31
36 56 89
36 57 46
36 58 92
36 59 96
36 60 44
36 61 38
36 62 48
36 63 41
36 64 52
36 65 78
36 66 31
36 67 76
36 68 72
36 69 29
36 70 61
36 71 20
36 72 49
36 73 42
36 74 98
36 75 29
36 76 9
36 77 99
36 78 59
36 79 54
36 80 94
36 81 6
36 82 96
36 83 25
36 84 94
36 85 20
36 86 75
36 87 96
36 88 1
36 89 93
36 90 66
36 91 39
36 92 13
36 93 10
36 94 82
36 95 58
36 96 97
36 97 79
36 98 35
36 99 66
36 100 32
36 101 61
36 102 73
36 103 17
36 104 24
36 105 47
36 106 62
36 107 8
36 108 81
36 109 96
36 110 52
36 111 11
36 112 31
36 113 8
36 114 65
36 115 15
36 116 7
36 117 65
36 118 53
36 119 7
36 120 71
36 121 24
36 122 20
36 123 6
36 124 59
36 125 79
36 126 83
36 127 42
36 128 23
36 129 75
36 130 67
36 131 98
36 132 52
36 133 81
36 134 50
36 135 16
36 136 70
36 137 67
36 138 67
36 139 33
36 140 90
36 141 68
36 142 62
36 143 7
36 144 46
36 145 49
36 146 44
36 147 60
36 148 2
36 149 97
36 150 52
36 151 84
36 152 58
36 153 57
36 154 53
36 155 88
36 156 27
36 157 88
36 158 86
36 159 30
37 38 47
37 39 88
37 40 65
37 41 41
37 42 73
37 43 88
37 44 69
37 45 73
37 46 19
37 47 36
37 48 86
37 49 77
37 50 100
37 51 50
37 52 88
37 53 31
37 54 2
37 55 26
37 56 51
37 57 88
37 58 21
37 59 100
37 60 28
37 61 78
37 62 69
37 63 82
37 64 21
37 65 82
37 66 12
37 67 68
37 68 64
37 69 35
37 70 15
37 71 81
37 72 44
37 73 5
37 74 63
37 75 33
37 76 42
37 77 25
37 78 24
37 79 44
37 80 17
37 81 96
37 82 100
37 83 12
37 84 55
37 85 75
37 86 8
37 87 11
37 88 73
37 89 100
37 90 69
37 91 35
37 92 45
37 93 75
37 94 69
37 95 18
37 96 73
37 97 99
37 98 99
37 99 38
37 100 21
37 101 38
37 102 45
37 103 96
37 104 21
37 105 53
37 106 81
37 107 48
37 108 68
37 109 58
37 110 71
37 111 32
37 112 69
37 113 15
37 114 29
37 115 79
37 116 11
37 117 76
37 118 79
37 119 9
37 120 34
37 121 57
37 122 21
37 123 39
37 124 57
37 125 53
37 126 60
37 127 25
37 128 65
37 129 66
37 130 78
37 131 32
37 132 83
37 133 76
37 134 32
37 135 69
37 136 45
37 137 29
37 138 55
37 139 41
37 140 10
37 141 40
37 142 35
37 143 73
37 144 41
37 145 79
37 146 86
37 147 81
37 148 63
37 149 72
37 150 85
37 151 21
37 152 90
37 153 93
37 154 44
37 155 12
37 156 93
37 157 12
37 158 35
37 159 59
38 39 75
38 40 13
38 41 57
38 42 78
38 43 94
38 44 9
38 45 91
38 46 89
38 47 6
38 48 44
38 49 94
38 50 12
38 51 87
38 52 24
38 53 18
38 54 7
38 55 26
38 56 77
38 57 55
38 58 90
38 59 67
38 60 46
38 61 79
38 62 96
38 63 59
38 64 7
38 65 97
38 66 41
38 67 24
38 68 4
38 69 54
38 70 75
38 71 61
38 72 77
38 73 21
38 74 5
38 75 43
38 76 73
38 77 7
38 78 69
38 79 86
38 80 30
38 81 4
38 82 56
38 83 13
38 84 56
38 85 87
38 86 1
38 87 51
38 88 7
38 89 51
38 90 1
38 91 81
38 92 82
38 93 22
38 94 73
38 95 48
38 96 62
38 97 43
38 98 92
38 99 24
38 100 68
38 101 68
38 102 71
38 103 75
38 104 79
38 105 10
38 106 32
38 107 1
38 108 53
38 109 92
38 110 45
38 111 38
38 112 9
38 113 24
38 114 76
38 115 79
38 116 84
38 117 50
38 118 49
38 119 33
38 120 88
38 121 94
38 122 10
38 123 6
38 124 47
38 125 18
38 126 54
38 127 77
38 128 73
38 129 81
38 130 28
38 131 69
38 132 55
38 133 75
38 134 62
38 135 93
38 136 94
38 137 4
38 138 99
38 139 20
38 140 29
38 141 76
38 142 96
38 143 86
38 144 66
38 145 9
38 146 23
38 147 48
38 148 9
38 149 27
38 150 36
38 151 39
38 152 66
38 153 90
38 154 61
38 155 82
38 156 83
38 157 7
38 158 25
38 159 79
39 40 63
39 41 5
39 42 44
39 43 21
39 44 70
39 45 44
39 46 20
39 47 25
39 48 84
39 49 39
39 50 11
39 51 22
39 52 79
39 53 16
39 54 58
39 55 69
39 56 22
39 57 14
39 58 16
39 59 35
39 60 39
39 61 64
39 62 79
39 63 76
39 64 16
39 65 58
39 66 39
39 67 63
39 68 54
39 69 11
39 70 11
39 71 25
39 72 11
39 73 25
39 74 85
39 75 99
39 76 16
39 77 52
39 78 19
39 79 7
39 80 24
39 81 22
39 82 59
39 83 43
39 84 45
39 85 87
39 86 8
39 87 22
39 88 61
39 89 33
39 90 10
39 91 79
39 92 64
39 93 9
39 94 51
39 95 6
39 96 38
39 97 11
39 98 26
39 99 16
39 100 79
39 101 29
39 102 100
39 103 49
39 104 24
39 105 95
39 106 65
39 107 66
39 108 13
39 109 38
39 110 54
39 111 93
39 112 40
39 113 2
39 114 52
39 115 100
39 116 80
39 117 67
39 118 45
39 119 46
39 120 28
39 121 25
39 122 43
39 123 74
39 124 59
39 125 51
39 126 64
39 127 22
39 128 31
39 129 45
39 130 6
39 131 94
39 132 99
39 133 6
39 134 3
39 135 61
39 136 25
39 137 82
39 138 48
39 139 5
39 140 25
39 141 50
39 142 74
39 143 15
39 144 11
39 145 76
39 146 68
39 147 5
39 148 31
39 149 45
39 150 51
39 151 59
39 152 28
39 153 33
39 154 60
39 155 42
39 156 13
39 157 77
39 158 29
39 159 91
40 41 39
40 42 61
40 43 46
40 44 34
40 45 34
40 46 61
40 47 69
40 48 20
40 49 15
40 50 61
40 51 44
40 52 7
40 53 72
40 54 35
40 55 49
40 56 12
40 57 48
40 58 71
40 59 39
40 60 75
40 61 73
40 62 79
40 63 76
40 64 98
40 65 5
40 66 83
40 67 39
40 68 9
40 69 40
40 70 8
40 71 31
40 72 73
40 73 40
40 74 74
40 75 99
40 76 81
40 77 62
40 78 30
40 79 81
40 80 12
40 81 24
40 82 99
40 83 35
40 84 83
40 85 2
40 86 97
40 87 47
40 88 40
40 89 15
40 90 96
40 91 81
40 92 91
40 93 48
40 94 34
40 95 31
40 96 78
40 97 31
40 98 18
40 99 33
40 100 84
40 101 18
40 102 59
40 103 54
40 104 27
40 105 80
40 106 19
40 107 77
40 108 15
40 109 14
40 110 39
40 111 41
40 112 22
40 113 60
40 114 59
40 115 88
40 116 32
40 117 60
40 118 46
40 119 55
40 120 68
40 121 60
40 122 66
40 123 21
40 124 35
40 125 8
40 126 47
40 127 1
40 128 80
40 129 59
40 130 64
40 131 29
40 132 65
40 133 74
40 134 57
40 135 94
40 136 17
40 137 28
40 138 7
40 139 61
40 140 93
40 141 26
40 142 79
40 143 19
40 144 67
40 145 81
40 146 99
40 147 74
40 148 25
40 149 50
40 150 69
40 151 47
40 152 28
40 153 98
40 154 61
40 155 78
40 156 25
40 157 55
40 158 93
40 159 90
41 42 74
41 43 17
41 44 12
41 45 36
41 46 53
41 47 37
41 48 30
41 49 6
41 50 76
41 51 78
41 52 3
41 53 38
41 54 63
41 55 25
41 56 32
41 57 89
41 58 47
41 59 96
41 60 84
41 61 23
41 62 41
41 63 1
41 64 54
41 65 85
41 66 6
41 67 17
41 68 80
41 69 52
41 70 12
41 71 35
41 72 90
41 73 28
41 74 79
41 75 65
41 76 1
41 77 22
41 78 29
41 79 93
41 80 27
41 81 92
41 82 7
41 83 100
41 84 34
41 85 32
41 86 17
41 87 13
41 88 98
41 89 83
41 90 70
41 91 92
41 92 84
41 93 90
41 94 89
41 95 53
41 96 12
41 97 62
41 98 39
41 99 5
41 100 88
41 101 31
41 102 3
41 103 51
41 104 32
41 105 33
41 106 75
41 107 38
41 108 47
41 109 69
41 110 82
41 111 45
41 112 99
41 113 34
41 114 12
41 115 69
41 116 70
41 117 63
41 118 60
41 119 34
41 120 3
41 121 37
41 122 87
41 123 58
41 124 5
41 125 30
41 126 55
41 127 75
41 128 79
41 129 60
41 130 73
41 131 18
41 132 76
41 133 53
41 134 88
41 135 11
41 136 14
41 137 22
41 138 23
41 139 41
41 140 1
41 141 56
41 142 57
41 143 30
41 144 41
41 145 40
41 146 18
41 147 36
41 148 40
41 149 7
41 150 95
41 151 8
41 152 36
41 153 4
41 154 14
41 155 20
41 156 94
41 157 82
41 158 40
41 159 74
42 43 35
42 44 69
42 45 16
42 46 53
42 47 52
42 48 93
42 49 19
42 50 86
42 51 42
42 52 73
42 53 66
42 54 81
42 55 45
42 56 64
42 57 42
42 58 11
42 59 100
42 60 35
42 61 33
42 62 85
42 63 89
42 64 86
42 65 37
42 66 87
42 67 30
42 68 6
42 69 36
42 70 79
42 71 8
42 72 21
42 73 59
42 74 97
42 75 90
42 76 2
42 77 7
42 78 11
42 79 79
42 80 73
42 81 56
42 82 56
42 83 43
42 84 3
42 85 23
42 86 42
42 87 30
42 88 22
42 89 79
42 90 56
42 91 9
42 92 21
42 93 75
42 94 69
42 95 64
42 96 76
42 97 93
42 98 20
42 99 12
42 100 46
42 101 15
42 102 97
42 103 60
42 104 15
42 105 60
42 106 6
42 107 26
42 108 29
42 109 70
42 110 41
42 111 1
42 112 11
42 113 10
42 114 58
42 115 11
42 116 51
42 117 27
42 118 44
42 119 52
42 120 86
42 121 63
42 122 68
42 123 29
42 124 47
42 125 64
42 126 36
42 127 19
42 128 49
42 129 43
42 130 37
42 131 99
42 132 83
42 133 7
42 134 93
42 135 1
42 136 91
42 137 86
42 138 58
42 139 15
42 140 22
42 141 82
42 142 11
42 143 68
42 144 10
42 145 67
42 146 30
42 147 95
42 148 48
42 149 30
42 150 53
42 151 92
42 152 93
42 153 46
42 154 45
42 155 71
42 156 27
42 157 86
42 158 20
42 159 45
43 44 98
43 45 91
43 46 2
43 47 56
43 48 61
43 49 37
43 50 7
43 51 97
43 52 80
43 53 52
43 54 33
43 55 4
43 56 63
43 57 55
43 58 62
43 59 46
43 60 92
43 61 59
43 62 13
43 63 97
43 64 22
43 65 88
43 66 11
43 67 3
43 68 12
43 69 6
43 70 83
43 71 71
43 72 87
43 73 59
43 74 68
43 75 25
43 76 52
43 77 93
43 78 16
43 79 87
43 80 59
43 81 36
43 82 74
43 83 72
43 84 60
43 85 44
43 86 61
43 87 22
43 88 88
43 89 30
43 90 55
43 91 27
43 92 81
43 93 73
43 94 82
43 95 24
43 96 14
43 97 49
43 98 66
43 99 86
43 100 67
43 101 52
43 102 82
43 103 67
43 104 5
43 105 34
43 106 48
43 107 6
43 108 70
43 109 47
43 110 76
43 111 20
43 112 87
43 113 7
43 114 8
43 115 61
43 116 76
43 117 24
43 118 85
43 119 9
43 120 48
43 121 92
43 122 78
43 123 16
43 124 86
43 125 20
43 126 46
43 127 67
43 128 29
43 129 80
43 130 3
43 131 42
43 132 4
43 133 93
43 134 47
43 135 19
43 136 11
43 137 31
43 138 26
43 139 93
43 140 49
43 141 68
43 142 68
43 143 99
43 144 44
43 145 31
43 146 88
43 147 14
43 148 27
43 149 8
43 150 52
43 151 25
43 152 12
43 153 71
43 154 80
43 155 80
43 156 76
43 157 8
43 158 47
43 159 91
44 45 28
44 46 41
44 47 14
44 48 48
44 49 47
44 50 64
44 51 66
44 52 100
44 53 49
44 54 23
44 55 58
44 56 45
44 57 54
44 58 87
44 59 78
44 60 54
44 61 45
44 62 3
44 63 77
44 64 13
44 65 54
44 66 46
44 67 13
44 68 26
44 69 56
44 70 47
44 71 96
44 72 70
44 73 89
44 74 10
44 75 29
44 76 59
44 77 5
44 78 48
44 79 6
44 80 91
44 81 38
44 82 91
44 83 75
44 84 2
44 85 67
44 86 10
44 87 66
44 88 15
44 89 65
44 90 21
44 91 9
44 92 9
44 93 59
44 94 100
44 95 87
44 96 37
44 97 58
44 98 31
44 99 79
44 100 53
44 101 11
44 102 22
44 103 19
44 104 63
44 105 39
44 106 8
44 107 61
44 108 43
44 109 34
44 110 70
44 111 39
44 112 34
44 113 2
44 114 65
44 115 64
44 116 89
44 117 61
44 118 82
44 119 4
44 120 5
44 121 41
44 122 9
44 123 45
44 124 37
44 125 73
44 126 13
44 127 55
44 128 80
44 129 40
44 130 16
44 131 74
44 132 10
44 133 39
44 134 17
44 135 48
44 136 57
44 137 41
44 138 52
44 139 52
44 140 68
44 141 51
44 142 99
44 143 56
44 144 87
44 145 16
44 146 25
44 147 93
44 148 99
44 149 100
44 150 25
44 151 35
44 152 81
44 153 82
44 154 28
44 155 86
44 156 85
44 157 34
44 158 98
44 159 96
45 46 22
45 47 77
45 48 3
45 49 89
45 50 84
45 51 18
45 52 49
45 53 52
45 54 23
45 55 58
45 56 14
45 57 48
45 58 26
45 59 35
45 60 36
45 61 90
45 62 80
45 63 26
45 64 69
45 65 97
45 66 92
45 67 61
45 68 89
45 69 80
45 70 70
45 71 87
45 72 60
45 73 52
45 74 37
45 75 60
45 76 4
45 77 20
45 78 1
45 79 72
45 80 39
45 81 68
45 82 24
45 83 38
45 84 60
45 85 10
45 86 54
45 87 29
45 88 25
45 89 92
45 90 1
45 91 51
45 92 65
45 93 24
45 94 19
45 95 1
45 96 72
45 97 33
45 98 87
45 99 46
45 100 62
45 101 5
45 102 11
45 103 34
45 104 20
45 105 44
45 106 45
45 107 57
45 108 5
45 109 32
45 110 77
45 111 97
45 112 42
45 113 66
45 114 53
45 115 69
45 116 30
45 117 79
45 118 73
45 119 59
45 120 50
45 121 10
45 122 91
45 123 90
45 124 49
45 125 82
45 126 12
45 127 81
45 128 60
45 129 45
45 130 6
45 131 80
45 132 59
45 133 24
45 134 3
45 135 77
45 136 14
45 137 40
45 138 87
45 139 50
45 140 29
45 141 66
45 142 99
45 143 2
45 144 78
45 145 23
45 146 5
45 147 22
45 148 69
45 149 79
45 150 48
45 151 42
45 152 94
45 153 15
45 154 33
45 155 32
45 156 58
45 157 6
45 158 81
45 159 94
46 47 94
46 48 97
46 49 11
46 50 6
46 51 39
46 52 55
46 53 85
46 54 61
46 55 5
46 56 73
46 57 46
46 58 88
46 59 23
46 60 55
46 61 82
46 62 70
46 63 94
46 64 17
46 65 19
46 66 41
46 67 53
46 68 70
46 69 11
46 70 41
46 71 95
46 72 41
46 73 70
46 74 30
46 75 28
46 76 38
46 77 32
46 78 85
46 79 28
46 80 84
46 81 36
46 82 92
46 83 40
46 84 67
46 85 7
46 86 41
46 87 12
46 88 19
46 89 84
46 90 49
46 91 32
46 92 70
46 93 14
46 94 99
46 95 91
46 96 18
46 97 3
46 98 16
46 99 5
46 100 33
46 101 41
46 102 45
46 103 60
46 104 58
46 105 94
46 106 33
46 107 24
46 108 32
46 109 78
46 110 81
46 111 80
46 112 57
46 113 58
46 114 43
46 115 83
46 116 65
46 117 76
46 118 91
46 119 74
46 120 83
46 121 92
46 122 18
46 123 56
46 124 83
46 125 60
46 126 72
46 127 32
46 128 59
46 129 72
46 130 86
46 131 98
46 132 98
46 133 18
46 134 83
46 135 68
46 136 64
46 137 7
46 138 27
46 139 20
46 140 93
46 141 4
46 142 78
46 143 1
46 144 54
46 145 81
46 146 82
46 147 56
46 148 66
46 149 28
46 150 79
46 151 14
46 152 57
46 153 84
46 154 24
46 155 96
46 156 16
46 157 8
46 158 18
46 159 41
47 48 15
47 49 19
47 50 90
47 51 69
47 52 44
47 53 64
47 54 77
47 55 54
47 56 61
47 57 41
47 58 11
47 59 10
47 60 27
47 61 59
47 62 97
47 63 74
47 64 39
47 65 11
47 66 52
47 67 93
47 68 88
47 69 24
47 70 68
47 71 80
47 72 30
47 73 45
47 74 44
47 75 72
47 76 68
47 77 1
47 78 40
47 79 78
47 80 61
47 81 50
47 82 38
47 83 47
47 84 22
47 85 67
47 86 83
47 87 45
47 88 99
47 89 14
47 90 36
47 91 7
47 92 66
47 93 12
47 94 37
47 95 96
47 96 90
47 97 37
47 98 9
47 99 55
47 100 6
47 101 97
47 102 73
47 103 45
47 104 86
47 105 6
47 106 59
47 107 76
47 108 78
47 109 3
47 110 49
47 111 55
47 112 26
47 113 19
47 114 79
47 115 5
47 116 63
47 117 84
47 118 19
47 119 77
47 120 37
47 121 47
47 122 52
47 123 19
47 124 25
47 125 10
47 126 38
47 127 40
47 128 88
47 129 22
47 130 27
47 131 57
47 132 38
47 133 4
47 134 85
47 135 49
47 136 62
47 137 43
47 138 41
47 139 39
47 140 62
47 141 98
47 142 6
47 143 26
47 144 49
47 145 19
47 146 15
47 147 55
47 148 2
47 149 58
47 150 24
47 151 31
47 152 94
47 153 100
47 154 3
47 155 50
47 156 5
47 157 81
47 158 14
47 159 63
48 49 71
48 50 14
48 51 36
48 52 56
48 53 85
48 54 13
48 55 53
48 56 89
48 57 2
48 58 54
48 59 40
48 60 97
48 61 23
48 62 68
48 63 10
48 64 35
48 65 44
48 66 8
48 67 13
48 68 97
48 69 61
48 70 7
48 71 96
48 72 14
48 73 73
48 74 58
48 75 70
48 76 82
48 77 68
48 78 68
48 79 8
48 80 93
48 81 24
48 82 82
48 83 54
48 84 97
48 85 26
48 86 42
48 87 58
48 88 85
48 89 17
48 90 49
48 91 93
48 92 65
48 93 4
48 94 20
48 95 9
48 96 94
48 97 59
48 98 9
48 99 15
48 100 66
48 101 81
48 102 61
48 103 41
48 104 44
48 105 88
48 106 78
48 107 97
48 108 82
48 109 86
48 110 27
48 111 22
48 112 53
48 113 60
48 114 14
48 115 48
48 116 4
48 117 77
48 118 95
48 119 80
48 120 50
48 121 45
48 122 3
48 123 77
48 124 84
48 125 78
48 126 96
48 127 68
48 128 35
48 129 4
48 130 55
48 131 87
48 132 5
48 133 98
48 134 27
48 135 84
48 136 16
48 137 40
48 138 61
48 139 9
48 140 40
48 141 64
48 142 7
48 143 66
48 144 36
48 145 93
48 146 100
48 147 54
48 148 14
48 149 31
48 150 99
48 151 84
48 152 69
48 153 47
48 154 44
48 155 26
48 156 12
48 157 49
48 158 59
48 159 88
49 50 7
49 51 84
49 52 66
49 53 51
49 54 78
49 55 83
49 56 97
49 57 66
49 58 37
49 59 20
49 60 91
49 61 80
49 62 31
49 63 30
49 64 40
49 65 93
49 66 96
49 67 43
49 68 42
49 69 25
49 70 82
49 71 2
49 72 74
49 73 28
49 74 42
49 75 53
49 76 96
49 77 32
49 78 91
49 79 35
49 80 62
49 81 66
49 82 43
49 83 66
49 84 96
49 85 39
49 86 24
49 87 38
49 88 26
49 89 18
49 90 86
49 91 31
49 92 67
49 93 7
49 94 30
49 95 32
49 96 8
49 97 98
49 98 12
49 99 49
49 100 82
49 101 97
49 102 85
49 103 17
49 104 79
49 105 28
49 106 14
49 107 93
49 108 91
49 109 84
49 110 34
49 111 63
49 112 48
49 113 25
49 114 84
49 115 43
49 116 96
49 117 58
49 118 73
49 119 82
49 120 24
49 121 93
49 122 45
49 123 78
49 124 71
49 125 7
49 126 52
49 127 54
49 128 20
49 129 53
49 130 4
49 131 93
49 132 29
49 133 87
49 134 16
49 135 4
49 136 16
49 137 25
49 138 80
49 139 65
49 140 69
49 141 14
49 142 77
49 143 46
49 144 5
49 145 55
49 146 38
49 147 48
49 148 15
49 149 76
49 150 10
49 151 33
49 152 31
49 153 58
49 154 66
49 155 86
49 156 94
49 157 84
49 158 2
49 159 19
50 51 55
50 52 44
50 53 84
50 54 62
50 55 98
50 56 79
50 57 44
50 58 98
50 59 89
50 60 7
50 61 94
50 62 53
50 63 63
50 64 51
50 65 50
50 66 33
50 67 63
50 68 92
50 69 22
50 70 3
50 71 58
50 72 37
50 73 62
50 74 55
50 75 38
50 76 69
50 77 39
50 78 40
50 79 47
50 80 15
50 81 30
50 82 29
50 83 15
50 84 70
50 85 8
50 86 78
50 87 80
50 88 35
50 89 52
50 90 77
50 91 31
50 92 85
50 93 66
50 94 65
50 95 92
50 96 24
50 97 35
50 98 74
50 99 1
50 100 57
50 101 5
50 102 14
50 103 24
50 104 36
50 105 60
50 106 89
50 107 16
50 108 13
50 109 99
50 110 94
50 111 38
50 112 47
50 113 85
50 114 35
50 115 58
50 116 44
50 117 33
50 118 13
50 119 84
50 120 11
50 121 34
50 122 23
50 123 55
50 124 23
50 125 62
50 126 4
50 127 92
50 128 45
50 129 20
50 130 62
50 131 13
50 132 62
50 133 81
50 134 78
50 135 27
50 136 71
50 137 39
50 138 11
50 139 3
50 140 27
50 141 55
50 142 18
50 143 97
50 144 4
50 145 97
50 146 69
50 147 45
50 148 97
50 149 25
50 150 29
50 151 39
50 152 61
50 153 67
50 154 34
50 155 6
50 156 75
50 157 76
50 158 20
50 159 60
51 52 40
51 53 28
51 54 82
51 55 84
51 56 99
51 57 56
51 58 76
51 59 32
51 60 18
51 61 81
51 62 20
51 63 16
51 64 26
51 65 31
51 66 68
51 67 61
51 68 4
51 69 15
51 70 70
51 71 58
51 72 36
51 73 88
51 74 88
51 75 47
51 76 26
51 77 50
51 78 67
51 79 3
51 80 53
51 81 44
51 82 42
51 83 96
51 84 67
51 85 43
51 86 86
51 87 73
51 88 1
51 89 77
51 90 21
51 91 40
51 92 91
51 93 38
51 94 94
51 95 88
51 96 69
51 97 43
51 98 13
51 99 59
51 100 54
51 101 61
51 102 94
51 103 82
51 104 58
51 105 70
51 106 30
51 107 75
51 108 23
51 109 27
51 110 41
51 111 58
51 112 83
51 113 43
51 114 52
51 115 63
51 116 36
51 117 23
51 118 57
51 119 82
51 120 9
51 121 82
51 122 74
51 123 15
51 124 37
51 125 14
51 126 12
51 127 24
51 128 95
51 129 59
51 130 19
51 131 93
51 132 20
51 133 82
51 134 100
51 135 83
51 136 85
51 137 69
51 138 15
51 139 2
51 140 46
51 141 96
51 142 2
51 143 67
51 144 4
51 145 97
51 146 56
51 147 49
51 148 78
51 149 6
51 150 78
51 151 28
51 152 90
51 153 2
51 154 38
51 155 89
51 156 37
51 157 12
51 158 64
51 159 7
52 53 98
52 54 17
52 55 39
52 56 96
52 57 43
52 58 83
52 59 32
52 60 15
52 61 94
52 62 66
52 63 30
52 64 41
52 65 79
52 66 51
52 67 85
52 68 7
52 69 96
52 70 52
52 71 54
52 72 16
52 73 53
52 74 7
52 75 80
52 76 76
52 77 90
52 78 58
52 79 97
52 80 4
52 81 64
52 82 13
52 83 54
52 84 87
52 85 48
52 86 77
52 87 46
52 88 29
52 89 51
52 90 39
52 91 66
52 92 18
52 93 70
52 94 87
52 95 69
52 96 37
52 97 88
52 98 92
52 99 90
52 100 92
52 101 36
52 102 60
52 103 45
52 104 31
52 105 98
52 106 48
52 107 33
52 108 61
52 109 22
52 110 86
52 111 34
52 112 3
52 113 90
52 114 56
52 115 43
52 116 55
52 117 98
52 118 23
52 119 78
52 120 62
52 121 24
52 122 57
52 123 80
52 124 96
52 125 82
52 126 73
52 127 72
52 128 17
52 129 94
52 130 52
52 131 30
52 132 65
52 133 69
52 134 62
52 135 22
52 136 34
52 137 77
52 138 91
52 139 86
52 140 55
52 141 74
52 142 40
52 143 13
52 144 38
52 145 18
52 146 27
52 147 2
52 148 47
52 149 42
52 150 68
52 151 97
52 152 88
52 153 21
52 154 24
52 155 35
52 156 78
52 157 52
52 158 67
52 159 10
53 54 42
53 55 54
53 56 39
53 57 65
53 58 61
53 59 58
53 60 98
53 61 62
53 62 89
53 63 91
53 64 44
53 65 22
53 66 34
53 67 42
53 68 35
53 69 19
53 70 95
53 71 71
53 72 40
53 73 91
53 74 6
53 75 87
53 76 41
53 77 86
53 78 23
53 79 55
53 80 56
53 81 90
53 82 7
53 83 95
53 84 67
53 85 8
53 86 66
53 87 63
53 88 92
53 89 27
53 90 68
53 91 26
53 92 37
53 93 90
53 94 28
53 95 67
53 96 79
53 97 22
53 98 94
53 99 89
53 100 85
53 101 40
53 102 67
53 103 46
53 104 1
53 105 18
53 106 28
53 107 10
53 108 62
53 109 41
53 110 40
53 111 39
53 112 40
53 113 40
53 114 75
53 115 36
53 116 6
53 117 4
53 118 23
53 119 27
53 120 16
53 121 21
53 122 49
53 123 49
53 124 97
53 125 28
53 126 24
53 127 96
53 128 75
53 129 79
53 130 2
53 131 84
53 132 12
53 133 34
53 134 71
53 135 14
53 136 53
53 137 95
53 138 52
53 139 36
53 140 31
53 141 74
53 142 90
53 143 11
53 144 12
53 145 87
53 146 14
53 147 98
53 148 73
53 149 24
53 150 84
53 151 61
53 152 13
53 153 63
53 154 1
53 155 39
53 156 87
53 157 95
53 158 70
53 159 62
54 55 91
54 56 54
54 57 46
54 58 83
54 59 49
54 60 61
54 61 6
54 62 81
54 63 43
54 64 86
54 65 23
54 66 87
54 67 85
54 68 71
54 69 36
54 70 19
54 71 91
54 72 73
54 73 89
54 74 31
54 75 36
54 76 80
54 77 72
54 78 41
54 79 98
54 80 77
54 81 52
54 82 45
54 83 82
54 84 1
54 85 47
54 86 17
54 87 71
54 88 31
54 89 46
54 90 81
54 91 100
54 92 98
54 93 88
54 94 8
54 95 76
54 96 83
54 97 50
54 98 95
54 99 20
54 100 70
54 101 39
54 102 63
54 103 56
54 104 47
54 105 67
54 106 69
54 107 65
54 108 70
54 109 93
54 110 45
54 111 63
54 112 89
54 113 70
54 114 54
54 115 8
54 116 58
54 117 30
54 118 100
54 119 80
54 120 76
54 121 99
54 122 18
54 123 71
54 124 28
54 125 65
54 126 39
54 127 49
54 128 95
54 129 81
54 130 20
54 131 35
54 132 7
54 133 81
54 134 46
54 135 98
54 136 29
54 137 98
54 138 94
54 139 27
54 140 61
54 141 23
54 142 32
54 143 21
54 144 13
54 145 82
54 146 75
54 147 10
54 148 46
54 149 13
54 150 43
54 151 13
54 152 69
54 153 10
54 154 1
54 155 70
54 156 5
54 157 98
54 158 17
54 159 1
55 56 77
55 57 3
55 58 9
55 59 22
55 60 73
55 61 93
55 62 10
55 63 68
55 64 68
55 65 83
55 66 31
55 67 50
55 68 93
55 69 68
55 70 55
55 71 39
55 72 51
55 73 43
55 74 40
55 75 5
55 76 58
55 77 32
55 78 66
55 79 81
55 80 79
55 81 11
55 82 38
55 83 80
55 84 66
55 85 83
55 86 58
55 87 36
55 88 43
55 89 73
55 90 68
55 91 68
55 92 64
55 93 64
55 94 5
55 95 95
55 96 78
55 97 45
55 98 84
55 99 43
55 100 82
55 101 99
55 102 71
55 103 8
55 104 53
55 105 69
55 106 75
55 107 32
55 108 27
55 109 8
55 110 55
55 111 51
55 112 48
55 113 42
55 114 98
55 115 87
55 116 31
55 117 25
55 118 19
55 119 10
55 120 98
55 121 59
55 122 83
55 123 14
55 124 17
55 125 76
55 126 34
55 127 64
55 128 26
55 129 40
55 130 63
55 131 60
55 132 76
55 133 34
55 134 71
55 135 3
55 136 26
55 137 98
55 138 57
55 139 38
55 140 66
55 141 81
55 142 76
55 143 68
55 144 90
55 145 21
55 146 22
55 147 25
55 148 86
55 149 61
55 150 57
55 151 16
55 152 10
55 153 37
55 154 24
55 155 15
55 156 100
55 157 71
55 158 10
55 159 44
56 57 89
56 58 92
56 59 13
56 60 48
56 61 25
56 62 52
56 63 36
56 64 28
56 65 70
56 66 18
56 67 94
56 68 72
56 69 29
56 70 92
56 71 28
56 72 37
56 73 65
56 74 94
56 75 5
56 76 90
56 77 12
56 78 11
56 79 65
56 80 8
56 81 86
56 82 12
56 83 9
56 84 63
56 85 52
56 86 51
56 87 74
56 88 26
56 89 36
56 90 16
56 91 72
56 92 91
56 93 73
56 94 43
56 95 78
56 96 65
56 97 41
56 98 97
56 99 3
56 100 71
56 101 64
56 102 21
56 103 97
56 104 62
56 105 3
56 106 62
56 107 72
56 108 33
56 109 87
56 110 28
56 111 62
56 112 19
56 113 34
56 114 50
56 115 95
56 116 63
56 117 46
56 118 63
56 119 4
56 120 88
56 121 46
56 122 71
56 123 66
56 124 88
56 125 96
56 126 35
56 127 18
56 128 39
56 129 8
56 130 55
56 131 3
56 132 31
56 133 81
56 134 2
56 135 21
56 136 49
56 137 13
56 138 49
56 139 96
56 140 47
56 141 35
56 142 46
56 143 48
56 144 88
56 145 45
56 146 60
56 147 41
56 148 32
56 149 84
56 150 84
56 151 65
56 152 35
56 153 12
56 154 23
56 155 60
56 156 97
56 157 16
56 158 66
56 159 94
57 58 100
57 59 42
57 60 31
57 61 72
57 62 68
57 63 21
57 64 42
57 65 53
57 66 2
57 67 97
57 68 71
57 69 10
57 70 76
57 71 59
57 72 61
57 73 99
57 74 18
57 75 30
57 76 25
57 77 34
57 78 60
57 79 71
57 80 51
57 81 77
57 82 95
57 83 5
57 84 77
57 85 6
57 86 70
57 87 15
57 88 48
57 89 40
57 90 72
57 91 93
57 92 30
57 93 88
57 94 82
57 95 83
57 96 73
57 97 37
57 98 51
57 99 36
57 100 27
57 101 16
57 102 6
57 103 28
57 104 97
57 105 52
57 106 77
57 107 34
57 108 12
57 109 78
57 110 85
57 111 66
57 112 44
57 113 10
57 114 89
57 115 67
57 116 93
57 117 93
57 118 41
57 119 34
57 120 29
57 121 89
57 122 42
57 123 90
57 124 76
57 125 28
57 126 84
57 127 96
57 128 1
57 129 25
57 130 41
57 131 92
57 132 42
57 133 17
57 134 17
57 135 22
57 136 64
57 137 93
57 138 73
57 139 77
57 140 39
57 141 48
57 142 17
57 143 70
57 144 81
57 145 10
57 146 19
57 147 27
57 148 14
57 149 48
57 150 30
57 151 1
57 152 81
57 153 94
57 154 60
57 155 58
57 156 41
57 157 98
57 158 85
57 159 70
58 59 82
58 60 19
58 61 53
58 62 20
58 63 70
58 64 96
58 65 29
58 66 72
58 67 46
58 68 26
58 69 41
58 70 13
58 71 86
58 72 34
58 73 64
58 74 7
58 75 61
58 76 69
58 77 42
58 78 37
58 79 64
58 80 52
58 81 52
58 82 86
58 83 40
58 84 97
58 85 9
58 86 66
58 87 98
58 88 33
58 89 70
58 90 2
58 91 39
58 92 85
58 93 91
58 94 93
58 95 32
58 96 72
58 97 46
58 98 66
58 99 11
58 100 84
58 101 21
58 102 43
58 103 44
58 104 99
58 105 19
58 106 78
58 107 96
58 108 75
58 109 49
58 110 27
58 111 14
58 112 81
58 113 3
58 114 1
58 115 84
58 116 55
58 117 52
58 118 27
58 119 60
58 120 51
58 121 28
58 122 55
58 123 5
58 124 48
58 125 34
58 126 57
58 127 14
58 128 4
58 129 24
58 130 98
58 131 88
58 132 70
58 133 78
58 134 45
58 135 62
58 136 44
58 137 87
58 138 21
58 139 27
58 140 50
58 141 15
58 142 24
58 143 2
58 144 11
58 145 19
58 146 73
58 147 67
58 148 44
58 149 81
58 150 74
58 151 77
58 152 27
58 153 75
58 154 38
58 155 10
58 156 23
58 157 38
58 158 100
58 159 62
59 60 89
59 61 46
59 62 64
59 63 79
59 64 49
59 65 36
59 66 34
59 67 60
59 68 46
59 69 67
59 70 34
59 71 74
59 72 14
59 73 81
59 74 82
59 75 68
59 76 39
59 77 98
59 78 86
59 79 94
59 80 43
59 81 70
59 82 94
59 83 15
59 84 14
59 85 33
59 86 92
59 87 86
59 88 55
59 89 90
59 90 28
59 91 95
59 92 3
59 93 42
59 94 87
59 95 25
59 96 57
59 97 10
59 98 60
59 99 23
59 100 84
59 101 55
59 102 82
59 103 40
59 104 37
59 105 28
59 106 20
59 107 37
59 108 19
59 109 79
59 110 28
59 111 93
59 112 61
59 113 77
59 114 21
59 115 17
59 116 80
59 117 61
59 118 43
59 119 5
59 120 81
59 121 54
59 122 5
59 123 35
59 124 71
59 125 91
59 126 39
59 127 2
59 128 16
59 129 43
59 130 60
59 131 65
59 132 85
59 133 66
59 134 39
59 135 24
59 136 98
59 137 31
59 138 12
59 139 64
59 140 29
59 141 10
59 142 94
59 143 12
59 144 38
59 145 11
59 146 43
59 147 56
59 148 16
59 149 93
59 150 64
59 151 97
59 152 90
59 153 78
59 154 89
59 155 25
59 156 19
59 157 88
59 158 35
59 159 98
60 61 95
60 62 72
60 63 67
60 64 40
60 65 17
60 66 48
60 67 38
60 68 3
60 69 74
60 70 26
60 71 22
60 72 78
60 73 62
60 74 48
60 75 56
60 76 67
60 77 50
60 78 89
60 79 79
60 80 62
60 81 96
60 82 40
60 83 99
60 84 49
60 85 31
60 86 100
60 87 50
60 88 95
60 89 25
60 90 19
60 91 4
60 92 89
60 93 28
60 94 94
60 95 97
60 96 72
60 97 40
60 98 27
60 99 26
60 100 4
60 101 97
60 102 39
60 103 49
60 104 49
60 105 60
60 106 57
60 107 81
60 108 75
60 109 60
60 110 25
60 111 5
60 112 69
60 113 13
60 114 97
60 115 27
60 116 28
60 117 23
60 118 17
60 119 64
60 120 14
60 121 89
60 122 41
60 123 4
60 124 29
60 125 96
60 126 65
60 127 2
60 128 61
60 129 99
60 130 63
60 131 74
60 132 66
60 133 92
60 134 18
60 135 17
60 136 7
60 137 72
60 138 45
60 139 37
60 140 20
60 141 55
60 142 82
60 143 69
60 144 80
60 145 83
60 146 42
60 147 21
60 148 37
60 149 52
60 150 43
60 151 1
60 152 40
60 153 1
60 154 24
60 155 41
60 156 30
60 157 100
60 158 33
60 159 7
61 62 99
61 63 2
61 64 78
61 65 30
61 66 57
61 67 63
61 68 62
61 69 61
61 70 79
61 71 90
61 72 32
61 73 30
61 74 33
61 75 36
61 76 14
61 77 34
61 78 72
61 79 59
61 80 58
61 81 65
61 82 17
61 83 24
61 84 84
61 85 67
61 86 80
61 87 44
61 88 30
61 89 25
61 90 87
61 91 93
61 92 60
61 93 25
61 94 2
61 95 99
61 96 100
61 97 14
61 98 89
61 99 36
61 100 33
61 101 31
61 102 94
61 103 52
61 104 35
61 105 93
61 106 51
61 107 27
61 108 77
61 109 98
61 110 65
61 111 3
61 112 17
61 113 52
61 114 80
61 115 36
61 116 33
61 117 19
61 118 84
61 119 27
61 120 43
61 121 35
61 122 80
61 123 55
61 124 40
61 125 82
61 126 22
61 127 55
61 128 30
61 129 17
61 130 79
61 131 77
61 132 97
61 133 63
61 134 8
61 135 57
61 136 23
61 137 97
61 138 8
61 139 81
61 140 24
61 141 65
61 142 89
61 143 50
61 144 94
61 145 2
61 146 75
61 147 79
61 148 75
61 149 81
61 150 89
61 151 79
61 152 84
61 153 81
61 154 6
61 155 56
61 156 54
61 157 14
61 158 80
61 159 99
62 63 14
62 64 54
62 65 86
62 66 63
62 67 2
62 68 83
62 69 2
62 70 3
62 71 44
62 72 12
62 73 35
62 74 89
62 75 37
62 76 74
62 77 18
62 78 17
62 79 68
62 80 20
62 81 45
62 82 81
62 83 65
62 84 8
62 85 51
62 86 68
62 87 32
62 88 35
62 89 93
62 90 15
62 91 82
62 92 81
62 93 93
62 94 91
62 95 83
62 96 69
62 97 20
62 98 17
62 99 63
62 100 8
62 101 21
62 102 40
62 103 37
62 104 16
62 105 92
62 106 76
62 107 12
62 108 45
62 109 96
62 110 40
62 111 32
62 112 69
62 113 85
62 114 94
62 115 78
62 116 75
62 117 98
62 118 21
62 119 49
62 120 1
62 121 18
62 122 92
62 123 48
62 124 77
62 125 64
62 126 49
62 127 32
62 128 18
62 129 42
62 130 15
62 131 80
62 132 39
62 133 25
62 134 96
62 135 70
62 136 52
62 137 31
62 138 1
62 139 92
62 140 58
62 141 82
62 142 19
62 143 66
62 144 19
62 145 39
62 146 21
62 147 6
62 148 52
62 149 80
62 150 26
62 151 63
62 152 71
62 153 80
62 154 14
62 155 39
62 156 28
62 157 76
62 158 59
62 159 98
63 64 31
63 65 21
63 66 24
63 67 5
63 68 13
63 69 7
63 70 89
63 71 39
63 72 49
63 73 7
63 74 93
63 75 8
63 76 33
63 77 6
63 78 13
63 79 63
63 80 12
63 81 87
63 82 94
63 83 64
63 84 5
63 85 14
63 86 87
63 87 72
63 88 51
63 89 60
63 90 68
63 91 16
63 92 45
63 93 70
63 94 15
63 95 91
63 96 30
63 97 51
63 98 45
63 99 67
63 100 62
63 101 46
63 102 82
63 103 57
63 104 64
63 105 56
63 106 93
63 107 31
63 108 28
63 109 11
63 110 100
63 111 75
63 112 69
63 113 86
63 114 14
63 115 30
63 116 42
63 117 34
63 118 25
63 119 43
63 120 45
63 121 25
63 122 81
63 123 8
63 124 3
63 125 90
63 126 88
63 127 47
63 128 52
63 129 59
63 130 6
63 131 26
63 132 86
63 133 26
63 134 10
63 135 83
63 136 25
63 137 57
63 138 37
63 139 4
63 140 23
63 141 89
63 142 95
63 143 14
63 144 27
63 145 51
63 146 49
63 147 15
63 148 62
63 149 64
63 150 89
63 151 57
63 152 30
63 153 77
63 154 47
63 155 52
63 156 82
63 157 90
63 158 15
63 159 18
64 65 27
64 66 52
64 67 73
64 68 34
64 69 74
64 70 48
64 71 52
64 72 58
64 73 25
64 74 9
64 75 56
64 76 13
64 77 93
64 78 54
64 79 3
64 80 42
64 81 1
64 82 96
64 83 97
64 84 19
64 85 35
64 86 89
64 87 54
64 88 46
64 89 66
64 90 68
64 91 72
64 92 22
64 93 59
64 94 33
64 95 70
64 96 38
64 97 57
64 98 14
64 99 97
64 100 13
64 101 18
64 102 69
64 103 93
64 104 58
64 105 36
64 106 86
64 107 29
64 108 49
64 109 72
64 110 55
64 111 43
64 112 59
64 113 42
64 114 25
64 115 59
64 116 54
64 117 24
64 118 28
64 119 75
64 120 28
64 121 77
64 122 98
64 123 90
64 124 37
64 125 96
64 126 69
64 127 63
64 128 89
64 129 90
64 130 76
64 131 44
64 132 68
64 133 74
64 134 79
64 135 38
64 136 27
64 137 48
64 138 70
64 139 71
64 140 42
64 141 94
64 142 47
64 143 83
64 144 18
64 145 69
64 146 71
64 147 66
64 148 31
64 149 57
64 150 92
64 151 4
64 152 18
64 153 59
64 154 18
64 155 58
64 156 23
64 157 52
64 158 13
64 159 1
65 66 3
65 67 99
65 68 54
65 69 8
65 70 88
65 71 31
65 72 70
65 73 12
65 74 26
65 75 98
65 76 93
65 77 63
65 78 86
65 79 60
65 80 60
65 81 68
65 82 26
65 83 91
65 84 96
65 85 33
65 86 26
65 87 72
65 88 81
65 89 99
65 90 93
65 91 22
65 92 80
65 93 31
65 94 54
65 95 28
65 96 53
65 97 27
65 98 100
65 99 64
65 100 49
65 101 79
65 102 54
65 103 25
65 104 12
65 105 73
65 106 11
65 107 17
65 108 63
65 109 61
65 110 85
65 111 78
65 112 49
65 113 2
65 114 12
65 115 6
65 116 32
65 117 61
65 118 27
65 119 24
65 120 99
65 121 75
65 122 87
65 123 89
65 124 71
65 125 62
65 126 18
65 127 63
65 128 76
65 129 53
65 130 84
65 131 88
65 132 97
65 133 56
65 134 15
65 135 64
65 136 61
65 137 66
65 138 38
65 139 84
65 140 3
65 141 16
65 142 53
65 143 87
65 144 52
65 145 68
65 146 35
65 147 53
65 148 90
65 149 94
65 150 91
65 151 60
65 152 62
65 153 78
65 154 20
65 155 38
65 156 57
65 157 76
65 158 78
65 159 40
66 67 18
66 68 62
66 69 1
66 70 80
66 71 79
66 72 16
66 73 34
66 74 24
66 75 26
66 76 33
66 77 9
66 78 86
66 79 97
66 80 30
66 81 91
66 82 58
66 83 84
66 84 14
66 85 87
66 86 38
66 87 34
66 88 53
66 89 39
66 90 89
66 91 99
66 92 88
66 93 44
66 94 64
66 95 69
66 96 15
66 97 96
66 98 56
66 99 77
66 100 89
66 101 34
66 102 42
66 103 34
66 104 22
66 105 86
66 106 81
66 107 98
66 108 59
66 109 41
66 110 46
66 111 35
66 112 53
66 113 33
66 114 18
66 115 80
66 116 12
66 117 15
66 118 54
66 119 1
66 120 25
66 121 74
66 122 82
66 123 66
66 124 94
66 125 92
66 126 14
66 127 71
66 128 6
66 129 29
66 130 92
66 131 57
66 132 34
66 133 88
66 134 99
66 135 35
66 136 2
66 137 81
66 138 66
66 139 81
66 140 66
66 141 51
66 142 81
66 143 52
66 144 1
66 145 58
66 146 53
66 147 28
66 148 70
66 149 63
66 150 87
66 151 36
66 152 64
66 153 88
66 154 57
66 155 5
66 156 90
66 157 10
66 158 30
66 159 12
67 68 31
67 69 85
67 70 93
67 71 18
67 72 20
67 73 39
67 74 73
67 75 74
67 76 99
67 77 56
67 78 67
67 79 7
67 80 35
67 81 96
67 82 85
67 83 67
67 84 31
67 85 58
67 86 88
67 87 24
67 88 19
67 89 10
67 90 31
67 91 94
67 92 96
67 93 21
67 94 10
67 95 70
67 96 87
67 97 64
67 98 82
67 99 62
67 100 91
67 101 3
67 102 59
67 103 56
67 104 64
67 105 51
67 106 38
67 107 96
67 108 29
67 109 31
67 110 27
67 111 14
67 112 71
67 113 75
67 114 81
67 115 99
67 116 72
67 117 86
67 118 95
67 119 79
67 120 7
67 121 67
67 122 83
67 123 17
67 124 59
67 125 45
67 126 43
67 127 86
67 128 20
67 129 100
67 130 75
67 131 72
67 132 100
67 133 46
67 134 66
67 135 97
67 136 81
67 137 87
67 138 71
67 139 63
67 140 48
67 141 70
67 142 57
67 143 39
67 144 38
67 145 63
67 146 72
67 147 6
67 148 88
67 149 84
67 150 80
67 151 48
67 152 91
67 153 53
67 154 33
67 155 77
67 156 8
67 157 66
67 158 24
67 159 92
68 69 3
68 70 75
68 71 4
68 72 39
68 73 65
68 74 37
68 75 1
68 76 27
68 77 3
68 78 65
68 79 47
68 80 15
68 81 21
68 82 81
68 83 72
68 84 53
68 85 53
68 86 53
68 87 15
68 88 90
68 89 63
68 90 7
68 91 58
68 92 6
68 93 96
68 94 43
68 95 86
68 96 47
68 97 90
68 98 2
68 99 30
68 100 11
68 101 57
68 102 97
68 103 72
68 104 70
68 105 64
68 106 5
68 107 35
68 108 58
68 109 43
68 110 87
68 111 26
68 112 47
68 113 19
68 114 12
68 115 81
68 116 11
68 117 88
68 118 86
68 119 11
68 120 12
68 121 37
68 122 58
68 123 85
68 124 76
68 125 47
68 126 13
68 127 90
68 128 5
68 129 96
68 130 16
68 131 50
68 132 5
68 133 74
68 134 38
68 135 48
68 136 7
68 137 67
68 138 46
68 139 52
68 140 46
68 141 1
68 142 24
68 143 70
68 144 77
68 145 52
68 146 99
68 147 43
68 148 100
68 149 73
68 150 19
68 151 43
68 152 60
68 153 71
68 154 29
68 155 41
68 156 61
68 157 86
68 158 34
68 159 27
69 70 58
69 71 7
69 72 43
69 73 10
69 74 10
69 75 89
69 76 33
69 77 45
69 78 78
69 79 36
69 80 34
69 81 74
69 82 34
69 83 93
69 84 2
69 85 60
69 86 32
69 87 59
69 88 47
69 89 57
69 90 38
69 91 20
69 92 82
69 93 13
69 94 6
69 95 53
69 96 69
69 97 81
69 98 77
69 99 22
69 100 75
69 101 30
69 102 56
69 103 44
69 104 54
69 105 58
69 106 75
69 107 26
69 108 55
69 109 16
69 110 44
69 111 82
69 112 46
69 113 77
69 114 74
69 115 27
69 116 84
69 117 31
69 118 23
69 119 94
69 120 76
69 121 15
69 122 57
69 123 4
69 124 1
69 125 76
69 126 26
69 127 78
69 128 33
69 129 55
69 130 48
69 131 34
69 132 30
69 133 48
69 134 17
69 135 83
69 136 25
69 137 41
69 138 60
69 139 54
69 140 76
69 141 59
69 142 3
69 143 86
69 144 31
69 145 63
69 146 30
69 147 27
69 148 100
69 149 71
69 150 36
69 151 82
69 152 64
69 153 18
69 154 81
69 155 69
69 156 34
69 157 20
69 158 57
69 159 79
70 71 7
70 72 91
70 73 18
70 74 39
70 75 90
70 76 60
70 77 11
70 78 67
70 79 49
70 80 71
70 81 13
70 82 84
70 83 83
70 84 18
70 85 43
70 86 89
70 87 11
70 88 34
70 89 70
70 90 3
70 91 21
70 92 79
70 93 80
70 94 55
70 95 43
70 96 99
70 97 73
70 98 2
70 99 9
70 100 20
70 101 55
70 102 98
70 103 57
70 104 8
70 105 75
70 106 25
70 107 17
70 108 60
70 109 83
70 110 25
70 111 83
70 112 4
70 113 27
70 114 29
70 115 80
70 116 85
70 117 55
70 118 94
70 119 35
70 120 43
70 121 80
70 122 96
70 123 27
70 124 97
70 125 40
70 126 21
70 127 91
70 128 94
70 129 21
70 130 42
70 131 40
70 132 24
70 133 54
70 134 36
70 135 14
70 136 72
70 137 67
70 138 21
70 139 52
70 140 4
70 141 84
70 142 70
70 143 14
70 144 53
70 145 41
70 146 67
70 147 10
70 148 73
70 149 95
70 150 37
70 151 86
70 152 5
70 153 88
70 154 19
70 155 38
70 156 73
70 157 30
70 158 68
70 159 74
71 72 56
71 73 77
71 74 39
71 75 94
71 76 34
71 77 49
71 78 16
71 79 68
71 80 41
71 81 29
71 82 19
71 83 19
71 84 4
71 85 79
71 86 30
71 87 11
71 88 14
71 89 68
71 90 86
71 91 44
71 92 1
71 93 7
71 94 36
71 95 57
71 96 33
71 97 15
71 98 78
71 99 52
71 100 29
71 101 7
71 102 61
71 103 14
71 104 12
71 105 74
71 106 6
71 107 99
71 108 81
71 109 51
71 110 38
71 111 9
71 112 38
71 113 3
71 114 24
71 115 16
71 116 41
71 117 35
71 118 34
71 119 51
71 120 63
71 121 84
71 122 56
71 123 90
71 124 16
71 125 84
71 126 95
71 127 54
71 128 32
71 129 94
71 130 50
71 131 52
71 132 18
71 133 45
71 134 62
71 135 55
71 136 69
71 137 30
71 138 79
71 139 36
71 140 49
71 141 64
71 142 80
71 143 66
71 144 41
71 145 33
71 146 26
71 147 49
71 148 10
71 149 43
71 150 48
71 151 3
71 152 90
71 153 92
71 154 63
71 155 12
71 156 4
71 157 71
71 158 13
71 159 27
72 73 64
72 74 81
72 75 18
72 76 59
72 77 37
72 78 51
72 79 23
72 80 39
72 81 18
72 82 19
72 83 18
72 84 71
72 85 15
72 86 82
72 87 19
72 88 94
72 89 94
72 90 5
72 91 49
72 92 25
72 93 47
72 94 95
72 95 90
72 96 8
72 97 33
72 98 78
72 99 100
72 100 28
72 101 26
72 102 34
72 103 32
72 104 70
72 105 3
72 106 43
72 107 81
72 108 14
72 109 5
72 110 23
72 111 87
72 112 49
72 113 37
72 114 78
72 115 97
72 116 97
72 117 23
72 118 97
72 119 55
72 120 90
72 121 74
72 122 20
72 123 20
72 124 59
72 125 72
72 126 31
72 127 17
72 128 33
72 129 78
72 130 46
72 131 7
72 132 62
72 133 95
72 134 28
72 135 67
72 136 25
72 137 94
72 138 29
72 139 26
72 140 26
72 141 99
72 142 34
72 143 22
72 144 57
72 145 41
72 146 79
72 147 21
72 148 50
72 149 62
72 150 93
72 151 54
72 152 82
72 153 22
72 154 32
72 155 100
72 156 44
72 157 62
72 158 97
72 159 88
73 74 15
73 75 36
73 76 1
73 77 97
73 78 8
73 79 97
73 80 58
73 81 20
73 82 54
73 83 30
73 84 67
73 85 65
73 86 4
73 87 50
73 88 75
73 89 56
73 90 72
73 91 56
73 92 30
73 93 71
73 94 22
73 95 34
73 96 72
73 97 36
73 98 99
73 99 82
73 100 35
73 101 43
73 102 78
73 103 1
73 104 69
73 105 31
73 106 73
73 107 41
73 108 26
73 109 21
73 110 44
73 111 39
73 112 29
73 113 73
73 114 58
73 115 5
73 116 99
73 117 71
73 118 3
73 119 40
73 120 43
73 121 99
73 122 39
73 123 51
73 124 60
73 125 74
73 126 53
73 127 87
73 128 43
73 129 78
73 130 91
73 131 39
73 132 32
73 133 48
73 134 75
73 135 19
73 136 72
73 137 24
73 138 79
73 139 56
73 140 31
73 141 85
73 142 56
73 143 38
73 144 89
73 145 29
73 146 37
73 147 38
73 148 8
73 149 69
73 150 92
73 151 78
73 152 82
73 153 14
73 154 21
73 155 73
73 156 25
73 157 76
73 158 40
73 159 8
74 75 6
74 76 32
74 77 9
74 78 43
74 79 1
74 80 63
74 81 34
74 82 49
74 83 99
74 84 31
74 85 82
74 86 31
74 87 97
74 88 54
74 89 87
74 90 16
74 91 70
74 92 74
74 93 95
74 94 11
74 95 66
74 96 38
74 97 10
74 98 65
74 99 49
74 100 84
74 101 80
74 102 16
74 103 47
74 104 28
74 105 28
74 106 11
74 107 94
74 108 20
74 109 52
74 110 82
74 111 27
74 112 53
74 113 10
74 114 45
74 115 3
74 116 85
74 117 3
74 118 100
74 119 8
74 120 72
74 121 34
74 122 15
74 123 7
74 124 65
74 125 81
74 126 55
74 127 99
74 128 74
74 129 32
74 130 3
74 131 45
74 132 62
74 133 57
74 134 19
74 135 41
74 136 37
74 137 68
74 138 6
74 139 14
74 140 7
74 141 25
74 142 13
74 143 10
74 144 39
74 145 73
74 146 33
74 147 43
74 148 33
74 149 72
74 150 72
74 151 9
74 152 94
74 153 35
74 154 40
74 155 99
74 156 73
74 157 68
74 158 27
74 159 29
75 76 28
75 77 91
75 78 14
75 79 84
75 80 89
75 81 30
75 82 28
75 83 31
75 84 18
75 85 54
75 86 7
75 87 64
75 88 21
75 89 60
75 90 91
75 91 19
75 92 68
75 93 32
75 94 74
75 95 6
75 96 95
75 97 78
75 98 26
75 99 86
75 100 54
75 101 26
75 102 60
75 103 14
75 104 45
75 105 89
75 106 56
75 107 44
75 108 20
75 109 25
75 110 75
75 111 26
75 112 43
75 113 75
75 114 24
75 115 63
75 116 55
75 117 91
75 118 3
75 119 22
75 120 6
75 121 31
75 122 48
75 123 52
75 124 84
75 125 33
75 126 53
75 127 89
75 128 61
75 129 84
75 130 60
75 131 33
75 132 13
75 133 47
75 134 63
75 135 67
75 136 93
75 137 19
75 138 97
75 139 60
75 140 3
75 141 100
75 142 72
75 143 27
75 144 62
75 145 7
75 146 90
75 147 100
75 148 25
75 149 22
75 150 62
75 151 30
75 152 36
75 153 49
75 154 59
75 155 25
75 156 9
75 157 29
75 158 68
75 159 13
76 77 53
76 78 23
76 79 73
76 80 6
76 81 79
76 82 2
76 83 48
76 84 95
76 85 21
76 86 10
76 87 55
76 88 57
76 89 2
76 90 30
76 91 89
76 92 12
76 93 35
76 94 8
76 95 6
76 96 38
76 97 67
76 98 86
76 99 40
76 100 88
76 101 96
76 102 47
76 103 61
76 104 60
76 105 75
76 106 67
76 107 38
76 108 63
76 109 22
76 110 89
76 111 79
76 112 33
76 113 90
76 114 88
76 115 67
76 116 38
76 117 91
76 118 87
76 119 50
76 120 74
76 121 88
76 122 36
76 123 13
76 124 76
76 125 86
76 126 80
76 127 46
76 128 71
76 129 36
76 130 41
76 131 59
76 132 50
76 133 65
76 134 14
76 135 71
76 136 58
76 137 99
76 138 32
76 139 90
76 140 11
76 141 38
76 142 72
76 143 24
76 144 77
76 145 69
76 146 11
76 147 61
76 148 6
76 149 24
76 150 93
76 151 27
76 152 19
76 153 97
76 154 30
76 155 31
76 156 87
76 157 52
76 158 42
76 159 86
77 78 23
77 79 83
77 80 39
77 81 57
77 82 18
77 83 34
77 84 36
77 85 63
77 86 9
77 87 8
77 88 74
77 89 62
77 90 28
77 91 55
77 92 71
77 93 89
77 94 64
77 95 6
77 96 38
77 97 34
77 98 5
77 99 77
77 100 27
77 101 97
77 102 78
77 103 46
77 104 42
77 105 73
77 106 32
77 107 99
77 108 37
77 109 37
77 110 82
77 111 40
77 112 96
77 113 45
77 114 92
77 115 97
77 116 39
77 117 13
77 118 44
77 119 28
77 120 8
77 121 93
77 122 3
77 123 81
77 124 27
77 125 65
77 126 30
77 127 35
77 128 79
77 129 94
77 130 25
77 131 90
77 132 90
77 133 53
77 134 49
77 135 47
77 136 24
77 137 41
77 138 88
77 139 45
77 140 46
77 141 33
77 142 78
77 143 57
77 144 38
77 145 8
77 146 39
77 147 58
77 148 84
77 149 66
77 150 73
77 151 31
77 152 89
77 153 62
77 154 19
77 155 91
77 156 27
77 157 61
77 158 21
77 159 50
78 79 42
78 80 25
78 81 94
78 82 85
78 83 32
78 84 8
78 85 94
78 86 40
78 87 35
78 88 65
78 89 96
78 90 35
78 91 14
78 92 58
78 93 40
78 94 49
78 95 62
78 96 18
78 97 7
78 98 16
78 99 5
78 100 68
78 101 51
78 102 21
78 103 39
78 104 75
78 105 77
78 106 75
78 107 92
78 108 8
78 109 64
78 110 81
78 111 38
78 112 57
78 113 41
78 114 62
78 115 57
78 116 51
78 117 64
78 118 60
78 119 22
78 120 59
78 121 25
78 122 36
78 123 88
78 124 28
78 125 39
78 126 53
78 127 23
78 128 40
78 129 41
78 130 9
78 131 7
78 132 90
78 133 13
78 134 26
78 135 44
78 136 30
78 137 47
78 138 18
78 139 34
78 140 51
78 141 53
78 142 37
78 143 83
78 144 63
78 145 55
78 146 86
78 147 86
78 148 33
78 149 48
78 150 80
78 151 51
78 152 17
78 153 2
78 154 33
78 155 5
78 156 4
78 157 93
78 158 60
78 159 10
79 80 13
79 81 83
79 82 29
79 83 1
79 84 38
79 85 97
79 86 80
79 87 81
79 88 82
79 89 58
79 90 81
79 91 41
79 92 85
79 93 3
79 94 47
79 95 91
79 96 28
79 97 56
79 98 75
79 99 47
79 100 96
79 101 34
79 102 4
79 103 83
79 104 9
79 105 7
79 106 67
79 107 57
79 108 62
79 109 89
79 110 38
79 111 71
79 112 49
79 113 58
79 114 35
79 115 85
79 116 58
79 117 91
79 118 55
79 119 22
79 120 90
79 121 96
79 122 79
79 123 67
79 124 67
79 125 52
79 126 28
79 127 52
79 128 25
79 129 23
79 130 62
79 131 64
79 132 58
79 133 6
79 134 22
79 135 25
79 136 67
79 137 62
79 138 8
79 139 97
79 140 86
79 141 51
79 142 61
79 143 5
79 144 24
79 145 96
79 146 71
79 147 94
79 148 90
79 149 34
79 150 61
79 151 29
79 152 9
79 153 10
79 154 9
79 155 65
79 156 5
79 157 18
79 158 77
79 159 63
80 81 98
80 82 57
80 83 8
80 84 42
80 85 39
80 86 10
80 87 32
80 88 21
80 89 59
80 90 49
80 91 15
80 92 30
80 93 75
80 94 28
80 95 82
80 96 33
80 97 45
80 98 59
80 99 93
80 100 69
80 101 12
80 102 96
80 103 56
80 104 78
80 105 17
80 106 29
80 107 6
80 108 70
80 109 95
80 110 60
80 111 31
80 112 94
80 113 28
80 114 53
80 115 55
80 116 63
80 117 93
80 118 41
80 119 59
80 120 26
80 121 70
80 122 77
80 123 50
80 124 88
80 125 80
80 126 63
80 127 7
80 128 8
80 129 71
80 130 6
80 131 16
80 132 38
80 133 47
80 134 42
80 135 25
80 136 62
80 137 8
80 138 5
80 139 27
80 140 81
80 141 73
80 142 80
80 143 100
80 144 37
80 145 49
80 146 32
80 147 74
80 148 3
80 149 100
80 150 43
80 151 67
80 152 86
80 153 49
80 154 1
80 155 16
80 156 75
80 157 5
80 158 76
80 159 45
81 82 66
81 83 48
81 84 43
81 85 20
81 86 17
81 87 8
81 88 88
81 89 79
81 90 99
81 91 90
81 92 9
81 93 29
81 94 52
81 95 34
81 96 31
81 97 64
81 98 5
81 99 26
81 100 4
81 101 70
81 102 76
81 103 18
81 104 43
81 105 61
81 106 31
81 107 55
81 108 9
81 109 73
81 110 41
81 111 68
81 112 60
81 113 2
81 114 1
81 115 55
81 116 17
81 117 35
81 118 96
81 119 55
81 120 21
81 121 23
81 122 94
81 123 79
81 124 11
81 125 80
81 126 45
81 127 78
81 128 39
81 129 8
81 130 76
81 131 35
81 132 36
81 133 85
81 134 4
81 135 41
81 136 20
81 137 74
81 138 2
81 139 94
81 140 5
81 141 91
81 142 15
81 143 53
81 144 53
81 145 20
81 146 1
81 147 98
81 148 5
81 149 12
81 150 37
81 151 19
81 152 76
81 153 82
81 154 93
81 155 39
81 156 36
81 157 36
81 158 81
81 159 82
82 83 37
82 84 88
82 85 57
82 86 23
82 87 40
82 88 12
82 89 96
82 90 55
82 91 74
82 92 84
82 93 63
82 94 97
82 95 14
82 96 90
82 97 6
82 98 46
82 99 27
82 100 45
82 101 92
82 102 50
82 103 1
82 104 93
82 105 54
82 106 95
82 107 30
82 108 58
82 109 63
82 110 72
82 111 71
82 112 82
82 113 87
82 114 61
82 115 68
82 116 39
82 117 95
82 118 51
82 119 2
82 120 3
82 121 1
82 122 75
82 123 29
82 124 63
82 125 15
82 126 83
82 127 64
82 128 1
82 129 3
82 130 9
82 131 82
82 132 6
82 133 29
82 134 80
82 135 93
82 136 47
82 137 73
82 138 39
82 139 18
82 140 63
82 141 61
82 142 14
82 143 56
82 144 78
82 145 23
82 146 62
82 147 1
82 148 88
82 149 58
82 150 13
82 151 50
82 152 50
82 153 41
82 154 25
82 155 87
82 156 42
82 157 74
82 158 35
82 159 62
83 84 31
83 85 77
83 86 12
83 87 54
83 88 78
83 89 89
83 90 80
83 91 86
83 92 2
83 93 98
83 94 68
83 95 49
83 96 58
83 97 63
83 98 32
83 99 83
83 100 17
83 101 60
83 102 52
83 103 23
83 104 14
83 105 45
83 106 58
83 107 20
83 108 13
83 109 28
83 110 12
83 111 54
83 112 98
83 113 41
83 114 54
83 115 59
83 116 90
83 117 38
83 118 36
83 119 81
83 120 67
83 121 77
83 122 59
83 123 68
83 124 9
83 125 25
83 126 22
83 127 55
83 128 6
83 129 13
83 130 1
83 131 66
83 132 58
83 133 35
83 134 93
83 135 15
83 136 79
83 137 17
83 138 86
83 139 90
83 140 25
83 141 97
83 142 3
83 143 17
83 144 3
83 145 93
83 146 32
83 147 23
83 148 68
83 149 22
83 150 23
83 151 20
83 152 69
83 153 67
83 154 80
83 155 65
83 156 48
83 157 87
83 158 13
83 159 67
84 85 30
84 86 20
84 87 56
84 88 84
84 89 19
84 90 60
84 91 59
84 92 20
84 93 92
84 94 50
84 95 49
84 96 76
84 97 10
84 98 30
84 99 21
84 100 92
84 101 88
84 102 100
84 103 80
84 104 54
84 105 76
84 106 5
84 107 43
84 108 40
84 109 17
84 110 64
84 111 71
84 112 29
84 113 56
84 114 47
84 115 38
84 116 1
84 117 49
84 118 99
84 119 18
84 120 46
84 121 24
84 122 77
84 123 27
84 124 88
84 125 3
84 126 16
84 127 90
84 128 38
84 129 45
84 130 3
84 131 9
84 132 75
84 133 75
84 134 64
84 135 13
84 136 23
84 137 17
84 138 7
84 139 25
84 140 48
84 141 80
84 142 3
84 143 82
84 144 10
84 145 97
84 146 22
84 147 57
84 148 12
84 149 97
84 150 100
84 151 72
84 152 72
84 153 42
84 154 3
84 155 91
84 156 29
84 157 11
84 158 14
84 159 65
85 86 17
85 87 1
85 88 51
85 89 92
85 90 72
85 91 92
85 92 82
85 93 68
85 94 60
85 95 50
85 96 1
85 97 4
85 98 44
85 99 62
85 100 10
85 101 2
85 102 22
85 103 49
85 104 77
85 105 24
85 106 78
85 107 35
85 108 10
85 109 78
85 110 55
85 111 16
85 112 17
85 113 3
85 114 15
85 115 49
85 116 38
85 117 26
85 118 21
85 119 9
85 120 33
85 121 86
85 122 68
85 123 10
85 124 4
85 125 34
85 126 19
85 127 15
85 128 75
85 129 84
85 130 77
85 131 37
85 132 38
85 133 17
85 134 22
85 135 86
85 136 10
85 137 36
85 138 65
85 139 32
85 140 80
85 141 42
85 142 100
85 143 6
85 144 38
85 145 95
85 146 37
85 147 69
85 148 61
85 149 95
85 150 24
85 151 87
85 152 53
85 153 96
85 154 90
85 155 18
85 156 58
85 157 22
85 158 2
85 159 3
86 87 50
86 88 92
86 89 94
86 90 40
86 91 26
86 92 71
86 93 57
86 94 2
86 95 50
86 96 44
86 97 6
86 98 83
86 99 46
86 100 96
86 101 57
86 102 44
86 103 36
86 104 18
86 105 9
86 106 100
86 107 87
86 108 100
86 109 5
86 110 38
86 111 23
86 112 23
86 113 69
86 114 15
86 115 25
86 116 51
86 117 17
86 118 88
86 119 91
86 120 7
86 121 64
86 122 25
86 123 82
86 124 92
86 125 87
86 126 22
86 127 13
86 128 19
86 129 60
86 130 35
86 131 27
86 132 60
86 133 96
86 134 32
86 135 70
86 136 45
86 137 56
86 138 23
86 139 5
86 140 1
86 141 29
86 142 13
86 143 8
86 144 31
86 145 11
86 146 90
86 147 43
86 148 42
86 149 65
86 150 49
86 151 75
86 152 44
86 153 87
86 154 16
86 155 16
86 156 72
86 157 22
86 158 93
86 159 2
87 88 28
87 89 77
87 90 44
87 91 46
87 92 1
87 93 71
87 94 56
87 95 45
87 96 59
87 97 17
87 98 53
87 99 5
87 100 83
87 101 97
87 102 19
87 103 43
87 104 23
87 105 71
87 106 89
87 107 84
87 108 49
87 109 23
87 110 80
87 111 60
87 112 90
87 113 18
87 114 4
87 115 49
87 116 87
87 117 34
87 118 8
87 119 63
87 120 92
87 121 86
87 122 44
87 123 16
87 124 25
87 125 6
87 126 49
87 127 73
87 128 91
87 129 20
87 130 85
87 131 11
87 132 100
87 133 21
87 134 25
87 135 45
87 136 35
87 137 59
87 138 40
87 139 56
87 140 19
87 141 24
87 142 31
87 143 10
87 144 50
87 145 15
87 146 34
87 147 62
87 148 20
87 149 76
87 150 27
87 151 73
87 152 84
87 153 93
87 154 23
87 155 3
87 156 1
87 157 68
87 158 78
87 159 33
88 89 44
88 90 23
88 91 68
88 92 16
88 93 2
88 94 4
88 95 3
88 96 17
88 97 42
88 98 36
88 99 86
88 100 11
88 101 87
88 102 31
88 103 7
88 104 61
88 105 19
88 106 31
88 107 51
88 108 49
88 109 51
88 110 91
88 111 9
88 112 71
88 113 76
88 114 34
88 115 22
88 116 10
88 117 4
88 118 97
88 119 42
88 120 83
88 121 6
88 122 84
88 123 22
88 124 99
88 125 81
88 126 41
88 127 58
88 128 34
88 129 99
88 130 5
88 131 42
88 132 85
88 133 29
88 134 27
88 135 67
88 136 27
88 137 99
88 138 85
88 139 49
88 140 41
88 141 1
88 142 15
88 143 39
88 144 25
88 145 95
88 146 6
88 147 45
88 148 7
88 149 65
88 150 65
88 151 45
88 152 83
88 153 67
88 154 5
88 155 87
88 156 68
88 157 55
88 158 47
88 159 85
89 90 43
89 91 35
89 92 66
89 93 45
89 94 96
89 95 82
89 96 4
89 97 21
89 98 91
89 99 20
89 100 47
89 101 20
89 102 74
89 103 96
89 104 9
89 105 71
89 106 76
89 107 19
89 108 37
89 109 78
89 110 53
89 111 25
89 112 1
89 113 12
89 114 45
89 115 99
89 116 59
89 117 74
89 118 89
89 119 50
89 120 53
89 121 55
89 122 30
89 123 25
89 124 93
89 125 51
89 126 87
89 127 39
89 128 43
89 129 27
89 130 41
89 131 16
89 132 73
89 133 32
89 134 31
89 135 12
89 136 11
89 137 55
89 138 49
89 139 65
89 140 92
89 141 88
89 142 78
89 143 44
89 144 23
89 145 1
89 146 43
89 147 14
89 148 14
89 149 89
89 150 28
89 151 49
89 152 32
89 153 94
89 154 71
89 155 17
89 156 94
89 157 92
89 158 74
89 159 2
90 91 52
90 92 47
90 93 25
90 94 41
90 95 74
90 96 1
90 97 100
90 98 94
90 99 20
90 100 89
90 101 83
90 102 78
90 103 16
90 104 10
90 105 38
90 106 68
90 107 2
90 108 40
90 109 94
90 110 13
90 111 13
90 112 76
90 113 37
90 114 54
90 115 89
90 116 46
90 117 41
90 118 86
90 119 1
90 120 25
90 121 68
90 122 9
90 123 60
90 124 60
90 125 80
90 126 73
90 127 1
90 128 73
90 129 68
90 130 91
90 131 25
90 132 19
90 133 47
90 134 89
90 135 93
90 136 84
90 137 13
90 138 42
90 139 36
90 140 91
90 141 79
90 142 79
90 143 71
90 144 89
90 145 93
90 146 56
90 147 84
90 148 86
90 149 25
90 150 67
90 151 23
90 152 48
90 153 31
90 154 57
90 155 94
90 156 34
90 157 27
90 158 32
90 159 10
91 92 38
91 93 95
91 94 11
91 95 13
91 96 73
91 97 34
91 98 18
91 99 79
91 100 79
91 101 43
91 102 97
91 103 35
91 104 21
91 105 23
91 106 40
91 107 29
91 108 45
91 109 73
91 110 19
91 111 13
91 112 21
91 113 98
91 114 48
91 115 14
91 116 43
91 117 44
91 118 19
91 119 100
91 120 64
91 121 56
91 122 72
91 123 15
91 124 31
91 125 14
91 126 46
91 127 26
91 128 60
91 129 74
91 130 33
91 131 19
91 132 15
91 133 20
91 134 49
91 135 78
91 136 92
91 137 87
91 138 23
91 139 39
91 140 47
91 141 25
91 142 44
91 143 21
91 144 62
91 145 45
91 146 90
91 147 4
91 148 78
91 149 69
91 150 64
91 151 18
91 152 6
91 153 4
91 154 18
91 155 29
91 156 82
91 157 26
91 158 52
91 159 56
92 93 1
92 94 13
92 95 56
92 96 45
92 97 97
92 98 59
92 99 92
92 100 76
92 101 54
92 102 8
92 103 29
92 104 20
92 105 61
92 106 46
92 107 61
92 108 25
92 109 70
92 110 22
92 111 87
92 112 25
92 113 35
92 114 3
92 115 55
92 116 41
92 117 27
92 118 87
92 119 13
92 120 14
92 121 30
92 122 51
92 123 21
92 124 33
92 125 31
92 126 64
92 127 89
92 128 84
92 129 6
92 130 77
92 131 74
92 132 57
92 133 6
92 134 6
92 135 51
92 136 60
92 137 79
92 138 18
92 139 37
92 140 18
92 141 8
92 142 31
92 143 53
92 144 95
92 145 98
92 146 74
92 147 29
92 148 89
92 149 66
92 150 69
92 151 2
92 152 64
92 153 87
92 154 100
92 155 84
92 156 49
92 157 66
92 158 30
92 159 29
93 94 57
93 95 82
93 96 25
93 97 22
93 98 70
93 99 67
93 100 79
93 101 54
93 102 23
93 103 28
93 104 59
93 105 77
93 106 19
93 107 91
93 108 34
93 109 15
93 110 52
93 111 35
93 112 40
93 113 65
93 114 90
93 115 61
93 116 80
93 117 30
93 118 46
93 119 32
93 120 91
93 121 32
93 122 52
93 123 47
93 124 27
93 125 8
93 126 55
93 127 100
93 128 76
93 129 1
93 130 93
93 131 63
93 132 62
93 133 96
93 134 69
93 135 69
93 136 3
93 137 85
93 138 9
93 139 69
93 140 85
93 141 100
93 142 32
93 143 83
93 144 91
93 145 99
93 146 37
93 147 4
93 148 21
93 149 7
93 150 81
93 151 35
93 152 15
93 153 10
93 154 54
93 155 1
93 156 81
93 157 86
93 158 99
93 159 27
94 95 98
94 96 19
94 97 84
94 98 23
94 99 59
94 100 65
94 101 63
94 102 65
94 103 37
94 104 78
94 105 33
94 106 69
94 107 18
94 108 71
94 109 90
94 110 22
94 111 14
94 112 80
94 113 68
94 114 75
94 115 79
94 116 12
94 117 77
94 118 61
94 119 32
94 120 62
94 121 82
94 122 51
94 123 68
94 124 37
94 125 86
94 126 30
94 127 56
94 128 10
94 129 22
94 130 88
94 131 4
94 132 38
94 133 78
94 134 92
94 135 41
94 136 98
94 137 38
94 138 93
94 139 74
94 140 63
94 141 25
94 142 46
94 143 32
94 144 51
94 145 23
94 146 22
94 147 87
94 148 62
94 149 56
94 150 29
94 151 14
94 152 98
94 153 62
94 154 79
94 155 80
94 156 79
94 157 39
94 158 17
94 159 72
95 96 98
95 97 20
95 98 56
95 99 32
95 100 22
95 101 97
95 102 77
95 103 97
95 104 98
95 105 34
95 106 89
95 107 84
95 108 93
95 109 82
95 110 11
95 111 40
95 112 95
95 113 43
95 114 20
95 115 63
95 116 17
95 117 46
95 118 72
95 119 74
95 120 15
95 121 63
95 122 81
95 123 36
95 124 50
95 125 51
95 126 24
95 127 25
95 128 36
95 129 16
95 130 41
95 131 9
95 132 42
95 133 80
95 134 32
95 135 96
95 136 63
95 137 26
95 138 31
95 139 38
95 140 39
95 141 15
95 142 35
95 143 62
95 144 37
95 145 74
95 146 53
95 147 97
95 148 65
95 149 46
95 150 98
95 151 85
95 152 61
95 153 29
95 154 7
95 155 40
95 156 17
95 157 12
95 158 74
95 159 21
96 97 97
96 98 13
96 99 70
96 100 96
96 101 55
96 102 16
96 103 23
96 104 35
96 105 72
96 106 45
96 107 73
96 108 14
96 109 58
96 110 97
96 111 2
96 112 61
96 113 66
96 114 26
96 115 98
96 116 46
96 117 79
96 118 4
96 119 79
96 120 6
96 121 20
96 122 42
96 123 36
96 124 47
96 125 67
96 126 66
96 127 53
96 128 1
96 129 77
96 130 1
96 131 86
96 132 65
96 133 37
96 134 76
96 135 74
96 136 78
96 137 65
96 138 96
96 139 46
96 140 70
96 141 29
96 142 47
96 143 13
96 144 68
96 145 3
96 146 47
96 147 37
96 148 87
96 149 15
96 150 26
96 151 83
96 152 21
96 153 53
96 154 62
96 155 12
96 156 67
96 157 48
96 158 67
96 159 53
97 98 60
97 99 72
97 100 100
97 101 16
97 102 78
97 103 75
97 104 70
97 105 62
97 106 13
97 107 12
97 108 94
97 109 31
97 110 3
97 111 36
97 112 87
97 113 10
97 114 80
97 115 51
97 116 18
97 117 51
97 118 5
97 119 96
97 120 75
97 121 70
97 122 24
97 123 53
97 124 96
97 125 18
97 126 58
97 127 19
97 128 87
97 129 59
97 130 24
97 131 100
97 132 26
97 133 78
97 134 31
97 135 1
97 136 20
97 137 41
97 138 19
97 139 24
97 140 15
97 141 82
97 142 82
97 143 27
97 144 69
97 145 76
97 146 100
97 147 20
97 148 82
97 149 90
97 150 23
97 151 76
97 152 22
97 153 64
97 154 23
97 155 49
97 156 23
97 157 79
97 158 79
97 159 26
98 99 33
98 100 67
98 101 74
98 102 100
98 103 27
98 104 80
98 105 53
98 106 76
98 107 91
98 108 19
98 109 42
98 110 46
98 111 74
98 112 79
98 113 11
98 114 77
98 115 24
98 116 59
98 117 50
98 118 46
98 119 67
98 120 35
98 121 79
98 122 50
98 123 53
98 124 94
98 125 12
98 126 30
98 127 34
98 128 37
98 129 21
98 130 88
98 131 25
98 132 82
98 133 97
98 134 91
98 135 96
98 136 23
98 137 6
98 138 19
98 139 70
98 140 48
98 141 28
98 142 37
98 143 17
98 144 31
98 145 2
98 146 83
98 147 23
98 148 69
98 149 48
98 150 29
98 151 33
98 152 80
98 153 85
98 154 2
98 155 58
98 156 20
98 157 20
98 158 93
98 159 4
99 100 41
99 101 72
99 102 70
99 103 95
99 104 9
99 105 18
99 106 90
99 107 30
99 108 24
99 109 70
99 110 11
99 111 29
99 112 86
99 113 35
99 114 4
99 115 11
99 116 24
99 117 30
99 118 70
99 119 28
99 120 90
99 121 1
99 122 66
99 123 25
99 124 82
99 125 4
99 126 55
99 127 83
99 128 1
99 129 39
99 130 59
99 131 20
99 132 39
99 133 12
99 134 97
99 135 21
99 136 19
99 137 51
99 138 82
99 139 97
99 140 77
99 141 21
99 142 68
99 143 87
99 144 39
99 145 69
99 146 4
99 147 89
99 148 63
99 149 44
99 150 17
99 151 30
99 152 95
99 153 50
99 154 86
99 155 25
99 156 33
99 157 31
99 158 37
99 159 14
100 101 36
100 102 69
100 103 45
100 104 1
100 105 65
100 106 25
100 107 32
100 108 68
100 109 67
100 110 31
100 111 16
100 112 1
100 113 45
100 114 32
100 115 99
100 116 21
100 117 13
100 118 9
100 119 25
100 120 1
100 121 7
100 122 24
100 123 32
100 124 25
100 125 18
100 126 53
100 127 83
100 128 95
100 129 66
100 130 78
100 131 44
100 132 45
100 133 49
100 134 67
100 135 96
100 136 4
100 137 1
100 138 17
100 139 34
100 140 12
100 141 35
100 142 26
100 143 41
100 144 59
100 145 4
100 146 61
100 147 74
100 148 40
100 149 22
100 150 33
100 151 33
100 152 76
100 153 48
100 154 38
100 155 25
100 156 96
100 157 37
100 158 17
100 159 74
101 102 97
101 103 39
101 104 78
101 105 22
101 106 72
101 107 64
101 108 37
101 109 43
101 110 55
101 111 2
101 112 62
101 113 43
101 114 36
101 115 37
101 116 49
101 117 45
101 118 36
101 119 10
101 120 2
101 121 59
101 122 9
101 123 55
101 124 34
101 125 33
101 126 59
101 127 41
101 128 54
101 129 14
101 130 64
101 131 71
101 132 74
101 133 29
101 134 19
101 135 36
101 136 48
101 137 5
101 138 63
101 139 66
101 140 33
101 141 29
101 142 23
101 143 96
101 144 4
101 145 76
101 146 8
101 147 42
101 148 26
101 149 46
101 150 97
101 151 44
101 152 78
101 153 48
101 154 31
101 155 7
101 156 89
101 157 77
101 158 18
101 159 54
102 103 28
102 104 54
102 105 96
102 106 2
102 107 69
102 108 81
102 109 63
102 110 26
102 111 88
102 112 49
102 113 19
102 114 37
102 115 91
102 116 83
102 117 100
102 118 41
102 119 29
102 120 28
102 121 74
102 122 15
102 123 59
102 124 10
102 125 29
102 126 36
102 127 1
102 128 46
102 129 67
102 130 75
102 131 91
102 132 32
102 133 9
102 134 29
102 135 2
102 136 20
102 137 55
102 138 38
102 139 19
102 140 64
102 141 79
102 142 51
102 143 31
102 144 22
102 145 28
102 146 62
102 147 45
102 148 63
102 149 46
102 150 44
102 151 98
102 152 9
102 153 15
102 154 12
102 155 40
102 156 37
102 157 80
102 158 27
102 159 65
103 104 79
103 105 11
103 106 22
103 107 100
103 108 57
103 109 18
103 110 44
103 111 52
103 112 38
103 113 87
103 114 11
103 115 85
103 116 55
103 117 73
103 118 18
103 119 36
103 120 29
103 121 88
103 122 1
103 123 74
103 124 15
103 125 21
103 126 42
103 127 55
103 128 82
103 129 67
103 130 67
103 131 90
103 132 35
103 133 78
103 134 4
103 135 79
103 136 22
103 137 99
103 138 94
103 139 25
103 140 74
103 141 99
103 142 52
103 143 41
103 144 55
103 145 6
103 146 21
103 147 77
103 148 22
103 149 18
103 150 24
103 151 2
103 152 76
103 153 22
103 154 43
103 155 2
103 156 13
103 157 58
103 158 84
103 159 63
104 105 82
104 106 93
104 107 48
104 108 69
104 109 28
104 110 30
104 111 44
104 112 64
104 113 66
104 114 92
104 115 5
104 116 82
104 117 77
104 118 45
104 119 49
104 120 81
104 121 21
104 122 16
104 123 58
104 124 53
104 125 51
104 126 96
104 127 19
104 128 95
104 129 1
104 130 9
104 131 40
104 132 98
104 133 36
104 134 52
104 135 57
104 136 29
104 137 64
104 138 40
104 139 61
104 140 47
104 141 68
104 142 100
104 143 37
104 144 56
104 145 38
104 146 97
104 147 50
104 148 60
104 149 23
104 150 1
104 151 11
104 152 11
104 153 95
104 154 50
104 155 36
104 156 6
104 157 36
104 158 54
104 159 47
105 106 97
105 107 21
105 108 84
105 109 25
105 110 76
105 111 2
105 112 85
105 113 45
105 114 65
105 115 40
105 116 68
105 117 46
105 118 47
105 119 86
105 120 60
105 121 33
105 122 47
105 123 9
105 124 33
105 125 39
105 126 39
105 127 98
105 128 90
105 129 43
105 130 53
105 131 58
105 132 43
105 133 7
105 134 70
105 135 17
105 136 49
105 137 78
105 138 77
105 139 58
105 140 80
105 141 47
105 142 58
105 143 76
105 144 71
105 145 63
105 146 42
105 147 52
105 148 87
105 149 73
105 150 19
105 151 59
105 152 22
105 153 19
105 154 17
105 155 3
105 156 27
105 157 52
105 158 18
105 159 23
106 107 68
106 108 70
106 109 93
106 110 31
106 111 50
106 112 59
106 113 9
106 114 30
106 115 69
106 116 10
106 117 3
106 118 72
106 119 71
106 120 96
106 121 89
106 122 41
106 123 81
106 124 86
106 125 5
106 126 97
106 127 97
106 128 91
106 129 13
106 130 22
106 131 59
106 132 49
106 133 46
106 134 26
106 135 91
106 136 86
106 137 16
106 138 45
106 139 65
106 140 77
106 141 79
106 142 23
106 143 2
106 144 99
106 145 99
106 146 12
106 147 2
106 148 18
106 149 7
106 150 23
106 151 32
106 152 80
106 153 79
106 154 4
106 155 15
106 156 49
106 157 92
106 158 20
106 159 73
107 108 94
107 109 34
107 110 49
107 111 54
107 112 51
107 113 19
107 114 50
107 115 88
107 116 14
107 117 62
107 118 81
107 119 78
107 120 27
107 121 42
107 122 86
107 123 63
107 124 89
107 125 29
107 126 8
107 127 98
107 128 92
107 129 58
107 130 73
107 131 30
107 132 12
107 133 87
107 134 90
107 135 30
107 136 1
107 137 39
107 138 42
107 139 79
107 140 59
107 141 15
107 142 14
107 143 43
107 144 27
107 145 32
107 146 49
107 147 53
107 148 22
107 149 50
107 150 69
107 151 10
107 152 86
107 153 12
107 154 7
107 155 59
107 156 1
107 157 72
107 158 40
107 159 58
108 109 78
108 110 15
108 111 68
108 112 23
108 113 54
108 114 85
108 115 46
108 116 82
108 117 60
108 118 93
108 119 65
108 120 11
108 121 22
108 122 59
108 123 1
108 124 42
108 125 86
108 126 37
108 127 92
108 128 93
108 129 44
108 130 60
108 131 38
108 132 5
108 133 61
108 134 40
108 135 96
108 136 94
108 137 21
108 138 67
108 139 97
108 140 26
108 141 77
108 142 68
108 143 43
108 144 54
108 145 4
108 146 73
108 147 8
108 148 11
108 149 98
108 150 37
108 151 78
108 152 15
108 153 33
108 154 3
108 155 54
108 156 71
108 157 80
108 158 63
108 159 100
109 110 68
109 111 17
109 112 46
109 113 97
109 114 22
109 115 76
109 116 52
109 117 69
109 118 100
109 119 70
109 120 46
109 121 43
109 122 86
109 123 93
109 124 89
109 125 71
109 126 90
109 127 32
109 128 10
109 129 91
109 130 74
109 131 86
109 132 80
109 133 9
109 134 94
109 135 72
109 136 97
109 137 59
109 138 29
109 139 3
109 140 77
109 141 15
109 142 55
109 143 16
109 144 57
109 145 78
109 146 88
109 147 25
109 148 70
109 149 50
109 150 74
109 151 92
109 152 66
109 153 62
109 154 93
109 155 20
109 156 42
109 157 41
109 158 64
109 159 100
110 111 28
110 112 89
110 113 90
110 114 91
110 115 38
110 116 81
110 117 71
110 118 4
110 119 70
110 120 60
110 121 48
110 122 44
110 123 28
110 124 80
110 125 55
110 126 12
110 127 41
110 128 7
110 129 86
110 130 46
110 131 6
110 132 23
110 133 61
110 134 41
110 135 91
110 136 2
110 137 32
110 138 38
110 139 87
110 140 69
110 141 86
110 142 34
110 143 31
110 144 61
110 145 35
110 146 54
110 147 38
110 148 57
110 149 29
110 150 15
110 151 35
110 152 89
110 153 15
110 154 86
110 155 7
110 156 38
110 157 31
110 158 68
110 159 14
111 112 33
111 113 34
111 114 70
111 115 76
111 116 93
111 117 97
111 118 87
111 119 9
111 120 51
111 121 29
111 122 82
111 123 55
111 124 68
111 125 31
111 126 37
111 127 13
111 128 16
111 129 79
111 130 18
111 131 57
111 132 6
111 133 22
111 134 36
111 135 83
111 136 91
111 137 2
111 138 84
111 139 17
111 140 69
111 141 85
111 142 81
111 143 94
111 144 44
111 145 2
111 146 47
111 147 9
111 148 92
111 149 73
111 150 15
111 151 54
111 152 38
111 153 23
111 154 39
111 155 74
111 156 97
111 157 80
111 158 100
111 159 40
112 113 9
112 114 92
112 115 34
112 116 87
112 117 88
112 118 14
112 119 33
112 120 95
112 121 64
112 122 91
112 123 98
112 124 34
112 125 97
112 126 66
112 127 63
112 128 19
112 129 86
112 130 60
112 131 7
112 132 90
112 133 71
112 134 10
112 135 100
112 136 36
112 137 98
112 138 98
112 139 80
112 140 98
112 141 74
112 142 86
112 143 78
112 144 53
112 145 18
112 146 30
112 147 93
112 148 28
112 149 23
112 150 71
112 151 75
112 152 54
112 153 66
112 154 26
112 155 72
112 156 49
112 157 20
112 158 80
112 159 6
113 114 53
113 115 18
113 116 39
113 117 6
113 118 90
113 119 92
113 120 42
113 121 24
113 122 78
113 123 9
113 124 69
113 125 77
113 126 59
113 127 72
113 128 98
113 129 43
113 130 43
113 131 45
113 132 32
113 133 66
113 134 79
113 135 4
113 136 32
113 137 96
113 138 6
113 139 23
113 140 52
113 141 91
113 142 19
113 143 68
113 144 38
113 145 93
113 146 12
113 147 90
113 148 77
113 149 67
113 150 64
113 151 75
113 152 30
113 153 63
113 154 87
113 155 3
113 156 4
113 157 77
113 158 10
113 159 78
114 115 43
114 116 84
114 117 36
114 118 79
114 119 9
114 120 31
114 121 12
114 122 1
114 123 63
114 124 72
114 125 75
114 126 69
114 127 72
114 128 2
114 129 35
114 130 53
114 131 1
114 132 37
114 133 56
114 134 88
114 135 4
114 136 14
114 137 77
114 138 37
114 139 82
114 140 36
114 141 37
114 142 35
114 143 18
114 144 19
114 145 4
114 146 82
114 147 57
114 148 60
114 149 65
114 150 4
114 151 70
114 152 97
114 153 67
114 154 100
114 155 40
114 156 58
114 157 7
114 158 1
114 159 85
115 116 75
115 117 66
115 118 34
115 119 22
115 120 19
115 121 14
115 122 1
115 123 76
115 124 81
115 125 25
115 126 49
115 127 98
115 128 89
115 129 75
115 130 46
115 131 24
115 132 44
115 133 40
115 134 5
115 135 54
115 136 6
115 137 95
115 138 13
115 139 47
115 140 30
115 141 13
115 142 84
115 143 81
115 144 71
115 145 32
115 146 76
115 147 80
115 148 97
115 149 27
115 150 96
115 151 65
115 152 99
115 153 8
115 154 79
115 155 45
115 156 90
115 157 79
115 158 49
115 159 40
116 117 13
116 118 61
116 119 41
116 120 43
116 121 88
116 122 57
116 123 73
116 124 67
116 125 57
116 126 94
116 127 90
116 128 18
116 129 27
116 130 17
116 131 13
116 132 51
116 133 40
116 134 32
116 135 66
116 136 59
116 137 47
116 138 49
116 139 36
116 140 39
116 141 53
116 142 1
116 143 41
116 144 14
116 145 48
116 146 59
116 147 92
116 148 84
116 149 30
116 150 68
116 151 75
116 152 18
116 153 76
116 154 90
116 155 83
116 156 46
116 157 63
116 158 3
116 159 85
117 118 73
117 119 42
117 120 13
117 121 62
117 122 42
117 123 94
117 124 56
117 125 26
117 126 26
117 127 21
117 128 22
117 129 22
117 130 52
117 131 46
117 132 62
117 133 56
117 134 52
117 135 12
117 136 40
117 137 36
117 138 59
117 139 75
117 140 51
117 141 66
117 142 18
117 143 49
117 144 76
117 145 78
117 146 38
117 147 30
117 148 92
117 149 36
117 150 41
117 151 21
117 152 42
117 153 81
117 154 19
117 155 58
117 156 87
117 157 47
117 158 77
117 159 28
118 119 48
118 120 25
118 121 67
118 122 77
118 123 26
118 124 54
118 125 5
118 126 49
118 127 1
118 128 70
118 129 37
118 130 29
118 131 11
118 132 81
118 133 66
118 134 38
118 135 75
118 136 83
118 137 49
118 138 27
118 139 62
118 140 77
118 141 41
118 142 62
118 143 54
118 144 47
118 145 79
118 146 21
118 147 79
118 148 15
118 149 89
118 150 76
118 151 88
118 152 7
118 153 71
118 154 76
118 155 100
118 156 7
118 157 9
118 158 23
118 159 65
119 120 13
119 121 56
119 122 61
119 123 84
119 124 21
119 125 7
119 126 40
119 127 12
119 128 43
119 129 39
119 130 22
119 131 10
119 132 64
119 133 77
119 134 54
119 135 79
119 136 61
119 137 27
119 138 30
119 139 71
119 140 98
119 141 44
119 142 24
119 143 5
119 144 17
119 145 96
119 146 4
119 147 25
119 148 14
119 149 71
119 150 72
119 151 12
119 152 92
119 153 34
119 154 15
119 155 45
119 156 60
119 157 12
119 158 1
119 159 69
120 121 11
120 122 68
120 123 55
120 124 2
120 125 69
120 126 82
120 127 36
120 128 10
120 129 74
120 130 72
120 131 97
120 132 97
120 133 78
120 134 22
120 135 14
120 136 59
120 137 45
120 138 43
120 139 22
120 140 94
120 141 69
120 142 10
120 143 35
120 144 11
120 145 12
120 146 94
120 147 73
120 148 33
120 149 55
120 150 89
120 151 72
120 152 33
120 153 24
120 154 10
120 155 31
120 156 29
120 157 16
120 158 99
120 159 94
121 122 11
121 123 70
121 124 81
121 125 96
121 126 55
121 127 4
121 128 37
121 129 38
121 130 15
121 131 39
121 132 29
121 133 55
121 134 18
121 135 74
121 136 99
121 137 87
121 138 80
121 139 86
121 140 15
121 141 62
121 142 57
121 143 34
121 144 64
121 145 20
121 146 76
121 147 76
121 148 5
121 149 66
121 150 87
121 151 1
121 152 59
121 153 10
121 154 37
121 155 73
121 156 52
121 157 50
121 158 65
121 159 3
122 123 62
122 124 63
122 125 54
122 126 7
122 127 34
122 128 73
122 129 78
122 130 22
122 131 57
122 132 57
122 133 6
122 134 26
122 135 60
122 136 59
122 137 71
122 138 44
122 139 48
122 140 99
122 141 38
122 142 16
122 143 31
122 144 34
122 145 61
122 146 72
122 147 5
122 148 47
122 149 36
122 150 16
122 151 7
122 152 84
122 153 27
122 154 99
122 155 64
122 156 50
122 157 8
122 158 78
122 159 98
123 124 12
123 125 34
123 126 22
123 127 56
123 128 79
123 129 12
123 130 19
123 131 58
123 132 91
123 133 100
123 134 49
123 135 94
123 136 63
123 137 59
123 138 96
123 139 83
123 140 89
123 141 46
123 142 88
123 143 79
123 144 82
123 145 54
123 146 18
123 147 19
123 148 72
123 149 92
123 150 39
123 151 93
123 152 68
123 153 23
123 154 89
123 155 24
123 156 72
123 157 27
123 158 93
123 159 24
124 125 63
124 126 91
124 127 29
124 128 67
124 129 66
124 130 35
124 131 64
124 132 14
124 133 89
124 134 5
124 135 52
124 136 12
124 137 53
124 138 31
124 139 24
124 140 100
124 141 85
124 142 93
124 143 22
124 144 26
124 145 61
124 146 57
124 147 76
124 148 81
124 149 23
124 150 41
124 151 72
124 152 18
124 153 97
124 154 85
124 155 74
124 156 59
124 157 28
124 158 13
124 159 53
125 126 93
125 127 83
125 128 67
125 129 28
125 130 38
125 131 52
125 132 23
125 133 92
125 134 28
125 135 86
125 136 38
125 137 21
125 138 55
125 139 37
125 140 5
125 141 79
125 142 34
125 143 78
125 144 48
125 145 45
125 146 78
125 147 45
125 148 3
125 149 53
125 150 11
125 151 2
125 152 100
125 153 47
125 154 14
125 155 88
125 156 74
125 157 33
125 158 84
125 159 51
126 127 4
126 128 3
126 129 63
126 130 35
126 131 25
126 132 66
126 133 44
126 134 35
126 135 21
126 136 88
126 137 7
126 138 92
126 139 95
126 140 53
126 141 83
126 142 22
126 143 97
126 144 52
126 145 50
126 146 37
126 147 53
126 148 53
126 149 81
126 150 5
126 151 61
126 152 32
126 153 31
126 154 95
126 155 75
126 156 16
126 157 42
126 158 46
126 159 86
127 128 31
127 129 17
127 130 73
127 131 64
127 132 92
127 133 100
127 134 63
127 135 99
127 136 26
127 137 50
127 138 1
127 139 98
127 140 16
127 141 51
127 142 66
127 143 85
127 144 9
127 145 86
127 146 95
127 147 79
127 148 5
127 149 32
127 150 31
127 151 27
127 152 10
127 153 82
127 154 59
127 155 62
127 156 66
127 157 75
127 158 64
127 159 30
128 129 99
128 130 95
128 131 36
128 132 15
128 133 29
128 134 90
128 135 11
128 136 90
128 137 72
128 138 65
128 139 27
128 140 20
128 141 15
128 142 77
128 143 48
128 144 24
128 145 87
128 146 24
128 147 89
128 148 24
128 149 16
128 150 13
128 151 7
128 152 70
128 153 29
128 154 44
128 155 24
128 156 45
128 157 57
128 158 87
128 159 63
129 130 70
129 131 13
129 132 47
129 133 6
129 134 51
129 135 34
129 136 65
129 137 80
129 138 45
129 139 6
129 140 52
129 141 20
129 142 5
129 143 94
129 144 50
129 145 87
129 146 22
129 147 88
129 148 59
129 149 55
129 150 44
129 151 19
129 152 52
129 153 62
129 154 8
129 155 5
129 156 92
129 157 23
129 158 8
129 159 68
130 131 88
130 132 92
130 133 60
130 134 47
130 135 55
130 136 53
130 137 17
130 138 11
130 139 28
130 140 80
130 141 79
130 142 59
130 143 25
130 144 19
130 145 77
130 146 15
130 147 58
130 148 83
130 149 63
130 150 28
130 151 7
130 152 97
130 153 10
130 154 81
130 155 88
130 156 42
130 157 55
130 158 1
130 159 43
131 132 93
131 133 6
131 134 72
131 135 91
131 136 93
131 137 10
131 138 50
131 139 53
131 140 67
131 141 60
131 142 37
131 143 13
131 144 37
131 145 4
131 146 95
131 147 30
131 148 42
131 149 37
131 150 72
131 151 65
131 152 34
131 153 85
131 154 60
131 155 90
131 156 69
131 157 13
131 158 25
131 159 25
132 133 91
132 134 11
132 135 24
132 136 78
132 137 53
132 138 4
132 139 75
132 140 76
132 141 89
132 142 13
132 143 18
132 144 100
132 145 29
132 146 22
132 147 20
132 148 18
132 149 48
132 150 93
132 151 23
132 152 65
132 153 17
132 154 30
132 155 56
132 156 28
132 157 17
132 158 42
132 159 8
133 134 67
133 135 37
133 136 88
133 137 14
133 138 58
133 139 88
133 140 31
133 141 54
133 142 37
133 143 60
133 144 71
133 145 3
133 146 96
133 147 59
133 148 45
133 149 6
133 150 97
133 151 44
133 152 5
133 153 51
133 154 56
133 155 32
133 156 84
133 157 76
133 158 26
133 159 94
134 135 57
134 136 74
134 137 47
134 138 1
134 139 75
134 140 43
134 141 16
134 142 88
134 143 97
134 144 35
134 145 90
134 146 93
134 147 32
134 148 4
134 149 4
134 150 3
134 151 31
134 152 99
134 153 11
134 154 11
134 155 3
134 156 16
134 157 33
134 158 54
134 159 38
135 136 2
135 137 31
135 138 27
135 139 92
135 140 30
135 141 16
135 142 81
135 143 10
135 144 87
135 145 45
135 146 79
135 147 26
135 148 14
135 149 3
135 150 73
135 151 8
135 152 20
135 153 23
135 154 95
135 155 54
135 156 85
135 157 26
135 158 14
135 159 24
136 137 81
136 138 35
136 139 53
136 140 87
136 141 59
136 142 93
136 143 51
136 144 21
136 145 4
136 146 64
136 147 74
136 148 72
136 149 1
136 150 22
136 151 52
136 152 77
136 153 1
136 154 56
136 155 67
136 156 79
136 157 21
136 158 24
136 159 31
137 138 94
137 139 26
137 140 42
137 141 24
137 142 7
137 143 77
137 144 45
137 145 22
137 146 81
137 147 62
137 148 56
137 149 84
137 150 31
137 151 74
137 152 96
137 153 38
137 154 87
137 155 56
137 156 92
137 157 67
137 158 84
137 159 72
138 139 22
138 140 96
138 141 6
138 142 37
138 143 37
138 144 78
138 145 28
138 146 20
138 147 73
138 148 29
138 149 29
138 150 25
138 151 19
138 152 86
138 153 85
138 154 68
138 155 74
138 156 5
138 157 20
138 158 59
138 159 100
139 140 34
139 141 91
139 142 57
139 143 72
139 144 30
139 145 100
139 146 95
139 147 7
139 148 82
139 149 88
139 150 58
139 151 85
139 152 36
139 153 57
139 154 9
139 155 23
139 156 94
139 157 78
139 158 19
139 159 53
140 141 41
140 142 61
140 143 55
140 144 84
140 145 56
140 146 76
140 147 30
140 148 45
140 149 77
140 150 41
140 151 54
140 152 51
140 153 49
140 154 1
140 155 100
140 156 44
140 157 66
140 158 56
140 159 49
141 142 98
141 143 98
141 144 61
141 145 27
141 146 4
141 147 69
141 148 56
141 149 68
141 150 65
141 151 54
141 152 65
141 153 33
141 154 22
141 155 62
141 156 14
141 157 94
141 158 63
141 159 36
142 143 92
142 144 58
142 145 76
142 146 5
142 147 33
142 148 78
142 149 77
142 150 79
142 151 67
142 152 47
142 153 96
142 154 59
142 155 39
142 156 58
142 157 92
142 158 8
142 159 50
143 144 84
143 145 65
143 146 59
143 147 3
143 148 89
143 149 86
143 150 11
143 151 88
143 152 96
143 153 13
143 154 80
143 155 15
143 156 19
143 157 5
143 158 6
143 159 19
144 145 52
144 146 90
144 147 3
144 148 73
144 149 40
144 150 49
144 151 88
144 152 56
144 153 86
144 154 35
144 155 50
144 156 78
144 157 99
144 158 68
144 159 88
145 146 61
145 147 41
145 148 55
145 149 51
145 150 22
145 151 18
145 152 22
145 153 53
145 154 1
145 155 2
145 156 52
145 157 91
145 158 99
145 159 73
146 147 58
146 148 48
146 149 66
146 150 98
146 151 28
146 152 34
146 153 67
146 154 74
146 155 36
146 156 9
146 157 3
146 158 58
146 159 82
147 148 60
147 149 20
147 150 64
147 151 95
147 152 65
147 153 86
147 154 48
147 155 87
147 156 38
147 157 96
147 158 33
147 159 37
148 149 61
148 150 100
148 151 53
148 152 62
148 153 36
148 154 82
148 155 88
148 156 76
148 157 74
148 158 81
148 159 75
149 150 31
149 151 91
149 152 91
149 153 14
149 154 57
149 155 18
149 156 35
149 157 1
149 158 74
149 159 93
150 151 43
150 152 19
150 153 60
150 154 36
150 155 79
150 156 9
150 157 74
150 158 71
150 159 36
151 152 37
151 153 39
151 154 77
151 155 32
151 156 46
151 157 49
151 158 50
151 159 68
152 153 17
152 154 64
152 155 58
152 156 52
152 157 70
152 158 82
152 159 70
153 154 7
153 155 59
153 156 19
153 157 21
153 158 98
153 159 45
154 155 62
154 156 27
154 157 41
154 158 42
154 159 11
155 156 66
155 157 76
155 158 56
155 159 41
156 157 69
156 158 48
156 159 59
157 158 74
157 159 24
158 159 36
