160 12720
0 1 90
0 2 83
0 3 34
0 4 59
0 5 89
0 6 9
0 7 16
0 8 65
0 9 61
0 10 1
0 11 86
0 12 90
0 13 92
0 14 87
0 15 85
0 16 11
0 17 74
0 18 79
0 19 25
0 20 6
0 21 100
0 22 36
0 23 47
0 24 59
0 25 55
0 26 69
0 27 48
0 28 44
0 29 76
0 30 10
0 31 6
0 32 77
0 33 48
0 34 42
0 35 13
0 36 16
0 37 6
0 38 75
0 39 39
0 40 85
0 41 49
0 42 49
0 43 2
0 44 49
0 45 13
0 46 1
0 47 13
0 48 62
0 49 77
0 50 86
0 51 78
0 52 38
0 53 20
0 54 5
0 55 63
0 56 46
0 57 39
0 58 65
0 59 27
0 60 24
0 61 11
0 62 80
0 63 81
0 64 11
0 65 49
0 66 28
0 67 26
0 68 85
0 69 84
0 70 5
0 71 8
0 72 60
0 73 15
0 74 92
0 75 44
0 76 94
0 77 60
0 78 37
0 79 39
0 80 28
0 81 92
0 82 2
0 83 2
0 84 58
0 85 100
0 86 100
0 87 57
0 88 27
0 89 98
0 90 67
0 91 21
0 92 91
0 93 28
0 94 43
0 95 40
0 96 85
0 97 12
0 98 84
0 99 5
0 100 61
0 101 96
0 102 41
0 103 93
0 104 8
0 105 7
0 106 83
0 107 75
0 108 26
0 109 24
0 110 34
0 111 20
0 112 37
0 113 42
0 114 51
0 115 64
0 116 62
0 117 37
0 118 7
0 119 61
0 120 28
0 121 100
0 122 46
0 123 14
0 124 19
0 125 56
0 126 52
0 127 49
0 128 79
0 129 91
0 130 8
0 131 53
0 132 1
0 133 20
0 134 69
0 135 4
0 136 3
0 137 94
0 138 46
0 139 81
0 140 43
0 141 15
0 142 61
0 143 92
0 144 40
0 145 83
0 146 62
0 147 58
0 148 88
0 149 61
0 150 80
0 151 53
0 152 70
0 153 51
0 154 67
0 155 24
0 156 76
0 157 66
0 158 35
0 159 61
1 2 38
1 3 53
1 4 50
1 5 34
1 6 92
1 7 72
1 8 53
1 9 38
1 10 87
1 11 5
1 12 57
1 13 5
1 14 90
1 15 6
1 16 58
1 17 19
1 18 73
1 19 100
1 20 3
1 21 95
1 22 48
1 23 36
1 24 95
1 25 84
1 26 4
1 27 61
1 28 24
1 29 13
1 30 93
1 31 86
1 32 95
1 33 45
1 34 33
1 35 3
1 36 15
1 37 47
1 38 84
1 39 93
1 40 31
1 41 85
1 42 71
1 43 33
1 44 59
1 45 94
1 46 50
1 47 83
1 48 34
1 49 14
1 50 95
1 51 81
1 52 84
1 53 87
1 54 7
1 55 90
1 56 68
1 57 91
1 58 88
1 59 80
1 60 69
1 61 25
1 62 90
1 63 58
1 64 42
1 65 53
1 66 35
1 67 31
1 68 41
1 69 39
1 70 46
1 71 11
1 72 98
1 73 10
1 74 65
1 75 98
1 76 86
1 77 24
1 78 70
1 79 91
1 80 21
1 81 55
1 82 19
1 83 49
1 84 3
1 85 43
1 86 49
1 87 32
1 88 4
1 89 32
1 90 10
1 91 86
1 92 95
1 93 41
1 94 98
1 95 14
1 96 13
1 97 41
1 98 10
1 99 16
1 100 14
1 101 93
1 102 54
1 103 51
1 104 27
1 105 88
1 106 48
1 107 35
1 108 71
1 109 18
1 110 4
1 111 75
1 112 31
1 113 46
1 114 15
1 115 49
1 116 62
1 117 61
1 118 3
1 119 47
1 120 92
1 121 41
1 122 36
1 123 82
1 124 98
1 125 67
1 126 5
1 127 45
1 128 57
1 129 48
1 130 39
1 131 51
1 132 32
1 133 20
1 134 54
1 135 33
1 136 7
1 137 40
1 138 4
1 139 67
1 140 50
1 141 9
1 142 69
1 143 4
1 144 3
1 145 49
1 146 91
1 147 2
1 148 72
1 149 76
1 150 72
1 151 22
1 152 6
1 153 81
1 154 96
1 155 91
1 156 83
1 157 78
1 158 28
1 159 5
2 3 17
2 4 14
2 5 72
2 6 17
2 7 47
2 8 45
2 9 5
2 10 64
2 11 89
2 12 74
2 13 54
2 14 32
2 15 72
2 16 7
2 17 34
2 18 69
2 19 9
2 20 26
2 21 70
2 22 96
2 23 10
2 24 98
2 25 75
2 26 66
2 27 71
2 28 6
2 29 21
2 30 62
2 31 69
2 32 92
2 33 54
2 34 94
2 35 62
2 36 25
2 37 83
2 38 30
2 39 99
2 40 38
2 41 65
2 42 67
2 43 12
2 44 38
2 45 36
2 46 59
2 47 50
2 48 7
2 49 68
2 50 79
2 51 12
2 52 51
2 53 22
2 54 82
2 55 75
2 56 68
2 57 26
2 58 3
2 59 91
2 60 85
2 61 29
2 62 52
2 63 82
2 64 84
2 65 57
2 66 29
2 67 55
2 68 10
2 69 81
2 70 42
2 71 11
2 72 83
2 73 48
2 74 63
2 75 78
2 76 30
2 77 75
2 78 9
2 79 42
2 80 44
2 81 78
2 82 57
2 83 28
2 84 16
2 85 40
2 86 90
2 87 96
2 88 39
2 89 88
2 90 79
2 91 60
2 92 5
2 93 31
2 94 21
2 95 97
2 96 37
2 97 26
2 98 8
2 99 20
2 100 7
2 101 93
2 102 10
2 103 89
2 104 63
2 105 98
2 106 75
2 107 86
2 108 98
2 109 54
2 110 19
2 111 44
2 112 66
2 113 50
2 114 67
2 115 4
2 116 97
2 117 56
2 118 54
2 119 59
2 120 13
2 121 34
2 122 14
2 123 62
2 124 39
2 125 97
2 126 66
2 127 79
2 128 26
2 129 66
2 130 97
2 131 21
2 132 1
2 133 62
2 134 29
2 135 23
2 136 58
2 137 67
2 138 25
2 139 9
2 140 54
2 141 2
2 142 15
2 143 45
2 144 75
2 145 23
2 146 34
2 147 84
2 148 87
2 149 26
2 150 18
2 151 9
2 152 60
2 153 63
2 154 71
2 155 94
2 156 24
2 157 15
2 158 27
2 159 88
3 4 90
3 5 3
3 6 88
3 7 54
3 8 54
3 9 51
3 10 48
3 11 50
3 12 26
3 13 10
3 14 14
3 15 67
3 16 13
3 17 52
3 18 50
3 19 58
3 20 6
3 21 28
3 22 66
3 23 5
3 24 20
3 25 28
3 26 13
3 27 47
3 28 85
3 29 19
3 30 62
3 31 99
3 32 66
3 33 83
3 34 60
3 35 8
3 36 26
3 37 17
3 38 24
3 39 92
3 40 9
3 41 49
3 42 73
3 43 74
3 44 97
3 45 76
3 46 10
3 47 85
3 48 97
3 49 31
3 50 80
3 51 16
3 52 57
3 53 18
3 54 23
3 55 54
3 56 78
3 57 19
3 58 25
3 59 87
3 60 42
3 61 11
3 62 5
3 63 70
3 64 70
3 65 83
3 66 54
3 67 79
3 68 22
3 69 95
3 70 57
3 71 88
3 72 74
3 73 75
3 74 45
3 75 11
3 76 39
3 77 79
3 78 41
3 79 11
3 80 34
3 81 31
3 82 8
3 83 15
3 84 23
3 85 83
3 86 72
3 87 39
3 88 41
3 89 90
3 90 68
3 91 11
3 92 93
3 93 72
3 94 99
3 95 76
3 96 44
3 97 36
3 98 13
3 99 38
3 100 23
3 101 19
3 102 61
3 103 57
3 104 18
3 105 53
3 106 62
3 107 20
3 108 5
3 109 45
3 110 45
3 111 100
3 112 27
3 113 35
3 114 17
3 115 23
3 116 41
3 117 2
3 118 79
3 119 8
3 120 58
3 121 54
3 122 26
3 123 44
3 124 84
3 125 55
3 126 51
3 127 47
3 128 31
3 129 29
3 130 9
3 131 60
3 132 2
3 133 61
3 134 78
3 135 11
3 136 46
3 137 80
3 138 25
3 139 67
3 140 70
3 141 2
3 142 67
3 143 94
3 144 36
3 145 55
3 146 78
3 147 59
3 148 32
3 149 44
3 150 78
3 151 66
3 152 98
3 153 63
3 154 54
3 155 25
3 156 83
3 157 21
3 158 73
3 159 61
4 5 84
4 6 79
4 7 89
4 8 63
4 9 34
4 10 29
4 11 72
4 12 24
4 13 79
4 14 58
4 15 74
4 16 57
4 17 89
4 18 52
4 19 16
4 20 35
4 21 28
4 22 68
4 23 30
4 24 52
4 25 93
4 26 81
4 27 93
4 28 72
4 29 81
4 30 59
4 31 4
4 32 9
4 33 13
4 34 86
4 35 74
4 36 14
4 37 14
4 38 90
4 39 42
4 40 1
4 41 31
4 42 25
4 43 44
4 44 61
4 45 84
4 46 58
4 47 89
4 48 28
4 49 49
4 50 5
4 51 52
4 52 57
4 53 31
4 54 65
4 55 31
4 56 3
4 57 12
4 58 62
4 59 79
4 60 54
4 61 81
4 62 62
4 63 76
4 64 87
4 65 92
4 66 56
4 67 94
4 68 60
4 69 34
4 70 17
4 71 36
4 72 68
4 73 7
4 74 68
4 75 48
4 76 21
4 77 78
4 78 2
4 79 80
4 80 1
4 81 26
4 82 73
4 83 23
4 84 43
4 85 59
4 86 95
4 87 90
4 88 73
4 89 29
4 90 45
4 91 65
4 92 63
4 93 53
4 94 13
4 95 37
4 96 51
4 97 67
4 98 42
4 99 13
4 100 57
4 101 73
4 102 51
4 103 39
4 104 86
4 105 61
4 106 16
4 107 57
4 108 89
4 109 93
4 110 16
4 111 80
4 112 11
4 113 52
4 114 56
4 115 18
4 116 41
4 117 67
4 118 6
4 119 89
4 120 39
4 121 3
4 122 13
4 123 11
4 124 25
4 125 97
4 126 41
4 127 23
4 128 37
4 129 38
4 130 21
4 131 60
4 132 91
4 133 62
4 134 82
4 135 96
4 136 67
4 137 48
4 138 10
4 139 31
4 140 11
4 141 59
4 142 19
4 143 21
4 144 58
4 145 3
4 146 82
4 147 63
4 148 50
4 149 55
4 150 49
4 151 53
4 152 77
4 153 2
4 154 18
4 155 37
4 156 43
4 157 8
4 158 62
4 159 72
5 6 84
5 7 43
5 8 95
5 9 22
5 10 2
5 11 4
5 12 55
5 13 44
5 14 82
5 15 85
5 16 19
5 17 40
5 18 73
5 19 98
5 20 6
5 21 84
5 22 2
5 23 80
5 24 8
5 25 93
5 26 81
5 27 26
5 28 13
5 29 3
5 30 68
5 31 6
5 32 97
5 33 25
5 34 43
5 35 46
5 36 100
5 37 5
5 38 36
5 39 29
5 40 62
5 41 79
5 42 58
5 43 97
5 44 90
5 45 20
5 46 86
5 47 73
5 48 70
5 49 11
5 50 86
5 51 29
5 52 83
5 53 9
5 54 74
5 55 21
5 56 92
5 57 60
5 58 28
5 59 69
5 60 72
5 61 8
5 62 98
5 63 70
5 64 12
5 65 73
5 66 65
5 67 93
5 68 16
5 69 16
5 70 78
5 71 56
5 72 40
5 73 17
5 74 11
5 75 94
5 76 90
5 77 18
5 78 26
5 79 23
5 80 11
5 81 69
5 82 19
5 83 18
5 84 37
5 85 44
5 86 47
5 87 8
5 88 1
5 89 100
5 90 15
5 91 66
5 92 60
5 93 16
5 94 58
5 95 39
5 96 33
5 97 5
5 98 20
5 99 16
5 100 58
5 101 34
5 102 45
5 103 53
5 104 76
5 105 2
5 106 2
5 107 38
5 108 12
5 109 60
5 110 33
5 111 79
5 112 72
5 113 97
5 114 57
5 115 7
5 116 47
5 117 54
5 118 87
5 119 2
5 120 43
5 121 71
5 122 36
5 123 98
5 124 13
5 125 2
5 126 58
5 127 14
5 128 49
5 129 96
5 130 74
5 131 75
5 132 43
5 133 32
5 134 86
5 135 80
5 136 97
5 137 1
5 138 71
5 139 63
5 140 100
5 141 58
5 142 77
5 143 74
5 144 57
5 145 90
5 146 29
5 147 27
5 148 9
5 149 94
5 150 58
5 151 53
5 152 79
5 153 14
5 154 1
5 155 44
5 156 86
5 157 37
5 158 7
5 159 54
6 7 8
6 8 71
6 9 47
6 10 76
6 11 32
6 12 16
6 13 93
6 14 100
6 15 54
6 16 55
6 17 83
6 18 59
6 19 13
6 20 12
6 21 34
6 22 59
6 23 69
6 24 68
6 25 69
6 26 18
6 27 34
6 28 95
6 29 93
6 30 18
6 31 69
6 32 35
6 33 21
6 34 13
6 35 50
6 36 12
6 37 42
6 38 77
6 39 11
6 40 43
6 41 77
6 42 32
6 43 61
6 44 34
6 45 7
6 46 15
6 47 18
6 48 13
6 49 4
6 50 14
6 51 12
6 52 51
6 53 64
6 54 77
6 55 65
6 56 35
6 57 70
6 58 50
6 59 15
6 60 68
6 61 86
6 62 88
6 63 64
6 64 35
6 65 97
6 66 40
6 67 92
6 68 86
6 69 8
6 70 62
6 71 15
6 72 54
6 73 72
6 74 18
6 75 99
6 76 45
6 77 55
6 78 31
6 79 43
6 80 99
6 81 60
6 82 89
6 83 81
6 84 82
6 85 23
6 86 44
6 87 79
6 88 73
6 89 56
6 90 2
6 91 3
6 92 19
6 93 95
6 94 50
6 95 61
6 96 42
6 97 99
6 98 11
6 99 65
6 100 23
6 101 88
6 102 57
6 103 28
6 104 34
6 105 43
6 106 90
6 107 85
6 108 39
6 109 63
6 110 96
6 111 81
6 112 78
6 113 45
6 114 85
6 115 50
6 116 27
6 117 98
6 118 59
6 119 93
6 120 40
6 121 90
6 122 46
6 123 15
6 124 71
6 125 10
6 126 2
6 127 56
6 128 46
6 129 92
6 130 49
6 131 19
6 132 37
6 133 19
6 134 73
6 135 29
6 136 62
6 137 32
6 138 43
6 139 96
6 140 6
6 141 34
6 142 35
6 143 67
6 144 66
6 145 39
6 146 7
6 147 79
6 148 95
6 149 83
6 150 1
6 151 46
6 152 35
6 153 38
6 154 63
6 155 56
6 156 9
6 157 42
6 158 54
6 159 51
7 8 44
7 9 76
7 10 62
7 11 98
7 12 84
7 13 75
7 14 18
7 15 59
7 16 59
7 17 48
7 18 51
7 19 49
7 20 91
7 21 43
7 22 9
7 23 26
7 24 58
7 25 62
7 26 49
7 27 76
7 28 63
7 29 25
7 30 88
7 31 56
7 32 55
7 33 81
7 34 33
7 35 34
7 36 27
7 37 83
7 38 42
7 39 6
7 40 73
7 41 80
7 42 53
7 43 85
7 44 3
7 45 31
7 46 24
7 47 42
7 48 67
7 49 44
7 50 19
7 51 68
7 52 27
7 53 1
7 54 17
7 55 32
7 56 93
7 57 37
7 58 24
7 59 87
7 60 74
7 61 98
7 62 31
7 63 22
7 64 93
7 65 44
7 66 90
7 67 84
7 68 77
7 69 38
7 70 50
7 71 41
7 72 11
7 73 85
7 74 4
7 75 96
7 76 24
7 77 10
7 78 79
7 79 57
7 80 86
7 81 62
7 82 43
7 83 50
7 84 57
7 85 60
7 86 70
7 87 76
7 88 47
7 89 78
7 90 50
7 91 84
7 92 38
7 93 80
7 94 83
7 95 29
7 96 32
7 97 26
7 98 39
7 99 66
7 100 68
7 101 31
7 102 21
7 103 33
7 104 72
7 105 54
7 106 88
7 107 97
7 108 99
7 109 88
7 110 9
7 111 82
7 112 56
7 113 64
7 114 32
7 115 92
7 116 8
7 117 21
7 118 19
7 119 66
7 120 9
7 121 91
7 122 47
7 123 95
7 124 22
7 125 49
7 126 25
7 127 24
7 128 18
7 129 46
7 130 35
7 131 95
7 132 67
7 133 4
7 134 82
7 135 18
7 136 9
7 137 64
7 138 87
7 139 14
7 140 65
7 141 38
7 142 81
7 143 70
7 144 64
7 145 15
7 146 40
7 147 32
7 148 94
7 149 30
7 150 51
7 151 70
7 152 89
7 153 9
7 154 39
7 155 34
7 156 38
7 157 26
7 158 100
7 159 1
8 9 72
8 10 58
8 11 76
8 12 77
8 13 100
8 14 9
8 15 22
8 16 63
8 17 40
8 18 51
8 19 49
8 20 32
8 21 37
8 22 99
8 23 78
8 24 18
8 25 69
8 26 84
8 27 62
8 28 41
8 29 25
8 30 40
8 31 37
8 32 7
8 33 59
8 34 91
8 35 73
8 36 49
8 37 1
8 38 21
8 39 25
8 40 69
8 41 35
8 42 91
8 43 40
8 44 50
8 45 95
8 46 10
8 47 47
8 48 15
8 49 36
8 50 38
8 51 67
8 52 36
8 53 63
8 54 41
8 55 48
8 56 21
8 57 76
8 58 72
8 59 100
8 60 16
8 61 82
8 62 11
8 63 35
8 64 51
8 65 16
8 66 8
8 67 32
8 68 82
8 69 88
8 70 91
8 71 61
8 72 41
8 73 57
8 74 80
8 75 44
8 76 65
8 77 29
8 78 73
8 79 52
8 80 7
8 81 50
8 82 63
8 83 33
8 84 97
8 85 13
8 86 17
8 87 40
8 88 18
8 89 69
8 90 39
8 91 61
8 92 81
8 93 41
8 94 29
8 95 70
8 96 73
8 97 32
8 98 33
8 99 8
8 100 12
8 101 64
8 102 1
8 103 2
8 104 8
8 105 90
8 106 96
8 107 50
8 108 29
8 109 78
8 110 26
8 111 58
8 112 62
8 113 83
8 114 54
8 115 26
8 116 22
8 117 36
8 118 78
8 119 82
8 120 6
8 121 46
8 122 91
8 123 23
8 124 51
8 125 96
8 126 45
8 127 41
8 128 16
8 129 98
8 130 81
8 131 53
8 132 13
8 133 97
8 134 3
8 135 86
8 136 61
8 137 78
8 138 71
8 139 94
8 140 52
8 141 84
8 142 95
8 143 17
8 144 8
8 145 16
8 146 43
8 147 66
8 148 36
8 149 33
8 150 40
8 151 37
8 152 24
8 153 21
8 154 73
8 155 32
8 156 22
8 157 61
8 158 72
8 159 56
9 10 44
9 11 81
9 12 50
9 13 46
9 14 5
9 15 15
9 16 12
9 17 71
9 18 100
9 19 92
9 20 40
9 21 38
9 22 100
9 23 8
9 24 67
9 25 64
9 26 3
9 27 7
9 28 49
9 29 65
9 30 68
9 31 74
9 32 99
9 33 8
9 34 8
9 35 76
9 36 28
9 37 39
9 38 59
9 39 7
9 40 18
9 41 7
9 42 17
9 43 9
9 44 70
9 45 92
9 46 55
9 47 43
9 48 25
9 49 59
9 50 16
9 51 23
9 52 53
9 53 7
9 54 4
9 55 95
9 56 56
9 57 67
9 58 74
9 59 32
9 60 9
9 61 37
9 62 100
9 63 24
9 64 71
9 65 92
9 66 50
9 67 16
9 68 80
9 69 46
9 70 77
9 71 87
9 72 49
9 73 14
9 74 24
9 75 81
9 76 7
9 77 42
9 78 74
9 79 91
9 80 48
9 81 30
9 82 63
9 83 95
9 84 37
9 85 12
9 86 55
9 87 15
9 88 92
9 89 34
9 90 55
9 91 40
9 92 86
9 93 58
9 94 38
9 95 29
9 96 55
9 97 89
9 98 57
9 99 76
9 100 2
9 101 17
9 102 37
9 103 56
9 104 32
9 105 58
9 106 99
9 107 79
9 108 80
9 109 58
9 110 62
9 111 87
9 112 14
9 113 39
9 114 31
9 115 28
9 116 18
9 117 81
9 118 10
9 119 80
9 120 48
9 121 92
9 122 67
9 123 55
9 124 22
9 125 71
9 126 74
9 127 59
9 128 89
9 129 29
9 130 63
9 131 56
9 132 97
9 133 20
9 134 17
9 135 72
9 136 89
9 137 50
9 138 64
9 139 27
9 140 6
9 141 60
9 142 41
9 143 39
9 144 20
9 145 88
9 146 54
9 147 48
9 148 47
9 149 24
9 150 58
9 151 75
9 152 38
9 153 27
9 154 75
9 155 12
9 156 89
9 157 64
9 158 33
9 159 51
10 11 57
10 12 95
10 13 87
10 14 7
10 15 84
10 16 47
10 17 94
10 18 81
10 19 20
10 20 100
10 21 51
10 22 36
10 23 54
10 24 38
10 25 40
10 26 84
10 27 35
10 28 47
10 29 95
10 30 44
10 31 45
10 32 16
10 33 16
10 34 49
10 35 13
10 36 30
10 37 39
10 38 15
10 39 39
10 40 56
10 41 69
10 42 99
10 43 54
10 44 39
10 45 16
10 46 83
10 47 74
10 48 32
10 49 74
10 50 95
10 51 1
10 52 44
10 53 33
10 54 15
10 55 28
10 56 95
10 57 90
10 58 90
10 59 85
10 60 25
10 61 5
10 62 6
10 63 56
10 64 40
10 65 79
10 66 79
10 67 8
10 68 67
10 69 22
10 70 99
10 71 63
10 72 88
10 73 80
10 74 60
10 75 20
10 76 45
10 77 22
10 78 65
10 79 74
10 80 16
10 81 58
10 82 20
10 83 59
10 84 37
10 85 43
10 86 87
10 87 48
10 88 31
10 89 13
10 90 84
10 91 19
10 92 19
10 93 45
10 94 15
10 95 2
10 96 79
10 97 74
10 98 47
10 99 54
10 100 3
10 101 92
10 102 39
10 103 96
10 104 62
10 105 69
10 106 58
10 107 93
10 108 37
10 109 16
10 110 97
10 111 62
10 112 93
10 113 27
10 114 25
10 115 50
10 116 36
10 117 46
10 118 48
10 119 83
10 120 29
10 121 91
10 122 4
10 123 43
10 124 80
10 125 76
10 126 37
10 127 10
10 128 44
10 129 59
10 130 57
10 131 76
10 132 76
10 133 21
10 134 93
10 135 9
10 136 94
10 137 22
10 138 73
10 139 4
10 140 90
10 141 89
10 142 50
10 143 75
10 144 43
10 145 99
10 146 2
10 147 97
10 148 89
10 149 60
10 150 72
10 151 1
10 152 36
10 153 91
10 154 93
10 155 72
10 156 44
10 157 90
10 158 80
10 159 37
11 12 80
11 13 55
11 14 89
11 15 96
11 16 57
11 17 34
11 18 37
11 19 19
11 20 29
11 21 18
11 22 82
11 23 71
11 24 57
11 25 36
11 26 11
11 27 5
11 28 33
11 29 76
11 30 76
11 31 35
11 32 15
11 33 77
11 34 16
11 35 41
11 36 84
11 37 15
11 38 44
11 39 48
11 40 5
11 41 12
11 42 65
11 43 54
11 44 2
11 45 9
11 46 86
11 47 86
11 48 36
11 49 10
11 50 86
11 51 11
11 52 6
11 53 81
11 54 90
11 55 42
11 56 54
11 57 19
11 58 43
11 59 77
11 60 41
11 61 24
11 62 42
11 63 97
11 64 31
11 65 83
11 66 25
11 67 62
11 68 17
11 69 50
11 70 58
11 71 77
11 72 48
11 73 1
11 74 87
11 75 57
11 76 22
11 77 1
11 78 52
11 79 84
11 80 16
11 81 94
11 82 34
11 83 74
11 84 21
11 85 32
11 86 89
11 87 37
11 88 25
11 89 50
11 90 11
11 91 58
11 92 26
11 93 83
11 94 62
11 95 60
11 96 29
11 97 53
11 98 61
11 99 10
11 100 96
11 101 48
11 102 54
11 103 10
11 104 67
11 105 3
11 106 81
11 107 79
11 108 2
11 109 71
11 110 99
11 111 81
11 112 17
11 113 31
11 114 19
11 115 50
11 116 4
11 117 17
11 118 79
11 119 86
11 120 2
11 121 14
11 122 40
11 123 32
11 124 64
11 125 97
11 126 27
11 127 62
11 128 45
11 129 100
11 130 12
11 131 5
11 132 41
11 133 25
11 134 78
11 135 19
11 136 86
11 137 8
11 138 66
11 139 38
11 140 27
11 141 68
11 142 29
11 143 82
11 144 92
11 145 7
11 146 62
11 147 25
11 148 79
11 149 100
11 150 93
11 151 14
11 152 61
11 153 54
11 154 55
11 155 76
11 156 97
11 157 98
11 158 64
11 159 64
12 13 68
12 14 28
12 15 97
12 16 68
12 17 86
12 18 65
12 19 73
12 20 37
12 21 66
12 22 43
12 23 19
12 24 62
12 25 33
12 26 76
12 27 12
12 28 65
12 29 21
12 30 88
12 31 70
12 32 31
12 33 81
12 34 41
12 35 49
12 36 23
12 37 73
12 38 4
12 39 83
12 40 95
12 41 39
12 42 61
12 43 17
12 44 66
12 45 69
12 46 67
12 47 12
12 48 56
12 49 66
12 50 24
12 51 49
12 52 94
12 53 29
12 54 89
12 55 24
12 56 73
12 57 48
12 58 95
12 59 84
12 60 54
12 61 30
12 62 93
12 63 55
12 64 27
12 65 36
12 66 86
12 67 100
12 68 89
12 69 28
12 70 75
12 71 49
12 72 12
12 73 4
12 74 28
12 75 66
12 76 94
12 77 81
12 78 87
12 79 47
12 80 5
12 81 30
12 82 9
12 83 10
12 84 25
12 85 29
12 86 96
12 87 81
12 88 10
12 89 64
12 90 49
12 91 64
12 92 21
12 93 53
12 94 43
12 95 16
12 96 59
12 97 8
12 98 79
12 99 43
12 100 53
12 101 77
12 102 11
12 103 43
12 104 11
12 105 6
12 106 51
12 107 98
12 108 57
12 109 60
12 110 22
12 111 15
12 112 91
12 113 71
12 114 15
12 115 28
12 116 84
12 117 83
12 118 75
12 119 10
12 120 77
12 121 25
12 122 82
12 123 11
12 124 19
12 125 69
12 126 50
12 127 53
12 128 91
12 129 12
12 130 40
12 131 43
12 132 70
12 133 12
12 134 38
12 135 88
12 136 39
12 137 96
12 138 90
12 139 88
12 140 53
12 141 92
12 142 100
12 143 50
12 144 1
12 145 47
12 146 19
12 147 83
12 148 49
12 149 90
12 150 69
12 151 75
12 152 29
12 153 81
12 154 11
12 155 68
12 156 13
12 157 43
12 158 89
12 159 98
13 14 75
13 15 46
13 16 48
13 17 36
13 18 47
13 19 44
13 20 34
13 21 75
13 22 62
13 23 37
13 24 37
13 25 93
13 26 26
13 27 100
13 28 69
13 29 32
13 30 67
13 31 3
13 32 86
13 33 60
13 34 82
13 35 65
13 36 89
13 37 41
13 38 83
13 39 2
13 40 9
13 41 60
13 42 60
13 43 43
13 44 10
13 45 56
13 46 61
13 47 16
13 48 21
13 49 56
13 50 73
13 51 79
13 52 38
13 53 67
13 54 93
13 55 23
13 56 70
13 57 64
13 58 50
13 59 30
13 60 71
13 61 56
13 62 79
13 63 76
13 64 57
13 65 98
13 66 16
13 67 56
13 68 26
13 69 19
13 70 17
13 71 19
13 72 22
13 73 79
13 74 3
13 75 63
13 76 19
13 77 69
13 78 18
13 79 85
13 80 16
13 81 55
13 82 47
13 83 90
13 84 61
13 85 28
13 86 100
13 87 7
13 88 48
13 89 16
13 90 43
13 91 45
13 92 61
13 93 29
13 94 35
13 95 91
13 96 46
13 97 59
13 98 35
13 99 72
13 100 15
13 101 82
13 102 35
13 103 66
13 104 66
13 105 15
13 106 49
13 107 78
13 108 26
13 109 56
13 110 18
13 111 35
13 112 16
13 113 25
13 114 45
13 115 91
13 116 78
13 117 24
13 118 73
13 119 52
13 120 71
13 121 56
13 122 2
13 123 71
13 124 50
13 125 7
13 126 88
13 127 42
13 128 21
13 129 38
13 130 51
13 131 96
13 132 55
13 133 14
13 134 99
13 135 63
13 136 18
13 137 68
13 138 13
13 139 60
13 140 79
13 141 68
13 142 22
13 143 68
13 144 57
13 145 6
13 146 67
13 147 71
13 148 68
13 149 75
13 150 82
13 151 84
13 152 2
13 153 65
13 154 66
13 155 51
13 156 31
13 157 89
13 158 32
13 159 29
14 15 6
14 16 37
14 17 74
14 18 50
14 19 47
14 20 61
14 21 26
14 22 6
14 23 100
14 24 81
14 25 65
14 26 1
14 27 39
14 28 86
14 29 1
14 30 84
14 31 89
14 32 7
14 33 8
14 34 81
14 35 65
14 36 41
14 37 73
14 38 62
14 39 37
14 40 87
14 41 22
14 42 45
14 43 45
14 44 51
14 45 19
14 46 99
14 47 45
14 48 31
14 49 27
14 50 7
14 51 51
14 52 53
14 53 17
14 54 33
14 55 40
14 56 72
14 57 32
14 58 37
14 59 66
14 60 28
14 61 12
14 62 50
14 63 17
14 64 5
14 65 65
14 66 78
14 67 71
14 68 66
14 69 66
14 70 9
14 71 14
14 72 58
14 73 49
14 74 55
14 75 59
14 76 72
14 77 70
14 78 60
14 79 77
14 80 31
14 81 53
14 82 55
14 83 25
14 84 68
14 85 44
14 86 14
14 87 65
14 88 73
14 89 39
14 90 72
14 91 47
14 92 89
14 93 45
14 94 93
14 95 26
14 96 58
14 97 30
14 98 55
14 99 45
14 100 9
14 101 45
14 102 71
14 103 45
14 104 3
14 105 67
14 106 27
14 107 25
14 108 71
14 109 12
14 110 14
14 111 51
14 112 52
14 113 13
14 114 94
14 115 87
14 116 98
14 117 19
14 118 91
14 119 62
14 120 66
14 121 55
14 122 3
14 123 39
14 124 45
14 125 51
14 126 51
14 127 83
14 128 11
14 129 84
14 130 76
14 131 35
14 132 77
14 133 82
14 134 100
14 135 92
14 136 31
14 137 25
14 138 10
14 139 7
14 140 50
14 141 52
14 142 19
14 143 28
14 144 50
14 145 28
14 146 21
14 147 59
14 148 71
14 149 21
14 150 24
14 151 21
14 152 46
14 153 17
14 154 93
14 155 47
14 156 45
14 157 80
14 158 77
14 159 31
15 16 81
15 17 77
15 18 4
15 19 68
15 20 98
15 21 15
15 22 22
15 23 71
15 24 50
15 25 76
15 26 8
15 27 97
15 28 44
15 29 15
15 30 86
15 31 93
15 32 73
15 33 41
15 34 77
15 35 83
15 36 8
15 37 85
15 38 60
15 39 86
15 40 94
15 41 8
15 42 27
15 43 68
15 44 81
15 45 64
15 46 65
15 47 20
15 48 2
15 49 58
15 50 53
15 51 86
15 52 34
15 53 83
15 54 84
15 55 82
15 56 18
15 57 37
15 58 75
15 59 37
15 60 74
15 61 51
15 62 4
15 63 96
15 64 84
15 65 86
15 66 56
15 67 27
15 68 18
15 69 74
15 70 80
15 71 77
15 72 59
15 73 12
15 74 23
15 75 42
15 76 45
15 77 34
15 78 35
15 79 70
15 80 30
15 81 83
15 82 26
15 83 99
15 84 2
15 85 13
15 86 58
15 87 1
15 88 40
15 89 72
15 90 54
15 91 82
15 92 64
15 93 56
15 94 19
15 95 15
15 96 88
15 97 23
15 98 68
15 99 37
15 100 18
15 101 66
15 102 35
15 103 89
15 104 78
15 105 23
15 106 74
15 107 27
15 108 72
15 109 76
15 110 30
15 111 88
15 112 59
15 113 53
15 114 6
15 115 71
15 116 98
15 117 11
15 118 96
15 119 36
15 120 46
15 121 78
15 122 42
15 123 58
15 124 97
15 125 2
15 126 21
15 127 75
15 128 11
15 129 50
15 130 54
15 131 98
15 132 6
15 133 71
15 134 71
15 135 51
15 136 87
15 137 2
15 138 74
15 139 4
15 140 65
15 141 67
15 142 36
15 143 15
15 144 48
15 145 41
15 146 67
15 147 80
15 148 88
15 149 95
15 150 70
15 151 34
15 152 40
15 153 52
15 154 13
15 155 41
15 156 55
15 157 21
15 158 32
15 159 69
16 17 89
16 18 62
16 19 10
16 20 63
16 21 27
16 22 6
16 23 7
16 24 95
16 25 82
16 26 34
16 27 3
16 28 56
16 29 57
16 30 90
16 31 64
16 32 66
16 33 80
16 34 5
16 35 84
16 36 83
16 37 90
16 38 5
16 39 35
16 40 88
16 41 89
16 42 50
16 43 11
16 44 57
16 45 66
16 46 65
16 47 55
16 48 56
16 49 75
16 50 97
16 51 84
16 52 76
16 53 46
16 54 80
16 55 48
16 56 8
16 57 44
16 58 37
16 59 41
16 60 36
16 61 68
16 62 67
16 63 34
16 64 20
16 65 7
16 66 31
16 67 100
16 68 84
16 69 67
16 70 99
16 71 46
16 72 73
16 73 66
16 74 51
16 75 59
16 76 45
16 77 67
16 78 14
16 79 22
16 80 92
16 81 63
16 82 59
16 83 8
16 84 84
16 85 29
16 86 79
16 87 14
16 88 43
16 89 81
16 90 69
16 91 33
16 92 66
16 93 98
16 94 25
16 95 4
16 96 96
16 97 3
16 98 100
16 99 40
16 100 23
16 101 23
16 102 68
16 103 72
16 104 6
16 105 50
16 106 32
16 107 33
16 108 77
16 109 77
16 110 52
16 111 23
16 112 34
16 113 37
16 114 61
16 115 51
16 116 24
16 117 12
16 118 81
16 119 75
16 120 99
16 121 30
16 122 93
16 123 58
16 124 70
16 125 75
16 126 1
16 127 63
16 128 50
16 129 52
16 130 96
16 131 18
16 132 82
16 133 14
16 134 96
16 135 9
16 136 19
16 137 41
16 138 79
16 139 94
16 140 46
16 141 30
16 142 14
16 143 34
16 144 42
16 145 52
16 146 100
16 147 24
16 148 70
16 149 27
16 150 86
16 151 75
16 152 53
16 153 24
16 154 54
16 155 17
16 156 79
16 157 3
16 158 51
16 159 16
17 18 70
17 19 23
17 20 43
17 21 82
17 22 82
17 23 59
17 24 10
17 25 45
17 26 86
17 27 90
17 28 17
17 29 53
17 30 11
17 31 2
17 32 36
17 33 54
17 34 24
17 35 56
17 36 21
17 37 57
17 38 38
17 39 74
17 40 40
17 41 9
17 42 53
17 43 68
17 44 27
17 45 13
17 46 16
17 47 22
17 48 78
17 49 76
17 50 9
17 51 98
17 52 39
17 53 25
17 54 14
17 55 60
17 56 3
17 57 41
17 58 61
17 59 72
17 60 68
17 61 15
17 62 13
17 63 36
17 64 26
17 65 99
17 66 35
17 67 83
17 68 49
17 69 17
17 70 91
17 71 1
17 72 53
17 73 59
17 74 49
17 75 67
17 76 87
17 77 41
17 78 15
17 79 1
17 80 86
17 81 79
17 82 21
17 83 39
17 84 28
17 85 14
17 86 57
17 87 40
17 88 38
17 89 9
17 90 42
17 91 49
17 92 4
17 93 38
17 94 55
17 95 84
17 96 77
17 97 56
17 98 79
17 99 77
17 100 30
17 101 94
17 102 56
17 103 22
17 104 37
17 105 92
17 106 47
17 107 89
17 108 30
17 109 48
17 110 49
17 111 74
17 112 55
17 113 40
17 114 25
17 115 55
17 116 64
17 117 91
17 118 19
17 119 80
17 120 50
17 121 79
17 122 91
17 123 13
17 124 31
17 125 26
17 126 53
17 127 4
17 128 22
17 129 71
17 130 46
17 131 8
17 132 77
17 133 12
17 134 30
17 135 39
17 136 48
17 137 88
17 138 47
17 139 1
17 140 13
17 141 75
17 142 29
17 143 91
17 144 2
17 145 35
17 146 51
17 147 6
17 148 7
17 149 68
17 150 78
17 151 50
17 152 97
17 153 47
17 154 67
17 155 8
17 156 7
17 157 12
17 158 28
17 159 78
18 19 91
18 20 96
18 21 97
18 22 50
18 23 36
18 24 65
18 25 59
18 26 81
18 27 59
18 28 9
18 29 88
18 30 79
18 31 70
18 32 39
18 33 81
18 34 100
18 35 23
18 36 64
18 37 19
18 38 1
18 39 73
18 40 65
18 41 36
18 42 40
18 43 8
18 44 67
18 45 21
18 46 55
18 47 87
18 48 36
18 49 7
18 50 38
18 51 24
18 52 64
18 53 41
18 54 60
18 55 95
18 56 69
18 57 18
18 58 86
18 59 6
18 60 95
18 61 12
18 62 7
18 63 96
18 64 41
18 65 62
18 66 22
18 67 80
18 68 79
18 69 97
18 70 67
18 71 80
18 72 22
18 73 82
18 74 89
18 75 48
18 76 21
18 77 29
18 78 14
18 79 41
18 80 56
18 81 24
18 82 55
18 83 33
18 84 31
18 85 42
18 86 79
18 87 87
18 88 14
18 89 13
18 90 99
18 91 81
18 92 98
18 93 69
18 94 93
18 95 10
18 96 9
18 97 56
18 98 5
18 99 80
18 100 32
18 101 10
18 102 98
18 103 77
18 104 85
18 105 18
18 106 70
18 107 78
18 108 7
18 109 12
18 110 88
18 111 54
18 112 31
18 113 76
18 114 46
18 115 77
18 116 81
18 117 84
18 118 83
18 119 65
18 120 5
18 121 28
18 122 48
18 123 84
18 124 58
18 125 50
18 126 7
18 127 17
18 128 65
18 129 5
18 130 18
18 131 40
18 132 15
18 133 91
18 134 77
18 135 14
18 136 83
18 137 52
18 138 73
18 139 74
18 140 19
18 141 1
18 142 72
18 143 99
18 144 5
18 145 11
18 146 97
18 147 44
18 148 39
18 149 3
18 150 51
18 151 91
18 152 8
18 153 30
18 154 62
18 155 6
18 156 8
18 157 7
18 158 33
18 159 19
19 20 70
19 21 5
19 22 8
19 23 9
19 24 14
19 25 90
19 26 10
19 27 36
19 28 17
19 29 6
19 30 93
19 31 18
19 32 89
19 33 39
19 34 70
19 35 32
19 36 72
19 37 50
19 38 75
19 39 35
19 40 95
19 41 5
19 42 30
19 43 85
19 44 59
19 45 87
19 46 91
19 47 2
19 48 20
19 49 66
19 50 32
19 51 3
19 52 47
19 53 36
19 54 56
19 55 67
19 56 2
19 57 64
19 58 67
19 59 55
19 60 89
19 61 97
19 62 38
19 63 31
19 64 78
19 65 54
19 66 46
19 67 67
19 68 70
19 69 99
19 70 35
19 71 15
19 72 39
19 73 17
19 74 81
19 75 18
19 76 58
19 77 1
19 78 37
19 79 9
19 80 40
19 81 83
19 82 80
19 83 53
19 84 15
19 85 57
19 86 4
19 87 63
19 88 86
19 89 71
19 90 1
19 91 15
19 92 88
19 93 68
19 94 3
19 95 17
19 96 59
19 97 8
19 98 83
19 99 87
19 100 83
19 101 74
19 102 84
19 103 79
19 104 35
19 105 51
19 106 32
19 107 63
19 108 55
19 109 5
19 110 46
19 111 86
19 112 91
19 113 95
19 114 9
19 115 85
19 116 96
19 117 37
19 118 61
19 119 32
19 120 76
19 121 75
19 122 7
19 123 19
19 124 15
19 125 63
19 126 16
19 127 59
19 128 99
19 129 51
19 130 47
19 131 8
19 132 19
19 133 59
19 134 44
19 135 31
19 136 87
19 137 8
19 138 8
19 139 25
19 140 49
19 141 75
19 142 98
19 143 42
19 144 79
19 145 64
19 146 85
19 147 28
19 148 61
19 149 5
19 150 37
19 151 9
19 152 76
19 153 86
19 154 86
19 155 65
19 156 21
19 157 9
19 158 30
19 159 95
20 21 62
20 22 97
20 23 63
20 24 37
20 25 20
20 26 92
20 27 29
20 28 72
20 29 66
20 30 15
20 31 61
20 32 68
20 33 65
20 34 63
20 35 81
20 36 33
20 37 70
20 38 49
20 39 15
20 40 28
20 41 87
20 42 86
20 43 26
20 44 58
20 45 83
20 46 56
20 47 12
20 48 91
20 49 64
20 50 50
20 51 80
20 52 55
20 53 36
20 54 40
20 55 47
20 56 92
20 57 61
20 58 81
20 59 40
20 60 33
20 61 34
20 62 9
20 63 41
20 64 44
20 65 80
20 66 41
20 67 82
20 68 47
20 69 69
20 70 32
20 71 44
20 72 15
20 73 41
20 74 12
20 75 27
20 76 61
20 77 91
20 78 28
20 79 17
20 80 91
20 81 35
20 82 36
20 83 9
20 84 44
20 85 24
20 86 49
20 87 43
20 88 54
20 89 58
20 90 77
20 91 64
20 92 51
20 93 57
20 94 14
20 95 18
20 96 10
20 97 62
20 98 69
20 99 82
20 100 22
20 101 39
20 102 94
20 103 61
20 104 49
20 105 34
20 106 28
20 107 6
20 108 23
20 109 76
20 110 88
20 111 86
20 112 80
20 113 16
20 114 77
20 115 72
20 116 29
20 117 5
20 118 52
20 119 87
20 120 60
20 121 53
20 122 92
20 123 13
20 124 98
20 125 37
20 126 62
20 127 46
20 128 50
20 129 58
20 130 7
20 131 62
20 132 18
20 133 31
20 134 55
20 135 66
20 136 75
20 137 36
20 138 22
20 139 74
20 140 22
20 141 80
20 142 96
20 143 16
20 144 52
20 145 96
20 146 26
20 147 47
20 148 60
20 149 94
20 150 33
20 151 82
20 152 11
20 153 85
20 154 61
20 155 69
20 156 44
20 157 1
20 158 6
20 159 20
21 22 9
21 23 28
21 24 53
21 25 38
21 26 35
21 27 32
21 28 21
21 29 43
21 30 55
21 31 56
21 32 38
21 33 75
21 34 13
21 35 78
21 36 2
21 37 71
21 38 96
21 39 33
21 40 65
21 41 36
21 42 24
21 43 63
21 44 30
21 45 96
21 46 56
21 47 43
21 48 76
21 49 16
21 50 50
21 51 29
21 52 78
21 53 39
21 54 58
21 55 11
21 56 30
21 57 18
21 58 99
21 59 76
21 60 90
21 61 42
21 62 56
21 63 82
21 64 58
21 65 8
21 66 38
21 67 94
21 68 19
21 69 11
21 70 50
21 71 85
21 72 67
21 73 80
21 74 17
21 75 25
21 76 49
21 77 39
21 78 30
21 79 66
21 80 78
21 81 89
21 82 42
21 83 54
21 84 99
21 85 61
21 86 57
21 87 53
21 88 92
21 89 61
21 90 84
21 91 85
21 92 76
21 93 61
21 94 20
21 95 19
21 96 28
21 97 52
21 98 15
21 99 27
21 100 86
21 101 38
21 102 23
21 103 50
21 104 23
21 105 96
21 106 11
21 107 48
21 108 97
21 109 65
21 110 87
21 111 21
21 112 36
21 113 54
21 114 57
21 115 8
21 116 9
21 117 75
21 118 76
21 119 36
21 120 29
21 121 53
21 122 5
21 123 41
21 124 47
21 125 27
21 126 72
21 127 22
21 128 43
21 129 100
21 130 90
21 131 53
21 132 17
21 133 53
21 134 100
21 135 44
21 136 34
21 137 94
21 138 25
21 139 88
21 140 48
21 141 88
21 142 4
21 143 1
21 144 5
21 145 93
21 146 44
21 147 21
21 148 24
21 149 44
21 150 22
21 151 36
21 152 10
21 153 90
21 154 32
21 155 13
21 156 41
21 157 26
21 158 17
21 159 31
22 23 15
22 24 85
22 25 8
22 26 76
22 27 83
22 28 98
22 29 85
22 30 68
22 31 68
22 32 92
22 33 34
22 34 16
22 35 6
22 36 84
22 37 4
22 38 51
22 39 42
22 40 97
22 41 8
22 42 97
22 43 44
22 44 47
22 45 41
22 46 24
22 47 55
22 48 93
22 49 85
22 50 78
22 51 95
22 52 23
22 53 90
22 54 96
22 55 60
22 56 60
22 57 50
22 58 69
22 59 85
22 60 89
22 61 88
22 62 19
22 63 35
22 64 96
22 65 32
22 66 13
22 67 86
22 68 99
22 69 35
22 70 90
22 71 71
22 72 41
22 73 99
22 74 95
22 75 52
22 76 49
22 77 27
22 78 8
22 79 88
22 80 2
22 81 74
22 82 83
22 83 50
22 84 93
22 85 47
22 86 49
22 87 85
22 88 62
22 89 95
22 90 14
22 91 49
22 92 64
22 93 98
22 94 58
22 95 53
22 96 85
22 97 67
22 98 45
22 99 69
22 100 17
22 101 8
22 102 2
22 103 70
22 104 9
22 105 65
22 106 86
22 107 57
22 108 100
22 109 19
22 110 72
22 111 43
22 112 97
22 113 9
22 114 88
22 115 61
22 116 17
22 117 79
22 118 7
22 119 72
22 120 67
22 121 29
22 122 88
22 123 93
22 124 45
22 125 71
22 126 81
22 127 17
22 128 39
22 129 56
22 130 25
22 131 100
22 132 19
22 133 2
22 134 20
22 135 78
22 136 65
22 137 91
22 138 47
22 139 97
22 140 34
22 141 28
22 142 73
22 143 6
22 144 99
22 145 67
22 146 67
22 147 17
22 148 2
22 149 87
22 150 30
22 151 53
22 152 9
22 153 82
22 154 58
22 155 28
22 156 15
22 157 10
22 158 62
22 159 53
23 24 96
23 25 92
23 26 76
23 27 12
23 28 18
23 29 73
23 30 66
23 31 82
23 32 78
23 33 44
23 34 91
23 35 75
23 36 93
23 37 85
23 38 4
23 39 39
23 40 14
23 41 86
23 42 88
23 43 80
23 44 43
23 45 75
23 46 1
23 47 21
23 48 9
23 49 84
23 50 18
23 51 22
23 52 32
23 53 51
23 54 92
23 55 11
23 56 19
23 57 41
23 58 23
23 59 94
23 60 89
23 61 61
23 62 45
23 63 68
23 64 54
23 65 56
23 66 80
23 67 7
23 68 99
23 69 73
23 70 57
23 71 53
23 72 54
23 73 3
23 74 19
23 75 3
23 76 74
23 77 22
23 78 18
23 79 97
23 80 98
23 81 42
23 82 11
23 83 38
23 84 19
23 85 66
23 86 8
23 87 71
23 88 26
23 89 97
23 90 19
23 91 5
23 92 16
23 93 15
23 94 67
23 95 84
23 96 40
23 97 84
23 98 58
23 99 17
23 100 56
23 101 93
23 102 52
23 103 16
23 104 4
23 105 45
23 106 36
23 107 48
23 108 14
23 109 40
23 110 25
23 111 11
23 112 47
23 113 45
23 114 50
23 115 61
23 116 63
23 117 51
23 118 30
23 119 47
23 120 61
23 121 11
23 122 93
23 123 86
23 124 96
23 125 28
23 126 1
23 127 90
23 128 59
23 129 14
23 130 28
23 131 62
23 132 29
23 133 93
23 134 70
23 135 84
23 136 19
23 137 1
23 138 65
23 139 27
23 140 36
23 141 76
23 142 22
23 143 11
23 144 18
23 145 7
23 146 43
23 147 67
23 148 5
23 149 69
23 150 94
23 151 38
23 152 88
23 153 2
23 154 78
23 155 77
23 156 67
23 157 21
23 158 72
23 159 60
24 25 45
24 26 28
24 27 66
24 28 74
24 29 84
24 30 21
24 31 14
24 32 15
24 33 65
24 34 45
24 35 97
24 36 39
24 37 64
24 38 44
24 39 81
24 40 89
24 41 81
24 42 68
24 43 53
24 44 60
24 45 51
24 46 39
24 47 31
24 48 46
24 49 19
24 50 100
24 51 69
24 52 91
24 53 80
24 54 31
24 55 48
24 56 74
24 57 74
24 58 79
24 59 50
24 60 69
24 61 89
24 62 78
24 63 19
24 64 41
24 65 79
24 66 11
24 67 14
24 68 96
24 69 29
24 70 86
24 71 68
24 72 44
24 73 38
24 74 33
24 75 47
24 76 86
24 77 76
24 78 32
24 79 90
24 80 68
24 81 50
24 82 38
24 83 8
24 84 78
24 85 64
24 86 99
24 87 29
24 88 89
24 89 98
24 90 63
24 91 54
24 92 43
24 93 25
24 94 86
24 95 17
24 96 54
24 97 94
24 98 46
24 99 51
24 100 39
24 101 17
24 102 88
24 103 10
24 104 56
24 105 9
24 106 88
24 107 20
24 108 30
24 109 28
24 110 34
24 111 82
24 112 83
24 113 6
24 114 18
24 115 84
24 116 20
24 117 98
24 118 9
24 119 26
24 120 71
24 121 6
24 122 91
24 123 41
24 124 9
24 125 69
24 126 92
24 127 56
24 128 35
24 129 44
24 130 56
24 131 39
24 132 94
24 133 38
24 134 98
24 135 37
24 136 62
24 137 31
24 138 44
24 139 53
24 140 54
24 141 26
24 142 98
24 143 44
24 144 6
24 145 21
24 146 95
24 147 63
24 148 55
24 149 49
24 150 32
24 151 96
24 152 77
24 153 40
24 154 1
24 155 100
24 156 85
24 157 19
24 158 84
24 159 75
25 26 82
25 27 10
25 28 2
25 29 93
25 30 5
25 31 60
25 32 54
25 33 51
25 34 20
25 35 7
25 36 59
25 37 48
25 38 81
25 39 59
25 40 38
25 41 41
25 42 77
25 43 43
25 44 28
25 45 12
25 46 50
25 47 28
25 48 80
25 49 4
25 50 53
25 51 69
25 52 43
25 53 13
25 54 79
25 55 64
25 56 81
25 57 90
25 58 39
25 59 18
25 60 10
25 61 47
25 62 16
25 63 64
25 64 15
25 65 6
25 66 94
25 67 79
25 68 14
25 69 99
25 70 17
25 71 14
25 72 24
25 73 63
25 74 100
25 75 26
25 76 81
25 77 15
25 78 64
25 79 65
25 80 28
25 81 9
25 82 29
25 83 99
25 84 92
25 85 99
25 86 89
25 87 33
25 88 79
25 89 93
25 90 49
25 91 90
25 92 58
25 93 28
25 94 24
25 95 20
25 96 52
25 97 23
25 98 3
25 99 85
25 100 31
25 101 9
25 102 65
25 103 52
25 104 82
25 105 82
25 106 46
25 107 33
25 108 11
25 109 30
25 110 88
25 111 71
25 112 87
25 113 45
25 114 44
25 115 43
25 116 32
25 117 2
25 118 84
25 119 12
25 120 76
25 121 26
25 122 98
25 123 58
25 124 82
25 125 22
25 126 94
25 127 33
25 128 17
25 129 97
25 130 58
25 131 19
25 132 3
25 133 38
25 134 78
25 135 49
25 136 35
25 137 9
25 138 24
25 139 72
25 140 15
25 141 21
25 142 72
25 143 70
25 144 67
25 145 42
25 146 76
25 147 78
25 148 52
25 149 82
25 150 92
25 151 62
25 152 31
25 153 15
25 154 69
25 155 77
25 156 61
25 157 38
25 158 58
25 159 88
26 27 47
26 28 92
26 29 12
26 30 45
26 31 47
26 32 96
26 33 39
26 34 9
26 35 45
26 36 96
26 37 39
26 38 92
26 39 60
26 40 70
26 41 46
26 42 71
26 43 88
26 44 49
26 45 97
26 46 18
26 47 30
26 48 81
26 49 85
26 50 75
26 51 37
26 52 48
26 53 69
26 54 61
26 55 77
26 56 86
26 57 74
26 58 72
26 59 53
26 60 49
26 61 88
26 62 55
26 63 65
26 64 62
26 65 51
26 66 76
26 67 40
26 68 94
26 69 26
26 70 35
26 71 3
26 72 79
26 73 76
26 74 30
26 75 77
26 76 86
26 77 64
26 78 35
26 79 57
26 80 43
26 81 62
26 82 29
26 83 22
26 84 73
26 85 94
26 86 80
26 87 85
26 88 42
26 89 99
26 90 78
26 91 43
26 92 79
26 93 82
26 94 89
26 95 80
26 96 98
26 97 49
26 98 78
26 99 55
26 100 73
26 101 19
26 102 32
26 103 1
26 104 41
26 105 66
26 106 85
26 107 15
26 108 42
26 109 93
26 110 38
26 111 71
26 112 50
26 113 98
26 114 6
26 115 97
26 116 32
26 117 57
26 118 18
26 119 77
26 120 14
26 121 62
26 122 85
26 123 61
26 124 52
26 125 3
26 126 58
26 127 58
26 128 54
26 129 98
26 130 49
26 131 76
26 132 26
26 133 73
26 134 88
26 135 68
26 136 79
26 137 11
26 138 69
26 139 91
26 140 22
26 141 98
26 142 22
26 143 46
26 144 39
26 145 53
26 146 47
26 147 12
26 148 53
26 149 3
26 150 4
26 151 68
26 152 94
26 153 50
26 154 83
26 155 1
26 156 28
26 157 58
26 158 53
26 159 6
27 28 66
27 29 25
27 30 41
27 31 21
27 32 68
27 33 77
27 34 24
27 35 12
27 36 47
27 37 45
27 38 43
27 39 13
27 40 24
27 41 13
27 42 59
27 43 32
27 44 21
27 45 79
27 46 4
27 47 43
27 48 21
27 49 32
27 50 5
27 51 38
27 52 57
27 53 52
27 54 10
27 55 52
27 56 93
27 57 41
27 58 46
27 59 69
27 60 50
27 61 36
27 62 81
27 63 30
27 64 69
27 65 81
27 66 65
27 67 10
27 68 24
27 69 83
27 70 34
27 71 92
27 72 65
27 73 35
27 74 73
27 75 98
27 76 67
27 77 18
27 78 63
27 79 65
27 80 80
27 81 8
27 82 100
27 83 33
27 84 73
27 85 63
27 86 89
27 87 64
27 88 53
27 89 83
27 90 50
27 91 43
27 92 53
27 93 55
27 94 30
27 95 89
27 96 70
27 97 77
27 98 32
27 99 70
27 100 3
27 101 92
27 102 38
27 103 42
27 104 98
27 105 62
27 106 65
27 107 61
27 108 83
27 109 45
27 110 58
27 111 95
27 112 15
27 113 79
27 114 9
27 115 50
27 116 85
27 117 52
27 118 77
27 119 23
27 120 50
27 121 89
27 122 14
27 123 75
27 124 10
27 125 67
27 126 4
27 127 64
27 128 12
27 129 80
27 130 35
27 131 91
27 132 9
27 133 62
27 134 69
27 135 73
27 136 75
27 137 32
27 138 16
27 139 58
27 140 3
27 141 74
27 142 3
27 143 18
27 144 72
27 145 39
27 146 81
27 147 57
27 148 37
27 149 70
27 150 4
27 151 10
27 152 45
27 153 12
27 154 43
27 155 15
27 156 73
27 157 90
27 158 86
27 159 43
28 29 60
28 30 76
28 31 62
28 32 14
28 33 70
28 34 6
28 35 37
28 36 36
28 37 18
28 38 6
28 39 94
28 40 80
28 41 73
28 42 11
28 43 97
28 44 91
28 45 79
28 46 23
28 47 72
28 48 82
28 49 99
28 50 73
28 51 53
28 52 45
28 53 13
28 54 41
28 55 6
28 56 15
28 57 50
28 58 17
28 59 18
28 60 85
28 61 57
28 62 13
28 63 18
28 64 45
28 65 98
28 66 66
28 67 21
28 68 30
28 69 78
28 70 83
28 71 97
28 72 39
28 73 77
28 74 81
28 75 56
28 76 67
28 77 62
28 78 59
28 79 94
28 80 5
28 81 32
28 82 77
28 83 39
28 84 59
28 85 92
28 86 58
28 87 34
28 88 73
28 89 11
28 90 7
28 91 3
28 92 55
28 93 18
28 94 34
28 95 40
28 96 4
28 97 85
28 98 68
28 99 27
28 100 25
28 101 21
28 102 80
28 103 42
28 104 29
28 105 51
28 106 60
28 107 16
28 108 20
28 109 35
28 110 5
28 111 73
28 112 93
28 113 28
28 114 68
28 115 40
28 116 48
28 117 34
28 118 4
28 119 99
28 120 11
28 121 4
28 122 10
28 123 47
28 124 10
28 125 92
28 126 11
28 127 91
28 128 30
28 129 58
28 130 72
28 131 15
28 132 44
28 133 88
28 134 62
28 135 85
28 136 38
28 137 48
28 138 59
28 139 66
28 140 11
28 141 48
28 142 97
28 143 45
28 144 67
28 145 6
28 146 99
28 147 32
28 148 90
28 149 60
28 150 37
28 151 90
28 152 88
28 153 16
28 154 82
28 155 85
28 156 39
28 157 55
28 158 22
28 159 87
29 30 11
29 31 50
29 32 29
29 33 86
29 34 89
29 35 6
29 36 29
29 37 25
29 38 99
29 39 52
29 40 2
29 41 29
29 42 35
29 43 69
29 44 41
29 45 76
29 46 93
29 47 76
29 48 44
29 49 22
29 50 40
29 51 63
29 52 40
29 53 4
29 54 53
29 55 23
29 56 86
29 57 53
29 58 30
29 59 21
29 60 4
29 61 98
29 62 59
29 63 55
29 64 41
29 65 54
29 66 99
29 67 73
29 68 25
29 69 23
29 70 98
29 71 39
29 72 50
29 73 73
29 74 56
29 75 32
29 76 96
29 77 22
29 78 23
29 79 58
29 80 96
29 81 82
29 82 79
29 83 84
29 84 39
29 85 69
29 86 23
29 87 1
29 88 3
29 89 87
29 90 36
29 91 68
29 92 31
29 93 54
29 94 34
29 95 68
29 96 100
29 97 36
29 98 73
29 99 98
29 100 52
29 101 38
29 102 41
29 103 92
29 104 26
29 105 43
29 106 86
29 107 55
29 108 2
29 109 32
29 110 38
29 111 62
29 112 52
29 113 62
29 114 42
29 115 33
29 116 30
29 117 95
29 118 22
29 119 98
29 120 59
29 121 92
29 122 19
29 123 53
29 124 37
29 125 62
29 126 89
29 127 56
29 128 92
29 129 92
29 130 11
29 131 3
29 132 52
29 133 35
29 134 80
29 135 79
29 136 57
29 137 66
29 138 58
29 139 63
29 140 6
29 141 47
29 142 23
29 143 13
29 144 68
29 145 8
29 146 70
29 147 97
29 148 84
29 149 50
29 150 71
29 151 90
29 152 64
29 153 66
29 154 67
29 155 20
29 156 12
29 157 68
29 158 98
29 159 55
30 31 38
30 32 58
30 33 70
30 34 23
30 35 26
30 36 84
30 37 15
30 38 80
30 39 35
30 40 17
30 41 66
30 42 8
30 43 75
30 44 52
30 45 7
30 46 21
30 47 48
30 48 28
30 49 99
30 50 23
30 51 99
30 52 41
30 53 80
30 54 20
30 55 21
30 56 33
30 57 72
30 58 56
30 59 2
30 60 50
30 61 35
30 62 52
30 63 57
30 64 62
30 65 16
30 66 81
30 67 48
30 68 38
30 69 9
30 70 11
30 71 74
30 72 12
30 73 38
30 74 90
30 75 70
30 76 12
30 77 74
30 78 21
30 79 6
30 80 4
30 81 69
30 82 1
30 83 88
30 84 75
30 85 6
30 86 15
30 87 45
30 88 21
30 89 43
30 90 59
30 91 65
30 92 87
30 93 4
30 94 11
30 95 30
30 96 81
30 97 31
30 98 81
30 99 96
30 100 62
30 101 46
30 102 96
30 103 88
30 104 91
30 105 38
30 106 27
30 107 95
30 108 50
30 109 51
30 110 55
30 111 86
30 112 38
30 113 3
30 114 99
30 115 8
30 116 96
30 117 43
30 118 85
30 119 26
30 120 62
30 121 95
30 122 1
30 123 74
30 124 39
30 125 63
30 126 21
30 127 67
30 128 66
30 129 49
30 130 39
30 131 28
30 132 66
30 133 8
30 134 97
30 135 11
30 136 66
30 137 40
30 138 22
30 139 22
30 140 66
30 141 46
30 142 8
30 143 95
30 144 57
30 145 59
30 146 28
30 147 6
30 148 25
30 149 58
30 150 50
30 151 71
30 152 30
30 153 98
30 154 37
30 155 64
30 156 43
30 157 95
30 158 11
30 159 9
31 32 15
31 33 40
31 34 46
31 35 58
31 36 67
31 37 72
31 38 85
31 39 17
31 40 51
31 41 55
31 42 58
31 43 16
31 44 15
31 45 88
31 46 12
31 47 23
31 48 19
31 49 41
31 50 51
31 51 30
31 52 49
31 53 8
31 54 31
31 55 20
31 56 72
31 57 6
31 58 54
31 59 67
31 60 40
31 61 32
31 62 94
31 63 10
31 64 58
31 65 43
31 66 71
31 67 97
31 68 47
31 69 88
31 70 29
31 71 53
31 72 50
31 73 82
31 74 7
31 75 86
31 76 4
31 77 39
31 78 68
31 79 11
31 80 29
31 81 65
31 82 43
31 83 90
31 84 92
31 85 78
31 86 32
31 87 94
31 88 50
31 89 4
31 90 73
31 91 87
31 92 83
31 93 43
31 94 97
31 95 61
31 96 5
31 97 5
31 98 6
31 99 48
31 100 74
31 101 56
31 102 11
31 103 5
31 104 73
31 105 5
31 106 19
31 107 33
31 108 90
31 109 18
31 110 42
31 111 15
31 112 46
31 113 97
31 114 81
31 115 73
31 116 93
31 117 79
31 118 20
31 119 7
31 120 28
31 121 83
31 122 35
31 123 91
31 124 29
31 125 62
31 126 44
31 127 30
31 128 12
31 129 49
31 130 59
31 131 95
31 132 39
31 133 7
31 134 94
31 135 42
31 136 84
31 137 73
31 138 10
31 139 92
31 140 34
31 141 5
31 142 14
31 143 20
31 144 22
31 145 92
31 146 58
31 147 35
31 148 7
31 149 90
31 150 24
31 151 23
31 152 21
31 153 54
31 154 32
31 155 6
31 156 45
31 157 21
31 158 47
31 159 75
32 33 22
32 34 17
32 35 32
32 36 97
32 37 77
32 38 20
32 39 44
32 40 92
32 41 7
32 42 20
32 43 86
32 44 26
32 45 76
32 46 88
32 47 70
32 48 52
32 49 69
32 50 18
32 51 40
32 52 91
32 53 81
32 54 58
32 55 71
32 56 54
32 57 72
32 58 43
32 59 41
32 60 6
32 61 92
32 62 93
32 63 83
32 64 92
32 65 32
32 66 36
32 67 73
32 68 60
32 69 57
32 70 49
32 71 15
32 72 75
32 73 26
32 74 74
32 75 29
32 76 69
32 77 61
32 78 38
32 79 96
32 80 24
32 81 65
32 82 7
32 83 7
32 84 80
32 85 30
32 86 91
32 87 38
32 88 86
32 89 73
32 90 33
32 91 30
32 92 49
32 93 26
32 94 47
32 95 46
32 96 19
32 97 13
32 98 33
32 99 40
32 100 15
32 101 16
32 102 55
32 103 54
32 104 94
32 105 58
32 106 39
32 107 93
32 108 80
32 109 40
32 110 14
32 111 78
32 112 66
32 113 35
32 114 68
32 115 11
32 116 11
32 117 33
32 118 63
32 119 26
32 120 4
32 121 9
32 122 96
32 123 41
32 124 13
32 125 77
32 126 70
32 127 83
32 128 17
32 129 11
32 130 90
32 131 97
32 132 32
32 133 10
32 134 74
32 135 29
32 136 55
32 137 68
32 138 24
32 139 73
32 140 19
32 141 69
32 142 3
32 143 94
32 144 9
32 145 57
32 146 35
32 147 40
32 148 45
32 149 98
32 150 73
32 151 33
32 152 61
32 153 90
32 154 90
32 155 54
32 156 69
32 157 88
32 158 52
32 159 71
33 34 78
33 35 21
33 36 9
33 37 18
33 38 82
33 39 72
33 40 65
33 41 26
33 42 30
33 43 3
33 44 2
33 45 78
33 46 4
33 47 10
33 48 15
33 49 90
33 50 1
33 51 26
33 52 39
33 53 25
33 54 79
33 55 32
33 56 93
33 57 92
33 58 23
33 59 26
33 60 68
33 61 15
33 62 55
33 63 26
33 64 46
33 65 69
33 66 42
33 67 55
33 68 89
33 69 31
33 70 53
33 71 14
33 72 13
33 73 91
33 74 100
33 75 86
33 76 62
33 77 96
33 78 14
33 79 5
33 80 25
33 81 56
33 82 76
33 83 19
33 84 46
33 85 6
33 86 87
33 87 84
33 88 41
33 89 37
33 90 70
33 91 77
33 92 36
33 93 3
33 94 38
33 95 26
33 96 81
33 97 25
33 98 18
33 99 34
33 100 29
33 101 35
33 102 67
33 103 99
33 104 14
33 105 13
33 106 79
33 107 86
33 108 65
33 109 64
33 110 41
33 111 20
33 112 90
33 113 46
33 114 92
33 115 10
33 116 89
33 117 97
33 118 13
33 119 34
33 120 81
33 121 85
33 122 29
33 123 24
33 124 25
33 125 19
33 126 62
33 127 76
33 128 93
33 129 98
33 130 35
33 131 11
33 132 40
33 133 88
33 134 69
33 135 64
33 136 27
33 137 31
33 138 18
33 139 75
33 140 51
33 141 39
33 142 86
33 143 48
33 144 90
33 145 11
33 146 36
33 147 27
33 148 77
33 149 7
33 150 89
33 151 41
33 152 61
33 153 14
33 154 50
33 155 58
33 156 44
33 157 83
33 158 100
33 159 4
34 35 38
34 36 35
34 37 41
34 38 7
34 39 97
34 40 21
34 41 58
34 42 70
34 43 30
34 44 64
34 45 80
34 46 25
34 47 21
34 48 56
34 49 3
34 50 63
34 51 42
34 52 69
34 53 53
34 54 62
34 55 15
34 56 20
34 57 45
34 58 60
34 59 2
34 60 16
34 61 82
34 62 83
34 63 3
34 64 36
34 65 59
34 66 56
34 67 14
34 68 8
34 69 49
34 70 86
34 71 48
34 72 48
34 73 96
34 74 1
34 75 26
34 76 29
34 77 7
34 78 95
34 79 11
34 80 48
34 81 54
34 82 82
34 83 65
34 84 41
34 85 7
34 86 46
34 87 1
34 88 55
34 89 62
34 90 87
34 91 82
34 92 36
34 93 61
34 94 46
34 95 23
34 96 2
34 97 46
34 98 95
34 99 34
34 100 93
34 101 11
34 102 33
34 103 87
34 104 12
34 105 30
34 106 81
34 107 94
34 108 95
34 109 61
34 110 95
34 111 78
34 112 10
34 113 97
34 114 25
34 115 62
34 116 48
34 117 87
34 118 91
34 119 88
34 120 17
34 121 74
34 122 16
34 123 45
34 124 100
34 125 45
34 126 97
34 127 16
34 128 54
34 129 55
34 130 80
34 131 35
34 132 58
34 133 2
34 134 89
34 135 44
34 136 7
34 137 55
34 138 92
34 139 31
34 140 3
34 141 30
34 142 41
34 143 67
34 144 71
34 145 42
34 146 28
34 147 89
34 148 31
34 149 49
34 150 85
34 151 49
34 152 83
34 153 67
34 154 91
34 155 99
34 156 94
34 157 9
34 158 68
34 159 28
35 36 39
35 37 69
35 38 2
35 39 90
35 40 49
35 41 31
35 42 92
35 43 99
35 44 31
35 45 52
35 46 100
35 47 85
35 48 85
35 49 20
35 50 61
35 51 9
35 52 18
35 53 83
35 54 100
35 55 61
35 56 18
35 57 13
35 58 71
35 59 69
35 60 44
35 61 82
35 62 25
35 63 97
35 64 52
35 65 8
35 66 62
35 67 3
35 68 74
35 69 98
35 70 48
35 71 39
35 72 21
35 73 87
35 74 5
35 75 7
35 76 100
35 77 65
35 78 58
35 79 27
35 80 3
35 81 46
35 82 7
35 83 70
35 84 23
35 85 49
35 86 100
35 87 4
35 88 55
35 89 56
35 90 24
35 91 69
35 92 43
35 93 21
35 94 27
35 95 63
35 96 32
35 97 8
35 98 98
35 99 14
35 100 59
35 101 31
35 102 90
35 103 5
35 104 93
35 105 91
35 106 9
35 107 66
35 108 23
35 109 34
35 110 3
35 111 27
35 112 2
35 113 38
35 114 67
35 115 56
35 116 38
35 117 37
35 118 43
35 119 21
35 120 76
35 121 56
35 122 85
35 123 43
35 124 41
35 125 13
35 126 17
35 127 46
35 128 24
35 129 75
35 130 41
35 131 44
35 132 13
35 133 81
35 134 100
35 135 13
35 136 31
35 137 14
35 138 38
35 139 71
35 140 87
35 141 45
35 142 69
35 143 53
35 144 54
35 145 18
35 146 76
35 147 50
35 148 7
35 149 48
35 150 97
35 151 64
35 152 55
35 153 79
35 154 88
35 155 25
35 156 42
35 157 95
35 158 22
35 159 57
36 37 86
36 38 48
36 39 53
36 40 23
36 41 54
36 42 58
36 43 52
36 44 37
36 45 42
36 46 20
36 47 8
36 48 32
36 49 36
36 50 23
36 51 91
36 52 54
36 53 58
36 54 97
36 55 84
36 56 1
36 57 48
36 58 21
36 59 100
36 60 63
36 61 19
36 62 23
36 63 3
36 64 72
36 65 62
36 66 97
36 67 75
36 68 6
36 69 98
36 70 86
36 71 24
36 72 48
36 73 70
36 74 59
36 75 71
36 76 93
36 77 52
36 78 47
36 79 27
36 80 20
36 81 96
36 82 43
36 83 77
36 84 69
36 85 28
36 86 34
36 87 97
36 88 29
36 89 89
36 90 16
36 91 58
36 92 47
36 93 22
36 94 99
36 95 2
36 96 5
36 97 76
36 98 23
36 99 63
36 100 38
36 101 10
36 102 70
36 103 95
36 104 64
36 105 81
36 106 6
36 107 63
36 108 66
36 109 66
36 110 23
36 111 59
36 112 41
36 113 24
36 114 82
36 115 49
36 116 8
36 117 18
36 118 6
36 119 71
36 120 38
36 121 43
36 122 93
36 123 29
36 124 67
36 125 43
36 126 42
36 127 10
36 128 19
36 129 64
36 130 97
36 131 16
36 132 17
36 133 97
36 134 99
36 135 8
36 136 70
36 137 95
36 138 2
36 139 90
36 140 58
36 141 18
36 142 41
36 143 98
36 144 55
36 145 32
36 146 95
36 147 97
36 148 2
36 149 15
36 150 93
36 151 13
36 152 24
36 153 43
36 154 81
36 155 19
36 156 23
36 157 80
36 158 87
36 159 72
37 38 96
37 39 13
37 40 11
37 41 71
37 42 23
37 43 60
37 44 47
37 45 75
37 46 74
37 47 9
37 48 67
37 49 25
37 50 3
37 51 38
37 52 26
37 53 55
37 54 77
37 55 32
37 56 83
37 57 15
37 58 9
37 59 17
37 60 6
37 61 14
37 62 50
37 63 36
37 64 94
37 65 41
37 66 42
37 67 59
37 68 2
37 69 19
37 70 26
37 71 21
37 72 18
37 73 1
37 74 60
37 75 68
37 76 16
37 77 49
37 78 17
37 79 43
37 80 64
37 81 5
37 82 49
37 83 35
37 84 83
37 85 1
37 86 26
37 87 14
37 88 82
37 89 66
37 90 88
37 91 58
37 92 37
37 93 1
37 94 54
37 95 96
37 96 77
37 97 73
37 98 83
37 99 51
37 100 25
37 101 39
37 102 21
37 103 94
37 104 39
37 105 32
37 106 80
37 107 75
37 108 85
37 109 64
37 110 97
37 111 2
37 112 93
37 113 1
37 114 38
37 115 88
37 116 4
37 117 35
37 118 11
37 119 28
37 120 56
37 121 72
37 122 58
37 123 24
37 124 47
37 125 55
37 126 74
37 127 36
37 128 28
37 129 12
37 130 75
37 131 78
37 132 68
37 133 75
37 134 82
37 135 17
37 136 75
37 137 31
37 138 89
37 139 95
37 140 71
37 141 84
37 142 26
37 143 51
37 144 58
37 145 37
37 146 89
37 147 92
37 148 36
37 149 25
37 150 45
37 151 8
37 152 49
37 153 43
37 154 62
37 155 55
37 156 15
37 157 23
37 158 59
37 159 86
38 39 22
38 40 72
38 41 40
38 42 62
38 43 50
38 44 18
38 45 89
38 46 93
38 47 22
38 48 54
38 49 63
38 50 49
38 51 22
38 52 15
38 53 74
38 54 85
38 55 50
38 56 24
38 57 86
38 58 33
38 59 15
38 60 87
38 61 48
38 62 70
38 63 50
38 64 63
38 65 79
38 66 13
38 67 7
38 68 74
38 69 65
38 70 51
38 71 12
38 72 23
38 73 60
38 74 26
38 75 26
38 76 36
38 77 68
38 78 56
38 79 37
38 80 91
38 81 64
38 82 57
38 83 29
38 84 16
38 85 56
38 86 3
38 87 62
38 88 8
38 89 97
38 90 89
38 91 74
38 92 31
38 93 11
38 94 33
38 95 53
38 96 85
38 97 27
38 98 34
38 99 84
38 100 83
38 101 85
38 102 96
38 103 98
38 104 12
38 105 4
38 106 43
38 107 60
38 108 2
38 109 34
38 110 77
38 111 71
38 112 20
38 113 21
38 114 8
38 115 100
38 116 28
38 117 42
38 118 57
38 119 24
38 120 41
38 121 29
38 122 52
38 123 71
38 124 37
38 125 28
38 126 35
38 127 82
38 128 16
38 129 80
38 130 81
38 131 91
38 132 16
38 133 69
38 134 8
38 135 24
38 136 72
38 137 55
38 138 94
38 139 7
38 140 29
38 141 67
38 142 24
38 143 79
38 144 62
38 145 69
38 146 97
38 147 96
38 148 47
38 149 12
38 150 8
38 151 18
38 152 64
38 153 17
38 154 43
38 155 63
38 156 98
38 157 9
38 158 20
38 159 90
39 40 61
39 41 80
39 42 91
39 43 33
39 44 46
39 45 23
39 46 12
39 47 81
39 48 24
39 49 68
39 50 33
39 51 19
39 52 20
39 53 37
39 54 90
39 55 68
39 56 51
39 57 69
39 58 49
39 59 16
39 60 59
39 61 38
39 62 6
39 63 19
39 64 50
39 65 48
39 66 28
39 67 98
39 68 85
39 69 26
39 70 50
39 71 5
39 72 88
39 73 14
39 74 95
39 75 23
39 76 95
39 77 99
39 78 40
39 79 22
39 80 1
39 81 33
39 82 57
39 83 83
39 84 64
39 85 74
39 86 46
39 87 36
39 88 66
39 89 74
39 90 5
39 91 53
39 92 48
39 93 33
39 94 98
39 95 93
39 96 11
39 97 65
39 98 70
39 99 94
39 100 83
39 101 99
39 102 92
39 103 23
39 104 75
39 105 79
39 106 37
39 107 8
39 108 70
39 109 58
39 110 54
39 111 100
39 112 100
39 113 46
39 114 31
39 115 46
39 116 35
39 117 93
39 118 40
39 119 84
39 120 73
39 121 91
39 122 9
39 123 41
39 124 85
39 125 86
39 126 27
39 127 5
39 128 3
39 129 90
39 130 24
39 131 89
39 132 9
39 133 67
39 134 98
39 135 19
39 136 19
39 137 40
39 138 53
39 139 61
39 140 4
39 141 93
39 142 72
39 143 17
39 144 82
39 145 57
39 146 12
39 147 79
39 148 88
39 149 11
39 150 38
39 151 100
39 152 38
39 153 95
39 154 24
39 155 25
39 156 88
39 157 76
39 158 70
39 159 77
40 41 65
40 42 25
40 43 15
40 44 11
40 45 6
40 46 95
40 47 7
40 48 99
40 49 50
40 50 58
40 51 11
40 52 45
40 53 69
40 54 62
40 55 25
40 56 29
40 57 37
40 58 70
40 59 7
40 60 84
40 61 85
40 62 12
40 63 23
40 64 19
40 65 44
40 66 83
40 67 41
40 68 52
40 69 64
40 70 20
40 71 65
40 72 22
40 73 63
40 74 9
40 75 98
40 76 99
40 77 56
40 78 44
40 79 24
40 80 81
40 81 73
40 82 55
40 83 47
40 84 80
40 85 43
40 86 24
40 87 47
40 88 13
40 89 34
40 90 48
40 91 30
40 92 32
40 93 78
40 94 41
40 95 96
40 96 18
40 97 41
40 98 12
40 99 69
40 100 47
40 101 76
40 102 27
40 103 69
40 104 68
40 105 62
40 106 57
40 107 1
40 108 67
40 109 83
40 110 40
40 111 88
40 112 4
40 113 6
40 114 2
40 115 43
40 116 22
40 117 60
40 118 8
40 119 29
40 120 69
40 121 37
40 122 92
40 123 43
40 124 34
40 125 70
40 126 94
40 127 38
40 128 60
40 129 99
40 130 86
40 131 54
40 132 19
40 133 85
40 134 40
40 135 76
40 136 54
40 137 26
40 138 18
40 139 9
40 140 77
40 141 7
40 142 95
40 143 2
40 144 16
40 145 68
40 146 18
40 147 19
40 148 73
40 149 39
40 150 53
40 151 100
40 152 80
40 153 6
40 154 23
40 155 51
40 156 69
40 157 82
40 158 1
40 159 85
41 42 7
41 43 59
41 44 11
41 45 51
41 46 61
41 47 14
41 48 34
41 49 86
41 50 32
41 51 61
41 52 20
41 53 86
41 54 77
41 55 58
41 56 30
41 57 39
41 58 25
41 59 45
41 60 10
41 61 21
41 62 26
41 63 17
41 64 92
41 65 81
41 66 88
41 67 1
41 68 2
41 69 12
41 70 59
41 71 46
41 72 10
41 73 59
41 74 3
41 75 64
41 76 35
41 77 4
41 78 96
41 79 13
41 80 55
41 81 86
41 82 27
41 83 15
41 84 6
41 85 86
41 86 88
41 87 54
41 88 51
41 89 48
41 90 96
41 91 48
41 92 71
41 93 12
41 94 97
41 95 48
41 96 81
41 97 94
41 98 11
41 99 43
41 100 16
41 101 56
41 102 24
41 103 15
41 104 31
41 105 11
41 106 68
41 107 18
41 108 19
41 109 42
41 110 22
41 111 89
41 112 96
41 113 78
41 114 80
41 115 15
41 116 27
41 117 61
41 118 42
41 119 13
41 120 19
41 121 62
41 122 76
41 123 82
41 124 71
41 125 67
41 126 97
41 127 80
41 128 35
41 129 20
41 130 88
41 131 10
41 132 51
41 133 44
41 134 59
41 135 51
41 136 35
41 137 46
41 138 88
41 139 75
41 140 59
41 141 37
41 142 45
41 143 18
41 144 92
41 145 84
41 146 22
41 147 56
41 148 46
41 149 19
41 150 95
41 151 20
41 152 66
41 153 61
41 154 91
41 155 32
41 156 76
41 157 54
41 158 98
41 159 100
42 43 49
42 44 69
42 45 23
42 46 84
42 47 41
42 48 2
42 49 53
42 50 28
42 51 72
42 52 10
42 53 5
42 54 32
42 55 72
42 56 44
42 57 85
42 58 32
42 59 24
42 60 24
42 61 14
42 62 30
42 63 27
42 64 13
42 65 68
42 66 40
42 67 64
42 68 27
42 69 50
42 70 79
42 71 83
42 72 80
42 73 76
42 74 54
42 75 62
42 76 42
42 77 87
42 78 93
42 79 8
42 80 55
42 81 90
42 82 10
42 83 66
42 84 25
42 85 46
42 86 60
42 87 80
42 88 49
42 89 28
42 90 65
42 91 63
42 92 56
42 93 87
42 94 36
42 95 2
42 96 52
42 97 39
42 98 74
42 99 34
42 100 29
42 101 16
42 102 52
42 103 4
42 104 46
42 105 43
42 106 22
42 107 19
42 108 51
42 109 74
42 110 71
42 111 46
42 112 84
42 113 11
42 114 50
42 115 53
42 116 47
42 117 27
42 118 1
42 119 29
42 120 49
42 121 55
42 122 70
42 123 22
42 124 17
42 125 17
42 126 34
42 127 10
42 128 57
42 129 70
42 130 55
42 131 84
42 132 51
42 133 69
42 134 80
42 135 49
42 136 42
42 137 89
42 138 73
42 139 32
42 140 81
42 141 26
42 142 54
42 143 54
42 144 80
42 145 64
42 146 43
42 147 85
42 148 91
42 149 90
42 150 88
42 151 83
42 152 26
42 153 12
42 154 51
42 155 91
42 156 91
42 157 18
42 158 97
42 159 45
43 44 10
43 45 76
43 46 48
43 47 59
43 48 13
43 49 85
43 50 18
43 51 13
43 52 47
43 53 86
43 54 73
43 55 38
43 56 41
43 57 30
43 58 7
43 59 100
43 60 94
43 61 2
43 62 79
43 63 24
43 64 40
43 65 83
43 66 48
43 67 23
43 68 8
43 69 8
43 70 84
43 71 26
43 72 65
43 73 79
43 74 31
43 75 83
43 76 56
43 77 88
43 78 24
43 79 19
43 80 95
43 81 52
43 82 83
43 83 76
43 84 15
43 85 70
43 86 51
43 87 2
43 88 45
43 89 59
43 90 39
43 91 36
43 92 91
43 93 81
43 94 60
43 95 30
43 96 99
43 97 39
43 98 15
43 99 81
43 100 47
43 101 5
43 102 52
43 103 81
43 104 49
43 105 1
43 106 33
43 107 93
43 108 45
43 109 38
43 110 60
43 111 70
43 112 79
43 113 84
43 114 81
43 115 46
43 116 5
43 117 34
43 118 18
43 119 69
43 120 23
43 121 11
43 122 40
43 123 74
43 124 49
43 125 24
43 126 66
43 127 50
43 128 49
43 129 34
43 130 30
43 131 33
43 132 92
43 133 78
43 134 21
43 135 86
43 136 63
43 137 17
43 138 35
43 139 62
43 140 30
43 141 98
43 142 48
43 143 41
43 144 62
43 145 25
43 146 45
43 147 69
43 148 57
43 149 3
43 150 14
43 151 51
43 152 7
43 153 59
43 154 40
43 155 93
43 156 77
43 157 51
43 158 84
43 159 69
44 45 27
44 46 13
44 47 71
44 48 49
44 49 64
44 50 31
44 51 75
44 52 43
44 53 44
44 54 83
44 55 67
44 56 2
44 57 11
44 58 69
44 59 8
44 60 11
44 61 76
44 62 21
44 63 86
44 64 61
44 65 6
44 66 74
44 67 51
44 68 72
44 69 51
44 70 98
44 71 98
44 72 93
44 73 20
44 74 93
44 75 46
44 76 3
44 77 1
44 78 27
44 79 5
44 80 52
44 81 97
44 82 1
44 83 84
44 84 95
44 85 90
44 86 3
44 87 48
44 88 13
44 89 61
44 90 65
44 91 91
44 92 66
44 93 92
44 94 52
44 95 22
44 96 75
44 97 89
44 98 66
44 99 50
44 100 88
44 101 51
44 102 38
44 103 54
44 104 9
44 105 36
44 106 97
44 107 68
44 108 6
44 109 98
44 110 61
44 111 28
44 112 55
44 113 97
44 114 47
44 115 14
44 116 65
44 117 72
44 118 72
44 119 91
44 120 33
44 121 77
44 122 53
44 123 85
44 124 87
44 125 90
44 126 47
44 127 17
44 128 34
44 129 14
44 130 29
44 131 16
44 132 60
44 133 1
44 134 46
44 135 3
44 136 13
44 137 40
44 138 23
44 139 85
44 140 48
44 141 74
44 142 72
44 143 96
44 144 88
44 145 27
44 146 33
44 147 46
44 148 59
44 149 90
44 150 13
44 151 91
44 152 27
44 153 70
44 154 57
44 155 68
44 156 59
44 157 89
44 158 62
44 159 5
45 46 73
45 47 35
45 48 26
45 49 44
45 50 34
45 51 51
45 52 43
45 53 57
45 54 17
45 55 21
45 56 47
45 57 87
45 58 79
45 59 88
45 60 32
45 61 14
45 62 86
45 63 35
45 64 81
45 65 69
45 66 4
45 67 89
45 68 21
45 69 18
45 70 32
45 71 26
45 72 57
45 73 9
45 74 80
45 75 26
45 76 93
45 77 32
45 78 12
45 79 51
45 80 87
45 81 86
45 82 96
45 83 73
45 84 97
45 85 34
45 86 17
45 87 53
45 88 87
45 89 49
45 90 58
45 91 44
45 92 11
45 93 74
45 94 20
45 95 16
45 96 85
45 97 100
45 98 63
45 99 47
45 100 54
45 101 9
45 102 17
45 103 14
45 104 33
45 105 97
45 106 37
45 107 9
45 108 47
45 109 21
45 110 47
45 111 4
45 112 21
45 113 15
45 114 67
45 115 10
45 116 24
45 117 8
45 118 88
45 119 71
45 120 9
45 121 20
45 122 47
45 123 45
45 124 36
45 125 43
45 126 21
45 127 95
45 128 2
45 129 70
45 130 16
45 131 61
45 132 42
45 133 35
45 134 30
45 135 23
45 136 2
45 137 90
45 138 45
45 139 70
45 140 10
45 141 59
45 142 30
45 143 14
45 144 61
45 145 15
45 146 95
45 147 8
45 148 47
45 149 19
45 150 18
45 151 35
45 152 75
45 153 22
45 154 8
45 155 5
45 156 77
45 157 2
45 158 100
45 159 24
46 47 31
46 48 61
46 49 31
46 50 3
46 51 26
46 52 11
46 53 19
46 54 3
46 55 38
46 56 51
46 57 39
46 58 99
46 59 42
46 60 25
46 61 59
46 62 1
46 63 84
46 64 78
46 65 70
46 66 47
46 67 19
46 68 97
46 69 11
46 70 86
46 71 10
46 72 43
46 73 7
46 74 66
46 75 85
46 76 54
46 77 93
46 78 55
46 79 98
46 80 37
46 81 91
46 82 54
46 83 8
46 84 90
46 85 26
46 86 59
46 87 85
46 88 32
46 89 52
46 90 59
46 91 15
46 92 87
46 93 84
46 94 29
46 95 49
46 96 68
46 97 28
46 98 91
46 99 26
46 100 27
46 101 62
46 102 4
46 103 30
46 104 59
46 105 67
46 106 5
46 107 99
46 108 69
46 109 15
46 110 77
46 111 41
46 112 75
46 113 80
46 114 64
46 115 65
46 116 19
46 117 7
46 118 63
46 119 42
46 120 77
46 121 15
46 122 69
46 123 18
46 124 37
46 125 52
46 126 14
46 127 98
46 128 81
46 129 2
46 130 98
46 131 46
46 132 32
46 133 2
46 134 91
46 135 47
46 136 82
46 137 29
46 138 92
46 139 89
46 140 2
46 141 31
46 142 36
46 143 29
46 144 90
46 145 66
46 146 2
46 147 45
46 148 71
46 149 79
46 150 43
46 151 74
46 152 74
46 153 80
46 154 55
46 155 45
46 156 46
46 157 66
46 158 100
46 159 18
47 48 77
47 49 4
47 50 19
47 51 49
47 52 32
47 53 41
47 54 20
47 55 16
47 56 59
47 57 45
47 58 93
47 59 23
47 60 49
47 61 44
47 62 41
47 63 100
47 64 47
47 65 15
47 66 20
47 67 59
47 68 41
47 69 5
47 70 3
47 71 13
47 72 62
47 73 16
47 74 44
47 75 50
47 76 51
47 77 26
47 78 18
47 79 82
47 80 47
47 81 53
47 82 62
47 83 45
47 84 52
47 85 91
47 86 70
47 87 6
47 88 26
47 89 16
47 90 49
47 91 25
47 92 46
47 93 20
47 94 52
47 95 92
47 96 46
47 97 67
47 98 81
47 99 20
47 100 77
47 101 81
47 102 18
47 103 2
47 104 67
47 105 43
47 106 4
47 107 74
47 108 27
47 109 13
47 110 9
47 111 86
47 112 7
47 113 38
47 114 98
47 115 87
47 116 84
47 117 30
47 118 20
47 119 33
47 120 12
47 121 9
47 122 60
47 123 17
47 124 98
47 125 8
47 126 40
47 127 61
47 128 80
47 129 39
47 130 24
47 131 3
47 132 43
47 133 90
47 134 39
47 135 26
47 136 76
47 137 96
47 138 87
47 139 88
47 140 90
47 141 88
47 142 90
47 143 71
47 144 79
47 145 9
47 146 98
47 147 1
47 148 22
47 149 47
47 150 72
47 151 70
47 152 9
47 153 53
47 154 20
47 155 76
47 156 11
47 157 28
47 158 21
47 159 74
48 49 22
48 50 62
48 51 91
48 52 45
48 53 20
48 54 84
48 55 76
48 56 56
48 57 10
48 58 96
48 59 76
48 60 64
48 61 7
48 62 90
48 63 23
48 64 92
48 65 12
48 66 28
48 67 65
48 68 25
48 69 60
48 70 81
48 71 5
48 72 47
48 73 51
48 74 94
48 75 9
48 76 8
48 77 48
48 78 81
48 79 18
48 80 93
48 81 40
48 82 23
48 83 10
48 84 67
48 85 15
48 86 36
48 87 92
48 88 79
48 89 21
48 90 51
48 91 1
48 92 90
48 93 63
48 94 21
48 95 14
48 96 61
48 97 98
48 98 78
48 99 24
48 100 33
48 101 96
48 102 75
48 103 28
48 104 9
48 105 55
48 106 50
48 107 22
48 108 4
48 109 76
48 110 94
48 111 67
48 112 57
48 113 90
48 114 58
48 115 50
48 116 37
48 117 55
48 118 95
48 119 98
48 120 13
48 121 93
48 122 7
48 123 55
48 124 64
48 125 68
48 126 28
48 127 85
48 128 59
48 129 97
48 130 72
48 131 78
48 132 85
48 133 17
48 134 30
48 135 28
48 136 37
48 137 21
48 138 81
48 139 81
48 140 3
48 141 53
48 142 97
48 143 9
48 144 58
48 145 41
48 146 25
48 147 30
48 148 82
48 149 52
48 150 23
48 151 25
48 152 92
48 153 1
48 154 81
48 155 1
48 156 91
48 157 70
48 158 19
48 159 25
49 50 80
49 51 84
49 52 5
49 53 83
49 54 31
49 55 49
49 56 33
49 57 89
49 58 58
49 59 3
49 60 45
49 61 73
49 62 96
49 63 75
49 64 10
49 65 65
49 66 53
49 67 28
49 68 80
49 69 50
49 70 91
49 71 95
49 72 54
49 73 6
49 74 21
49 75 81
49 76 47
49 77 28
49 78 45
49 79 96
49 80 97
49 81 47
49 82 25
49 83 88
49 84 91
49 85 10
49 86 74
49 87 3
49 88 92
49 89 49
49 90 24
49 91 91
49 92 82
49 93 39
49 94 77
49 95 81
49 96 87
49 97 93
49 98 28
49 99 48
49 100 93
49 101 82
49 102 35
49 103 32
49 104 86
49 105 17
49 106 92
49 107 42
49 108 57
49 109 93
49 110 95
49 111 72
49 112 72
49 113 54
49 114 46
49 115 57
49 116 84
49 117 23
49 118 63
49 119 52
49 120 77
49 121 24
49 122 43
49 123 73
49 124 23
49 125 49
49 126 29
49 127 66
49 128 34
49 129 31
49 130 77
49 131 37
49 132 16
49 133 81
49 134 39
49 135 24
49 136 86
49 137 20
49 138 19
49 139 48
49 140 34
49 141 16
49 142 69
49 143 79
49 144 59
49 145 18
49 146 12
49 147 100
49 148 10
49 149 36
49 150 73
49 151 76
49 152 88
49 153 66
49 154 97
49 155 21
49 156 69
49 157 84
49 158 57
49 159 55
50 51 16
50 52 42
50 53 45
50 54 66
50 55 7
50 56 13
50 57 71
50 58 59
50 59 16
50 60 38
50 61 97
50 62 53
50 63 94
50 64 68
50 65 45
50 66 35
50 67 76
50 68 71
50 69 23
50 70 49
50 71 9
50 72 1
50 73 24
50 74 57
50 75 99
50 76 60
50 77 55
50 78 29
50 79 98
50 80 78
50 81 1
50 82 43
50 83 91
50 84 90
50 85 47
50 86 28
50 87 31
50 88 11
50 89 17
50 90 89
50 91 52
50 92 40
50 93 45
50 94 74
50 95 24
50 96 26
50 97 73
50 98 50
50 99 97
50 100 35
50 101 38
50 102 68
50 103 10
50 104 49
50 105 67
50 106 71
50 107 15
50 108 78
50 109 31
50 110 6
50 111 2
50 112 96
50 113 3
50 114 31
50 115 67
50 116 70
50 117 47
50 118 41
50 119 54
50 120 66
50 121 74
50 122 90
50 123 86
50 124 89
50 125 44
50 126 39
50 127 91
50 128 77
50 129 83
50 130 14
50 131 61
50 132 39
50 133 51
50 134 92
50 135 68
50 136 55
50 137 4
50 138 23
50 139 64
50 140 9
50 141 35
50 142 41
50 143 21
50 144 14
50 145 9
50 146 87
50 147 9
50 148 29
50 149 72
50 150 78
50 151 55
50 152 14
50 153 68
50 154 9
50 155 38
50 156 3
50 157 61
50 158 74
50 159 16
51 52 85
51 53 56
51 54 95
51 55 6
51 56 10
51 57 59
51 58 82
51 59 15
51 60 16
51 61 63
51 62 60
51 63 83
51 64 11
51 65 66
51 66 13
51 67 77
51 68 45
51 69 58
51 70 5
51 71 76
51 72 23
51 73 18
51 74 90
51 75 87
51 76 46
51 77 7
51 78 69
51 79 49
51 80 5
51 81 4
51 82 29
51 83 12
51 84 90
51 85 86
51 86 89
51 87 60
51 88 17
51 89 94
51 90 12
51 91 52
51 92 46
51 93 68
51 94 23
51 95 72
51 96 45
51 97 17
51 98 57
51 99 15
51 100 6
51 101 8
51 102 36
51 103 36
51 104 2
51 105 32
51 106 5
51 107 100
51 108 21
51 109 15
51 110 21
51 111 86
51 112 70
51 113 53
51 114 45
51 115 40
51 116 55
51 117 24
51 118 85
51 119 53
51 120 73
51 121 4
51 122 81
51 123 85
51 124 70
51 125 37
51 126 66
51 127 10
51 128 58
51 129 83
51 130 52
51 131 22
51 132 26
51 133 21
51 134 15
51 135 23
51 136 86
51 137 83
51 138 82
51 139 14
51 140 55
51 141 30
51 142 72
51 143 19
51 144 75
51 145 95
51 146 18
51 147 61
51 148 6
51 149 83
51 150 16
51 151 14
51 152 63
51 153 96
51 154 20
51 155 3
51 156 8
51 157 29
51 158 48
51 159 71
52 53 65
52 54 20
52 55 22
52 56 40
52 57 37
52 58 75
52 59 43
52 60 63
52 61 69
52 62 7
52 63 87
52 64 4
52 65 87
52 66 33
52 67 66
52 68 48
52 69 7
52 70 36
52 71 97
52 72 100
52 73 79
52 74 25
52 75 78
52 76 52
52 77 77
52 78 45
52 79 18
52 80 25
52 81 65
52 82 92
52 83 13
52 84 82
52 85 24
52 86 78
52 87 27
52 88 81
52 89 67
52 90 85
52 91 5
52 92 81
52 93 34
52 94 23
52 95 62
52 96 49
52 97 93
52 98 100
52 99 59
52 100 55
52 101 20
52 102 48
52 103 10
52 104 73
52 105 46
52 106 82
52 107 92
52 108 48
52 109 29
52 110 85
52 111 52
52 112 10
52 113 92
52 114 85
52 115 66
52 116 21
52 117 44
52 118 28
52 119 69
52 120 62
52 121 88
52 122 8
52 123 90
52 124 52
52 125 62
52 126 19
52 127 86
52 128 52
52 129 50
52 130 10
52 131 81
52 132 5
52 133 87
52 134 54
52 135 27
52 136 27
52 137 43
52 138 97
52 139 2
52 140 90
52 141 89
52 142 73
52 143 50
52 144 3
52 145 33
52 146 27
52 147 83
52 148 43
52 149 83
52 150 79
52 151 12
52 152 36
52 153 47
52 154 39
52 155 28
52 156 32
52 157 96
52 158 51
52 159 95
53 54 16
53 55 67
53 56 1
53 57 97
53 58 31
53 59 50
53 60 80
53 61 96
53 62 50
53 63 37
53 64 37
53 65 19
53 66 40
53 67 10
53 68 63
53 69 27
53 70 87
53 71 18
53 72 92
53 73 4
53 74 61
53 75 82
53 76 48
53 77 5
53 78 81
53 79 21
53 80 49
53 81 35
53 82 60
53 83 53
53 84 13
53 85 8
53 86 3
53 87 29
53 88 85
53 89 43
53 90 91
53 91 71
53 92 95
53 93 47
53 94 28
53 95 92
53 96 22
53 97 97
53 98 72
53 99 81
53 100 27
53 101 72
53 102 100
53 103 50
53 104 81
53 105 1
53 106 51
53 107 67
53 108 29
53 109 52
53 110 53
53 111 54
53 112 46
53 113 84
53 114 39
53 115 68
53 116 51
53 117 4
53 118 76
53 119 75
53 120 1
53 121 41
53 122 35
53 123 76
53 124 44
53 125 83
53 126 26
53 127 14
53 128 67
53 129 86
53 130 53
53 131 11
53 132 59
53 133 96
53 134 75
53 135 60
53 136 32
53 137 64
53 138 48
53 139 90
53 140 60
53 141 85
53 142 10
53 143 71
53 144 64
53 145 16
53 146 84
53 147 12
53 148 11
53 149 14
53 150 99
53 151 49
53 152 85
53 153 10
53 154 54
53 155 54
53 156 64
53 157 57
53 158 15
53 159 54
54 55 91
54 56 67
54 57 93
54 58 40
54 59 1
54 60 20
54 61 3
54 62 4
54 63 9
54 64 30
54 65 39
54 66 5
54 67 61
54 68 58
54 69 90
54 70 78
54 71 47
54 72 38
54 73 1
54 74 11
54 75 3
54 76 58
54 77 23
54 78 31
54 79 29
54 80 92
54 81 3
54 82 72
54 83 61
54 84 87
54 85 38
54 86 74
54 87 85
54 88 3
54 89 34
54 90 1
54 91 29
54 92 2
54 93 84
54 94 63
54 95 30
54 96 95
54 97 85
54 98 100
54 99 42
54 100 50
54 101 95
54 102 30
54 103 26
54 104 31
54 105 27
54 106 20
54 107 35
54 108 16
54 109 55
54 110 41
54 111 20
54 112 71
54 113 79
54 114 10
54 115 1
54 116 88
54 117 62
54 118 100
54 119 25
54 120 85
54 121 52
54 122 12
54 123 45
54 124 88
54 125 5
54 126 15
54 127 1
54 128 82
54 129 79
54 130 18
54 131 36
54 132 91
54 133 84
54 134 44
54 135 1
54 136 36
54 137 50
54 138 21
54 139 95
54 140 62
54 141 30
54 142 18
54 143 14
54 144 47
54 145 70
54 146 53
54 147 13
54 148 82
54 149 68
54 150 11
54 151 87
54 152 3
54 153 26
54 154 15
54 155 94
54 156 70
54 157 67
54 158 4
54 159 37
55 56 63
55 57 83
55 58 18
55 59 69
55 60 46
55 61 65
55 62 26
55 63 47
55 64 20
55 65 81
55 66 26
55 67 66
55 68 97
55 69 60
55 70 3
55 71 61
55 72 56
55 73 51
55 74 7
55 75 52
55 76 24
55 77 74
55 78 36
55 79 41
55 80 88
55 81 25
55 82 6
55 83 14
55 84 59
55 85 11
55 86 72
55 87 81
55 88 31
55 89 74
55 90 75
55 91 84
55 92 14
55 93 5
55 94 17
55 95 11
55 96 82
55 97 100
55 98 54
55 99 98
55 100 75
55 101 77
55 102 45
55 103 60
55 104 33
55 105 81
55 106 94
55 107 56
55 108 94
55 109 12
55 110 30
55 111 36
55 112 43
55 113 9
55 114 71
55 115 16
55 116 88
55 117 9
55 118 36
55 119 46
55 120 46
55 121 93
55 122 95
55 123 51
55 124 60
55 125 60
55 126 44
55 127 5
55 128 67
55 129 87
55 130 40
55 131 53
55 132 95
55 133 26
55 134 36
55 135 63
55 136 13
55 137 32
55 138 22
55 139 24
55 140 62
55 141 5
55 142 38
55 143 9
55 144 47
55 145 7
55 146 41
55 147 33
55 148 48
55 149 1
55 150 36
55 151 29
55 152 69
55 153 28
55 154 93
55 155 60
55 156 4
55 157 73
55 158 63
55 159 85
56 57 42
56 58 6
56 59 22
56 60 78
56 61 29
56 62 12
56 63 15
56 64 73
56 65 21
56 66 93
56 67 80
56 68 48
56 69 22
56 70 50
56 71 43
56 72 88
56 73 21
56 74 67
56 75 86
56 76 87
56 77 38
56 78 43
56 79 19
56 80 5
56 81 82
56 82 1
56 83 24
56 84 43
56 85 51
56 86 73
56 87 32
56 88 100
56 89 65
56 90 15
56 91 6
56 92 18
56 93 96
56 94 67
56 95 34
56 96 45
56 97 96
56 98 18
56 99 42
56 100 72
56 101 47
56 102 28
56 103 28
56 104 81
56 105 79
56 106 6
56 107 50
56 108 70
56 109 6
56 110 12
56 111 6
56 112 55
56 113 100
56 114 79
56 115 6
56 116 59
56 117 10
56 118 74
56 119 9
56 120 47
56 121 95
56 122 63
56 123 74
56 124 78
56 125 34
56 126 23
56 127 54
56 128 45
56 129 10
56 130 18
56 131 17
56 132 8
56 133 57
56 134 5
56 135 68
56 136 64
56 137 68
56 138 11
56 139 65
56 140 57
56 141 4
56 142 99
56 143 6
56 144 94
56 145 37
56 146 93
56 147 15
56 148 34
56 149 44
56 150 73
56 151 48
56 152 100
56 153 52
56 154 34
56 155 92
56 156 15
56 157 59
56 158 58
56 159 27
57 58 46
57 59 84
57 60 71
57 61 28
57 62 50
57 63 2
57 64 38
57 65 10
57 66 5
57 67 21
57 68 72
57 69 65
57 70 86
57 71 30
57 72 91
57 73 98
57 74 6
57 75 53
57 76 41
57 77 48
57 78 68
57 79 59
57 80 15
57 81 18
57 82 29
57 83 13
57 84 64
57 85 44
57 86 27
57 87 39
57 88 92
57 89 16
57 90 8
57 91 70
57 92 80
57 93 32
57 94 23
57 95 58
57 96 41
57 97 58
57 98 95
57 99 14
57 100 61
57 101 91
57 102 66
57 103 78
57 104 7
57 105 31
57 106 90
57 107 7
57 108 30
57 109 46
57 110 33
57 111 45
57 112 77
57 113 61
57 114 15
57 115 17
57 116 13
57 117 100
57 118 46
57 119 86
57 120 55
57 121 76
57 122 21
57 123 85
57 124 8
57 125 79
57 126 28
57 127 88
57 128 19
57 129 73
57 130 30
57 131 33
57 132 60
57 133 86
57 134 25
57 135 28
57 136 49
57 137 38
57 138 76
57 139 64
57 140 81
57 141 41
57 142 45
57 143 6
57 144 81
57 145 15
57 146 61
57 147 60
57 148 81
57 149 92
57 150 63
57 151 44
57 152 25
57 153 60
57 154 57
57 155 22
57 156 65
57 157 17
57 158 100
57 159 56
58 59 66
58 60 100
58 61 61
58 62 91
58 63 65
58 64 29
58 65 68
58 66 48
58 67 71
58 68 77
58 69 27
58 70 11
58 71 39
58 72 46
58 73 56
58 74 99
58 75 16
58 76 59
58 77 12
58 78 42
58 79 30
58 80 87
58 81 19
58 82 45
58 83 98
58 84 2
58 85 30
58 86 2
58 87 25
58 88 6
58 89 25
58 90 22
58 91 83
58 92 65
58 93 62
58 94 100
58 95 97
58 96 22
58 97 19
58 98 61
58 99 22
58 100 8
58 101 83
58 102 46
58 103 86
58 104 9
58 105 28
58 106 38
58 107 18
58 108 6
58 109 52
58 110 60
58 111 55
58 112 84
58 113 83
58 114 62
58 115 82
58 116 47
58 117 78
58 118 78
58 119 42
58 120 69
58 121 9
58 122 97
58 123 85
58 124 65
58 125 100
58 126 14
58 127 81
58 128 57
58 129 15
58 130 13
58 131 58
58 132 40
58 133 46
58 134 21
58 135 22
58 136 84
58 137 25
58 138 1
58 139 33
58 140 99
58 141 84
58 142 93
58 143 79
58 144 100
58 145 36
58 146 80
58 147 19
58 148 63
58 149 98
58 150 70
58 151 41
58 152 94
58 153 74
58 154 22
58 155 33
58 156 36
58 157 93
58 158 59
58 159 83
59 60 2
59 61 36
59 62 97
59 63 85
59 64 48
59 65 77
59 66 88
59 67 85
59 68 6
59 69 89
59 70 85
59 71 86
59 72 20
59 73 40
59 74 68
59 75 38
59 76 9
59 77 75
59 78 66
59 79 77
59 80 85
59 81 79
59 82 61
59 83 63
59 84 63
59 85 77
59 86 10
59 87 46
59 88 39
59 89 73
59 90 38
59 91 18
59 92 8
59 93 82
59 94 17
59 95 58
59 96 23
59 97 68
59 98 81
59 99 87
59 100 36
59 101 35
59 102 68
59 103 5
59 104 85
59 105 94
59 106 47
59 107 60
59 108 86
59 109 24
59 110 76
59 111 83
59 112 26
59 113 33
59 114 40
59 115 45
59 116 96
59 117 80
59 118 42
59 119 37
59 120 39
59 121 91
59 122 26
59 123 63
59 124 62
59 125 68
59 126 81
59 127 74
59 128 25
59 129 99
59 130 34
59 131 87
59 132 64
59 133 66
59 134 16
59 135 85
59 136 14
59 137 83
59 138 92
59 139 54
59 140 54
59 141 9
59 142 24
59 143 28
59 144 32
59 145 15
59 146 2
59 147 23
59 148 75
59 149 8
59 150 12
59 151 25
59 152 67
59 153 30
59 154 95
59 155 55
59 156 48
59 157 76
59 158 3
59 159 24
60 61 99
60 62 58
60 63 48
60 64 72
60 65 12
60 66 26
60 67 27
60 68 29
60 69 12
60 70 38
60 71 7
60 72 54
60 73 29
60 74 100
60 75 97
60 76 63
60 77 51
60 78 20
60 79 76
60 80 3
60 81 89
60 82 27
60 83 63
60 84 30
60 85 41
60 86 88
60 87 4
60 88 12
60 89 98
60 90 51
60 91 72
60 92 16
60 93 87
60 94 5
60 95 57
60 96 15
60 97 71
60 98 90
60 99 32
60 100 89
60 101 45
60 102 12
60 103 10
60 104 73
60 105 95
60 106 85
60 107 30
60 108 7
60 109 58
60 110 51
60 111 55
60 112 42
60 113 68
60 114 98
60 115 2
60 116 95
60 117 82
60 118 89
60 119 11
60 120 96
60 121 26
60 122 12
60 123 70
60 124 2
60 125 76
60 126 42
60 127 9
60 128 42
60 129 72
60 130 42
60 131 78
60 132 18
60 133 77
60 134 1
60 135 90
60 136 37
60 137 56
60 138 42
60 139 49
60 140 10
60 141 75
60 142 46
60 143 74
60 144 65
60 145 40
60 146 85
60 147 92
60 148 77
60 149 47
60 150 30
60 151 56
60 152 97
60 153 36
60 154 51
60 155 72
60 156 10
60 157 64
60 158 41
60 159 84
61 62 31
61 63 12
61 64 48
61 65 21
61 66 29
61 67 84
61 68 33
61 69 86
61 70 8
61 71 51
61 72 69
61 73 30
61 74 1
61 75 3
61 76 45
61 77 98
61 78 44
61 79 51
61 80 44
61 81 21
61 82 81
61 83 15
61 84 96
61 85 61
61 86 20
61 87 59
61 88 17
61 89 78
61 90 21
61 91 50
61 92 25
61 93 27
61 94 86
61 95 70
61 96 74
61 97 49
61 98 1
61 99 89
61 100 38
61 101 57
61 102 38
61 103 95
61 104 12
61 105 39
61 106 14
61 107 93
61 108 85
61 109 83
61 110 90
61 111 34
61 112 54
61 113 87
61 114 82
61 115 47
61 116 77
61 117 45
61 118 71
61 119 22
61 120 7
61 121 30
61 122 6
61 123 53
61 124 59
61 125 15
61 126 79
61 127 46
61 128 63
61 129 76
61 130 88
61 131 62
61 132 96
61 133 81
61 134 2
61 135 86
61 136 49
61 137 33
61 138 94
61 139 73
61 140 69
61 141 19
61 142 11
61 143 96
61 144 11
61 145 40
61 146 51
61 147 17
61 148 2
61 149 58
61 150 26
61 151 70
61 152 80
61 153 91
61 154 44
61 155 6
61 156 96
61 157 94
61 158 42
61 159 88
62 63 7
62 64 13
62 65 72
62 66 37
62 67 47
62 68 34
62 69 20
62 70 76
62 71 31
62 72 83
62 73 70
62 74 20
62 75 32
62 76 75
62 77 76
62 78 14
62 79 45
62 80 84
62 81 95
62 82 33
62 83 85
62 84 26
62 85 94
62 86 33
62 87 82
62 88 41
62 89 6
62 90 29
62 91 30
62 92 58
62 93 62
62 94 100
62 95 68
62 96 17
62 97 81
62 98 41
62 99 33
62 100 55
62 101 83
62 102 43
62 103 65
62 104 88
62 105 65
62 106 36
62 107 32
62 108 26
62 109 92
62 110 4
62 111 40
62 112 47
62 113 10
62 114 66
62 115 7
62 116 97
62 117 71
62 118 12
62 119 64
62 120 27
62 121 62
62 122 73
62 123 98
62 124 39
62 125 17
62 126 41
62 127 65
62 128 29
62 129 65
62 130 16
62 131 84
62 132 72
62 133 93
62 134 94
62 135 71
62 136 91
62 137 99
62 138 79
62 139 51
62 140 33
62 141 36
62 142 35
62 143 50
62 144 90
62 145 13
62 146 74
62 147 37
62 148 91
62 149 14
62 150 71
62 151 14
62 152 63
62 153 13
62 154 47
62 155 10
62 156 44
62 157 53
62 158 5
62 159 7
63 64 98
63 65 26
63 66 61
63 67 8
63 68 99
63 69 59
63 70 62
63 71 53
63 72 85
63 73 97
63 74 88
63 75 73
63 76 11
63 77 23
63 78 29
63 79 90
63 80 85
63 81 59
63 82 48
63 83 48
63 84 30
63 85 74
63 86 25
63 87 83
63 88 73
63 89 4
63 90 19
63 91 52
63 92 33
63 93 100
63 94 47
63 95 60
63 96 81
63 97 52
63 98 69
63 99 3
63 100 29
63 101 48
63 102 100
63 103 97
63 104 1
63 105 51
63 106 36
63 107 60
63 108 8
63 109 10
63 110 15
63 111 43
63 112 83
63 113 91
63 114 91
63 115 38
63 116 2
63 117 34
63 118 10
63 119 93
63 120 17
63 121 87
63 122 78
63 123 63
63 124 24
63 125 47
63 126 21
63 127 64
63 128 22
63 129 34
63 130 36
63 131 100
63 132 90
63 133 26
63 134 28
63 135 65
63 136 80
63 137 32
63 138 89
63 139 34
63 140 47
63 141 74
63 142 64
63 143 30
63 144 8
63 145 77
63 146 97
63 147 39
63 148 32
63 149 51
63 150 53
63 151 17
63 152 100
63 153 23
63 154 90
63 155 30
63 156 82
63 157 25
63 158 4
63 159 96
64 65 9
64 66 54
64 67 11
64 68 28
64 69 42
64 70 37
64 71 37
64 72 68
64 73 6
64 74 34
64 75 24
64 76 45
64 77 61
64 78 48
64 79 8
64 80 97
64 81 15
64 82 33
64 83 36
64 84 35
64 85 97
64 86 40
64 87 25
64 88 13
64 89 7
64 90 87
64 91 48
64 92 24
64 93 94
64 94 33
64 95 11
64 96 42
64 97 73
64 98 61
64 99 87
64 100 23
64 101 29
64 102 20
64 103 51
64 104 30
64 105 34
64 106 58
64 107 65
64 108 97
64 109 38
64 110 79
64 111 40
64 112 66
64 113 33
64 114 24
64 115 72
64 116 74
64 117 28
64 118 37
64 119 10
64 120 7
64 121 23
64 122 5
64 123 39
64 124 98
64 125 17
64 126 97
64 127 8
64 128 56
64 129 2
64 130 46
64 131 24
64 132 42
64 133 17
64 134 4
64 135 91
64 136 15
64 137 100
64 138 23
64 139 7
64 140 38
64 141 5
64 142 55
64 143 69
64 144 29
64 145 36
64 146 24
64 147 83
64 148 5
64 149 73
64 150 42
64 151 66
64 152 59
64 153 98
64 154 11
64 155 94
64 156 79
64 157 84
64 158 84
64 159 82
65 66 62
65 67 86
65 68 12
65 69 14
65 70 23
65 71 80
65 72 19
65 73 39
65 74 9
65 75 9
65 76 82
65 77 90
65 78 19
65 79 69
65 80 43
65 81 92
65 82 19
65 83 87
65 84 84
65 85 28
65 86 90
65 87 57
65 88 79
65 89 33
65 90 95
65 91 1
65 92 42
65 93 47
65 94 7
65 95 34
65 96 60
65 97 66
65 98 34
65 99 84
65 100 14
65 101 49
65 102 77
65 103 30
65 104 95
65 105 14
65 106 15
65 107 72
65 108 24
65 109 99
65 110 21
65 111 81
65 112 79
65 113 92
65 114 67
65 115 85
65 116 36
65 117 82
65 118 35
65 119 79
65 120 68
65 121 77
65 122 74
65 123 39
65 124 43
65 125 28
65 126 56
65 127 85
65 128 81
65 129 62
65 130 4
65 131 25
65 132 32
65 133 11
65 134 63
65 135 39
65 136 41
65 137 17
65 138 56
65 139 56
65 140 95
65 141 58
65 142 19
65 143 51
65 144 14
65 145 12
65 146 58
65 147 87
65 148 36
65 149 19
65 150 28
65 151 23
65 152 29
65 153 72
65 154 54
65 155 23
65 156 53
65 157 39
65 158 37
65 159 50
66 67 10
66 68 40
66 69 82
66 70 19
66 71 45
66 72 57
66 73 100
66 74 70
66 75 1
66 76 40
66 77 92
66 78 46
66 79 29
66 80 86
66 81 17
66 82 15
66 83 85
66 84 42
66 85 12
66 86 64
66 87 79
66 88 8
66 89 62
66 90 56
66 91 4
66 92 76
66 93 38
66 94 40
66 95 21
66 96 9
66 97 89
66 98 34
66 99 57
66 100 77
66 101 4
66 102 16
66 103 31
66 104 99
66 105 49
66 106 37
66 107 22
66 108 31
66 109 18
66 110 58
66 111 86
66 112 53
66 113 45
66 114 86
66 115 93
66 116 38
66 117 14
66 118 81
66 119 56
66 120 100
66 121 13
66 122 64
66 123 52
66 124 35
66 125 87
66 126 51
66 127 9
66 128 46
66 129 25
66 130 9
66 131 10
66 132 14
66 133 97
66 134 58
66 135 60
66 136 60
66 137 39
66 138 9
66 139 10
66 140 12
66 141 32
66 142 87
66 143 94
66 144 34
66 145 54
66 146 77
66 147 31
66 148 67
66 149 29
66 150 17
66 151 1
66 152 10
66 153 26
66 154 96
66 155 87
66 156 44
66 157 98
66 158 72
66 159 24
67 68 96
67 69 100
67 70 36
67 71 2
67 72 90
67 73 65
67 74 71
67 75 49
67 76 81
67 77 49
67 78 93
67 79 89
67 80 42
67 81 40
67 82 21
67 83 42
67 84 19
67 85 86
67 86 33
67 87 56
67 88 90
67 89 58
67 90 28
67 91 59
67 92 38
67 93 89
67 94 61
67 95 71
67 96 79
67 97 98
67 98 31
67 99 81
67 100 42
67 101 50
67 102 49
67 103 74
67 104 76
67 105 71
67 106 79
67 107 49
67 108 66
67 109 66
67 110 35
67 111 51
67 112 9
67 113 58
67 114 45
67 115 66
67 116 47
67 117 60
67 118 63
67 119 44
67 120 97
67 121 90
67 122 16
67 123 21
67 124 12
67 125 49
67 126 72
67 127 77
67 128 85
67 129 73
67 130 91
67 131 54
67 132 14
67 133 19
67 134 84
67 135 53
67 136 99
67 137 67
67 138 63
67 139 28
67 140 56
67 141 3
67 142 19
67 143 21
67 144 86
67 145 92
67 146 7
67 147 27
67 148 6
67 149 68
67 150 11
67 151 65
67 152 81
67 153 80
67 154 16
67 155 23
67 156 6
67 157 41
67 158 98
67 159 30
68 69 82
68 70 46
68 71 70
68 72 100
68 73 1
68 74 26
68 75 37
68 76 44
68 77 31
68 78 76
68 79 58
68 80 67
68 81 21
68 82 25
68 83 6
68 84 54
68 85 35
68 86 41
68 87 31
68 88 43
68 89 9
68 90 68
68 91 16
68 92 93
68 93 18
68 94 94
68 95 49
68 96 23
68 97 61
68 98 10
68 99 91
68 100 19
68 101 100
68 102 98
68 103 69
68 104 23
68 105 59
68 106 40
68 107 50
68 108 86
68 109 40
68 110 63
68 111 82
68 112 99
68 113 43
68 114 12
68 115 34
68 116 72
68 117 11
68 118 32
68 119 39
68 120 20
68 121 22
68 122 60
68 123 1
68 124 10
68 125 76
68 126 23
68 127 33
68 128 82
68 129 44
68 130 46
68 131 30
68 132 89
68 133 62
68 134 30
68 135 88
68 136 15
68 137 9
68 138 99
68 139 70
68 140 31
68 141 56
68 142 26
68 143 35
68 144 29
68 145 34
68 146 83
68 147 44
68 148 96
68 149 17
68 150 5
68 151 26
68 152 3
68 153 25
68 154 65
68 155 7
68 156 29
68 157 22
68 158 73
68 159 63
69 70 47
69 71 57
69 72 13
69 73 76
69 74 64
69 75 63
69 76 86
69 77 99
69 78 35
69 79 69
69 80 60
69 81 53
69 82 89
69 83 51
69 84 84
69 85 77
69 86 17
69 87 27
69 88 62
69 89 56
69 90 33
69 91 50
69 92 77
69 93 52
69 94 35
69 95 77
69 96 43
69 97 53
69 98 31
69 99 60
69 100 14
69 101 19
69 102 13
69 103 14
69 104 17
69 105 95
69 106 67
69 107 95
69 108 97
69 109 3
69 110 40
69 111 46
69 112 94
69 113 30
69 114 87
69 115 40
69 116 11
69 117 90
69 118 79
69 119 63
69 120 89
69 121 18
69 122 23
69 123 41
69 124 59
69 125 1
69 126 12
69 127 17
69 128 24
69 129 27
69 130 34
69 131 64
69 132 87
69 133 63
69 134 32
69 135 89
69 136 37
69 137 60
69 138 94
69 139 89
69 140 83
69 141 42
69 142 55
69 143 96
69 144 82
69 145 40
69 146 12
69 147 92
69 148 37
69 149 36
69 150 46
69 151 46
69 152 56
69 153 52
69 154 33
69 155 35
69 156 59
69 157 13
69 158 72
69 159 33
70 71 6
70 72 49
70 73 68
70 74 71
70 75 40
70 76 100
70 77 82
70 78 35
70 79 78
70 80 90
70 81 57
70 82 71
70 83 21
70 84 93
70 85 28
70 86 78
70 87 48
70 88 87
70 89 35
70 90 46
70 91 75
70 92 33
70 93 88
70 94 10
70 95 84
70 96 74
70 97 87
70 98 76
70 99 98
70 100 33
70 101 17
70 102 35
70 103 34
70 104 46
70 105 59
70 106 98
70 107 71
70 108 35
70 109 46
70 110 99
70 111 32
70 112 41
70 113 26
70 114 70
70 115 4
70 116 39
70 117 77
70 118 6
70 119 94
70 120 30
70 121 55
70 122 68
70 123 100
70 124 32
70 125 28
70 126 27
70 127 15
70 128 54
70 129 18
70 130 71
70 131 2
70 132 7
70 133 20
70 134 84
70 135 53
70 136 79
70 137 25
70 138 70
70 139 25
70 140 34
70 141 26
70 142 58
70 143 24
70 144 91
70 145 38
70 146 52
70 147 95
70 148 88
70 149 60
70 150 54
70 151 39
70 152 14
70 153 63
70 154 19
70 155 59
70 156 23
70 157 8
70 158 27
70 159 70
71 72 47
71 73 58
71 74 15
71 75 1
71 76 65
71 77 13
71 78 12
71 79 34
71 80 25
71 81 80
71 82 78
71 83 25
71 84 95
71 85 91
71 86 89
71 87 24
71 88 53
71 89 72
71 90 22
71 91 90
71 92 64
71 93 81
71 94 60
71 95 27
71 96 44
71 97 27
71 98 39
71 99 87
71 100 30
71 101 53
71 102 93
71 103 3
71 104 13
71 105 78
71 106 36
71 107 75
71 108 51
71 109 66
71 110 42
71 111 85
71 112 52
71 113 63
71 114 63
71 115 69
71 116 65
71 117 14
71 118 98
71 119 79
71 120 60
71 121 52
71 122 94
71 123 30
71 124 90
71 125 20
71 126 73
71 127 94
71 128 22
71 129 59
71 130 86
71 131 14
71 132 30
71 133 5
71 134 76
71 135 99
71 136 23
71 137 49
71 138 44
71 139 68
71 140 97
71 141 51
71 142 7
71 143 24
71 144 22
71 145 62
71 146 9
71 147 84
71 148 99
71 149 87
71 150 8
71 151 23
71 152 5
71 153 47
71 154 7
71 155 55
71 156 55
71 157 50
71 158 71
71 159 77
72 73 35
72 74 23
72 75 53
72 76 4
72 77 80
72 78 51
72 79 4
72 80 4
72 81 34
72 82 78
72 83 7
72 84 91
72 85 40
72 86 58
72 87 91
72 88 81
72 89 53
72 90 55
72 91 31
72 92 3
72 93 100
72 94 15
72 95 66
72 96 15
72 97 10
72 98 27
72 99 29
72 100 97
72 101 1
72 102 62
72 103 70
72 104 29
72 105 55
72 106 25
72 107 66
72 108 25
72 109 20
72 110 81
72 111 62
72 112 3
72 113 62
72 114 58
72 115 84
72 116 16
72 117 63
72 118 87
72 119 39
72 120 46
72 121 80
72 122 62
72 123 81
72 124 65
72 125 31
72 126 44
72 127 16
72 128 11
72 129 48
72 130 37
72 131 95
72 132 6
72 133 10
72 134 3
72 135 32
72 136 22
72 137 94
72 138 46
72 139 79
72 140 26
72 141 37
72 142 32
72 143 7
72 144 11
72 145 54
72 146 87
72 147 91
72 148 13
72 149 98
72 150 4
72 151 39
72 152 89
72 153 33
72 154 41
72 155 41
72 156 25
72 157 25
72 158 11
72 159 82
73 74 46
73 75 82
73 76 69
73 77 51
73 78 95
73 79 5
73 80 66
73 81 92
73 82 56
73 83 80
73 84 71
73 85 15
73 86 35
73 87 60
73 88 62
73 89 31
73 90 37
73 91 98
73 92 65
73 93 22
73 94 23
73 95 8
73 96 19
73 97 93
73 98 15
73 99 31
73 100 12
73 101 67
73 102 5
73 103 30
73 104 93
73 105 57
73 106 100
73 107 99
73 108 100
73 109 96
73 110 7
73 111 35
73 112 79
73 113 100
73 114 66
73 115 61
73 116 84
73 117 44
73 118 27
73 119 81
73 120 59
73 121 98
73 122 24
73 123 77
73 124 32
73 125 2
73 126 62
73 127 10
73 128 75
73 129 43
73 130 86
73 131 65
73 132 5
73 133 6
73 134 58
73 135 58
73 136 25
73 137 77
73 138 22
73 139 34
73 140 12
73 141 17
73 142 21
73 143 70
73 144 87
73 145 96
73 146 82
73 147 42
73 148 49
73 149 23
73 150 43
73 151 100
73 152 78
73 153 64
73 154 78
73 155 43
73 156 31
73 157 91
73 158 5
73 159 90
74 75 86
74 76 47
74 77 26
74 78 18
74 79 6
74 80 24
74 81 71
74 82 4
74 83 71
74 84 62
74 85 52
74 86 91
74 87 34
74 88 1
74 89 67
74 90 26
74 91 19
74 92 76
74 93 18
74 94 99
74 95 97
74 96 15
74 97 86
74 98 59
74 99 28
74 100 67
74 101 9
74 102 47
74 103 71
74 104 45
74 105 16
74 106 95
74 107 82
74 108 4
74 109 10
74 110 14
74 111 86
74 112 44
74 113 31
74 114 27
74 115 21
74 116 62
74 117 24
74 118 69
74 119 25
74 120 75
74 121 32
74 122 10
74 123 3
74 124 21
74 125 11
74 126 31
74 127 44
74 128 68
74 129 85
74 130 99
74 131 42
74 132 36
74 133 67
74 134 35
74 135 26
74 136 62
74 137 87
74 138 60
74 139 60
74 140 35
74 141 26
74 142 17
74 143 83
74 144 5
74 145 60
74 146 17
74 147 3
74 148 14
74 149 98
74 150 67
74 151 59
74 152 88
74 153 37
74 154 51
74 155 55
74 156 5
74 157 10
74 158 61
74 159 15
75 76 76
75 77 48
75 78 44
75 79 16
75 80 16
75 81 33
75 82 48
75 83 96
75 84 44
75 85 71
75 86 84
75 87 8
75 88 34
75 89 96
75 90 64
75 91 16
75 92 88
75 93 38
75 94 96
75 95 76
75 96 8
75 97 5
75 98 21
75 99 23
75 100 41
75 101 96
75 102 50
75 103 74
75 104 12
75 105 23
75 106 47
75 107 53
75 108 74
75 109 78
75 110 53
75 111 68
75 112 47
75 113 2
75 114 67
75 115 85
75 116 9
75 117 44
75 118 35
75 119 12
75 120 13
75 121 21
75 122 74
75 123 98
75 124 20
75 125 71
75 126 79
75 127 88
75 128 77
75 129 67
75 130 33
75 131 74
75 132 26
75 133 81
75 134 58
75 135 52
75 136 66
75 137 2
75 138 10
75 139 8
75 140 12
75 141 81
75 142 5
75 143 76
75 144 37
75 145 69
75 146 72
75 147 52
75 148 73
75 149 84
75 150 75
75 151 49
75 152 42
75 153 35
75 154 1
75 155 69
75 156 7
75 157 31
75 158 58
75 159 8
76 77 52
76 78 93
76 79 16
76 80 51
76 81 93
76 82 5
76 83 16
76 84 8
76 85 5
76 86 60
76 87 30
76 88 74
76 89 8
76 90 35
76 91 68
76 92 64
76 93 21
76 94 35
76 95 91
76 96 2
76 97 81
76 98 62
76 99 89
76 100 65
76 101 97
76 102 31
76 103 9
76 104 61
76 105 84
76 106 50
76 107 56
76 108 23
76 109 50
76 110 93
76 111 93
76 112 58
76 113 95
76 114 53
76 115 39
76 116 74
76 117 91
76 118 54
76 119 55
76 120 72
76 121 58
76 122 65
76 123 100
76 124 1
76 125 35
76 126 77
76 127 77
76 128 34
76 129 72
76 130 46
76 131 53
76 132 62
76 133 34
76 134 54
76 135 24
76 136 81
76 137 1
76 138 88
76 139 87
76 140 97
76 141 52
76 142 69
76 143 28
76 144 85
76 145 21
76 146 71
76 147 11
76 148 23
76 149 4
76 150 19
76 151 55
76 152 32
76 153 49
76 154 63
76 155 64
76 156 15
76 157 10
76 158 97
76 159 57
77 78 85
77 79 62
77 80 72
77 81 95
77 82 83
77 83 59
77 84 97
77 85 100
77 86 32
77 87 84
77 88 38
77 89 39
77 90 81
77 91 91
77 92 46
77 93 77
77 94 29
77 95 18
77 96 93
77 97 72
77 98 56
77 99 57
77 100 20
77 101 30
77 102 31
77 103 61
77 104 33
77 105 90
77 106 22
77 107 40
77 108 39
77 109 20
77 110 82
77 111 68
77 112 12
77 113 61
77 114 100
77 115 8
77 116 89
77 117 87
77 118 55
77 119 38
77 120 7
77 121 94
77 122 93
77 123 86
77 124 59
77 125 31
77 126 99
77 127 72
77 128 61
77 129 31
77 130 91
77 131 100
77 132 20
77 133 52
77 134 5
77 135 56
77 136 68
77 137 57
77 138 18
77 139 28
77 140 50
77 141 34
77 142 29
77 143 86
77 144 19
77 145 73
77 146 72
77 147 99
77 148 20
77 149 79
77 150 84
77 151 49
77 152 62
77 153 13
77 154 71
77 155 39
77 156 83
77 157 60
77 158 52
77 159 67
78 79 5
78 80 97
78 81 19
78 82 34
78 83 21
78 84 7
78 85 35
78 86 62
78 87 70
78 88 47
78 89 72
78 90 91
78 91 8
78 92 17
78 93 66
78 94 69
78 95 8
78 96 1
78 97 4
78 98 26
78 99 31
78 100 21
78 101 13
78 102 1
78 103 98
78 104 77
78 105 28
78 106 96
78 107 23
78 108 22
78 109 94
78 110 53
78 111 90
78 112 66
78 113 28
78 114 38
78 115 83
78 116 57
78 117 81
78 118 96
78 119 96
78 120 36
78 121 2
78 122 32
78 123 25
78 124 37
78 125 77
78 126 39
78 127 77
78 128 39
78 129 75
78 130 73
78 131 9
78 132 74
78 133 1
78 134 99
78 135 50
78 136 21
78 137 6
78 138 25
78 139 8
78 140 13
78 141 29
78 142 93
78 143 8
78 144 76
78 145 31
78 146 28
78 147 43
78 148 79
78 149 100
78 150 22
78 151 35
78 152 26
78 153 59
78 154 11
78 155 39
78 156 70
78 157 47
78 158 63
78 159 85
79 80 79
79 81 63
79 82 92
79 83 94
79 84 61
79 85 51
79 86 3
79 87 58
79 88 99
79 89 94
79 90 79
79 91 47
79 92 44
79 93 100
79 94 31
79 95 39
79 96 3
79 97 38
79 98 72
79 99 86
79 100 4
79 101 69
79 102 93
79 103 68
79 104 35
79 105 98
79 106 22
79 107 50
79 108 85
79 109 66
79 110 92
79 111 24
79 112 49
79 113 19
79 114 14
79 115 41
79 116 30
79 117 53
79 118 14
79 119 1
79 120 36
79 121 76
79 122 18
79 123 86
79 124 71
79 125 21
79 126 77
79 127 24
79 128 6
79 129 18
79 130 88
79 131 84
79 132 58
79 133 3
79 134 71
79 135 76
79 136 94
79 137 84
79 138 34
79 139 93
79 140 60
79 141 3
79 142 39
79 143 91
79 144 5
79 145 42
79 146 69
79 147 12
79 148 84
79 149 56
79 150 19
79 151 64
79 152 21
79 153 18
79 154 1
79 155 56
79 156 23
79 157 22
79 158 78
79 159 54
80 81 76
80 82 30
80 83 96
80 84 74
80 85 67
80 86 8
80 87 78
80 88 30
80 89 84
80 90 4
80 91 20
80 92 23
80 93 81
80 94 16
80 95 44
80 96 92
80 97 69
80 98 45
80 99 83
80 100 9
80 101 57
80 102 76
80 103 38
80 104 64
80 105 87
80 106 84
80 107 54
80 108 34
80 109 43
80 110 94
80 111 58
80 112 73
80 113 41
80 114 85
80 115 98
80 116 24
80 117 43
80 118 76
80 119 98
80 120 15
80 121 17
80 122 51
80 123 56
80 124 94
80 125 67
80 126 57
80 127 24
80 128 62
80 129 26
80 130 23
80 131 3
80 132 28
80 133 38
80 134 16
80 135 16
80 136 42
80 137 28
80 138 45
80 139 25
80 140 53
80 141 65
80 142 98
80 143 58
80 144 34
80 145 77
80 146 54
80 147 41
80 148 96
80 149 37
80 150 30
80 151 67
80 152 95
80 153 77
80 154 35
80 155 15
80 156 81
80 157 23
80 158 12
80 159 3
81 82 96
81 83 18
81 84 47
81 85 11
81 86 98
81 87 68
81 88 95
81 89 55
81 90 94
81 91 15
81 92 100
81 93 96
81 94 63
81 95 92
81 96 13
81 97 73
81 98 69
81 99 32
81 100 5
81 101 18
81 102 50
81 103 93
81 104 10
81 105 8
81 106 96
81 107 16
81 108 81
81 109 19
81 110 50
81 111 21
81 112 66
81 113 66
81 114 47
81 115 36
81 116 29
81 117 29
81 118 12
81 119 86
81 120 29
81 121 25
81 122 52
81 123 90
81 124 99
81 125 65
81 126 7
81 127 6
81 128 32
81 129 30
81 130 77
81 131 29
81 132 63
81 133 6
81 134 31
81 135 36
81 136 80
81 137 72
81 138 79
81 139 28
81 140 50
81 141 18
81 142 3
81 143 98
81 144 10
81 145 52
81 146 19
81 147 87
81 148 55
81 149 68
81 150 94
81 151 93
81 152 25
81 153 24
81 154 98
81 155 42
81 156 76
81 157 41
81 158 77
81 159 54
82 83 66
82 84 21
82 85 84
82 86 32
82 87 77
82 88 8
82 89 2
82 90 20
82 91 69
82 92 77
82 93 77
82 94 71
82 95 51
82 96 71
82 97 46
82 98 91
82 99 33
82 100 100
82 101 16
82 102 67
82 103 99
82 104 8
82 105 93
82 106 5
82 107 7
82 108 100
82 109 75
82 110 67
82 111 93
82 112 50
82 113 1
82 114 15
82 115 62
82 116 69
82 117 83
82 118 82
82 119 70
82 120 94
82 121 17
82 122 25
82 123 3
82 124 36
82 125 99
82 126 54
82 127 22
82 128 87
82 129 97
82 130 73
82 131 21
82 132 47
82 133 18
82 134 16
82 135 37
82 136 15
82 137 90
82 138 44
82 139 40
82 140 58
82 141 72
82 142 71
82 143 62
82 144 9
82 145 11
82 146 76
82 147 85
82 148 89
82 149 86
82 150 2
82 151 12
82 152 73
82 153 90
82 154 4
82 155 55
82 156 19
82 157 70
82 158 51
82 159 79
83 84 55
83 85 57
83 86 70
83 87 72
83 88 29
83 89 66
83 90 9
83 91 56
83 92 89
83 93 16
83 94 71
83 95 25
83 96 12
83 97 13
83 98 77
83 99 89
83 100 9
83 101 35
83 102 14
83 103 1
83 104 21
83 105 8
83 106 2
83 107 52
83 108 13
83 109 17
83 110 39
83 111 80
83 112 96
83 113 100
83 114 70
83 115 91
83 116 88
83 117 11
83 118 6
83 119 81
83 120 100
83 121 17
83 122 78
83 123 9
83 124 26
83 125 15
83 126 46
83 127 79
83 128 33
83 129 97
83 130 98
83 131 57
83 132 13
83 133 28
83 134 1
83 135 77
83 136 97
83 137 96
83 138 59
83 139 33
83 140 82
83 141 47
83 142 61
83 143 89
83 144 33
83 145 8
83 146 8
83 147 82
83 148 3
83 149 42
83 150 27
83 151 18
83 152 46
83 153 96
83 154 61
83 155 78
83 156 19
83 157 67
83 158 20
83 159 15
84 85 90
84 86 91
84 87 27
84 88 29
84 89 9
84 90 97
84 91 25
84 92 8
84 93 76
84 94 26
84 95 81
84 96 46
84 97 37
84 98 37
84 99 75
84 100 7
84 101 62
84 102 18
84 103 33
84 104 41
84 105 94
84 106 64
84 107 83
84 108 99
84 109 97
84 110 75
84 111 49
84 112 13
84 113 17
84 114 5
84 115 41
84 116 58
84 117 9
84 118 20
84 119 25
84 120 56
84 121 59
84 122 63
84 123 28
84 124 29
84 125 22
84 126 56
84 127 18
84 128 56
84 129 39
84 130 80
84 131 66
84 132 76
84 133 96
84 134 94
84 135 93
84 136 34
84 137 14
84 138 66
84 139 57
84 140 83
84 141 3
84 142 62
84 143 10
84 144 75
84 145 82
84 146 9
84 147 78
84 148 87
84 149 85
84 150 56
84 151 1
84 152 23
84 153 37
84 154 36
84 155 17
84 156 31
84 157 57
84 158 87
84 159 59
85 86 53
85 87 69
85 88 18
85 89 73
85 90 38
85 91 48
85 92 54
85 93 66
85 94 1
85 95 68
85 96 41
85 97 35
85 98 33
85 99 26
85 100 28
85 101 13
85 102 51
85 103 83
85 104 77
85 105 25
85 106 10
85 107 3
85 108 42
85 109 44
85 110 93
85 111 66
85 112 70
85 113 49
85 114 36
85 115 29
85 116 3
85 117 12
85 118 58
85 119 77
85 120 2
85 121 59
85 122 77
85 123 64
85 124 78
85 125 13
85 126 97
85 127 26
85 128 40
85 129 89
85 130 18
85 131 92
85 132 15
85 133 71
85 134 27
85 135 73
85 136 56
85 137 79
85 138 8
85 139 81
85 140 60
85 141 4
85 142 16
85 143 12
85 144 69
85 145 87
85 146 73
85 147 42
85 148 56
85 149 54
85 150 78
85 151 65
85 152 32
85 153 85
85 154 86
85 155 39
85 156 76
85 157 1
85 158 32
85 159 23
86 87 72
86 88 72
86 89 89
86 90 85
86 91 52
86 92 21
86 93 38
86 94 62
86 95 95
86 96 50
86 97 63
86 98 94
86 99 46
86 100 50
86 101 8
86 102 85
86 103 86
86 104 35
86 105 38
86 106 75
86 107 72
86 108 39
86 109 1
86 110 23
86 111 25
86 112 90
86 113 47
86 114 61
86 115 45
86 116 79
86 117 99
86 118 70
86 119 34
86 120 86
86 121 77
86 122 86
86 123 33
86 124 6
86 125 16
86 126 44
86 127 81
86 128 100
86 129 63
86 130 13
86 131 74
86 132 7
86 133 59
86 134 74
86 135 69
86 136 55
86 137 84
86 138 85
86 139 27
86 140 87
86 141 3
86 142 14
86 143 39
86 144 37
86 145 30
86 146 67
86 147 47
86 148 60
86 149 14
86 150 89
86 151 14
86 152 89
86 153 61
86 154 81
86 155 66
86 156 83
86 157 60
86 158 87
86 159 96
87 88 91
87 89 10
87 90 46
87 91 1
87 92 14
87 93 93
87 94 99
87 95 23
87 96 24
87 97 92
87 98 10
87 99 63
87 100 70
87 101 63
87 102 13
87 103 9
87 104 89
87 105 44
87 106 98
87 107 10
87 108 89
87 109 96
87 110 19
87 111 98
87 112 29
87 113 14
87 114 51
87 115 68
87 116 79
87 117 20
87 118 65
87 119 9
87 120 7
87 121 58
87 122 83
87 123 67
87 124 100
87 125 2
87 126 93
87 127 12
87 128 77
87 129 54
87 130 59
87 131 20
87 132 55
87 133 25
87 134 52
87 135 78
87 136 35
87 137 64
87 138 48
87 139 91
87 140 61
87 141 88
87 142 90
87 143 60
87 144 61
87 145 89
87 146 92
87 147 75
87 148 15
87 149 71
87 150 66
87 151 77
87 152 52
87 153 76
87 154 14
87 155 80
87 156 25
87 157 94
87 158 77
87 159 92
88 89 3
88 90 18
88 91 27
88 92 60
88 93 42
88 94 81
88 95 6
88 96 94
88 97 74
88 98 40
88 99 49
88 100 73
88 101 96
88 102 87
88 103 69
88 104 40
88 105 19
88 106 81
88 107 27
88 108 90
88 109 2
88 110 10
88 111 9
88 112 18
88 113 78
88 114 50
88 115 59
88 116 36
88 117 30
88 118 42
88 119 42
88 120 19
88 121 2
88 122 22
88 123 45
88 124 57
88 125 65
88 126 95
88 127 74
88 128 32
88 129 42
88 130 62
88 131 44
88 132 42
88 133 15
88 134 54
88 135 82
88 136 22
88 137 32
88 138 24
88 139 93
88 140 1
88 141 45
88 142 71
88 143 43
88 144 38
88 145 63
88 146 83
88 147 36
88 148 61
88 149 100
88 150 71
88 151 46
88 152 32
88 153 47
88 154 43
88 155 97
88 156 63
88 157 82
88 158 16
88 159 33
89 90 100
89 91 17
89 92 36
89 93 22
89 94 79
89 95 78
89 96 87
89 97 8
89 98 49
89 99 21
89 100 37
89 101 30
89 102 2
89 103 50
89 104 51
89 105 49
89 106 45
89 107 12
89 108 95
89 109 74
89 110 1
89 111 75
89 112 44
89 113 68
89 114 98
89 115 13
89 116 99
89 117 22
89 118 66
89 119 52
89 120 27
89 121 30
89 122 84
89 123 13
89 124 78
89 125 62
89 126 25
89 127 47
89 128 61
89 129 71
89 130 71
89 131 52
89 132 38
89 133 78
89 134 61
89 135 63
89 136 45
89 137 19
89 138 98
89 139 34
89 140 19
89 141 20
89 142 55
89 143 67
89 144 47
89 145 2
89 146 96
89 147 43
89 148 17
89 149 20
89 150 42
89 151 89
89 152 85
89 153 45
89 154 33
89 155 20
89 156 47
89 157 31
89 158 49
89 159 12
90 91 13
90 92 32
90 93 11
90 94 70
90 95 9
90 96 72
90 97 29
90 98 17
90 99 100
90 100 28
90 101 3
90 102 92
90 103 72
90 104 82
90 105 74
90 106 73
90 107 84
90 108 50
90 109 21
90 110 37
90 111 61
90 112 25
90 113 36
90 114 78
90 115 77
90 116 49
90 117 26
90 118 16
90 119 87
90 120 71
90 121 24
90 122 80
90 123 76
90 124 52
90 125 28
90 126 58
90 127 67
90 128 32
90 129 97
90 130 8
90 131 4
90 132 30
90 133 72
90 134 14
90 135 59
90 136 76
90 137 98
90 138 31
90 139 10
90 140 7
90 141 30
90 142 6
90 143 48
90 144 46
90 145 51
90 146 58
90 147 66
90 148 71
90 149 7
90 150 97
90 151 99
90 152 16
90 153 20
90 154 89
90 155 44
90 156 47
90 157 92
90 158 10
90 159 70
91 92 73
91 93 12
91 94 56
91 95 75
91 96 29
91 97 52
91 98 81
91 99 78
91 100 12
91 101 9
91 102 54
91 103 60
91 104 74
91 105 63
91 106 7
91 107 25
91 108 82
91 109 51
91 110 12
91 111 84
91 112 28
91 113 19
91 114 56
91 115 20
91 116 52
91 117 54
91 118 79
91 119 86
91 120 62
91 121 12
91 122 25
91 123 68
91 124 40
91 125 95
91 126 82
91 127 25
91 128 1
91 129 66
91 130 99
91 131 53
91 132 7
91 133 96
91 134 76
91 135 3
91 136 97
91 137 98
91 138 3
91 139 2
91 140 37
91 141 47
91 142 43
91 143 85
91 144 50
91 145 61
91 146 18
91 147 62
91 148 59
91 149 10
91 150 95
91 151 25
91 152 71
91 153 66
91 154 99
91 155 79
91 156 91
91 157 13
91 158 35
91 159 75
92 93 47
92 94 87
92 95 93
92 96 51
92 97 32
92 98 94
92 99 20
92 100 43
92 101 71
92 102 16
92 103 67
92 104 3
92 105 27
92 106 22
92 107 3
92 108 83
92 109 35
92 110 78
92 111 11
92 112 35
92 113 87
92 114 61
92 115 37
92 116 17
92 117 97
92 118 41
92 119 85
92 120 27
92 121 9
92 122 63
92 123 54
92 124 16
92 125 73
92 126 31
92 127 60
92 128 78
92 129 17
92 130 11
92 131 45
92 132 37
92 133 83
92 134 9
92 135 5
92 136 12
92 137 18
92 138 98
92 139 58
92 140 61
92 141 41
92 142 38
92 143 77
92 144 50
92 145 31
92 146 95
92 147 79
92 148 53
92 149 37
92 150 37
92 151 73
92 152 27
92 153 98
92 154 17
92 155 23
92 156 63
92 157 14
92 158 100
92 159 29
93 94 38
93 95 31
93 96 46
93 97 16
93 98 27
93 99 94
93 100 85
93 101 100
93 102 6
93 103 41
93 104 97
93 105 14
93 106 94
93 107 28
93 108 73
93 109 41
93 110 92
93 111 15
93 112 31
93 113 23
93 114 15
93 115 57
93 116 43
93 117 46
93 118 40
93 119 53
93 120 11
93 121 53
93 122 61
93 123 10
93 124 16
93 125 90
93 126 80
93 127 66
93 128 98
93 129 74
93 130 54
93 131 55
93 132 45
93 133 14
93 134 92
93 135 18
93 136 42
93 137 98
93 138 48
93 139 7
93 140 90
93 141 59
93 142 43
93 143 17
93 144 70
93 145 7
93 146 6
93 147 85
93 148 12
93 149 80
93 150 95
93 151 75
93 152 43
93 153 56
93 154 14
93 155 7
93 156 46
93 157 73
93 158 63
93 159 4
94 95 47
94 96 75
94 97 56
94 98 65
94 99 14
94 100 33
94 101 64
94 102 53
94 103 5
94 104 32
94 105 19
94 106 15
94 107 31
94 108 33
94 109 91
94 110 25
94 111 40
94 112 24
94 113 76
94 114 29
94 115 78
94 116 98
94 117 4
94 118 8
94 119 70
94 120 99
94 121 92
94 122 84
94 123 35
94 124 68
94 125 88
94 126 24
94 127 37
94 128 26
94 129 55
94 130 3
94 131 2
94 132 58
94 133 13
94 134 33
94 135 76
94 136 43
94 137 19
94 138 21
94 139 32
94 140 21
94 141 43
94 142 12
94 143 27
94 144 1
94 145 95
94 146 77
94 147 71
94 148 14
94 149 16
94 150 89
94 151 86
94 152 21
94 153 16
94 154 87
94 155 40
94 156 42
94 157 39
94 158 9
94 159 8
95 96 95
95 97 59
95 98 76
95 99 25
95 100 11
95 101 70
95 102 20
95 103 90
95 104 59
95 105 12
95 106 24
95 107 49
95 108 21
95 109 11
95 110 57
95 111 8
95 112 31
95 113 6
95 114 90
95 115 34
95 116 45
95 117 17
95 118 37
95 119 76
95 120 95
95 121 21
95 122 75
95 123 10
95 124 90
95 125 66
95 126 13
95 127 97
95 128 10
95 129 48
95 130 24
95 131 46
95 132 34
95 133 19
95 134 89
95 135 64
95 136 89
95 137 94
95 138 50
95 139 40
95 140 33
95 141 8
95 142 20
95 143 64
95 144 80
95 145 45
95 146 26
95 147 42
95 148 4
95 149 56
95 150 22
95 151 72
95 152 28
95 153 24
95 154 41
95 155 62
95 156 58
95 157 39
95 158 72
95 159 93
96 97 6
96 98 87
96 99 44
96 100 73
96 101 44
96 102 10
96 103 82
96 104 31
96 105 99
96 106 11
96 107 98
96 108 26
96 109 27
96 110 4
96 111 26
96 112 60
96 113 10
96 114 84
96 115 52
96 116 8
96 117 50
96 118 50
96 119 54
96 120 39
96 121 39
96 122 23
96 123 70
96 124 66
96 125 35
96 126 43
96 127 51
96 128 38
96 129 86
96 130 85
96 131 27
96 132 86
96 133 75
96 134 70
96 135 68
96 136 86
96 137 59
96 138 83
96 139 77
96 140 54
96 141 23
96 142 35
96 143 62
96 144 25
96 145 98
96 146 97
96 147 30
96 148 45
96 149 6
96 150 95
96 151 45
96 152 85
96 153 21
96 154 84
96 155 87
96 156 17
96 157 17
96 158 61
96 159 37
97 98 5
97 99 9
97 100 21
97 101 47
97 102 32
97 103 27
97 104 11
97 105 9
97 106 25
97 107 59
97 108 78
97 109 31
97 110 73
97 111 41
97 112 48
97 113 20
97 114 12
97 115 2
97 116 60
97 117 13
97 118 16
97 119 59
97 120 66
97 121 62
97 122 83
97 123 27
97 124 41
97 125 95
97 126 91
97 127 59
97 128 77
97 129 1
97 130 28
97 131 62
97 132 51
97 133 10
97 134 6
97 135 68
97 136 52
97 137 44
97 138 90
97 139 6
97 140 55
97 141 68
97 142 94
97 143 51
97 144 17
97 145 50
97 146 12
97 147 71
97 148 89
97 149 46
97 150 76
97 151 6
97 152 29
97 153 48
97 154 50
97 155 9
97 156 83
97 157 63
97 158 40
97 159 81
98 99 44
98 100 80
98 101 15
98 102 36
98 103 100
98 104 18
98 105 7
98 106 75
98 107 87
98 108 61
98 109 49
98 110 100
98 111 95
98 112 59
98 113 66
98 114 2
98 115 99
98 116 49
98 117 84
98 118 19
98 119 97
98 120 41
98 121 54
98 122 50
98 123 63
98 124 64
98 125 76
98 126 10
98 127 5
98 128 94
98 129 90
98 130 37
98 131 30
98 132 49
98 133 67
98 134 35
98 135 45
98 136 48
98 137 45
98 138 56
98 139 44
98 140 60
98 141 77
98 142 2
98 143 99
98 144 72
98 145 14
98 146 33
98 147 1
98 148 67
98 149 5
98 150 30
98 151 87
98 152 64
98 153 96
98 154 40
98 155 28
98 156 38
98 157 32
98 158 18
98 159 23
99 100 79
99 101 86
99 102 32
99 103 55
99 104 51
99 105 56
99 106 97
99 107 30
99 108 91
99 109 96
99 110 81
99 111 15
99 112 44
99 113 12
99 114 81
99 115 19
99 116 88
99 117 5
99 118 78
99 119 16
99 120 75
99 121 77
99 122 66
99 123 95
99 124 96
99 125 63
99 126 57
99 127 96
99 128 98
99 129 42
99 130 14
99 131 53
99 132 76
99 133 14
99 134 50
99 135 81
99 136 16
99 137 21
99 138 72
99 139 71
99 140 44
99 141 32
99 142 83
99 143 26
99 144 92
99 145 70
99 146 6
99 147 93
99 148 47
99 149 14
99 150 20
99 151 16
99 152 89
99 153 30
99 154 30
99 155 3
99 156 13
99 157 18
99 158 75
99 159 23
100 101 30
100 102 87
100 103 38
100 104 83
100 105 49
100 106 59
100 107 52
100 108 35
100 109 61
100 110 81
100 111 11
100 112 70
100 113 77
100 114 1
100 115 51
100 116 61
100 117 82
100 118 88
100 119 28
100 120 57
100 121 49
100 122 73
100 123 57
100 124 98
100 125 94
100 126 47
100 127 67
100 128 80
100 129 40
100 130 53
100 131 54
100 132 53
100 133 85
100 134 32
100 135 78
100 136 16
100 137 19
100 138 19
100 139 73
100 140 50
100 141 3
100 142 31
100 143 96
100 144 27
100 145 3
100 146 80
100 147 32
100 148 30
100 149 29
100 150 70
100 151 31
100 152 57
100 153 63
100 154 54
100 155 75
100 156 12
100 157 39
100 158 57
100 159 76
101 102 94
101 103 10
101 104 70
101 105 29
101 106 9
101 107 28
101 108 61
101 109 42
101 110 42
101 111 45
101 112 80
101 113 60
101 114 13
101 115 100
101 116 57
101 117 25
101 118 23
101 119 34
101 120 59
101 121 64
101 122 84
101 123 55
101 124 70
101 125 70
101 126 70
101 127 35
101 128 36
101 129 100
101 130 81
101 131 1
101 132 76
101 133 6
101 134 21
101 135 32
101 136 26
101 137 22
101 138 100
101 139 58
101 140 47
101 141 15
101 142 69
101 143 65
101 144 2
101 145 9
101 146 45
101 147 67
101 148 26
101 149 21
101 150 88
101 151 13
101 152 76
101 153 5
101 154 93
101 155 10
101 156 14
101 157 23
101 158 92
101 159 90
102 103 93
102 104 70
102 105 100
102 106 12
102 107 49
102 108 58
102 109 91
102 110 91
102 111 35
102 112 97
102 113 87
102 114 88
102 115 63
102 116 97
102 117 73
102 118 46
102 119 48
102 120 70
102 121 50
102 122 74
102 123 100
102 124 47
102 125 44
102 126 70
102 127 88
102 128 89
102 129 91
102 130 46
102 131 98
102 132 90
102 133 85
102 134 21
102 135 12
102 136 93
102 137 32
102 138 87
102 139 31
102 140 99
102 141 99
102 142 77
102 143 52
102 144 58
102 145 6
102 146 82
102 147 86
102 148 61
102 149 8
102 150 100
102 151 6
102 152 69
102 153 73
102 154 17
102 155 49
102 156 99
102 157 80
102 158 60
102 159 2
103 104 77
103 105 34
103 106 100
103 107 32
103 108 13
103 109 88
103 110 89
103 111 71
103 112 22
103 113 73
103 114 76
103 115 51
103 116 31
103 117 20
103 118 11
103 119 89
103 120 55
103 121 89
103 122 80
103 123 19
103 124 88
103 125 62
103 126 64
103 127 63
103 128 15
103 129 69
103 130 33
103 131 19
103 132 33
103 133 37
103 134 64
103 135 22
103 136 38
103 137 52
103 138 67
103 139 46
103 140 13
103 141 53
103 142 99
103 143 5
103 144 16
103 145 97
103 146 17
103 147 4
103 148 79
103 149 78
103 150 73
103 151 57
103 152 53
103 153 36
103 154 22
103 155 46
103 156 27
103 157 59
103 158 73
103 159 77
104 105 55
104 106 27
104 107 85
104 108 96
104 109 86
104 110 69
104 111 21
104 112 99
104 113 1
104 114 70
104 115 91
104 116 44
104 117 89
104 118 79
104 119 21
104 120 86
104 121 38
104 122 68
104 123 85
104 124 81
104 125 22
104 126 67
104 127 60
104 128 98
104 129 91
104 130 56
104 131 95
104 132 32
104 133 9
104 134 95
104 135 38
104 136 82
104 137 100
104 138 26
104 139 78
104 140 28
104 141 54
104 142 12
104 143 66
104 144 86
104 145 34
104 146 82
104 147 87
104 148 4
104 149 70
104 150 4
104 151 3
104 152 38
104 153 2
104 154 49
104 155 51
104 156 51
104 157 51
104 158 2
104 159 78
105 106 41
105 107 42
105 108 17
105 109 51
105 110 85
105 111 39
105 112 62
105 113 33
105 114 16
105 115 24
105 116 17
105 117 15
105 118 91
105 119 47
105 120 92
105 121 32
105 122 51
105 123 3
105 124 11
105 125 14
105 126 33
105 127 61
105 128 13
105 129 73
105 130 2
105 131 30
105 132 5
105 133 97
105 134 3
105 135 17
105 136 86
105 137 3
105 138 31
105 139 83
105 140 58
105 141 34
105 142 67
105 143 56
105 144 25
105 145 54
105 146 62
105 147 31
105 148 63
105 149 67
105 150 29
105 151 41
105 152 15
105 153 31
105 154 81
105 155 8
105 156 5
105 157 57
105 158 56
105 159 27
106 107 78
106 108 42
106 109 80
106 110 42
106 111 92
106 112 82
106 113 14
106 114 93
106 115 74
106 116 91
106 117 2
106 118 45
106 119 37
106 120 19
106 121 51
106 122 42
106 123 54
106 124 9
106 125 32
106 126 58
106 127 59
106 128 99
106 129 99
106 130 41
106 131 57
106 132 18
106 133 59
106 134 75
106 135 34
106 136 75
106 137 23
106 138 62
106 139 72
106 140 74
106 141 35
106 142 40
106 143 30
106 144 75
106 145 45
106 146 100
106 147 66
106 148 94
106 149 86
106 150 58
106 151 65
106 152 51
106 153 97
106 154 5
106 155 60
106 156 75
106 157 87
106 158 45
106 159 44
107 108 5
107 109 66
107 110 89
107 111 52
107 112 13
107 113 57
107 114 47
107 115 70
107 116 25
107 117 92
107 118 53
107 119 91
107 120 64
107 121 19
107 122 35
107 123 55
107 124 42
107 125 81
107 126 44
107 127 75
107 128 90
107 129 75
107 130 77
107 131 15
107 132 44
107 133 46
107 134 10
107 135 57
107 136 45
107 137 69
107 138 56
107 139 22
107 140 71
107 141 59
107 142 46
107 143 38
107 144 64
107 145 86
107 146 64
107 147 67
107 148 61
107 149 53
107 150 64
107 151 92
107 152 43
107 153 26
107 154 55
107 155 83
107 156 94
107 157 8
107 158 32
107 159 45
108 109 97
108 110 11
108 111 8
108 112 76
108 113 48
108 114 98
108 115 85
108 116 61
108 117 19
108 118 16
108 119 3
108 120 97
108 121 5
108 122 72
108 123 72
108 124 21
108 125 69
108 126 23
108 127 46
108 128 98
108 129 92
108 130 41
108 131 64
108 132 24
108 133 90
108 134 31
108 135 100
108 136 86
108 137 29
108 138 55
108 139 49
108 140 81
108 141 49
108 142 94
108 143 46
108 144 42
108 145 52
108 146 38
108 147 77
108 148 15
108 149 85
108 150 20
108 151 82
108 152 5
108 153 70
108 154 8
108 155 35
108 156 71
108 157 69
108 158 57
108 159 27
109 110 44
109 111 12
109 112 17
109 113 42
109 114 39
109 115 11
109 116 53
109 117 49
109 118 71
109 119 46
109 120 43
109 121 64
109 122 32
109 123 85
109 124 25
109 125 6
109 126 24
109 127 54
109 128 23
109 129 71
109 130 94
109 131 86
109 132 54
109 133 80
109 134 30
109 135 29
109 136 26
109 137 19
109 138 55
109 139 80
109 140 19
109 141 27
109 142 29
109 143 6
109 144 65
109 145 62
109 146 80
109 147 86
109 148 59
109 149 55
109 150 54
109 151 28
109 152 33
109 153 34
109 154 30
109 155 81
109 156 44
109 157 76
109 158 65
109 159 27
110 111 90
110 112 87
110 113 63
110 114 80
110 115 47
110 116 72
110 117 78
110 118 61
110 119 87
110 120 56
110 121 64
110 122 89
110 123 71
110 124 53
110 125 6
110 126 49
110 127 80
110 128 79
110 129 89
110 130 73
110 131 90
110 132 4
110 133 47
110 134 23
110 135 85
110 136 94
110 137 29
110 138 58
110 139 13
110 140 37
110 141 44
110 142 6
110 143 81
110 144 79
110 145 67
110 146 91
110 147 69
110 148 96
110 149 3
110 150 41
110 151 55
110 152 23
110 153 59
110 154 52
110 155 59
110 156 67
110 157 46
110 158 53
110 159 7
111 112 93
111 113 97
111 114 87
111 115 6
111 116 58
111 117 11
111 118 100
111 119 83
111 120 72
111 121 63
111 122 53
111 123 18
111 124 11
111 125 92
111 126 97
111 127 37
111 128 73
111 129 97
111 130 91
111 131 43
111 132 97
111 133 54
111 134 50
111 135 11
111 136 19
111 137 77
111 138 94
111 139 90
111 140 3
111 141 20
111 142 77
111 143 50
111 144 62
111 145 17
111 146 89
111 147 32
111 148 42
111 149 71
111 150 92
111 151 11
111 152 55
111 153 43
111 154 37
111 155 92
111 156 38
111 157 13
111 158 17
111 159 35
112 113 19
112 114 84
112 115 33
112 116 85
112 117 78
112 118 39
112 119 61
112 120 18
112 121 11
112 122 68
112 123 86
112 124 30
112 125 96
112 126 18
112 127 82
112 128 60
112 129 29
112 130 86
112 131 49
112 132 2
112 133 36
112 134 66
112 135 31
112 136 27
112 137 60
112 138 96
112 139 79
112 140 59
112 141 81
112 142 23
112 143 83
112 144 55
112 145 21
112 146 90
112 147 54
112 148 26
112 149 80
112 150 83
112 151 37
112 152 93
112 153 77
112 154 100
112 155 38
112 156 65
112 157 95
112 158 64
112 159 19
113 114 44
113 115 61
113 116 100
113 117 98
113 118 36
113 119 50
113 120 11
113 121 24
113 122 1
113 123 76
113 124 3
113 125 48
113 126 33
113 127 30
113 128 31
113 129 67
113 130 28
113 131 97
113 132 99
113 133 48
113 134 61
113 135 61
113 136 7
113 137 87
113 138 63
113 139 36
113 140 81
113 141 48
113 142 95
113 143 42
113 144 19
113 145 43
113 146 66
113 147 49
113 148 4
113 149 83
113 150 89
113 151 3
113 152 12
113 153 100
113 154 58
113 155 90
113 156 91
113 157 60
113 158 9
113 159 54
114 115 56
114 116 13
114 117 59
114 118 38
114 119 14
114 120 79
114 121 58
114 122 24
114 123 6
114 124 56
114 125 73
114 126 15
114 127 31
114 128 100
114 129 56
114 130 50
114 131 58
114 132 25
114 133 73
114 134 3
114 135 33
114 136 44
114 137 37
114 138 98
114 139 85
114 140 6
114 141 11
114 142 16
114 143 50
114 144 90
114 145 68
114 146 73
114 147 89
114 148 22
114 149 12
114 150 85
114 151 43
114 152 66
114 153 37
114 154 14
114 155 76
114 156 15
114 157 80
114 158 54
114 159 96
115 116 94
115 117 85
115 118 16
115 119 13
115 120 41
115 121 24
115 122 95
115 123 89
115 124 62
115 125 31
115 126 57
115 127 97
115 128 62
115 129 64
115 130 44
115 131 29
115 132 69
115 133 45
115 134 51
115 135 14
115 136 71
115 137 60
115 138 27
115 139 40
115 140 61
115 141 32
115 142 34
115 143 29
115 144 90
115 145 11
115 146 89
115 147 21
115 148 53
115 149 33
115 150 90
115 151 67
115 152 29
115 153 53
115 154 71
115 155 17
115 156 75
115 157 12
115 158 11
115 159 38
116 117 23
116 118 82
116 119 8
116 120 32
116 121 100
116 122 44
116 123 4
116 124 29
116 125 74
116 126 75
116 127 33
116 128 84
116 129 98
116 130 31
116 131 37
116 132 98
116 133 11
116 134 44
116 135 86
116 136 24
116 137 40
116 138 41
116 139 11
116 140 68
116 141 77
116 142 87
116 143 74
116 144 92
116 145 60
116 146 25
116 147 82
116 148 1
116 149 21
116 150 20
116 151 45
116 152 3
116 153 67
116 154 54
116 155 43
116 156 81
116 157 49
116 158 94
116 159 49
117 118 48
117 119 44
117 120 65
117 121 6
117 122 86
117 123 80
117 124 61
117 125 54
117 126 7
117 127 89
117 128 35
117 129 95
117 130 10
117 131 97
117 132 59
117 133 53
117 134 21
117 135 20
117 136 22
117 137 89
117 138 63
117 139 8
117 140 13
117 141 13
117 142 37
117 143 80
117 144 73
117 145 29
117 146 73
117 147 59
117 148 51
117 149 88
117 150 9
117 151 30
117 152 12
117 153 46
117 154 87
117 155 99
117 156 84
117 157 78
117 158 79
117 159 2
118 119 10
118 120 13
118 121 74
118 122 82
118 123 7
118 124 53
118 125 86
118 126 72
118 127 6
118 128 85
118 129 72
118 130 66
118 131 79
118 132 48
118 133 7
118 134 75
118 135 76
118 136 84
118 137 52
118 138 54
118 139 76
118 140 76
118 141 78
118 142 20
118 143 10
118 144 42
118 145 31
118 146 50
118 147 52
118 148 49
118 149 85
118 150 55
118 151 26
118 152 24
118 153 32
118 154 18
118 155 20
118 156 54
118 157 95
118 158 19
118 159 89
119 120 26
119 121 16
119 122 55
119 123 22
119 124 28
119 125 6
119 126 39
119 127 38
119 128 27
119 129 94
119 130 79
119 131 87
119 132 85
119 133 62
119 134 20
119 135 71
119 136 20
119 137 25
119 138 4
119 139 49
119 140 65
119 141 52
119 142 93
119 143 4
119 144 25
119 145 91
119 146 66
119 147 45
119 148 91
119 149 12
119 150 100
119 151 71
119 152 64
119 153 80
119 154 93
119 155 12
119 156 94
119 157 83
119 158 32
119 159 31
120 121 63
120 122 1
120 123 13
120 124 70
120 125 97
120 126 64
120 127 51
120 128 63
120 129 70
120 130 25
120 131 37
120 132 62
120 133 76
120 134 33
120 135 19
120 136 55
120 137 94
120 138 37
120 139 92
120 140 14
120 141 74
120 142 63
120 143 3
120 144 4
120 145 17
120 146 27
120 147 21
120 148 81
120 149 56
120 150 63
120 151 27
120 152 18
120 153 5
120 154 86
120 155 94
120 156 12
120 157 97
120 158 30
120 159 53
121 122 39
121 123 57
121 124 65
121 125 96
121 126 61
121 127 18
121 128 57
121 129 72
121 130 93
121 131 69
121 132 16
121 133 15
121 134 34
121 135 12
121 136 49
121 137 95
121 138 30
121 139 16
121 140 70
121 141 95
121 142 30
121 143 85
121 144 61
121 145 1
121 146 43
121 147 78
121 148 1
121 149 78
121 150 1
121 151 13
121 152 68
121 153 68
121 154 31
121 155 52
121 156 85
121 157 28
121 158 1
121 159 86
122 123 49
122 124 23
122 125 61
122 126 54
122 127 1
122 128 86
122 129 38
122 130 12
122 131 58
122 132 45
122 133 50
122 134 55
122 135 83
122 136 60
122 137 71
122 138 20
122 139 55
122 140 39
122 141 96
122 142 45
122 143 5
122 144 38
122 145 86
122 146 64
122 147 79
122 148 10
122 149 30
122 150 1
122 151 41
122 152 45
122 153 49
122 154 81
122 155 38
122 156 11
122 157 34
122 158 12
122 159 64
123 124 40
123 125 90
123 126 89
123 127 7
123 128 30
123 129 1
123 130 4
123 131 26
123 132 30
123 133 1
123 134 7
123 135 29
123 136 75
123 137 83
123 138 52
123 139 42
123 140 23
123 141 97
123 142 66
123 143 40
123 144 27
123 145 17
123 146 60
123 147 3
123 148 27
123 149 37
123 150 35
123 151 16
123 152 89
123 153 78
123 154 63
123 155 83
123 156 99
123 157 73
123 158 19
123 159 21
124 125 60
124 126 66
124 127 71
124 128 60
124 129 76
124 130 54
124 131 32
124 132 25
124 133 14
124 134 92
124 135 38
124 136 97
124 137 62
124 138 6
124 139 82
124 140 54
124 141 5
124 142 33
124 143 45
124 144 87
124 145 12
124 146 44
124 147 95
124 148 80
124 149 49
124 150 5
124 151 90
124 152 67
124 153 41
124 154 45
124 155 10
124 156 79
124 157 6
124 158 45
124 159 58
125 126 79
125 127 65
125 128 85
125 129 78
125 130 58
125 131 27
125 132 35
125 133 29
125 134 59
125 135 67
125 136 45
125 137 11
125 138 76
125 139 58
125 140 31
125 141 64
125 142 39
125 143 95
125 144 49
125 145 51
125 146 100
125 147 26
125 148 6
125 149 68
125 150 99
125 151 66
125 152 85
125 153 36
125 154 21
125 155 42
125 156 22
125 157 71
125 158 3
125 159 58
126 127 10
126 128 15
126 129 98
126 130 85
126 131 40
126 132 60
126 133 69
126 134 34
126 135 79
126 136 67
126 137 47
126 138 3
126 139 49
126 140 36
126 141 81
126 142 88
126 143 93
126 144 82
126 145 6
126 146 2
126 147 50
126 148 87
126 149 61
126 150 55
126 151 38
126 152 63
126 153 18
126 154 37
126 155 53
126 156 71
126 157 49
126 158 5
126 159 35
127 128 25
127 129 17
127 130 77
127 131 60
127 132 27
127 133 31
127 134 15
127 135 60
127 136 43
127 137 38
127 138 88
127 139 100
127 140 21
127 141 67
127 142 12
127 143 14
127 144 32
127 145 43
127 146 42
127 147 77
127 148 50
127 149 46
127 150 91
127 151 21
127 152 43
127 153 58
127 154 4
127 155 10
127 156 67
127 157 47
127 158 70
127 159 33
128 129 26
128 130 23
128 131 40
128 132 93
128 133 40
128 134 30
128 135 53
128 136 54
128 137 75
128 138 3
128 139 57
128 140 37
128 141 3
128 142 23
128 143 93
128 144 12
128 145 12
128 146 36
128 147 24
128 148 64
128 149 46
128 150 90
128 151 98
128 152 98
128 153 35
128 154 10
128 155 53
128 156 53
128 157 19
128 158 54
128 159 98
129 130 67
129 131 11
129 132 96
129 133 34
129 134 96
129 135 48
129 136 16
129 137 95
129 138 94
129 139 91
129 140 57
129 141 99
129 142 34
129 143 42
129 144 98
129 145 6
129 146 53
129 147 99
129 148 69
129 149 50
129 150 46
129 151 53
129 152 27
129 153 3
129 154 33
129 155 97
129 156 28
129 157 37
129 158 50
129 159 91
130 131 66
130 132 30
130 133 75
130 134 27
130 135 48
130 136 34
130 137 30
130 138 75
130 139 71
130 140 50
130 141 25
130 142 50
130 143 27
130 144 84
130 145 19
130 146 29
130 147 27
130 148 46
130 149 68
130 150 88
130 151 33
130 152 22
130 153 81
130 154 40
130 155 83
130 156 24
130 157 13
130 158 15
130 159 22
131 132 61
131 133 73
131 134 38
131 135 47
131 136 71
131 137 54
131 138 73
131 139 30
131 140 66
131 141 35
131 142 40
131 143 9
131 144 85
131 145 69
131 146 35
131 147 87
131 148 77
131 149 91
131 150 20
131 151 73
131 152 47
131 153 70
131 154 66
131 155 61
131 156 83
131 157 63
131 158 92
131 159 98
132 133 76
132 134 94
132 135 95
132 136 96
132 137 70
132 138 13
132 139 47
132 140 80
132 141 38
132 142 39
132 143 8
132 144 9
132 145 90
132 146 50
132 147 4
132 148 79
132 149 49
132 150 44
132 151 88
132 152 89
132 153 48
132 154 55
132 155 7
132 156 98
132 157 63
132 158 62
132 159 62
133 134 91
133 135 40
133 136 42
133 137 93
133 138 74
133 139 10
133 140 50
133 141 31
133 142 59
133 143 92
133 144 17
133 145 80
133 146 52
133 147 10
133 148 17
133 149 95
133 150 1
133 151 84
133 152 92
133 153 69
133 154 100
133 155 6
133 156 69
133 157 62
133 158 57
133 159 32
134 135 19
134 136 73
134 137 99
134 138 27
134 139 82
134 140 17
134 141 2
134 142 67
134 143 6
134 144 36
134 145 37
134 146 80
134 147 25
134 148 3
134 149 79
134 150 11
134 151 9
134 152 21
134 153 36
134 154 11
134 155 74
134 156 86
134 157 89
134 158 9
134 159 74
135 136 83
135 137 11
135 138 86
135 139 2
135 140 32
135 141 1
135 142 69
135 143 58
135 144 79
135 145 82
135 146 69
135 147 80
135 148 10
135 149 17
135 150 44
135 151 92
135 152 51
135 153 61
135 154 65
135 155 51
135 156 84
135 157 39
135 158 86
135 159 39
136 137 37
136 138 87
136 139 22
136 140 32
136 141 30
136 142 55
136 143 27
136 144 32
136 145 4
136 146 64
136 147 96
136 148 69
136 149 62
136 150 25
136 151 80
136 152 98
136 153 1
136 154 84
136 155 75
136 156 14
136 157 59
136 158 6
136 159 30
137 138 16
137 139 67
137 140 95
137 141 28
137 142 16
137 143 78
137 144 19
137 145 26
137 146 94
137 147 42
137 148 1
137 149 41
137 150 67
137 151 53
137 152 43
137 153 14
137 154 51
137 155 91
137 156 80
137 157 81
137 158 64
137 159 15
138 139 3
138 140 28
138 141 14
138 142 34
138 143 55
138 144 14
138 145 60
138 146 88
138 147 76
138 148 24
138 149 28
138 150 94
138 151 33
138 152 50
138 153 26
138 154 16
138 155 45
138 156 6
138 157 19
138 158 32
138 159 76
139 140 19
139 141 29
139 142 26
139 143 44
139 144 84
139 145 100
139 146 29
139 147 2
139 148 54
139 149 23
139 150 6
139 151 28
139 152 58
139 153 14
139 154 31
139 155 82
139 156 30
139 157 26
139 158 33
139 159 2
140 141 41
140 142 43
140 143 1
140 144 87
140 145 42
140 146 84
140 147 33
140 148 28
140 149 67
140 150 55
140 151 5
140 152 13
140 153 80
140 154 56
140 155 26
140 156 87
140 157 54
140 158 51
140 159 61
141 142 98
141 143 87
141 144 57
141 145 63
141 146 17
141 147 86
141 148 9
141 149 6
141 150 38
141 151 82
141 152 52
141 153 67
141 154 15
141 155 17
141 156 67
141 157 46
141 158 62
141 159 89
142 143 46
142 144 39
142 145 64
142 146 1
142 147 85
142 148 23
142 149 94
142 150 10
142 151 55
142 152 81
142 153 93
142 154 88
142 155 37
142 156 34
142 157 94
142 158 65
142 159 53
143 144 99
143 145 13
143 146 68
143 147 51
143 148 74
143 149 80
143 150 35
143 151 86
143 152 87
143 153 98
143 154 100
143 155 77
143 156 59
143 157 47
143 158 36
143 159 33
144 145 34
144 146 52
144 147 25
144 148 23
144 149 23
144 150 8
144 151 39
144 152 47
144 153 35
144 154 66
144 155 28
144 156 88
144 157 46
144 158 13
144 159 2
145 146 78
145 147 28
145 148 90
145 149 33
145 150 15
145 151 53
145 152 50
145 153 2
145 154 9
145 155 87
145 156 64
145 157 24
145 158 96
145 159 16
146 147 94
146 148 85
146 149 2
146 150 21
146 151 48
146 152 73
146 153 18
146 154 89
146 155 94
146 156 19
146 157 21
146 158 29
146 159 33
147 148 95
147 149 53
147 150 70
147 151 43
147 152 58
147 153 27
147 154 77
147 155 11
147 156 48
147 157 98
147 158 80
147 159 59
148 149 31
148 150 91
148 151 93
148 152 44
148 153 16
148 154 22
148 155 91
148 156 4
148 157 39
148 158 92
148 159 99
149 150 37
149 151 54
149 152 90
149 153 26
149 154 11
149 155 6
149 156 8
149 157 7
149 158 76
149 159 32
150 151 7
150 152 12
150 153 35
150 154 24
150 155 31
150 156 63
150 157 48
150 158 38
150 159 97
151 152 66
151 153 21
151 154 96
151 155 47
151 156 43
151 157 88
151 158 90
151 159 19
152 153 13
152 154 50
152 155 78
152 156 60
152 157 32
152 158 43
152 159 18
153 154 85
153 155 48
153 156 96
153 157 36
153 158 55
153 159 75
154 155 46
154 156 76
154 157 84
154 158 44
154 159 41
155 156 94
155 157 74
155 158 24
155 159 68
156 157 24
156 158 21
156 159 91
157 158 36
157 159 86
158 159 89
