160 12720
0 1 98
0 2 82
0 3 88
0 4 100
0 5 76
0 6 63
0 7 79
0 8 10
0 9 91
0 10 93
0 11 2
0 12 94
0 13 41
0 14 30
0 15 32
0 16 67
0 17 80
0 18 4
0 19 93
0 20 56
0 21 75
0 22 97
0 23 91
0 24 64
0 25 43
0 26 72
0 27 7
0 28 55
0 29 1
0 30 94
0 31 12
0 32 26
0 33 90
0 34 41
0 35 83
0 36 18
0 37 5
0 38 52
0 39 70
0 40 23
0 41 93
0 42 95
0 43 87
0 44 63
0 45 37
0 46 32
0 47 95
0 48 57
0 49 80
0 50 88
0 51 63
0 52 23
0 53 96
0 54 74
0 55 70
0 56 70
0 57 88
0 58 47
0 59 53
0 60 56
0 61 81
0 62 69
0 63 1
0 64 99
0 65 30
0 66 9
0 67 26
0 68 51
0 69 82
0 70 4
0 71 92
0 72 19
0 73 53
0 74 6
0 75 51
0 76 19
0 77 77
0 78 96
0 79 26
0 80 17
0 81 97
0 82 33
0 83 45
0 84 31
0 85 36
0 86 96
0 87 4
0 88 24
0 89 21
0 90 20
0 91 86
0 92 50
0 93 23
0 94 74
0 95 94
0 96 24
0 97 92
0 98 81
0 99 64
0 100 32
0 101 64
0 102 90
0 103 68
0 104 21
0 105 54
0 106 56
0 107 83
0 108 61
0 109 84
0 110 55
0 111 23
0 112 51
0 113 45
0 114 79
0 115 16
0 116 84
0 117 99
0 118 43
0 119 16
0 120 79
0 121 61
0 122 47
0 123 24
0 124 62
0 125 74
0 126 50
0 127 58
0 128 55
0 129 81
0 130 14
0 131 36
0 132 35
0 133 83
0 134 71
0 135 94
0 136 36
0 137 15
0 138 83
0 139 39
0 140 90
0 141 72
0 142 89
0 143 5
0 144 61
0 145 16
0 146 41
0 147 37
0 148 29
0 149 68
0 150 70
0 151 86
0 152 80
0 153 63
0 154 19
0 155 89
0 156 30
0 157 84
0 158 88
0 159 94
1 2 8
1 3 94
1 4 54
1 5 95
1 6 45
1 7 21
1 8 15
1 9 25
1 10 3
1 11 94
1 12 99
1 13 38
1 14 28
1 15 62
1 16 91
1 17 22
1 18 78
1 19 52
1 20 55
1 21 93
1 22 16
1 23 44
1 24 11
1 25 29
1 26 64
1 27 94
1 28 58
1 29 31
1 30 14
1 31 89
1 32 14
1 33 57
1 34 6
1 35 91
1 36 72
1 37 99
1 38 80
1 39 12
1 40 30
1 41 97
1 42 40
1 43 41
1 44 80
1 45 16
1 46 5
1 47 27
1 48 42
1 49 71
1 50 89
1 51 31
1 52 2
1 53 16
1 54 44
1 55 88
1 56 65
1 57 2
1 58 87
1 59 43
1 60 97
1 61 66
1 62 2
1 63 37
1 64 48
1 65 51
1 66 24
1 67 25
1 68 16
1 69 30
1 70 77
1 71 18
1 72 72
1 73 25
1 74 52
1 75 64
1 76 93
1 77 4
1 78 30
1 79 41
1 80 50
1 81 34
1 82 29
1 83 23
1 84 58
1 85 46
1 86 40
1 87 85
1 88 23
1 89 52
1 90 48
1 91 10
1 92 63
1 93 14
1 94 63
1 95 52
1 96 1
1 97 78
1 98 40
1 99 56
1 100 88
1 101 6
1 102 78
1 103 99
1 104 45
1 105 2
1 106 23
1 107 12
1 108 8
1 109 1
1 110 38
1 111 30
1 112 48
1 113 4
1 114 1
1 115 98
1 116 26
1 117 78
1 118 78
1 119 78
1 120 98
1 121 56
1 122 89
1 123 30
1 124 40
1 125 75
1 126 62
1 127 69
1 128 29
1 129 62
1 130 9
1 131 32
1 132 59
1 133 41
1 134 92
1 135 6
1 136 61
1 137 33
1 138 9
1 139 79
1 140 88
1 141 65
1 142 93
1 143 39
1 144 18
1 145 44
1 146 76
1 147 67
1 148 10
1 149 47
1 150 96
1 151 3
1 152 23
1 153 78
1 154 64
1 155 40
1 156 22
1 157 43
1 158 26
1 159 74
2 3 52
2 4 60
2 5 63
2 6 95
2 7 70
2 8 34
2 9 23
2 10 81
2 11 79
2 12 73
2 13 46
2 14 98
2 15 14
2 16 85
2 17 57
2 18 27
2 19 78
2 20 30
2 21 31
2 22 18
2 23 95
2 24 38
2 25 11
2 26 70
2 27 37
2 28 28
2 29 25
2 30 40
2 31 9
2 32 32
2 33 35
2 34 1
2 35 21
2 36 80
2 37 74
2 38 4
2 39 31
2 40 51
2 41 28
2 42 47
2 43 30
2 44 83
2 45 43
2 46 8
2 47 38
2 48 43
2 49 87
2 50 14
2 51 93
2 52 48
2 53 82
2 54 62
2 55 18
2 56 9
2 57 45
2 58 71
2 59 31
2 60 58
2 61 76
2 62 34
2 63 63
2 64 7
2 65 77
2 66 89
2 67 65
2 68 50
2 69 22
2 70 52
2 71 13
2 72 24
2 73 32
2 74 32
2 75 77
2 76 28
2 77 49
2 78 70
2 79 56
2 80 58
2 81 83
2 82 12
2 83 99
2 84 90
2 85 70
2 86 45
2 87 7
2 88 23
2 89 28
2 90 63
2 91 47
2 92 64
2 93 59
2 94 52
2 95 38
2 96 33
2 97 38
2 98 52
2 99 42
2 100 8
2 101 15
2 102 15
2 103 33
2 104 87
2 105 79
2 106 52
2 107 41
2 108 88
2 109 58
2 110 89
2 111 83
2 112 78
2 113 68
2 114 92
2 115 38
2 116 80
2 117 19
2 118 43
2 119 8
2 120 89
2 121 89
2 122 89
2 123 81
2 124 37
2 125 13
2 126 54
2 127 78
2 128 70
2 129 80
2 130 5
2 131 27
2 132 15
2 133 39
2 134 2
2 135 36
2 136 25
2 137 14
2 138 93
2 139 10
2 140 12
2 141 58
2 142 84
2 143 4
2 144 57
2 145 81
2 146 15
2 147 88
2 148 2
2 149 55
2 150 55
2 151 47
2 152 55
2 153 87
2 154 86
2 155 88
2 156 4
2 157 69
2 158 60
2 159 59
3 4 35
3 5 97
3 6 43
3 7 39
3 8 78
3 9 93
3 10 32
3 11 24
3 12 80
3 13 72
3 14 38
3 15 6
3 16 75
3 17 57
3 18 21
3 19 54
3 20 95
3 21 38
3 22 93
3 23 48
3 24 96
3 25 38
3 26 84
3 27 52
3 28 25
3 29 2
3 30 83
3 31 52
3 32 65
3 33 92
3 34 32
3 35 54
3 36 78
3 37 72
3 38 64
3 39 30
3 40 70
3 41 92
3 42 53
3 43 97
3 44 32
3 45 30
3 46 58
3 47 70
3 48 81
3 49 81
3 50 79
3 51 65
3 52 75
3 53 76
3 54 93
3 55 33
3 56 76
3 57 68
3 58 43
3 59 52
3 60 96
3 61 100
3 62 15
3 63 61
3 64 59
3 65 54
3 66 58
3 67 55
3 68 96
3 69 28
3 70 49
3 71 95
3 72 79
3 73 16
3 74 55
3 75 60
3 76 40
3 77 57
3 78 17
3 79 62
3 80 59
3 81 88
3 82 57
3 83 36
3 84 82
3 85 86
3 86 84
3 87 31
3 88 38
3 89 20
3 90 80
3 91 10
3 92 11
3 93 68
3 94 23
3 95 76
3 96 17
3 97 64
3 98 84
3 99 54
3 100 35
3 101 4
3 102 67
3 103 86
3 104 8
3 105 77
3 106 5
3 107 30
3 108 68
3 109 10
3 110 36
3 111 47
3 112 29
3 113 31
3 114 17
3 115 62
3 116 68
3 117 45
3 118 82
3 119 23
3 120 41
3 121 79
3 122 83
3 123 33
3 124 15
3 125 39
3 126 43
3 127 31
3 128 82
3 129 99
3 130 22
3 131 98
3 132 31
3 133 5
3 134 26
3 135 61
3 136 33
3 137 22
3 138 35
3 139 2
3 140 17
3 141 1
3 142 75
3 143 23
3 144 9
3 145 26
3 146 68
3 147 67
3 148 10
3 149 85
3 150 59
3 151 77
3 152 45
3 153 97
3 154 73
3 155 13
3 156 27
3 157 57
3 158 1
3 159 93
4 5 28
4 6 71
4 7 57
4 8 71
4 9 8
4 10 40
4 11 10
4 12 60
4 13 82
4 14 60
4 15 23
4 16 11
4 17 44
4 18 67
4 19 45
4 20 71
4 21 66
4 22 36
4 23 66
4 24 28
4 25 23
4 26 91
4 27 90
4 28 74
4 29 90
4 30 70
4 31 45
4 32 79
4 33 81
4 34 67
4 35 4
4 36 15
4 37 42
4 38 52
4 39 84
4 40 68
4 41 53
4 42 73
4 43 85
4 44 10
4 45 5
4 46 98
4 47 41
4 48 14
4 49 77
4 50 14
4 51 85
4 52 36
4 53 25
4 54 93
4 55 22
4 56 36
4 57 74
4 58 66
4 59 43
4 60 92
4 61 35
4 62 63
4 63 15
4 64 13
4 65 12
4 66 66
4 67 8
4 68 85
4 69 88
4 70 21
4 71 74
4 72 33
4 73 35
4 74 95
4 75 75
4 76 18
4 77 81
4 78 21
4 79 4
4 80 11
4 81 19
4 82 79
4 83 57
4 84 20
4 85 58
4 86 22
4 87 84
4 88 58
4 89 5
4 90 27
4 91 20
4 92 66
4 93 81
4 94 71
4 95 91
4 96 66
4 97 100
4 98 33
4 99 71
4 100 33
4 101 34
4 102 88
4 103 74
4 104 99
4 105 35
4 106 21
4 107 21
4 108 18
4 109 31
4 110 27
4 111 54
4 112 77
4 113 28
4 114 63
4 115 13
4 116 22
4 117 4
4 118 60
4 119 32
4 120 13
4 121 61
4 122 7
4 123 79
4 124 92
4 125 9
4 126 39
4 127 37
4 128 39
4 129 45
4 130 63
4 131 19
4 132 32
4 133 50
4 134 83
4 135 35
4 136 19
4 137 17
4 138 21
4 139 63
4 140 55
4 141 85
4 142 59
4 143 56
4 144 25
4 145 92
4 146 90
4 147 54
4 148 16
4 149 93
4 150 76
4 151 70
4 152 38
4 153 68
4 154 38
4 155 28
4 156 92
4 157 43
4 158 17
4 159 39
5 6 29
5 7 42
5 8 80
5 9 15
5 10 65
5 11 80
5 12 17
5 13 99
5 14 69
5 15 47
5 16 20
5 17 60
5 18 61
5 19 34
5 20 53
5 21 23
5 22 18
5 23 41
5 24 31
5 25 67
5 26 49
5 27 8
5 28 18
5 29 15
5 30 89
5 31 53
5 32 62
5 33 64
5 34 69
5 35 99
5 36 63
5 37 58
5 38 16
5 39 40
5 40 84
5 41 10
5 42 48
5 43 11
5 44 51
5 45 44
5 46 31
5 47 4
5 48 8
5 49 52
5 50 100
5 51 25
5 52 44
5 53 63
5 54 33
5 55 22
5 56 74
5 57 36
5 58 43
5 59 45
5 60 92
5 61 91
5 62 80
5 63 70
5 64 4
5 65 14
5 66 38
5 67 45
5 68 1
5 69 22
5 70 82
5 71 75
5 72 77
5 73 96
5 74 93
5 75 54
5 76 81
5 77 61
5 78 100
5 79 23
5 80 8
5 81 77
5 82 80
5 83 37
5 84 2
5 85 70
5 86 2
5 87 22
5 88 96
5 89 82
5 90 52
5 91 60
5 92 41
5 93 84
5 94 76
5 95 56
5 96 73
5 97 28
5 98 92
5 99 90
5 100 55
5 101 29
5 102 6
5 103 33
5 104 94
5 105 23
5 106 74
5 107 88
5 108 48
5 109 94
5 110 26
5 111 7
5 112 22
5 113 7
5 114 80
5 115 16
5 116 32
5 117 25
5 118 8
5 119 63
5 120 18
5 121 46
5 122 48
5 123 58
5 124 1
5 125 52
5 126 94
5 127 29
5 128 32
5 129 86
5 130 26
5 131 11
5 132 2
5 133 96
5 134 94
5 135 64
5 136 53
5 137 66
5 138 45
5 139 90
5 140 45
5 141 24
5 142 39
5 143 55
5 144 14
5 145 60
5 146 25
5 147 43
5 148 10
5 149 71
5 150 63
5 151 11
5 152 15
5 153 7
5 154 88
5 155 38
5 156 83
5 157 26
5 158 39
5 159 82
6 7 32
6 8 74
6 9 32
6 10 70
6 11 92
6 12 56
6 13 85
6 14 63
6 15 51
6 16 38
6 17 75
6 18 54
6 19 91
6 20 53
6 21 54
6 22 90
6 23 29
6 24 7
6 25 63
6 26 56
6 27 61
6 28 100
6 29 35
6 30 50
6 31 40
6 32 26
6 33 77
6 34 83
6 35 9
6 36 67
6 37 17
6 38 32
6 39 74
6 40 41
6 41 51
6 42 53
6 43 5
6 44 62
6 45 5
6 46 49
6 47 94
6 48 44
6 49 65
6 50 49
6 51 88
6 52 92
6 53 93
6 54 50
6 55 3
6 56 93
6 57 9
6 58 42
6 59 58
6 60 8
6 61 53
6 62 44
6 63 52
6 64 7
6 65 10
6 66 93
6 67 97
6 68 49
6 69 82
6 70 49
6 71 28
6 72 2
6 73 44
6 74 67
6 75 67
6 76 4
6 77 98
6 78 95
6 79 11
6 80 53
6 81 100
6 82 26
6 83 27
6 84 20
6 85 43
6 86 9
6 87 82
6 88 4
6 89 19
6 90 32
6 91 61
6 92 56
6 93 43
6 94 67
6 95 1
6 96 21
6 97 89
6 98 22
6 99 9
6 100 95
6 101 52
6 102 69
6 103 56
6 104 81
6 105 92
6 106 25
6 107 43
6 108 45
6 109 34
6 110 38
6 111 55
6 112 5
6 113 28
6 114 37
6 115 74
6 116 3
6 117 72
6 118 92
6 119 66
6 120 84
6 121 94
6 122 39
6 123 34
6 124 82
6 125 72
6 126 22
6 127 87
6 128 80
6 129 36
6 130 6
6 131 20
6 132 5
6 133 67
6 134 37
6 135 48
6 136 80
6 137 89
6 138 75
6 139 81
6 140 38
6 141 91
6 142 79
6 143 3
6 144 11
6 145 49
6 146 23
6 147 37
6 148 80
6 149 85
6 150 78
6 151 7
6 152 28
6 153 8
6 154 97
6 155 35
6 156 56
6 157 50
6 158 89
6 159 3
7 8 77
7 9 2
7 10 61
7 11 69
7 12 49
7 13 80
7 14 37
7 15 21
7 16 64
7 17 52
7 18 44
7 19 70
7 20 22
7 21 66
7 22 87
7 23 57
7 24 66
7 25 65
7 26 96
7 27 43
7 28 39
7 29 83
7 30 42
7 31 80
7 32 39
7 33 80
7 34 71
7 35 36
7 36 72
7 37 65
7 38 13
7 39 60
7 40 81
7 41 64
7 42 84
7 43 93
7 44 69
7 45 73
7 46 40
7 47 15
7 48 69
7 49 61
7 50 63
7 51 48
7 52 66
7 53 90
7 54 86
7 55 5
7 56 21
7 57 94
7 58 5
7 59 14
7 60 64
7 61 42
7 62 75
7 63 96
7 64 28
7 65 25
7 66 70
7 67 8
7 68 50
7 69 77
7 70 26
7 71 78
7 72 47
7 73 37
7 74 36
7 75 60
7 76 34
7 77 71
7 78 27
7 79 73
7 80 100
7 81 26
7 82 8
7 83 54
7 84 43
7 85 34
7 86 22
7 87 99
7 88 14
7 89 91
7 90 47
7 91 35
7 92 76
7 93 88
7 94 90
7 95 39
7 96 34
7 97 7
7 98 99
7 99 45
7 100 31
7 101 20
7 102 76
7 103 62
7 104 9
7 105 3
7 106 20
7 107 2
7 108 5
7 109 38
7 110 51
7 111 43
7 112 47
7 113 7
7 114 39
7 115 6
7 116 99
7 117 30
7 118 97
7 119 78
7 120 54
7 121 2
7 122 69
7 123 2
7 124 57
7 125 81
7 126 21
7 127 21
7 128 66
7 129 54
7 130 80
7 131 82
7 132 33
7 133 27
7 134 30
7 135 70
7 136 16
7 137 40
7 138 36
7 139 18
7 140 33
7 141 55
7 142 34
7 143 47
7 144 77
7 145 62
7 146 77
7 147 38
7 148 79
7 149 68
7 150 87
7 151 19
7 152 34
7 153 36
7 154 14
7 155 45
7 156 25
7 157 28
7 158 24
7 159 61
8 9 66
8 10 84
8 11 14
8 12 90
8 13 39
8 14 76
8 15 86
8 16 89
8 17 39
8 18 39
8 19 85
8 20 26
8 21 47
8 22 54
8 23 49
8 24 60
8 25 1
8 26 66
8 27 47
8 28 91
8 29 71
8 30 38
8 31 36
8 32 32
8 33 64
8 34 67
8 35 34
8 36 44
8 37 71
8 38 27
8 39 88
8 40 3
8 41 30
8 42 84
8 43 99
8 44 64
8 45 21
8 46 44
8 47 93
8 48 22
8 49 66
8 50 30
8 51 31
8 52 29
8 53 21
8 54 3
8 55 28
8 56 31
8 57 90
8 58 64
8 59 36
8 60 16
8 61 97
8 62 97
8 63 63
8 64 11
8 65 20
8 66 15
8 67 51
8 68 90
8 69 89
8 70 51
8 71 34
8 72 41
8 73 49
8 74 31
8 75 47
8 76 17
8 77 86
8 78 1
8 79 57
8 80 24
8 81 16
8 82 15
8 83 12
8 84 66
8 85 11
8 86 98
8 87 47
8 88 6
8 89 35
8 90 83
8 91 98
8 92 25
8 93 36
8 94 88
8 95 34
8 96 10
8 97 94
8 98 2
8 99 19
8 100 51
8 101 98
8 102 22
8 103 81
8 104 48
8 105 33
8 106 93
8 107 39
8 108 43
8 109 9
8 110 37
8 111 97
8 112 85
8 113 58
8 114 89
8 115 21
8 116 26
8 117 19
8 118 18
8 119 97
8 120 8
8 121 23
8 122 31
8 123 99
8 124 99
8 125 34
8 126 40
8 127 24
8 128 49
8 129 25
8 130 66
8 131 7
8 132 25
8 133 80
8 134 31
8 135 79
8 136 73
8 137 78
8 138 12
8 139 23
8 140 76
8 141 50
8 142 50
8 143 64
8 144 88
8 145 11
8 146 97
8 147 38
8 148 42
8 149 83
8 150 74
8 151 82
8 152 4
8 153 29
8 154 66
8 155 53
8 156 83
8 157 32
8 158 96
8 159 27
9 10 41
9 11 73
9 12 41
9 13 98
9 14 45
9 15 3
9 16 55
9 17 94
9 18 46
9 19 46
9 20 50
9 21 19
9 22 95
9 23 56
9 24 28
9 25 60
9 26 98
9 27 81
9 28 32
9 29 58
9 30 79
9 31 55
9 32 32
9 33 15
9 34 9
9 35 14
9 36 39
9 37 92
9 38 5
9 39 40
9 40 26
9 41 33
9 42 63
9 43 75
9 44 46
9 45 7
9 46 8
9 47 6
9 48 38
9 49 62
9 50 11
9 51 50
9 52 88
9 53 81
9 54 10
9 55 99
9 56 82
9 57 23
9 58 67
9 59 9
9 60 69
9 61 10
9 62 33
9 63 60
9 64 34
9 65 94
9 66 67
9 67 58
9 68 63
9 69 31
9 70 96
9 71 64
9 72 77
9 73 2
9 74 17
9 75 85
9 76 78
9 77 12
9 78 99
9 79 75
9 80 85
9 81 20
9 82 62
9 83 79
9 84 42
9 85 47
9 86 30
9 87 24
9 88 63
9 89 20
9 90 14
9 91 25
9 92 47
9 93 3
9 94 24
9 95 89
9 96 13
9 97 25
9 98 57
9 99 87
9 100 61
9 101 17
9 102 15
9 103 1
9 104 19
9 105 37
9 106 16
9 107 71
9 108 8
9 109 97
9 110 1
9 111 28
9 112 10
9 113 31
9 114 73
9 115 30
9 116 6
9 117 88
9 118 74
9 119 56
9 120 44
9 121 43
9 122 96
9 123 9
9 124 7
9 125 13
9 126 74
9 127 56
9 128 58
9 129 100
9 130 3
9 131 72
9 132 80
9 133 55
9 134 16
9 135 72
9 136 30
9 137 16
9 138 41
9 139 50
9 140 39
9 141 35
9 142 8
9 143 13
9 144 92
9 145 19
9 146 86
9 147 74
9 148 33
9 149 75
9 150 4
9 151 52
9 152 11
9 153 42
9 154 89
9 155 98
9 156 40
9 157 8
9 158 57
9 159 26
10 11 55
10 12 2
10 13 82
10 14 3
10 15 52
10 16 18
10 17 95
10 18 58
10 19 18
10 20 57
10 21 47
10 22 100
10 23 58
10 24 11
10 25 14
10 26 45
10 27 64
10 28 64
10 29 82
10 30 65
10 31 23
10 32 96
10 33 55
10 34 65
10 35 96
10 36 13
10 37 23
10 38 37
10 39 74
10 40 92
10 41 66
10 42 35
10 43 68
10 44 52
10 45 91
10 46 71
10 47 31
10 48 78
10 49 48
10 50 64
10 51 87
10 52 54
10 53 75
10 54 37
10 55 15
10 56 73
10 57 56
10 58 33
10 59 25
10 60 88
10 61 6
10 62 70
10 63 10
10 64 89
10 65 81
10 66 86
10 67 95
10 68 64
10 69 92
10 70 15
10 71 23
10 72 29
10 73 42
10 74 53
10 75 44
10 76 39
10 77 86
10 78 92
10 79 7
10 80 7
10 81 39
10 82 14
10 83 54
10 84 26
10 85 55
10 86 75
10 87 36
10 88 8
10 89 61
10 90 50
10 91 93
10 92 43
10 93 99
10 94 5
10 95 24
10 96 82
10 97 58
10 98 73
10 99 64
10 100 27
10 101 83
10 102 83
10 103 43
10 104 44
10 105 76
10 106 49
10 107 37
10 108 32
10 109 48
10 110 12
10 111 26
10 112 75
10 113 26
10 114 14
10 115 20
10 116 83
10 117 53
10 118 92
10 119 12
10 120 82
10 121 85
10 122 40
10 123 91
10 124 44
10 125 62
10 126 14
10 127 82
10 128 92
10 129 9
10 130 28
10 131 20
10 132 10
10 133 23
10 134 51
10 135 89
10 136 85
10 137 40
10 138 31
10 139 83
10 140 10
10 141 84
10 142 61
10 143 94
10 144 66
10 145 99
10 146 68
10 147 72
10 148 3
10 149 55
10 150 92
10 151 23
10 152 88
10 153 13
10 154 27
10 155 28
10 156 86
10 157 4
10 158 89
10 159 31
11 12 96
11 13 75
11 14 62
11 15 12
11 16 94
11 17 82
11 18 64
11 19 78
11 20 37
11 21 48
11 22 88
11 23 26
11 24 37
11 25 20
11 26 29
11 27 56
11 28 38
11 29 98
11 30 16
11 31 59
11 32 59
11 33 65
11 34 90
11 35 97
11 36 53
11 37 53
11 38 58
11 39 50
11 40 67
11 41 45
11 42 98
11 43 79
11 44 72
11 45 84
11 46 3
11 47 47
11 48 9
11 49 29
11 50 39
11 51 33
11 52 89
11 53 40
11 54 74
11 55 5
11 56 68
11 57 19
11 58 90
11 59 60
11 60 38
11 61 61
11 62 81
11 63 5
11 64 72
11 65 37
11 66 70
11 67 73
11 68 47
11 69 87
11 70 45
11 71 100
11 72 20
11 73 73
11 74 26
11 75 81
11 76 27
11 77 88
11 78 53
11 79 56
11 80 51
11 81 64
11 82 78
11 83 72
11 84 19
11 85 44
11 86 55
11 87 77
11 88 81
11 89 15
11 90 62
11 91 49
11 92 35
11 93 16
11 94 71
11 95 93
11 96 93
11 97 5
11 98 48
11 99 95
11 100 36
11 101 95
11 102 20
11 103 86
11 104 93
11 105 70
11 106 13
11 107 93
11 108 68
11 109 71
11 110 57
11 111 9
11 112 41
11 113 29
11 114 57
11 115 56
11 116 7
11 117 26
11 118 4
11 119 55
11 120 30
11 121 83
11 122 55
11 123 15
11 124 93
11 125 76
11 126 74
11 127 70
11 128 23
11 129 50
11 130 12
11 131 55
11 132 8
11 133 86
11 134 69
11 135 44
11 136 13
11 137 7
11 138 92
11 139 53
11 140 90
11 141 82
11 142 46
11 143 8
11 144 2
11 145 49
11 146 90
11 147 64
11 148 75
11 149 88
11 150 71
11 151 94
11 152 86
11 153 60
11 154 42
11 155 38
11 156 89
11 157 96
11 158 52
11 159 37
12 13 48
12 14 86
12 15 13
12 16 80
12 17 25
12 18 25
12 19 16
12 20 2
12 21 9
12 22 8
12 23 98
12 24 40
12 25 60
12 26 96
12 27 70
12 28 30
12 29 71
12 30 99
12 31 51
12 32 32
12 33 59
12 34 75
12 35 64
12 36 77
12 37 13
12 38 14
12 39 9
12 40 86
12 41 46
12 42 89
12 43 33
12 44 93
12 45 3
12 46 42
12 47 92
12 48 58
12 49 48
12 50 10
12 51 75
12 52 51
12 53 43
12 54 5
12 55 78
12 56 70
12 57 56
12 58 49
12 59 46
12 60 96
12 61 30
12 62 43
12 63 87
12 64 75
12 65 77
12 66 29
12 67 44
12 68 21
12 69 50
12 70 56
12 71 51
12 72 49
12 73 26
12 74 83
12 75 23
12 76 43
12 77 18
12 78 68
12 79 9
12 80 23
12 81 10
12 82 69
12 83 34
12 84 41
12 85 97
12 86 74
12 87 54
12 88 52
12 89 10
12 90 78
12 91 3
12 92 67
12 93 17
12 94 75
12 95 92
12 96 89
12 97 9
12 98 33
12 99 74
12 100 44
12 101 20
12 102 79
12 103 6
12 104 86
12 105 96
12 106 20
12 107 47
12 108 61
12 109 69
12 110 60
12 111 91
12 112 74
12 113 89
12 114 48
12 115 35
12 116 10
12 117 30
12 118 9
12 119 22
12 120 55
12 121 79
12 122 40
12 123 98
12 124 23
12 125 78
12 126 25
12 127 19
12 128 78
12 129 67
12 130 81
12 131 80
12 132 32
12 133 64
12 134 9
12 135 84
12 136 98
12 137 94
12 138 78
12 139 3
12 140 55
12 141 81
12 142 80
12 143 59
12 144 54
12 145 37
12 146 86
12 147 88
12 148 60
12 149 81
12 150 52
12 151 69
12 152 8
12 153 10
12 154 41
12 155 38
12 156 45
12 157 53
12 158 40
12 159 29
13 14 4
13 15 47
13 16 37
13 17 18
13 18 95
13 19 99
13 20 53
13 21 5
13 22 60
13 23 95
13 24 45
13 25 76
13 26 48
13 27 69
13 28 51
13 29 76
13 30 96
13 31 94
13 32 42
13 33 53
13 34 60
13 35 94
13 36 42
13 37 72
13 38 26
13 39 47
13 40 67
13 41 76
13 42 31
13 43 88
13 44 62
13 45 81
13 46 52
13 47 44
13 48 6
13 49 96
13 50 89
13 51 83
13 52 11
13 53 43
13 54 12
13 55 41
13 56 84
13 57 69
13 58 52
13 59 35
13 60 97
13 61 10
13 62 100
13 63 43
13 64 24
13 65 12
13 66 54
13 67 41
13 68 100
13 69 80
13 70 72
13 71 83
13 72 100
13 73 47
13 74 73
13 75 55
13 76 67
13 77 24
13 78 4
13 79 21
13 80 3
13 81 90
13 82 51
13 83 74
13 84 87
13 85 35
13 86 61
13 87 60
13 88 56
13 89 81
13 90 12
13 91 83
13 92 62
13 93 43
13 94 9
13 95 78
13 96 37
13 97 93
13 98 4
13 99 25
13 100 98
13 101 99
13 102 21
13 103 34
13 104 46
13 105 9
13 106 46
13 107 39
13 108 80
13 109 72
13 110 96
13 111 10
13 112 6
13 113 84
13 114 47
13 115 93
13 116 87
13 117 97
13 118 36
13 119 85
13 120 58
13 121 61
13 122 100
13 123 48
13 124 39
13 125 63
13 126 74
13 127 4
13 128 10
13 129 39
13 130 71
13 131 40
13 132 29
13 133 90
13 134 27
13 135 43
13 136 69
13 137 78
13 138 28
13 139 69
13 140 37
13 141 67
13 142 64
13 143 21
13 144 75
13 145 68
13 146 97
13 147 78
13 148 56
13 149 94
13 150 5
13 151 13
13 152 81
13 153 30
13 154 77
13 155 96
13 156 65
13 157 76
13 158 27
13 159 20
14 15 98
14 16 26
14 17 37
14 18 19
14 19 27
14 20 35
14 21 29
14 22 88
14 23 83
14 24 36
14 25 13
14 26 51
14 27 94
14 28 51
14 29 67
14 30 99
14 31 75
14 32 91
14 33 26
14 34 14
14 35 71
14 36 17
14 37 32
14 38 20
14 39 37
14 40 39
14 41 23
14 42 43
14 43 47
14 44 17
14 45 24
14 46 17
14 47 37
14 48 29
14 49 56
14 50 32
14 51 76
14 52 74
14 53 11
14 54 14
14 55 1
14 56 59
14 57 36
14 58 22
14 59 64
14 60 48
14 61 59
14 62 48
14 63 83
14 64 28
14 65 73
14 66 61
14 67 70
14 68 90
14 69 51
14 70 61
14 71 86
14 72 2
14 73 99
14 74 16
14 75 54
14 76 49
14 77 64
14 78 36
14 79 49
14 80 17
14 81 14
14 82 13
14 83 39
14 84 5
14 85 31
14 86 75
14 87 18
14 88 47
14 89 66
14 90 53
14 91 78
14 92 95
14 93 81
14 94 23
14 95 79
14 96 78
14 97 18
14 98 79
14 99 12
14 100 30
14 101 57
14 102 55
14 103 68
14 104 70
14 105 9
14 106 39
14 107 39
14 108 10
14 109 45
14 110 73
14 111 57
14 112 74
14 113 41
14 114 79
14 115 85
14 116 1
14 117 98
14 118 94
14 119 92
14 120 68
14 121 50
14 122 77
14 123 14
14 124 13
14 125 91
14 126 9
14 127 67
14 128 32
14 129 45
14 130 41
14 131 56
14 132 15
14 133 4
14 134 88
14 135 32
14 136 51
14 137 76
14 138 58
14 139 36
14 140 63
14 141 9
14 142 93
14 143 80
14 144 82
14 145 7
14 146 19
14 147 10
14 148 45
14 149 38
14 150 64
14 151 18
14 152 21
14 153 80
14 154 61
14 155 90
14 156 82
14 157 57
14 158 18
14 159 96
15 16 76
15 17 98
15 18 41
15 19 52
15 20 24
15 21 21
15 22 88
15 23 47
15 24 75
15 25 4
15 26 47
15 27 16
15 28 21
15 29 77
15 30 2
15 31 76
15 32 55
15 33 2
15 34 99
15 35 85
15 36 40
15 37 42
15 38 54
15 39 22
15 40 43
15 41 44
15 42 29
15 43 94
15 44 100
15 45 25
15 46 18
15 47 88
15 48 25
15 49 20
15 50 67
15 51 27
15 52 75
15 53 38
15 54 76
15 55 31
15 56 47
15 57 31
15 58 92
15 59 17
15 60 83
15 61 25
15 62 18
15 63 12
15 64 61
15 65 95
15 66 43
15 67 48
15 68 90
15 69 10
15 70 74
15 71 66
15 72 78
15 73 8
15 74 39
15 75 42
15 76 79
15 77 69
15 78 40
15 79 88
15 80 52
15 81 98
15 82 82
15 83 52
15 84 38
15 85 93
15 86 12
15 87 100
15 88 87
15 89 59
15 90 49
15 91 54
15 92 50
15 93 59
15 94 33
15 95 19
15 96 25
15 97 58
15 98 64
15 99 30
15 100 77
15 101 38
15 102 99
15 103 75
15 104 33
15 105 86
15 106 15
15 107 81
15 108 30
15 109 16
15 110 22
15 111 37
15 112 10
15 113 11
15 114 52
15 115 95
15 116 90
15 117 82
15 118 22
15 119 51
15 120 66
15 121 4
15 122 20
15 123 96
15 124 72
15 125 65
15 126 84
15 127 2
15 128 83
15 129 68
15 130 47
15 131 32
15 132 64
15 133 62
15 134 42
15 135 2
15 136 17
15 137 30
15 138 92
15 139 39
15 140 80
15 141 15
15 142 40
15 143 30
15 144 50
15 145 14
15 146 26
15 147 34
15 148 97
15 149 20
15 150 1
15 151 14
15 152 2
15 153 98
15 154 77
15 155 93
15 156 100
15 157 52
15 158 83
15 159 40
16 17 51
16 18 65
16 19 99
16 20 19
16 21 33
16 22 48
16 23 47
16 24 23
16 25 44
16 26 66
16 27 81
16 28 54
16 29 87
16 30 4
16 31 28
16 32 12
16 33 76
16 34 90
16 35 69
16 36 56
16 37 29
16 38 96
16 39 39
16 40 9
16 41 61
16 42 60
16 43 39
16 44 79
16 45 33
16 46 48
16 47 87
16 48 69
16 49 76
16 50 51
16 51 63
16 52 47
16 53 53
16 54 7
16 55 80
16 56 86
16 57 18
16 58 69
16 59 32
16 60 76
16 61 3
16 62 66
16 63 11
16 64 28
16 65 40
16 66 11
16 67 8
16 68 97
16 69 44
16 70 87
16 71 23
16 72 35
16 73 51
16 74 13
16 75 52
16 76 57
16 77 23
16 78 48
16 79 87
16 80 88
16 81 93
16 82 52
16 83 25
16 84 49
16 85 29
16 86 82
16 87 31
16 88 47
16 89 78
16 90 87
16 91 84
16 92 28
16 93 23
16 94 77
16 95 2
16 96 39
16 97 31
16 98 17
16 99 87
16 100 51
16 101 76
16 102 47
16 103 70
16 104 35
16 105 39
16 106 56
16 107 72
16 108 87
16 109 64
16 110 82
16 111 30
16 112 59
16 113 40
16 114 34
16 115 28
16 116 18
16 117 77
16 118 56
16 119 4
16 120 56
16 121 99
16 122 60
16 123 13
16 124 14
16 125 66
16 126 39
16 127 51
16 128 53
16 129 52
16 130 17
16 131 20
16 132 87
16 133 46
16 134 13
16 135 11
16 136 35
16 137 48
16 138 58
16 139 87
16 140 78
16 141 37
16 142 83
16 143 76
16 144 42
16 145 15
16 146 44
16 147 43
16 148 44
16 149 1
16 150 72
16 151 21
16 152 2
16 153 62
16 154 61
16 155 44
16 156 18
16 157 63
16 158 100
16 159 9
17 18 10
17 19 50
17 20 63
17 21 30
17 22 10
17 23 60
17 24 90
17 25 8
17 26 65
17 27 79
17 28 79
17 29 10
17 30 35
17 31 68
17 32 44
17 33 33
17 34 75
17 35 61
17 36 82
17 37 22
17 38 74
17 39 53
17 40 80
17 41 54
17 42 89
17 43 69
17 44 98
17 45 2
17 46 73
17 47 45
17 48 56
17 49 73
17 50 54
17 51 42
17 52 40
17 53 60
17 54 11
17 55 89
17 56 77
17 57 83
17 58 94
17 59 60
17 60 81
17 61 19
17 62 94
17 63 37
17 64 87
17 65 21
17 66 65
17 67 99
17 68 12
17 69 80
17 70 81
17 71 87
17 72 90
17 73 47
17 74 9
17 75 5
17 76 59
17 77 71
17 78 77
17 79 37
17 80 30
17 81 94
17 82 67
17 83 48
17 84 67
17 85 38
17 86 23
17 87 55
17 88 17
17 89 56
17 90 55
17 91 59
17 92 13
17 93 71
17 94 11
17 95 31
17 96 23
17 97 35
17 98 4
17 99 80
17 100 38
17 101 96
17 102 26
17 103 1
17 104 52
17 105 34
17 106 64
17 107 27
17 108 60
17 109 92
17 110 36
17 111 73
17 112 44
17 113 24
17 114 67
17 115 85
17 116 1
17 117 95
17 118 61
17 119 18
17 120 5
17 121 74
17 122 18
17 123 7
17 124 72
17 125 65
17 126 5
17 127 20
17 128 41
17 129 2
17 130 57
17 131 67
17 132 99
17 133 24
17 134 95
17 135 79
17 136 18
17 137 79
17 138 62
17 139 70
17 140 74
17 141 18
17 142 73
17 143 57
17 144 55
17 145 42
17 146 83
17 147 45
17 148 21
17 149 45
17 150 32
17 151 37
17 152 49
17 153 4
17 154 6
17 155 53
17 156 56
17 157 49
17 158 86
17 159 66
18 19 100
18 20 92
18 21 74
18 22 100
18 23 10
18 24 43
18 25 35
18 26 15
18 27 36
18 28 93
18 29 54
18 30 91
18 31 41
18 32 72
18 33 84
18 34 70
18 35 51
18 36 74
18 37 10
18 38 54
18 39 84
18 40 91
18 41 8
18 42 40
18 43 16
18 44 69
18 45 13
18 46 14
18 47 85
18 48 21
18 49 20
18 50 6
18 51 13
18 52 64
18 53 67
18 54 13
18 55 65
18 56 56
18 57 55
18 58 50
18 59 63
18 60 44
18 61 9
18 62 36
18 63 4
18 64 45
18 65 99
18 66 22
18 67 54
18 68 43
18 69 36
18 70 26
18 71 99
18 72 57
18 73 18
18 74 3
18 75 19
18 76 85
18 77 3
18 78 82
18 79 52
18 80 78
18 81 69
18 82 30
18 83 35
18 84 9
18 85 42
18 86 9
18 87 86
18 88 28
18 89 53
18 90 20
18 91 1
18 92 55
18 93 18
18 94 70
18 95 1
18 96 33
18 97 85
18 98 70
18 99 11
18 100 20
18 101 93
18 102 75
18 103 9
18 104 28
18 105 86
18 106 54
18 107 70
18 108 51
18 109 1
18 110 82
18 111 16
18 112 23
18 113 25
18 114 8
18 115 92
18 116 94
18 117 49
18 118 44
18 119 41
18 120 35
18 121 31
18 122 58
18 123 63
18 124 65
18 125 48
18 126 94
18 127 32
18 128 75
18 129 65
18 130 1
18 131 99
18 132 24
18 133 36
18 134 7
18 135 52
18 136 59
18 137 22
18 138 72
18 139 100
18 140 49
18 141 18
18 142 62
18 143 32
18 144 51
18 145 1
18 146 81
18 147 91
18 148 47
18 149 81
18 150 58
18 151 60
18 152 97
18 153 97
18 154 86
18 155 48
18 156 72
18 157 11
18 158 59
18 159 45
19 20 45
19 21 89
19 22 28
19 23 39
19 24 22
19 25 8
19 26 28
19 27 62
19 28 46
19 29 39
19 30 62
19 31 14
19 32 90
19 33 70
19 34 48
19 35 74
19 36 47
19 37 39
19 38 51
19 39 96
19 40 35
19 41 22
19 42 11
19 43 60
19 44 41
19 45 9
19 46 58
19 47 8
19 48 28
19 49 96
19 50 79
19 51 41
19 52 49
19 53 51
19 54 93
19 55 95
19 56 75
19 57 12
19 58 59
19 59 29
19 60 32
19 61 34
19 62 31
19 63 23
19 64 76
19 65 46
19 66 56
19 67 43
19 68 53
19 69 74
19 70 12
19 71 97
19 72 89
19 73 47
19 74 45
19 75 100
19 76 21
19 77 23
19 78 8
19 79 92
19 80 75
19 81 59
19 82 18
19 83 34
19 84 50
19 85 65
19 86 92
19 87 7
19 88 4
19 89 31
19 90 90
19 91 50
19 92 16
19 93 40
19 94 20
19 95 76
19 96 93
19 97 72
19 98 39
19 99 65
19 100 40
19 101 55
19 102 20
19 103 47
19 104 57
19 105 87
19 106 63
19 107 22
19 108 98
19 109 89
19 110 13
19 111 91
19 112 25
19 113 33
19 114 98
19 115 88
19 116 41
19 117 70
19 118 74
19 119 41
19 120 90
19 121 52
19 122 4
19 123 87
19 124 68
19 125 10
19 126 82
19 127 7
19 128 53
19 129 57
19 130 89
19 131 49
19 132 91
19 133 55
19 134 37
19 135 96
19 136 87
19 137 21
19 138 91
19 139 31
19 140 39
19 141 20
19 142 87
19 143 63
19 144 96
19 145 20
19 146 73
19 147 42
19 148 20
19 149 27
19 150 43
19 151 62
19 152 25
19 153 42
19 154 81
19 155 56
19 156 98
19 157 46
19 158 93
19 159 37
20 21 83
20 22 98
20 23 53
20 24 10
20 25 91
20 26 41
20 27 87
20 28 88
20 29 91
20 30 53
20 31 33
20 32 63
20 33 26
20 34 63
20 35 53
20 36 15
20 37 44
20 38 66
20 39 13
20 40 44
20 41 13
20 42 1
20 43 27
20 44 23
20 45 34
20 46 12
20 47 20
20 48 3
20 49 72
20 50 22
20 51 55
20 52 88
20 53 60
20 54 72
20 55 57
20 56 18
20 57 77
20 58 47
20 59 27
20 60 34
20 61 1
20 62 94
20 63 45
20 64 66
20 65 64
20 66 79
20 67 16
20 68 5
20 69 51
20 70 46
20 71 87
20 72 66
20 73 27
20 74 80
20 75 88
20 76 35
20 77 11
20 78 67
20 79 19
20 80 74
20 81 38
20 82 3
20 83 21
20 84 64
20 85 46
20 86 92
20 87 9
20 88 57
20 89 27
20 90 17
20 91 21
20 92 29
20 93 94
20 94 75
20 95 79
20 96 16
20 97 21
20 98 36
20 99 96
20 100 57
20 101 19
20 102 61
20 103 53
20 104 87
20 105 79
20 106 45
20 107 89
20 108 77
20 109 87
20 110 61
20 111 31
20 112 77
20 113 48
20 114 90
20 115 84
20 116 71
20 117 54
20 118 82
20 119 55
20 120 54
20 121 33
20 122 86
20 123 11
20 124 33
20 125 73
20 126 6
20 127 98
20 128 68
20 129 1
20 130 94
20 131 14
20 132 97
20 133 21
20 134 32
20 135 31
20 136 71
20 137 36
20 138 13
20 139 44
20 140 71
20 141 8
20 142 30
20 143 72
20 144 51
20 145 94
20 146 13
20 147 20
20 148 88
20 149 71
20 150 60
20 151 29
20 152 9
20 153 59
20 154 99
20 155 76
20 156 71
20 157 41
20 158 69
20 159 84
21 22 42
21 23 68
21 24 41
21 25 67
21 26 7
21 27 23
21 28 100
21 29 56
21 30 25
21 31 74
21 32 96
21 33 58
21 34 71
21 35 41
21 36 29
21 37 2
21 38 56
21 39 67
21 40 78
21 41 11
21 42 67
21 43 17
21 44 82
21 45 84
21 46 10
21 47 53
21 48 68
21 49 98
21 50 59
21 51 50
21 52 48
21 53 3
21 54 47
21 55 20
21 56 70
21 57 23
21 58 84
21 59 4
21 60 43
21 61 8
21 62 18
21 63 79
21 64 29
21 65 66
21 66 88
21 67 43
21 68 6
21 69 75
21 70 84
21 71 40
21 72 29
21 73 68
21 74 11
21 75 74
21 76 76
21 77 56
21 78 61
21 79 11
21 80 5
21 81 41
21 82 89
21 83 11
21 84 41
21 85 71
21 86 90
21 87 25
21 88 59
21 89 4
21 90 90
21 91 67
21 92 53
21 93 75
21 94 31
21 95 69
21 96 1
21 97 59
21 98 14
21 99 3
21 100 63
21 101 8
21 102 22
21 103 17
21 104 50
21 105 66
21 106 44
21 107 4
21 108 73
21 109 37
21 110 67
21 111 57
21 112 34
21 113 1
21 114 36
21 115 74
21 116 99
21 117 93
21 118 28
21 119 63
21 120 6
21 121 55
21 122 91
21 123 14
21 124 45
21 125 90
21 126 60
21 127 26
21 128 40
21 129 40
21 130 10
21 131 31
21 132 85
21 133 82
21 134 98
21 135 95
21 136 74
21 137 33
21 138 85
21 139 67
21 140 8
21 141 65
21 142 25
21 143 84
21 144 18
21 145 90
21 146 89
21 147 35
21 148 1
21 149 19
21 150 98
21 151 87
21 152 82
21 153 49
21 154 26
21 155 57
21 156 100
21 157 70
21 158 64
21 159 70
22 23 71
22 24 67
22 25 39
22 26 88
22 27 60
22 28 12
22 29 38
22 30 92
22 31 14
22 32 28
22 33 7
22 34 1
22 35 74
22 36 99
22 37 37
22 38 94
22 39 57
22 40 47
22 41 19
22 42 35
22 43 97
22 44 33
22 45 99
22 46 75
22 47 80
22 48 65
22 49 83
22 50 69
22 51 65
22 52 95
22 53 78
22 54 32
22 55 24
22 56 25
22 57 35
22 58 60
22 59 49
22 60 40
22 61 37
22 62 66
22 63 46
22 64 78
22 65 71
22 66 18
22 67 83
22 68 63
22 69 83
22 70 88
22 71 8
22 72 65
22 73 77
22 74 23
22 75 97
22 76 60
22 77 15
22 78 67
22 79 57
22 80 86
22 81 26
22 82 6
22 83 99
22 84 5
22 85 80
22 86 100
22 87 68
22 88 82
22 89 14
22 90 35
22 91 85
22 92 72
22 93 29
22 94 39
22 95 95
22 96 46
22 97 13
22 98 74
22 99 23
22 100 83
22 101 95
22 102 74
22 103 57
22 104 72
22 105 3
22 106 19
22 107 53
22 108 21
22 109 15
22 110 42
22 111 9
22 112 24
22 113 63
22 114 89
22 115 44
22 116 32
22 117 73
22 118 28
22 119 24
22 120 34
22 121 95
22 122 49
22 123 90
22 124 72
22 125 96
22 126 17
22 127 20
22 128 16
22 129 95
22 130 75
22 131 81
22 132 6
22 133 97
22 134 98
22 135 33
22 136 44
22 137 10
22 138 40
22 139 37
22 140 30
22 141 63
22 142 92
22 143 27
22 144 74
22 145 23
22 146 19
22 147 59
22 148 66
22 149 84
22 150 41
22 151 72
22 152 2
22 153 27
22 154 94
22 155 55
22 156 80
22 157 1
22 158 24
22 159 10
23 24 44
23 25 28
23 26 68
23 27 25
23 28 97
23 29 53
23 30 59
23 31 62
23 32 52
23 33 17
23 34 78
23 35 66
23 36 9
23 37 3
23 38 46
23 39 78
23 40 70
23 41 54
23 42 64
23 43 87
23 44 24
23 45 72
23 46 17
23 47 43
23 48 2
23 49 77
23 50 14
23 51 60
23 52 27
23 53 67
23 54 8
23 55 94
23 56 89
23 57 91
23 58 95
23 59 15
23 60 39
23 61 23
23 62 27
23 63 55
23 64 72
23 65 49
23 66 92
23 67 81
23 68 14
23 69 67
23 70 64
23 71 44
23 72 38
23 73 70
23 74 20
23 75 67
23 76 17
23 77 79
23 78 26
23 79 15
23 80 14
23 81 23
23 82 49
23 83 98
23 84 60
23 85 91
23 86 9
23 87 23
23 88 22
23 89 68
23 90 8
23 91 74
23 92 64
23 93 89
23 94 90
23 95 86
23 96 53
23 97 43
23 98 79
23 99 91
23 100 48
23 101 56
23 102 79
23 103 91
23 104 88
23 105 66
23 106 3
23 107 78
23 108 93
23 109 9
23 110 79
23 111 17
23 112 8
23 113 41
23 114 86
23 115 10
23 116 25
23 117 2
23 118 40
23 119 37
23 120 68
23 121 37
23 122 21
23 123 77
23 124 71
23 125 84
23 126 53
23 127 15
23 128 19
23 129 92
23 130 42
23 131 60
23 132 45
23 133 75
23 134 50
23 135 83
23 136 27
23 137 73
23 138 71
23 139 76
23 140 25
23 141 3
23 142 90
23 143 72
23 144 73
23 145 94
23 146 57
23 147 78
23 148 62
23 149 51
23 150 8
23 151 84
23 152 61
23 153 38
23 154 32
23 155 5
23 156 12
23 157 48
23 158 94
23 159 99
24 25 12
24 26 97
24 27 17
24 28 42
24 29 74
24 30 53
24 31 27
24 32 22
24 33 81
24 34 19
24 35 7
24 36 90
24 37 100
24 38 66
24 39 27
24 40 84
24 41 36
24 42 91
24 43 4
24 44 33
24 45 30
24 46 99
24 47 42
24 48 22
24 49 63
24 50 6
24 51 24
24 52 22
24 53 36
24 54 96
24 55 94
24 56 70
24 57 14
24 58 34
24 59 29
24 60 17
24 61 80
24 62 93
24 63 24
24 64 9
24 65 94
24 66 92
24 67 26
24 68 44
24 69 16
24 70 28
24 71 6
24 72 59
24 73 9
24 74 9
24 75 39
24 76 44
24 77 50
24 78 91
24 79 44
24 80 58
24 81 37
24 82 66
24 83 89
24 84 21
24 85 9
24 86 48
24 87 28
24 88 59
24 89 46
24 90 75
24 91 35
24 92 46
24 93 98
24 94 28
24 95 39
24 96 67
24 97 78
24 98 21
24 99 34
24 100 98
24 101 20
24 102 25
24 103 94
24 104 70
24 105 46
24 106 62
24 107 24
24 108 18
24 109 99
24 110 14
24 111 73
24 112 51
24 113 19
24 114 10
24 115 47
24 116 90
24 117 58
24 118 46
24 119 46
24 120 67
24 121 17
24 122 67
24 123 27
24 124 33
24 125 41
24 126 73
24 127 34
24 128 86
24 129 68
24 130 99
24 131 88
24 132 70
24 133 69
24 134 58
24 135 86
24 136 73
24 137 81
24 138 33
24 139 63
24 140 78
24 141 33
24 142 14
24 143 53
24 144 72
24 145 91
24 146 3
24 147 46
24 148 13
24 149 64
24 150 74
24 151 79
24 152 40
24 153 55
24 154 41
24 155 55
24 156 53
24 157 44
24 158 96
24 159 90
25 26 24
25 27 80
25 28 75
25 29 14
25 30 95
25 31 29
25 32 28
25 33 87
25 34 71
25 35 93
25 36 48
25 37 80
25 38 24
25 39 12
25 40 68
25 41 37
25 42 72
25 43 97
25 44 1
25 45 96
25 46 35
25 47 15
25 48 92
25 49 66
25 50 49
25 51 45
25 52 37
25 53 10
25 54 95
25 55 100
25 56 57
25 57 49
25 58 92
25 59 71
25 60 10
25 61 69
25 62 75
25 63 66
25 64 45
25 65 8
25 66 59
25 67 30
25 68 61
25 69 57
25 70 16
25 71 64
25 72 66
25 73 93
25 74 94
25 75 74
25 76 37
25 77 53
25 78 24
25 79 2
25 80 44
25 81 41
25 82 75
25 83 24
25 84 87
25 85 70
25 86 93
25 87 72
25 88 50
25 89 93
25 90 9
25 91 14
25 92 98
25 93 18
25 94 59
25 95 85
25 96 97
25 97 1
25 98 52
25 99 69
25 100 47
25 101 14
25 102 17
25 103 31
25 104 16
25 105 53
25 106 22
25 107 41
25 108 35
25 109 51
25 110 35
25 111 93
25 112 73
25 113 86
25 114 11
25 115 41
25 116 79
25 117 54
25 118 47
25 119 20
25 120 97
25 121 21
25 122 74
25 123 21
25 124 14
25 125 78
25 126 67
25 127 90
25 128 18
25 129 77
25 130 61
25 131 44
25 132 88
25 133 81
25 134 86
25 135 98
25 136 67
25 137 88
25 138 1
25 139 9
25 140 83
25 141 86
25 142 81
25 143 41
25 144 11
25 145 68
25 146 69
25 147 67
25 148 76
25 149 3
25 150 29
25 151 58
25 152 10
25 153 32
25 154 71
25 155 22
25 156 49
25 157 67
25 158 17
25 159 53
26 27 52
26 28 47
26 29 2
26 30 98
26 31 75
26 32 99
26 33 49
26 34 26
26 35 31
26 36 88
26 37 30
26 38 44
26 39 92
26 40 24
26 41 76
26 42 74
26 43 52
26 44 69
26 45 6
26 46 12
26 47 77
26 48 78
26 49 92
26 50 30
26 51 82
26 52 8
26 53 13
26 54 28
26 55 48
26 56 38
26 57 8
26 58 99
26 59 63
26 60 50
26 61 22
26 62 34
26 63 43
26 64 60
26 65 95
26 66 6
26 67 2
26 68 91
26 69 25
26 70 18
26 71 89
26 72 79
26 73 79
26 74 23
26 75 38
26 76 69
26 77 73
26 78 91
26 79 19
26 80 10
26 81 29
26 82 54
26 83 83
26 84 83
26 85 78
26 86 39
26 87 75
26 88 99
26 89 92
26 90 68
26 91 86
26 92 52
26 93 84
26 94 83
26 95 1
26 96 16
26 97 74
26 98 47
26 99 84
26 100 38
26 101 12
26 102 84
26 103 81
26 104 31
26 105 48
26 106 63
26 107 15
26 108 76
26 109 59
26 110 97
26 111 81
26 112 63
26 113 21
26 114 20
26 115 1
26 116 30
26 117 52
26 118 77
26 119 21
26 120 99
26 121 60
26 122 8
26 123 80
26 124 47
26 125 84
26 126 64
26 127 17
26 128 69
26 129 44
26 130 94
26 131 5
26 132 49
26 133 48
26 134 94
26 135 47
26 136 99
26 137 59
26 138 14
26 139 67
26 140 18
26 141 67
26 142 75
26 143 16
26 144 81
26 145 33
26 146 74
26 147 18
26 148 11
26 149 11
26 150 47
26 151 33
26 152 1
26 153 48
26 154 27
26 155 53
26 156 38
26 157 85
26 158 71
26 159 98
27 28 33
27 29 65
27 30 57
27 31 22
27 32 33
27 33 33
27 34 56
27 35 83
27 36 92
27 37 37
27 38 47
27 39 79
27 40 22
27 41 77
27 42 87
27 43 98
27 44 90
27 45 66
27 46 73
27 47 99
27 48 24
27 49 63
27 50 65
27 51 58
27 52 73
27 53 3
27 54 26
27 55 87
27 56 94
27 57 23
27 58 82
27 59 24
27 60 49
27 61 89
27 62 97
27 63 10
27 64 62
27 65 59
27 66 58
27 67 13
27 68 78
27 69 91
27 70 34
27 71 2
27 72 11
27 73 44
27 74 73
27 75 79
27 76 19
27 77 69
27 78 65
27 79 2
27 80 28
27 81 28
27 82 4
27 83 12
27 84 93
27 85 2
27 86 26
27 87 27
27 88 93
27 89 31
27 90 59
27 91 56
27 92 13
27 93 73
27 94 2
27 95 23
27 96 87
27 97 88
27 98 61
27 99 3
27 100 36
27 101 38
27 102 100
27 103 71
27 104 66
27 105 5
27 106 21
27 107 67
27 108 24
27 109 21
27 110 10
27 111 56
27 112 81
27 113 24
27 114 11
27 115 12
27 116 70
27 117 24
27 118 64
27 119 91
27 120 40
27 121 24
27 122 91
27 123 78
27 124 28
27 125 30
27 126 86
27 127 15
27 128 94
27 129 99
27 130 21
27 131 2
27 132 42
27 133 10
27 134 24
27 135 30
27 136 53
27 137 96
27 138 23
27 139 57
27 140 73
27 141 8
27 142 47
27 143 20
27 144 19
27 145 56
27 146 69
27 147 45
27 148 19
27 149 12
27 150 79
27 151 78
27 152 48
27 153 30
27 154 84
27 155 71
27 156 49
27 157 88
27 158 77
27 159 11
28 29 86
28 30 10
28 31 73
28 32 46
28 33 61
28 34 4
28 35 75
28 36 81
28 37 79
28 38 96
28 39 80
28 40 49
28 41 19
28 42 13
28 43 28
28 44 22
28 45 7
28 46 11
28 47 5
28 48 84
28 49 57
28 50 56
28 51 83
28 52 98
28 53 32
28 54 29
28 55 1
28 56 94
28 57 77
28 58 77
28 59 74
28 60 30
28 61 87
28 62 100
28 63 13
28 64 88
28 65 89
28 66 39
28 67 60
28 68 17
28 69 54
28 70 35
28 71 21
28 72 19
28 73 64
28 74 5
28 75 89
28 76 78
28 77 46
28 78 15
28 79 23
28 80 90
28 81 80
28 82 44
28 83 28
28 84 77
28 85 74
28 86 29
28 87 23
28 88 20
28 89 57
28 90 98
28 91 60
28 92 5
28 93 2
28 94 81
28 95 40
28 96 10
28 97 41
28 98 32
28 99 12
28 100 53
28 101 9
28 102 76
28 103 17
28 104 39
28 105 27
28 106 65
28 107 82
28 108 3
28 109 75
28 110 80
28 111 57
28 112 75
28 113 88
28 114 92
28 115 82
28 116 80
28 117 78
28 118 15
28 119 31
28 120 23
28 121 26
28 122 96
28 123 40
28 124 12
28 125 18
28 126 69
28 127 82
28 128 18
28 129 30
28 130 40
28 131 9
28 132 67
28 133 8
28 134 18
28 135 26
28 136 8
28 137 3
28 138 55
28 139 7
28 140 13
28 141 90
28 142 56
28 143 63
28 144 3
28 145 35
28 146 79
28 147 13
28 148 40
28 149 29
28 150 14
28 151 10
28 152 67
28 153 52
28 154 81
28 155 85
28 156 54
28 157 68
28 158 80
28 159 54
29 30 11
29 31 2
29 32 96
29 33 90
29 34 54
29 35 82
29 36 29
29 37 13
29 38 71
29 39 41
29 40 28
29 41 47
29 42 14
29 43 51
29 44 97
29 45 36
29 46 63
29 47 84
29 48 97
29 49 21
29 50 60
29 51 61
29 52 84
29 53 87
29 54 77
29 55 74
29 56 93
29 57 84
29 58 60
29 59 41
29 60 90
29 61 40
29 62 1
29 63 61
29 64 36
29 65 51
29 66 76
29 67 47
29 68 37
29 69 60
29 70 75
29 71 40
29 72 52
29 73 62
29 74 92
29 75 97
29 76 21
29 77 9
29 78 87
29 79 92
29 80 4
29 81 69
29 82 37
29 83 36
29 84 30
29 85 85
29 86 93
29 87 33
29 88 1
29 89 60
29 90 54
29 91 90
29 92 13
29 93 33
29 94 55
29 95 29
29 96 99
29 97 56
29 98 28
29 99 59
29 100 10
29 101 25
29 102 3
29 103 21
29 104 27
29 105 50
29 106 34
29 107 92
29 108 60
29 109 32
29 110 48
29 111 83
29 112 82
29 113 14
29 114 36
29 115 46
29 116 66
29 117 10
29 118 24
29 119 88
29 120 85
29 121 5
29 122 24
29 123 39
29 124 1
29 125 90
29 126 90
29 127 5
29 128 83
29 129 52
29 130 95
29 131 17
29 132 48
29 133 91
29 134 18
29 135 94
29 136 64
29 137 69
29 138 16
29 139 16
29 140 67
29 141 67
29 142 44
29 143 4
29 144 76
29 145 93
29 146 4
29 147 84
29 148 79
29 149 79
29 150 60
29 151 71
29 152 95
29 153 13
29 154 61
29 155 16
29 156 78
29 157 56
29 158 64
29 159 48
30 31 85
30 32 31
30 33 38
30 34 76
30 35 96
30 36 37
30 37 4
30 38 5
30 39 38
30 40 73
30 41 67
30 42 15
30 43 18
30 44 14
30 45 3
30 46 91
30 47 87
30 48 44
30 49 17
30 50 89
30 51 64
30 52 56
30 53 61
30 54 38
30 55 36
30 56 35
30 57 27
30 58 75
30 59 5
30 60 23
30 61 41
30 62 93
30 63 75
30 64 69
30 65 69
30 66 32
30 67 1
30 68 83
30 69 62
30 70 91
30 71 98
30 72 78
30 73 71
30 74 24
30 75 80
30 76 35
30 77 66
30 78 65
30 79 86
30 80 53
30 81 33
30 82 73
30 83 78
30 84 72
30 85 92
30 86 85
30 87 66
30 88 77
30 89 31
30 90 1
30 91 10
30 92 91
30 93 51
30 94 74
30 95 14
30 96 25
30 97 39
30 98 69
30 99 93
30 100 18
30 101 95
30 102 72
30 103 45
30 104 57
30 105 18
30 106 36
30 107 16
30 108 93
30 109 16
30 110 87
30 111 72
30 112 6
30 113 8
30 114 62
30 115 69
30 116 7
30 117 59
30 118 13
30 119 36
30 120 19
30 121 6
30 122 54
30 123 64
30 124 46
30 125 100
30 126 49
30 127 31
30 128 90
30 129 34
30 130 57
30 131 25
30 132 55
30 133 13
30 134 41
30 135 47
30 136 67
30 137 63
30 138 99
30 139 72
30 140 19
30 141 88
30 142 65
30 143 51
30 144 12
30 145 94
30 146 26
30 147 36
30 148 53
30 149 94
30 150 82
30 151 75
30 152 8
30 153 2
30 154 35
30 155 70
30 156 48
30 157 91
30 158 63
30 159 57
31 32 99
31 33 13
31 34 73
31 35 14
31 36 84
31 37 91
31 38 91
31 39 65
31 40 58
31 41 74
31 42 86
31 43 100
31 44 99
31 45 22
31 46 53
31 47 30
31 48 3
31 49 35
31 50 3
31 51 3
31 52 7
31 53 86
31 54 96
31 55 98
31 56 68
31 57 29
31 58 92
31 59 28
31 60 61
31 61 12
31 62 66
31 63 51
31 64 23
31 65 37
31 66 30
31 67 44
31 68 90
31 69 17
31 70 38
31 71 40
31 72 82
31 73 82
31 74 94
31 75 45
31 76 18
31 77 11
31 78 95
31 79 7
31 80 15
31 81 16
31 82 99
31 83 7
31 84 97
31 85 53
31 86 47
31 87 5
31 88 41
31 89 86
31 90 40
31 91 27
31 92 66
31 93 83
31 94 34
31 95 64
31 96 15
31 97 59
31 98 82
31 99 93
31 100 74
31 101 76
31 102 93
31 103 15
31 104 33
31 105 14
31 106 57
31 107 32
31 108 93
31 109 35
31 110 87
31 111 48
31 112 58
31 113 25
31 114 18
31 115 59
31 116 63
31 117 69
31 118 61
31 119 14
31 120 76
31 121 36
31 122 46
31 123 21
31 124 66
31 125 2
31 126 59
31 127 31
31 128 2
31 129 41
31 130 74
31 131 10
31 132 16
31 133 33
31 134 20
31 135 67
31 136 94
31 137 19
31 138 1
31 139 87
31 140 12
31 141 44
31 142 96
31 143 87
31 144 43
31 145 79
31 146 87
31 147 89
31 148 14
31 149 86
31 150 8
31 151 45
31 152 48
31 153 4
31 154 81
31 155 45
31 156 76
31 157 34
31 158 74
31 159 91
32 33 32
32 34 65
32 35 22
32 36 93
32 37 42
32 38 5
32 39 7
32 40 72
32 41 21
32 42 48
32 43 65
32 44 90
32 45 66
32 46 75
32 47 99
32 48 26
32 49 92
32 50 45
32 51 21
32 52 91
32 53 19
32 54 66
32 55 40
32 56 100
32 57 98
32 58 50
32 59 20
32 60 82
32 61 95
32 62 48
32 63 20
32 64 41
32 65 66
32 66 25
32 67 94
32 68 39
32 69 4
32 70 50
32 71 95
32 72 2
32 73 27
32 74 65
32 75 34
32 76 10
32 77 25
32 78 90
32 79 2
32 80 18
32 81 63
32 82 34
32 83 96
32 84 83
32 85 96
32 86 89
32 87 16
32 88 45
32 89 14
32 90 84
32 91 90
32 92 67
32 93 58
32 94 75
32 95 33
32 96 84
32 97 78
32 98 88
32 99 81
32 100 65
32 101 81
32 102 31
32 103 29
32 104 25
32 105 73
32 106 82
32 107 92
32 108 35
32 109 45
32 110 59
32 111 28
32 112 59
32 113 44
32 114 57
32 115 37
32 116 19
32 117 56
32 118 42
32 119 71
32 120 82
32 121 73
32 122 1
32 123 6
32 124 86
32 125 50
32 126 58
32 127 92
32 128 74
32 129 85
32 130 59
32 131 51
32 132 68
32 133 34
32 134 28
32 135 31
32 136 98
32 137 52
32 138 81
32 139 74
32 140 4
32 141 46
32 142 73
32 143 10
32 144 74
32 145 95
32 146 2
32 147 50
32 148 21
32 149 29
32 150 37
32 151 75
32 152 88
32 153 35
32 154 66
32 155 9
32 156 21
32 157 14
32 158 52
32 159 55
33 34 99
33 35 56
33 36 24
33 37 27
33 38 77
33 39 6
33 40 21
33 41 16
33 42 22
33 43 34
33 44 21
33 45 55
33 46 93
33 47 52
33 48 47
33 49 36
33 50 52
33 51 12
33 52 39
33 53 92
33 54 47
33 55 57
33 56 48
33 57 51
33 58 58
33 59 98
33 60 30
33 61 52
33 62 3
33 63 73
33 64 1
33 65 25
33 66 56
33 67 39
33 68 1
33 69 21
33 70 84
33 71 40
33 72 3
33 73 10
33 74 24
33 75 15
33 76 82
33 77 31
33 78 51
33 79 13
33 80 18
33 81 80
33 82 68
33 83 41
33 84 30
33 85 97
33 86 45
33 87 98
33 88 4
33 89 20
33 90 70
33 91 60
33 92 27
33 93 64
33 94 16
33 95 37
33 96 89
33 97 26
33 98 28
33 99 92
33 100 50
33 101 26
33 102 13
33 103 19
33 104 50
33 105 57
33 106 42
33 107 19
33 108 83
33 109 6
33 110 31
33 111 27
33 112 63
33 113 31
33 114 71
33 115 71
33 116 53
33 117 80
33 118 20
33 119 56
33 120 65
33 121 65
33 122 42
33 123 66
33 124 53
33 125 19
33 126 40
33 127 94
33 128 91
33 129 99
33 130 10
33 131 89
33 132 34
33 133 61
33 134 27
33 135 38
33 136 37
33 137 29
33 138 29
33 139 98
33 140 5
33 141 88
33 142 66
33 143 34
33 144 45
33 145 53
33 146 33
33 147 98
33 148 83
33 149 34
33 150 11
33 151 6
33 152 6
33 153 89
33 154 67
33 155 61
33 156 13
33 157 16
33 158 22
33 159 18
34 35 40
34 36 4
34 37 14
34 38 51
34 39 77
34 40 2
34 41 53
34 42 48
34 43 9
34 44 68
34 45 93
34 46 16
34 47 63
34 48 24
34 49 35
34 50 78
34 51 90
34 52 55
34 53 52
34 54 12
34 55 27
34 56 65
34 57 64
34 58 49
34 59 100
34 60 89
34 61 98
34 62 86
34 63 82
34 64 62
34 65 9
34 66 81
34 67 40
34 68 58
34 69 74
34 70 71
34 71 57
34 72 24
34 73 40
34 74 53
34 75 67
34 76 56
34 77 61
34 78 98
34 79 9
34 80 31
34 81 11
34 82 56
34 83 84
34 84 37
34 85 25
34 86 75
34 87 25
34 88 21
34 89 68
34 90 57
34 91 19
34 92 22
34 93 85
34 94 17
34 95 60
34 96 15
34 97 12
34 98 68
34 99 28
34 100 66
34 101 30
34 102 23
34 103 79
34 104 67
34 105 92
34 106 63
34 107 59
34 108 91
34 109 56
34 110 15
34 111 91
34 112 70
34 113 53
34 114 34
34 115 40
34 116 99
34 117 32
34 118 31
34 119 40
34 120 36
34 121 64
34 122 8
34 123 22
34 124 44
34 125 2
34 126 96
34 127 1
34 128 22
34 129 65
34 130 73
34 131 99
34 132 60
34 133 34
34 134 55
34 135 4
34 136 59
34 137 3
34 138 53
34 139 88
34 140 4
34 141 70
34 142 78
34 143 16
34 144 98
34 145 69
34 146 40
34 147 31
34 148 25
34 149 58
34 150 43
34 151 83
34 152 90
34 153 56
34 154 55
34 155 61
34 156 86
34 157 96
34 158 25
34 159 9
35 36 17
35 37 20
35 38 52
35 39 4
35 40 6
35 41 32
35 42 17
35 43 78
35 44 49
35 45 14
35 46 35
35 47 68
35 48 66
35 49 35
35 50 89
35 51 42
35 52 48
35 53 27
35 54 10
35 55 4
35 56 17
35 57 75
35 58 81
35 59 94
35 60 59
35 61 46
35 62 37
35 63 58
35 64 2
35 65 10
35 66 72
35 67 54
35 68 51
35 69 15
35 70 66
35 71 68
35 72 29
35 73 97
35 74 63
35 75 48
35 76 38
35 77 7
35 78 47
35 79 37
35 80 72
35 81 88
35 82 23
35 83 7
35 84 80
35 85 13
35 86 76
35 87 38
35 88 97
35 89 1
35 90 46
35 91 71
35 92 80
35 93 17
35 94 65
35 95 14
35 96 85
35 97 69
35 98 45
35 99 10
35 100 67
35 101 46
35 102 84
35 103 29
35 104 67
35 105 74
35 106 77
35 107 24
35 108 35
35 109 32
35 110 21
35 111 44
35 112 86
35 113 69
35 114 30
35 115 100
35 116 70
35 117 25
35 118 49
35 119 98
35 120 57
35 121 80
35 122 55
35 123 17
35 124 66
35 125 67
35 126 2
35 127 25
35 128 17
35 129 97
35 130 98
35 131 95
35 132 6
35 133 13
35 134 45
35 135 35
35 136 39
35 137 67
35 138 73
35 139 83
35 140 14
35 141 52
35 142 95
35 143 86
35 144 37
35 145 27
35 146 39
35 147 94
35 148 72
35 149 19
35 150 83
35 151 60
35 152 71
35 153 65
35 154 80
35 155 33
35 156 54
35 157 69
35 158 62
35 159 36
36 37 36
36 38 3
36 39 71
36 40 88
36 41 29
36 42 94
36 43 85
36 44 11
36 45 36
36 46 24
36 47 2
36 48 53
36 49 9
36 50 12
36 51 66
36 52 34
36 53 86
36 54 90
36 55 14
36 56 25
36 57 38
36 58 6
36 59 41
36 60 47
36 61 7
36 62 82
36 63 97
36 64 97
36 65 20
36 66 23
36 67 90
36 68 41
36 69 68
36 70 80
36 71 88
36 72 41
36 73 10
36 74 79
36 75 10
36 76 2
36 77 96
36 78 11
36 79 89
36 80 88
36 81 76
36 82 21
36 83 19
36 84 97
36 85 79
36 86 31
36 87 73
36 88 81
36 89 80
36 90 16
36 91 59
36 92 59
36 93 86
36 94 76
36 95 22
36 96 53
36 97 89
36 98 51
36 99 66
36 100 32
36 101 58
36 102 66
36 103 55
36 104 38
36 105 80
36 106 76
36 107 9
36 108 89
36 109 50
36 110 23
36 111 44
36 112 96
36 113 69
36 114 44
36 115 32
36 116 95
36 117 22
36 118 86
36 119 96
36 120 60
36 121 84
36 122 41
36 123 11
36 124 31
36 125 92
36 126 34
36 127 54
36 128 41
36 129 47
36 130 97
36 131 11
36 132 87
36 133 81
36 134 24
36 135 47
36 136 2
36 137 70
36 138 61
36 139 8
36 140 84
36 141 54
36 142 65
36 143 33
36 144 49
36 145 51
36 146 32
36 147 30
36 148 79
36 149 88
36 150 86
36 151 67
36 152 35
36 153 26
36 154 88
36 155 6
36 156 88
36 157 11
36 158 1
36 159 29
37 38 10
37 39 14
37 40 56
37 41 8
37 42 100
37 43 76
37 44 2
37 45 61
37 46 50
37 47 60
37 48 59
37 49 6
37 50 89
37 51 96
37 52 11
37 53 58
37 54 78
37 55 8
37 56 99
37 57 67
37 58 57
37 59 70
37 60 1
37 61 44
37 62 98
37 63 86
37 64 28
37 65 84
37 66 7
37 67 63
37 68 4
37 69 61
37 70 52
37 71 50
37 72 86
37 73 19
37 74 29
37 75 28
37 76 2
37 77 69
37 78 11
37 79 63
37 80 50
37 81 63
37 82 27
37 83 37
37 84 29
37 85 79
37 86 1
37 87 1
37 88 69
37 89 77
37 90 77
37 91 39
37 92 89
37 93 87
37 94 22
37 95 81
37 96 78
37 97 25
37 98 78
37 99 3
37 100 26
37 101 97
37 102 63
37 103 21
37 104 40
37 105 58
37 106 1
37 107 18
37 108 78
37 109 30
37 110 32
37 111 17
37 112 52
37 113 48
37 114 1
37 115 98
37 116 41
37 117 17
37 118 70
37 119 15
37 120 85
37 121 71
37 122 21
37 123 85
37 124 99
37 125 23
37 126 52
37 127 70
37 128 25
37 129 71
37 130 86
37 131 21
37 132 21
37 133 39
37 134 65
37 135 56
37 136 16
37 137 83
37 138 32
37 139 12
37 140 41
37 141 26
37 142 4
37 143 80
37 144 100
37 145 82
37 146 8
37 147 30
37 148 29
37 149 43
37 150 29
37 151 84
37 152 79
37 153 79
37 154 36
37 155 53
37 156 25
37 157 51
37 158 84
37 159 17
38 39 93
38 40 27
38 41 88
38 42 2
38 43 1
38 44 4
38 45 34
38 46 61
38 47 30
38 48 97
38 49 19
38 50 88
38 51 6
38 52 86
38 53 88
38 54 18
38 55 45
38 56 60
38 57 57
38 58 8
38 59 26
38 60 95
38 61 27
38 62 64
38 63 44
38 64 36
38 65 35
38 66 98
38 67 91
38 68 84
38 69 91
38 70 34
38 71 80
38 72 19
38 73 31
38 74 59
38 75 98
38 76 3
38 77 94
38 78 90
38 79 9
38 80 47
38 81 30
38 82 37
38 83 6
38 84 18
38 85 56
38 86 96
38 87 2
38 88 24
38 89 41
38 90 95
38 91 27
38 92 44
38 93 33
38 94 93
38 95 47
38 96 5
38 97 31
38 98 64
38 99 3
38 100 6
38 101 41
38 102 63
38 103 44
38 104 93
38 105 39
38 106 91
38 107 99
38 108 8
38 109 92
38 110 8
38 111 75
38 112 8
38 113 15
38 114 44
38 115 20
38 116 100
38 117 7
38 118 32
38 119 75
38 120 87
38 121 43
38 122 46
38 123 99
38 124 20
38 125 79
38 126 11
38 127 1
38 128 80
38 129 56
38 130 65
38 131 57
38 132 39
38 133 94
38 134 76
38 135 60
38 136 11
38 137 92
38 138 62
38 139 91
38 140 5
38 141 66
38 142 26
38 143 96
38 144 14
38 145 25
38 146 20
38 147 23
38 148 47
38 149 5
38 150 74
38 151 38
38 152 74
38 153 87
38 154 46
38 155 93
38 156 63
38 157 63
38 158 63
38 159 49
39 40 13
39 41 18
39 42 28
39 43 40
39 44 100
39 45 50
39 46 25
39 47 47
39 48 71
39 49 14
39 50 97
39 51 51
39 52 58
39 53 36
39 54 70
39 55 12
39 56 74
39 57 95
39 58 70
39 59 86
39 60 50
39 61 1
39 62 32
39 63 33
39 64 56
39 65 83
39 66 39
39 67 33
39 68 20
39 69 36
39 70 3
39 71 36
39 72 42
39 73 10
39 74 29
39 75 70
39 76 59
39 77 64
39 78 92
39 79 62
39 80 26
39 81 29
39 82 72
39 83 53
39 84 68
39 85 69
39 86 12
39 87 51
39 88 11
39 89 23
39 90 70
39 91 82
39 92 56
39 93 37
39 94 9
39 95 67
39 96 22
39 97 87
39 98 3
39 99 50
39 100 73
39 101 87
39 102 16
39 103 92
39 104 30
39 105 24
39 106 89
39 107 41
39 108 16
39 109 18
39 110 69
39 111 94
39 112 1
39 113 20
39 114 11
39 115 72
39 116 43
39 117 100
39 118 54
39 119 26
39 120 54
39 121 10
39 122 18
39 123 24
39 124 40
39 125 58
39 126 94
39 127 16
39 128 24
39 129 43
39 130 63
39 131 70
39 132 97
39 133 85
39 134 28
39 135 89
39 136 34
39 137 62
39 138 79
39 139 11
39 140 65
39 141 20
39 142 54
39 143 35
39 144 15
39 145 8
39 146 4
39 147 16
39 148 9
39 149 11
39 150 3
39 151 54
39 152 63
39 153 33
39 154 76
39 155 84
39 156 11
39 157 68
39 158 86
39 159 90
40 41 13
40 42 67
40 43 45
40 44 20
40 45 70
40 46 68
40 47 86
40 48 55
40 49 76
40 50 62
40 51 31
40 52 80
40 53 71
40 54 64
40 55 96
40 56 4
40 57 26
40 58 15
40 59 9
40 60 5
40 61 36
40 62 28
40 63 42
40 64 75
40 65 43
40 66 55
40 67 45
40 68 52
40 69 42
40 70 71
40 71 71
40 72 12
40 73 39
40 74 83
40 75 35
40 76 80
40 77 38
40 78 9
40 79 99
40 80 59
40 81 81
40 82 97
40 83 57
40 84 19
40 85 80
40 86 36
40 87 52
40 88 1
40 89 26
40 90 59
40 91 25
40 92 48
40 93 92
40 94 89
40 95 57
40 96 87
40 97 1
40 98 54
40 99 35
40 100 6
40 101 65
40 102 27
40 103 29
40 104 37
40 105 50
40 106 77
40 107 58
40 108 80
40 109 71
40 110 71
40 111 55
40 112 77
40 113 13
40 114 55
40 115 53
40 116 84
40 117 98
40 118 79
40 119 59
40 120 31
40 121 33
40 122 95
40 123 80
40 124 89
40 125 61
40 126 75
40 127 54
40 128 99
40 129 44
40 130 15
40 131 14
40 132 94
40 133 78
40 134 93
40 135 95
40 136 32
40 137 45
40 138 32
40 139 10
40 140 34
40 141 64
40 142 44
40 143 15
40 144 84
40 145 49
40 146 81
40 147 91
40 148 12
40 149 38
40 150 85
40 151 46
40 152 13
40 153 83
40 154 100
40 155 65
40 156 95
40 157 85
40 158 63
40 159 90
41 42 15
41 43 14
41 44 34
41 45 24
41 46 46
41 47 20
41 48 5
41 49 11
41 50 16
41 51 61
41 52 88
41 53 45
41 54 81
41 55 56
41 56 2
41 57 3
41 58 60
41 59 37
41 60 39
41 61 15
41 62 44
41 63 94
41 64 97
41 65 59
41 66 8
41 67 72
41 68 29
41 69 46
41 70 4
41 71 5
41 72 53
41 73 26
41 74 1
41 75 43
41 76 57
41 77 7
41 78 15
41 79 78
41 80 80
41 81 11
41 82 38
41 83 40
41 84 78
41 85 32
41 86 34
41 87 92
41 88 92
41 89 88
41 90 98
41 91 32
41 92 11
41 93 19
41 94 30
41 95 74
41 96 32
41 97 61
41 98 66
41 99 69
41 100 32
41 101 93
41 102 65
41 103 19
41 104 29
41 105 39
41 106 4
41 107 17
41 108 27
41 109 87
41 110 65
41 111 99
41 112 50
41 113 13
41 114 86
41 115 47
41 116 84
41 117 5
41 118 65
41 119 26
41 120 24
41 121 36
41 122 94
41 123 43
41 124 73
41 125 70
41 126 72
41 127 79
41 128 39
41 129 22
41 130 79
41 131 46
41 132 80
41 133 45
41 134 45
41 135 100
41 136 47
41 137 24
41 138 1
41 139 89
41 140 19
41 141 16
41 142 82
41 143 12
41 144 87
41 145 22
41 146 58
41 147 9
41 148 3
41 149 47
41 150 35
41 151 5
41 152 72
41 153 24
41 154 26
41 155 41
41 156 43
41 157 41
41 158 77
41 159 45
42 43 82
42 44 100
42 45 38
42 46 62
42 47 33
42 48 15
42 49 64
42 50 88
42 51 23
42 52 77
42 53 59
42 54 60
42 55 11
42 56 42
42 57 55
42 58 79
42 59 77
42 60 73
42 61 77
42 62 89
42 63 90
42 64 7
42 65 38
42 66 75
42 67 48
42 68 68
42 69 84
42 70 59
42 71 2
42 72 1
42 73 14
42 74 37
42 75 12
42 76 37
42 77 26
42 78 38
42 79 13
42 80 19
42 81 86
42 82 62
42 83 77
42 84 36
42 85 3
42 86 51
42 87 61
42 88 3
42 89 64
42 90 45
42 91 6
42 92 92
42 93 66
42 94 94
42 95 83
42 96 77
42 97 62
42 98 41
42 99 10
42 100 49
42 101 41
42 102 31
42 103 39
42 104 53
42 105 97
42 106 44
42 107 47
42 108 43
42 109 100
42 110 85
42 111 100
42 112 67
42 113 7
42 114 65
42 115 29
42 116 13
42 117 37
42 118 58
42 119 20
42 120 86
42 121 90
42 122 84
42 123 33
42 124 37
42 125 24
42 126 81
42 127 44
42 128 21
42 129 38
42 130 34
42 131 44
42 132 4
42 133 36
42 134 100
42 135 81
42 136 73
42 137 69
42 138 42
42 139 44
42 140 68
42 141 18
42 142 79
42 143 73
42 144 30
42 145 46
42 146 32
42 147 2
42 148 86
42 149 80
42 150 12
42 151 90
42 152 90
42 153 6
42 154 81
42 155 91
42 156 83
42 157 41
42 158 85
42 159 96
43 44 19
43 45 45
43 46 9
43 47 49
43 48 88
43 49 78
43 50 26
43 51 89
43 52 16
43 53 78
43 54 50
43 55 84
43 56 74
43 57 79
43 58 66
43 59 82
43 60 83
43 61 92
43 62 66
43 63 66
43 64 55
43 65 52
43 66 45
43 67 13
43 68 38
43 69 19
43 70 29
43 71 52
43 72 53
43 73 43
43 74 66
43 75 4
43 76 82
43 77 78
43 78 37
43 79 32
43 80 69
43 81 60
43 82 6
43 83 33
43 84 42
43 85 82
43 86 25
43 87 10
43 88 93
43 89 8
43 90 78
43 91 79
43 92 63
43 93 51
43 94 57
43 95 36
43 96 79
43 97 69
43 98 14
43 99 38
43 100 18
43 101 99
43 102 34
43 103 5
43 104 31
43 105 87
43 106 33
43 107 94
43 108 35
43 109 62
43 110 94
43 111 4
43 112 17
43 113 43
43 114 13
43 115 25
43 116 72
43 117 32
43 118 5
43 119 37
43 120 44
43 121 11
43 122 60
43 123 66
43 124 21
43 125 8
43 126 28
43 127 11
43 128 25
43 129 15
43 130 2
43 131 71
43 132 26
43 133 61
43 134 92
43 135 15
43 136 47
43 137 11
43 138 52
43 139 73
43 140 41
43 141 82
43 142 46
43 143 92
43 144 55
43 145 84
43 146 23
43 147 58
43 148 77
43 149 69
43 150 33
43 151 48
43 152 7
43 153 24
43 154 44
43 155 87
43 156 89
43 157 81
43 158 60
43 159 49
44 45 58
44 46 95
44 47 16
44 48 92
44 49 85
44 50 16
44 51 51
44 52 97
44 53 48
44 54 80
44 55 82
44 56 73
44 57 45
44 58 61
44 59 85
44 60 62
44 61 78
44 62 20
44 63 44
44 64 70
44 65 29
44 66 91
44 67 48
44 68 43
44 69 89
44 70 70
44 71 80
44 72 54
44 73 46
44 74 44
44 75 62
44 76 37
44 77 85
44 78 73
44 79 60
44 80 47
44 81 49
44 82 71
44 83 33
44 84 56
44 85 26
44 86 94
44 87 39
44 88 71
44 89 14
44 90 71
44 91 33
44 92 35
44 93 57
44 94 95
44 95 75
44 96 63
44 97 12
44 98 86
44 99 26
44 100 33
44 101 67
44 102 83
44 103 5
44 104 57
44 105 54
44 106 23
44 107 18
44 108 14
44 109 34
44 110 91
44 111 71
44 112 28
44 113 8
44 114 95
44 115 62
44 116 2
44 117 30
44 118 22
44 119 72
44 120 95
44 121 89
44 122 70
44 123 12
44 124 26
44 125 8
44 126 30
44 127 80
44 128 97
44 129 100
44 130 8
44 131 98
44 132 75
44 133 24
44 134 24
44 135 13
44 136 82
44 137 28
44 138 70
44 139 54
44 140 13
44 141 61
44 142 42
44 143 23
44 144 1
44 145 25
44 146 83
44 147 39
44 148 50
44 149 80
44 150 20
44 151 97
44 152 87
44 153 84
44 154 55
44 155 97
44 156 27
44 157 64
44 158 35
44 159 28
45 46 90
45 47 72
45 48 53
45 49 23
45 50 32
45 51 88
45 52 81
45 53 98
45 54 60
45 55 2
45 56 87
45 57 96
45 58 37
45 59 89
45 60 48
45 61 41
45 62 82
45 63 85
45 64 36
45 65 83
45 66 39
45 67 96
45 68 4
45 69 13
45 70 74
45 71 96
45 72 56
45 73 62
45 74 53
45 75 89
45 76 96
45 77 1
45 78 66
45 79 64
45 80 30
45 81 19
45 82 15
45 83 55
45 84 31
45 85 64
45 86 81
45 87 85
45 88 27
45 89 59
45 90 73
45 91 82
45 92 85
45 93 46
45 94 64
45 95 71
45 96 63
45 97 96
45 98 6
45 99 46
45 100 63
45 101 8
45 102 27
45 103 46
45 104 71
45 105 69
45 106 48
45 107 84
45 108 43
45 109 78
45 110 88
45 111 33
45 112 29
45 113 29
45 114 30
45 115 98
45 116 11
45 117 55
45 118 39
45 119 1
45 120 34
45 121 95
45 122 12
45 123 42
45 124 86
45 125 29
45 126 34
45 127 20
45 128 14
45 129 80
45 130 53
45 131 72
45 132 63
45 133 46
45 134 18
45 135 30
45 136 32
45 137 46
45 138 85
45 139 99
45 140 5
45 141 65
45 142 36
45 143 48
45 144 82
45 145 87
45 146 43
45 147 53
45 148 48
45 149 89
45 150 27
45 151 8
45 152 15
45 153 2
45 154 64
45 155 53
45 156 42
45 157 38
45 158 20
45 159 35
46 47 66
46 48 73
46 49 24
46 50 51
46 51 27
46 52 85
46 53 84
46 54 9
46 55 94
46 56 65
46 57 67
46 58 47
46 59 39
46 60 3
46 61 42
46 62 24
46 63 58
46 64 63
46 65 77
46 66 13
46 67 80
46 68 45
46 69 53
46 70 26
46 71 43
46 72 31
46 73 46
46 74 42
46 75 18
46 76 41
46 77 47
46 78 80
46 79 67
46 80 34
46 81 11
46 82 20
46 83 87
46 84 81
46 85 100
46 86 88
46 87 47
46 88 21
46 89 100
46 90 66
46 91 70
46 92 36
46 93 88
46 94 66
46 95 58
46 96 43
46 97 80
46 98 17
46 99 28
46 100 79
46 101 73
46 102 45
46 103 80
46 104 5
46 105 61
46 106 2
46 107 68
46 108 66
46 109 92
46 110 92
46 111 94
46 112 35
46 113 98
46 114 35
46 115 90
46 116 3
46 117 79
46 118 34
46 119 5
46 120 75
46 121 58
46 122 37
46 123 33
46 124 35
46 125 36
46 126 62
46 127 35
46 128 74
46 129 55
46 130 30
46 131 31
46 132 85
46 133 76
46 134 1
46 135 29
46 136 82
46 137 59
46 138 14
46 139 13
46 140 59
46 141 21
46 142 93
46 143 88
46 144 67
46 145 78
46 146 78
46 147 9
46 148 91
46 149 54
46 150 46
46 151 43
46 152 34
46 153 18
46 154 27
46 155 4
46 156 57
46 157 31
46 158 5
46 159 66
47 48 52
47 49 34
47 50 95
47 51 98
47 52 84
47 53 30
47 54 4
47 55 54
47 56 15
47 57 74
47 58 53
47 59 78
47 60 96
47 61 81
47 62 41
47 63 90
47 64 44
47 65 91
47 66 23
47 67 57
47 68 37
47 69 68
47 70 60
47 71 89
47 72 2
47 73 42
47 74 48
47 75 32
47 76 64
47 77 99
47 78 70
47 79 96
47 80 33
47 81 50
47 82 31
47 83 28
47 84 75
47 85 34
47 86 49
47 87 31
47 88 39
47 89 92
47 90 27
47 91 86
47 92 61
47 93 96
47 94 7
47 95 8
47 96 33
47 97 65
47 98 15
47 99 70
47 100 25
47 101 84
47 102 85
47 103 11
47 104 13
47 105 88
47 106 65
47 107 4
47 108 71
47 109 39
47 110 52
47 111 12
47 112 89
47 113 22
47 114 10
47 115 41
47 116 48
47 117 16
47 118 87
47 119 60
47 120 8
47 121 43
47 122 11
47 123 40
47 124 62
47 125 41
47 126 12
47 127 96
47 128 10
47 129 28
47 130 69
47 131 54
47 132 30
47 133 46
47 134 31
47 135 46
47 136 85
47 137 32
47 138 62
47 139 38
47 140 25
47 141 91
47 142 20
47 143 85
47 144 50
47 145 74
47 146 90
47 147 11
47 148 32
47 149 22
47 150 7
47 151 74
47 152 61
47 153 78
47 154 9
47 155 14
47 156 97
47 157 48
47 158 74
47 159 56
48 49 44
48 50 78
48 51 9
48 52 45
48 53 73
48 54 80
48 55 41
48 56 62
48 57 15
48 58 87
48 59 76
48 60 17
48 61 34
48 62 10
48 63 52
48 64 78
48 65 90
48 66 71
48 67 45
48 68 76
48 69 53
48 70 81
48 71 81
48 72 77
48 73 51
48 74 46
48 75 10
48 76 27
48 77 83
48 78 80
48 79 18
48 80 3
48 81 34
48 82 97
48 83 63
48 84 40
48 85 61
48 86 60
48 87 18
48 88 5
48 89 15
48 90 69
48 91 80
48 92 50
48 93 91
48 94 56
48 95 87
48 96 9
48 97 94
48 98 40
48 99 96
48 100 57
48 101 20
48 102 49
48 103 66
48 104 68
48 105 89
48 106 80
48 107 51
48 108 19
48 109 96
48 110 74
48 111 8
48 112 47
48 113 68
48 114 6
48 115 99
48 116 14
48 117 75
48 118 99
48 119 69
48 120 83
48 121 1
48 122 6
48 123 44
48 124 78
48 125 12
48 126 28
48 127 30
48 128 4
48 129 21
48 130 87
48 131 58
48 132 61
48 133 100
48 134 55
48 135 41
48 136 36
48 137 69
48 138 20
48 139 16
48 140 60
48 141 66
48 142 32
48 143 46
48 144 70
48 145 68
48 146 63
48 147 79
48 148 9
48 149 11
48 150 40
48 151 17
48 152 62
48 153 7
48 154 75
48 155 64
48 156 30
48 157 28
48 158 74
48 159 16
49 50 56
49 51 23
49 52 32
49 53 36
49 54 56
49 55 10
49 56 87
49 57 21
49 58 21
49 59 11
49 60 95
49 61 48
49 62 69
49 63 81
49 64 82
49 65 42
49 66 67
49 67 44
49 68 17
49 69 58
49 70 39
49 71 71
49 72 17
49 73 43
49 74 36
49 75 85
49 76 55
49 77 99
49 78 89
49 79 25
49 80 3
49 81 11
49 82 15
49 83 35
49 84 71
49 85 49
49 86 46
49 87 92
49 88 70
49 89 83
49 90 61
49 91 79
49 92 30
49 93 43
49 94 86
49 95 3
49 96 8
49 97 23
49 98 78
49 99 95
49 100 70
49 101 49
49 102 34
49 103 87
49 104 75
49 105 23
49 106 17
49 107 68
49 108 100
49 109 72
49 110 52
49 111 97
49 112 73
49 113 74
49 114 42
49 115 22
49 116 39
49 117 84
49 118 45
49 119 100
49 120 38
49 121 90
49 122 54
49 123 10
49 124 34
49 125 46
49 126 7
49 127 36
49 128 19
49 129 83
49 130 36
49 131 48
49 132 81
49 133 87
49 134 55
49 135 29
49 136 77
49 137 2
49 138 8
49 139 11
49 140 72
49 141 39
49 142 52
49 143 66
49 144 23
49 145 14
49 146 31
49 147 72
49 148 22
49 149 93
49 150 13
49 151 38
49 152 53
49 153 97
49 154 51
49 155 91
49 156 92
49 157 79
49 158 54
49 159 43
50 51 91
50 52 61
50 53 93
50 54 12
50 55 58
50 56 63
50 57 21
50 58 78
50 59 54
50 60 42
50 61 13
50 62 44
50 63 1
50 64 49
50 65 50
50 66 9
50 67 47
50 68 42
50 69 11
50 70 21
50 71 62
50 72 12
50 73 77
50 74 68
50 75 76
50 76 86
50 77 48
50 78 27
50 79 50
50 80 85
50 81 1
50 82 45
50 83 19
50 84 50
50 85 78
50 86 71
50 87 38
50 88 74
50 89 19
50 90 20
50 91 100
50 92 25
50 93 54
50 94 52
50 95 20
50 96 20
50 97 18
50 98 97
50 99 53
50 100 10
50 101 60
50 102 57
50 103 16
50 104 7
50 105 28
50 106 99
50 107 32
50 108 18
50 109 24
50 110 1
50 111 88
50 112 2
50 113 66
50 114 28
50 115 22
50 116 4
50 117 50
50 118 44
50 119 35
50 120 39
50 121 9
50 122 83
50 123 70
50 124 87
50 125 79
50 126 38
50 127 69
50 128 23
50 129 69
50 130 73
50 131 1
50 132 96
50 133 53
50 134 44
50 135 14
50 136 51
50 137 94
50 138 53
50 139 51
50 140 94
50 141 61
50 142 46
50 143 78
50 144 40
50 145 83
50 146 1
50 147 52
50 148 70
50 149 31
50 150 14
50 151 46
50 152 91
50 153 66
50 154 88
50 155 27
50 156 70
50 157 84
50 158 23
50 159 9
51 52 85
51 53 97
51 54 10
51 55 74
51 56 69
51 57 13
51 58 71
51 59 92
51 60 94
51 61 22
51 62 3
51 63 49
51 64 5
51 65 59
51 66 32
51 67 7
51 68 39
51 69 17
51 70 61
51 71 77
51 72 12
51 73 16
51 74 78
51 75 25
51 76 71
51 77 13
51 78 65
51 79 46
51 80 88
51 81 51
51 82 55
51 83 88
51 84 100
51 85 99
51 86 56
51 87 97
51 88 13
51 89 4
51 90 45
51 91 70
51 92 17
51 93 18
51 94 67
51 95 96
51 96 46
51 97 31
51 98 3
51 99 71
51 100 17
51 101 96
51 102 98
51 103 10
51 104 58
51 105 11
51 106 49
51 107 19
51 108 92
51 109 9
51 110 70
51 111 9
51 112 26
51 113 72
51 114 70
51 115 8
51 116 53
51 117 96
51 118 17
51 119 29
51 120 12
51 121 77
51 122 81
51 123 5
51 124 63
51 125 10
51 126 70
51 127 45
51 128 17
51 129 89
51 130 19
51 131 44
51 132 62
51 133 59
51 134 87
51 135 70
51 136 89
51 137 34
51 138 85
51 139 32
51 140 91
51 141 30
51 142 69
51 143 44
51 144 66
51 145 34
51 146 18
51 147 92
51 148 99
51 149 42
51 150 12
51 151 10
51 152 9
51 153 89
51 154 56
51 155 86
51 156 86
51 157 4
51 158 64
51 159 34
52 53 36
52 54 70
52 55 32
52 56 46
52 57 13
52 58 72
52 59 74
52 60 60
52 61 57
52 62 34
52 63 18
52 64 85
52 65 9
52 66 35
52 67 1
52 68 24
52 69 34
52 70 95
52 71 48
52 72 28
52 73 79
52 74 24
52 75 1
52 76 61
52 77 78
52 78 10
52 79 73
52 80 24
52 81 51
52 82 90
52 83 83
52 84 16
52 85 87
52 86 78
52 87 12
52 88 67
52 89 21
52 90 62
52 91 29
52 92 53
52 93 97
52 94 66
52 95 41
52 96 28
52 97 93
52 98 17
52 99 48
52 100 97
52 101 33
52 102 9
52 103 49
52 104 85
52 105 7
52 106 54
52 107 71
52 108 79
52 109 5
52 110 93
52 111 68
52 112 28
52 113 68
52 114 97
52 115 98
52 116 54
52 117 27
52 118 54
52 119 78
52 120 10
52 121 95
52 122 48
52 123 55
52 124 11
52 125 15
52 126 70
52 127 51
52 128 85
52 129 93
52 130 57
52 131 21
52 132 22
52 133 48
52 134 63
52 135 23
52 136 75
52 137 63
52 138 69
52 139 35
52 140 28
52 141 27
52 142 74
52 143 44
52 144 82
52 145 11
52 146 41
52 147 74
52 148 59
52 149 34
52 150 81
52 151 91
52 152 79
52 153 56
52 154 33
52 155 70
52 156 29
52 157 68
52 158 9
52 159 65
53 54 64
53 55 67
53 56 80
53 57 91
53 58 2
53 59 38
53 60 12
53 61 41
53 62 71
53 63 87
53 64 96
53 65 23
53 66 75
53 67 49
53 68 18
53 69 46
53 70 43
53 71 10
53 72 11
53 73 63
53 74 24
53 75 44
53 76 98
53 77 92
53 78 45
53 79 97
53 80 84
53 81 47
53 82 18
53 83 27
53 84 52
53 85 90
53 86 89
53 87 28
53 88 66
53 89 98
53 90 87
53 91 64
53 92 46
53 93 26
53 94 49
53 95 98
53 96 9
53 97 82
53 98 57
53 99 49
53 100 69
53 101 59
53 102 90
53 103 64
53 104 67
53 105 37
53 106 41
53 107 12
53 108 89
53 109 65
53 110 81
53 111 22
53 112 48
53 113 18
53 114 87
53 115 47
53 116 77
53 117 83
53 118 56
53 119 23
53 120 43
53 121 99
53 122 22
53 123 38
53 124 88
53 125 3
53 126 95
53 127 6
53 128 23
53 129 60
53 130 8
53 131 48
53 132 34
53 133 39
53 134 18
53 135 9
53 136 12
53 137 69
53 138 87
53 139 8
53 140 2
53 141 29
53 142 37
53 143 20
53 144 63
53 145 68
53 146 16
53 147 41
53 148 32
53 149 90
53 150 46
53 151 28
53 152 47
53 153 31
53 154 65
53 155 43
53 156 81
53 157 36
53 158 50
53 159 19
54 55 23
54 56 53
54 57 51
54 58 70
54 59 72
54 60 18
54 61 77
54 62 100
54 63 6
54 64 72
54 65 78
54 66 71
54 67 43
54 68 64
54 69 17
54 70 46
54 71 81
54 72 81
54 73 15
54 74 58
54 75 31
54 76 25
54 77 71
54 78 94
54 79 27
54 80 1
54 81 27
54 82 76
54 83 86
54 84 58
54 85 100
54 86 27
54 87 7
54 88 4
54 89 94
54 90 11
54 91 75
54 92 47
54 93 55
54 94 46
54 95 31
54 96 18
54 97 94
54 98 54
54 99 28
54 100 36
54 101 80
54 102 82
54 103 47
54 104 40
54 105 4
54 106 48
54 107 40
54 108 62
54 109 10
54 110 94
54 111 72
54 112 17
54 113 55
54 114 71
54 115 52
54 116 26
54 117 28
54 118 12
54 119 9
54 120 58
54 121 90
54 122 14
54 123 57
54 124 36
54 125 16
54 126 25
54 127 18
54 128 26
54 129 24
54 130 78
54 131 70
54 132 81
54 133 20
54 134 28
54 135 85
54 136 56
54 137 81
54 138 60
54 139 14
54 140 78
54 141 96
54 142 59
54 143 34
54 144 27
54 145 47
54 146 28
54 147 54
54 148 41
54 149 50
54 150 32
54 151 9
54 152 30
54 153 46
54 154 70
54 155 53
54 156 11
54 157 16
54 158 18
54 159 31
55 56 44
55 57 2
55 58 20
55 59 64
55 60 44
55 61 37
55 62 89
55 63 77
55 64 59
55 65 34
55 66 12
55 67 13
55 68 87
55 69 6
55 70 67
55 71 6
55 72 8
55 73 21
55 74 68
55 75 66
55 76 73
55 77 70
55 78 95
55 79 48
55 80 63
55 81 35
55 82 11
55 83 6
55 84 80
55 85 72
55 86 57
55 87 77
55 88 24
55 89 49
55 90 4
55 91 43
55 92 69
55 93 32
55 94 59
55 95 42
55 96 80
55 97 2
55 98 39
55 99 51
55 100 5
55 101 50
55 102 58
55 103 13
55 104 5
55 105 74
55 106 100
55 107 40
55 108 67
55 109 97
55 110 62
55 111 63
55 112 61
55 113 31
55 114 11
55 115 11
55 116 73
55 117 31
55 118 85
55 119 95
55 120 53
55 121 85
55 122 88
55 123 20
55 124 56
55 125 40
55 126 7
55 127 89
55 128 49
55 129 99
55 130 10
55 131 18
55 132 59
55 133 52
55 134 92
55 135 74
55 136 67
55 137 77
55 138 87
55 139 2
55 140 32
55 141 98
55 142 66
55 143 12
55 144 88
55 145 38
55 146 25
55 147 72
55 148 80
55 149 97
55 150 81
55 151 49
55 152 91
55 153 30
55 154 14
55 155 76
55 156 56
55 157 29
55 158 66
55 159 99
56 57 2
56 58 32
56 59 35
56 60 36
56 61 60
56 62 77
56 63 12
56 64 21
56 65 37
56 66 8
56 67 17
56 68 20
56 69 8
56 70 23
56 71 34
56 72 88
56 73 20
56 74 41
56 75 39
56 76 28
56 77 45
56 78 9
56 79 55
56 80 8
56 81 61
56 82 33
56 83 29
56 84 73
56 85 5
56 86 100
56 87 29
56 88 64
56 89 10
56 90 81
56 91 68
56 92 13
56 93 13
56 94 99
56 95 76
56 96 67
56 97 75
56 98 77
56 99 23
56 100 77
56 101 93
56 102 60
56 103 85
56 104 8
56 105 83
56 106 83
56 107 77
56 108 8
56 109 86
56 110 60
56 111 50
56 112 64
56 113 74
56 114 39
56 115 97
56 116 35
56 117 10
56 118 53
56 119 80
56 120 46
56 121 63
56 122 69
56 123 93
56 124 89
56 125 16
56 126 5
56 127 93
56 128 73
56 129 85
56 130 19
56 131 61
56 132 65
56 133 90
56 134 3
56 135 14
56 136 51
56 137 53
56 138 64
56 139 57
56 140 85
56 141 19
56 142 51
56 143 49
56 144 58
56 145 7
56 146 68
56 147 64
56 148 77
56 149 8
56 150 28
56 151 82
56 152 61
56 153 49
56 154 66
56 155 16
56 156 60
56 157 48
56 158 50
56 159 28
57 58 100
57 59 70
57 60 8
57 61 1
57 62 58
57 63 90
57 64 99
57 65 27
57 66 69
57 67 64
57 68 95
57 69 69
57 70 5
57 71 37
57 72 67
57 73 19
57 74 39
57 75 4
57 76 52
57 77 71
57 78 66
57 79 49
57 80 64
57 81 9
57 82 5
57 83 4
57 84 67
57 85 30
57 86 62
57 87 14
57 88 67
57 89 11
57 90 4
57 91 41
57 92 40
57 93 86
57 94 83
57 95 52
57 96 13
57 97 39
57 98 13
57 99 51
57 100 40
57 101 77
57 102 43
57 103 13
57 104 13
57 105 65
57 106 2
57 107 29
57 108 55
57 109 29
57 110 87
57 111 37
57 112 48
57 113 29
57 114 77
57 115 93
57 116 20
57 117 62
57 118 95
57 119 48
57 120 100
57 121 1
57 122 34
57 123 55
57 124 22
57 125 2
57 126 53
57 127 43
57 128 55
57 129 4
57 130 2
57 131 18
57 132 63
57 133 86
57 134 67
57 135 89
57 136 80
57 137 43
57 138 49
57 139 74
57 140 62
57 141 8
57 142 41
57 143 35
57 144 20
57 145 47
57 146 41
57 147 1
57 148 37
57 149 64
57 150 24
57 151 72
57 152 83
57 153 48
57 154 88
57 155 68
57 156 72
57 157 36
57 158 40
57 159 78
58 59 62
58 60 65
58 61 18
58 62 20
58 63 44
58 64 49
58 65 1
58 66 75
58 67 8
58 68 74
58 69 46
58 70 74
58 71 42
58 72 54
58 73 50
58 74 48
58 75 61
58 76 97
58 77 78
58 78 52
58 79 96
58 80 72
58 81 23
58 82 12
58 83 42
58 84 82
58 85 23
58 86 51
58 87 74
58 88 72
58 89 99
58 90 59
58 91 18
58 92 96
58 93 79
58 94 80
58 95 54
58 96 51
58 97 11
58 98 37
58 99 38
58 100 4
58 101 77
58 102 23
58 103 18
58 104 70
58 105 18
58 106 32
58 107 98
58 108 32
58 109 96
58 110 37
58 111 13
58 112 77
58 113 71
58 114 66
58 115 100
58 116 12
58 117 4
58 118 13
58 119 8
58 120 76
58 121 88
58 122 52
58 123 14
58 124 1
58 125 41
58 126 30
58 127 61
58 128 12
58 129 62
58 130 73
58 131 76
58 132 66
58 133 20
58 134 49
58 135 73
58 136 57
58 137 85
58 138 31
58 139 69
58 140 2
58 141 51
58 142 74
58 143 25
58 144 24
58 145 46
58 146 56
58 147 14
58 148 20
58 149 49
58 150 99
58 151 18
58 152 92
58 153 24
58 154 98
58 155 67
58 156 34
58 157 96
58 158 16
58 159 81
59 60 62
59 61 43
59 62 30
59 63 35
59 64 45
59 65 31
59 66 80
59 67 92
59 68 9
59 69 61
59 70 52
59 71 67
59 72 11
59 73 12
59 74 79
59 75 48
59 76 59
59 77 84
59 78 63
59 79 86
59 80 63
59 81 70
59 82 15
59 83 81
59 84 53
59 85 5
59 86 98
59 87 19
59 88 55
59 89 79
59 90 93
59 91 69
59 92 81
59 93 31
59 94 39
59 95 80
59 96 62
59 97 36
59 98 53
59 99 28
59 100 21
59 101 10
59 102 54
59 103 80
59 104 21
59 105 32
59 106 100
59 107 16
59 108 35
59 109 64
59 110 58
59 111 56
59 112 44
59 113 97
59 114 88
59 115 73
59 116 23
59 117 88
59 118 75
59 119 46
59 120 20
59 121 59
59 122 82
59 123 35
59 124 19
59 125 95
59 126 8
59 127 22
59 128 73
59 129 23
59 130 96
59 131 87
59 132 37
59 133 87
59 134 84
59 135 15
59 136 92
59 137 69
59 138 56
59 139 99
59 140 20
59 141 25
59 142 83
59 143 33
59 144 48
59 145 49
59 146 98
59 147 5
59 148 15
59 149 40
59 150 88
59 151 40
59 152 20
59 153 66
59 154 68
59 155 53
59 156 54
59 157 29
59 158 91
59 159 64
60 61 71
60 62 66
60 63 6
60 64 63
60 65 84
60 66 94
60 67 39
60 68 50
60 69 48
60 70 15
60 71 96
60 72 60
60 73 73
60 74 68
60 75 9
60 76 12
60 77 13
60 78 44
60 79 65
60 80 7
60 81 20
60 82 44
60 83 49
60 84 34
60 85 44
60 86 61
60 87 54
60 88 60
60 89 38
60 90 17
60 91 80
60 92 31
60 93 94
60 94 12
60 95 79
60 96 87
60 97 84
60 98 94
60 99 90
60 100 49
60 101 75
60 102 93
60 103 33
60 104 60
60 105 68
60 106 15
60 107 75
60 108 62
60 109 74
60 110 71
60 111 46
60 112 96
60 113 18
60 114 89
60 115 4
60 116 46
60 117 12
60 118 100
60 119 92
60 120 95
60 121 22
60 122 51
60 123 52
60 124 83
60 125 6
60 126 90
60 127 71
60 128 7
60 129 86
60 130 71
60 131 87
60 132 49
60 133 72
60 134 57
60 135 20
60 136 91
60 137 28
60 138 82
60 139 54
60 140 58
60 141 7
60 142 72
60 143 37
60 144 5
60 145 35
60 146 99
60 147 10
60 148 95
60 149 38
60 150 7
60 151 92
60 152 27
60 153 42
60 154 53
60 155 96
60 156 33
60 157 13
60 158 87
60 159 89
61 62 37
61 63 16
61 64 2
61 65 10
61 66 88
61 67 51
61 68 4
61 69 36
61 70 2
61 71 90
61 72 44
61 73 49
61 74 21
61 75 72
61 76 9
61 77 13
61 78 23
61 79 68
61 80 37
61 81 45
61 82 25
61 83 55
61 84 8
61 85 81
61 86 25
61 87 19
61 88 83
61 89 27
61 90 82
61 91 15
61 92 99
61 93 34
61 94 60
61 95 21
61 96 39
61 97 89
61 98 5
61 99 43
61 100 100
61 101 77
61 102 8
61 103 48
61 104 36
61 105 96
61 106 84
61 107 88
61 108 54
61 109 30
61 110 11
61 111 37
61 112 4
61 113 54
61 114 1
61 115 82
61 116 98
61 117 92
61 118 74
61 119 24
61 120 45
61 121 89
61 122 49
61 123 86
61 124 48
61 125 28
61 126 42
61 127 83
61 128 97
61 129 30
61 130 56
61 131 90
61 132 4
61 133 33
61 134 33
61 135 72
61 136 65
61 137 10
61 138 5
61 139 10
61 140 65
61 141 11
61 142 59
61 143 5
61 144 92
61 145 35
61 146 58
61 147 89
61 148 72
61 149 3
61 150 72
61 151 58
61 152 60
61 153 94
61 154 58
61 155 96
61 156 39
61 157 61
61 158 25
61 159 63
62 63 88
62 64 70
62 65 39
62 66 62
62 67 7
62 68 1
62 69 48
62 70 54
62 71 36
62 72 21
62 73 40
62 74 58
62 75 69
62 76 72
62 77 18
62 78 3
62 79 31
62 80 82
62 81 94
62 82 9
62 83 15
62 84 49
62 85 23
62 86 82
62 87 41
62 88 72
62 89 83
62 90 100
62 91 62
62 92 50
62 93 3
62 94 23
62 95 29
62 96 88
62 97 34
62 98 99
62 99 32
62 100 13
62 101 91
62 102 50
62 103 41
62 104 78
62 105 89
62 106 57
62 107 93
62 108 79
62 109 15
62 110 4
62 111 28
62 112 40
62 113 28
62 114 72
62 115 7
62 116 66
62 117 30
62 118 96
62 119 63
62 120 7
62 121 56
62 122 32
62 123 18
62 124 19
62 125 14
62 126 39
62 127 21
62 128 13
62 129 29
62 130 61
62 131 76
62 132 32
62 133 77
62 134 91
62 135 98
62 136 94
62 137 80
62 138 4
62 139 25
62 140 27
62 141 5
62 142 12
62 143 62
62 144 4
62 145 49
62 146 97
62 147 78
62 148 2
62 149 6
62 150 32
62 151 71
62 152 19
62 153 27
62 154 70
62 155 91
62 156 55
62 157 39
62 158 19
62 159 97
63 64 31
63 65 14
63 66 43
63 67 72
63 68 22
63 69 92
63 70 100
63 71 92
63 72 21
63 73 2
63 74 12
63 75 23
63 76 38
63 77 57
63 78 62
63 79 100
63 80 91
63 81 13
63 82 90
63 83 29
63 84 85
63 85 47
63 86 97
63 87 5
63 88 73
63 89 84
63 90 68
63 91 8
63 92 5
63 93 53
63 94 33
63 95 95
63 96 85
63 97 31
63 98 1
63 99 28
63 100 11
63 101 73
63 102 20
63 103 46
63 104 57
63 105 56
63 106 49
63 107 4
63 108 92
63 109 37
63 110 19
63 111 60
63 112 49
63 113 35
63 114 70
63 115 8
63 116 56
63 117 71
63 118 86
63 119 55
63 120 16
63 121 68
63 122 8
63 123 16
63 124 19
63 125 94
63 126 20
63 127 51
63 128 33
63 129 22
63 130 79
63 131 5
63 132 55
63 133 45
63 134 4
63 135 16
63 136 14
63 137 72
63 138 29
63 139 49
63 140 49
63 141 84
63 142 29
63 143 69
63 144 85
63 145 63
63 146 72
63 147 15
63 148 9
63 149 64
63 150 82
63 151 67
63 152 48
63 153 71
63 154 49
63 155 88
63 156 59
63 157 82
63 158 74
63 159 69
64 65 50
64 66 39
64 67 90
64 68 44
64 69 75
64 70 59
64 71 71
64 72 9
64 73 93
64 74 89
64 75 5
64 76 30
64 77 50
64 78 45
64 79 68
64 80 22
64 81 34
64 82 26
64 83 83
64 84 27
64 85 22
64 86 39
64 87 75
64 88 37
64 89 77
64 90 24
64 91 69
64 92 23
64 93 11
64 94 62
64 95 22
64 96 81
64 97 92
64 98 36
64 99 80
64 100 38
64 101 57
64 102 28
64 103 65
64 104 7
64 105 61
64 106 64
64 107 9
64 108 25
64 109 70
64 110 52
64 111 50
64 112 98
64 113 16
64 114 15
64 115 23
64 116 98
64 117 22
64 118 25
64 119 7
64 120 17
64 121 1
64 122 17
64 123 82
64 124 35
64 125 26
64 126 81
64 127 68
64 128 35
64 129 44
64 130 64
64 131 65
64 132 53
64 133 37
64 134 49
64 135 19
64 136 91
64 137 52
64 138 78
64 139 71
64 140 52
64 141 47
64 142 41
64 143 54
64 144 34
64 145 46
64 146 47
64 147 96
64 148 21
64 149 92
64 150 16
64 151 73
64 152 45
64 153 18
64 154 74
64 155 9
64 156 50
64 157 9
64 158 72
64 159 62
65 66 37
65 67 28
65 68 60
65 69 76
65 70 71
65 71 67
65 72 47
65 73 8
65 74 50
65 75 2
65 76 32
65 77 84
65 78 74
65 79 60
65 80 59
65 81 6
65 82 37
65 83 17
65 84 18
65 85 30
65 86 77
65 87 87
65 88 22
65 89 97
65 90 76
65 91 85
65 92 64
65 93 58
65 94 39
65 95 2
65 96 91
65 97 20
65 98 4
65 99 97
65 100 86
65 101 97
65 102 15
65 103 27
65 104 66
65 105 71
65 106 94
65 107 23
65 108 30
65 109 57
65 110 96
65 111 43
65 112 47
65 113 14
65 114 27
65 115 82
65 116 40
65 117 72
65 118 18
65 119 45
65 120 72
65 121 75
65 122 3
65 123 5
65 124 96
65 125 30
65 126 79
65 127 17
65 128 90
65 129 42
65 130 55
65 131 79
65 132 7
65 133 8
65 134 6
65 135 13
65 136 72
65 137 15
65 138 73
65 139 87
65 140 55
65 141 49
65 142 51
65 143 56
65 144 86
65 145 32
65 146 36
65 147 86
65 148 80
65 149 41
65 150 64
65 151 70
65 152 4
65 153 46
65 154 12
65 155 37
65 156 82
65 157 96
65 158 5
65 159 38
66 67 27
66 68 76
66 69 92
66 70 5
66 71 38
66 72 28
66 73 80
66 74 74
66 75 56
66 76 2
66 77 41
66 78 96
66 79 59
66 80 33
66 81 51
66 82 4
66 83 85
66 84 14
66 85 36
66 86 99
66 87 1
66 88 18
66 89 60
66 90 67
66 91 43
66 92 58
66 93 7
66 94 97
66 95 85
66 96 25
66 97 54
66 98 25
66 99 2
66 100 79
66 101 99
66 102 87
66 103 70
66 104 6
66 105 6
66 106 4
66 107 20
66 108 98
66 109 20
66 110 13
66 111 19
66 112 67
66 113 30
66 114 61
66 115 87
66 116 39
66 117 62
66 118 60
66 119 23
66 120 74
66 121 56
66 122 78
66 123 66
66 124 81
66 125 71
66 126 4
66 127 39
66 128 23
66 129 60
66 130 18
66 131 25
66 132 67
66 133 95
66 134 98
66 135 24
66 136 70
66 137 44
66 138 89
66 139 67
66 140 6
66 141 79
66 142 37
66 143 88
66 144 62
66 145 19
66 146 62
66 147 61
66 148 66
66 149 63
66 150 100
66 151 60
66 152 70
66 153 43
66 154 88
66 155 95
66 156 34
66 157 14
66 158 3
66 159 20
67 68 12
67 69 28
67 70 97
67 71 1
67 72 96
67 73 18
67 74 57
67 75 98
67 76 85
67 77 99
67 78 1
67 79 37
67 80 66
67 81 100
67 82 50
67 83 74
67 84 50
67 85 39
67 86 92
67 87 8
67 88 9
67 89 51
67 90 100
67 91 23
67 92 74
67 93 38
67 94 55
67 95 99
67 96 81
67 97 49
67 98 93
67 99 20
67 100 30
67 101 74
67 102 86
67 103 88
67 104 53
67 105 19
67 106 18
67 107 7
67 108 88
67 109 29
67 110 29
67 111 37
67 112 84
67 113 7
67 114 22
67 115 80
67 116 26
67 117 37
67 118 46
67 119 5
67 120 49
67 121 61
67 122 97
67 123 27
67 124 88
67 125 78
67 126 77
67 127 5
67 128 81
67 129 90
67 130 73
67 131 17
67 132 1
67 133 70
67 134 83
67 135 23
67 136 4
67 137 61
67 138 61
67 139 87
67 140 61
67 141 74
67 142 97
67 143 34
67 144 81
67 145 7
67 146 85
67 147 84
67 148 56
67 149 15
67 150 65
67 151 36
67 152 27
67 153 47
67 154 83
67 155 46
67 156 45
67 157 92
67 158 23
67 159 96
68 69 62
68 70 66
68 71 32
68 72 15
68 73 31
68 74 37
68 75 52
68 76 93
68 77 46
68 78 24
68 79 97
68 80 79
68 81 41
68 82 62
68 83 56
68 84 36
68 85 34
68 86 50
68 87 86
68 88 44
68 89 92
68 90 64
68 91 56
68 92 6
68 93 18
68 94 42
68 95 17
68 96 13
68 97 97
68 98 46
68 99 79
68 100 62
68 101 9
68 102 90
68 103 47
68 104 15
68 105 76
68 106 3
68 107 55
68 108 49
68 109 92
68 110 71
68 111 25
68 112 77
68 113 55
68 114 16
68 115 31
68 116 81
68 117 48
68 118 10
68 119 70
68 120 99
68 121 96
68 122 51
68 123 28
68 124 5
68 125 59
68 126 24
68 127 72
68 128 89
68 129 52
68 130 31
68 131 23
68 132 25
68 133 17
68 134 3
68 135 24
68 136 57
68 137 44
68 138 4
68 139 49
68 140 63
68 141 20
68 142 6
68 143 84
68 144 55
68 145 13
68 146 13
68 147 53
68 148 50
68 149 92
68 150 54
68 151 39
68 152 36
68 153 75
68 154 4
68 155 90
68 156 98
68 157 52
68 158 29
68 159 45
69 70 52
69 71 91
69 72 93
69 73 10
69 74 64
69 75 1
69 76 77
69 77 26
69 78 46
69 79 63
69 80 27
69 81 29
69 82 75
69 83 32
69 84 37
69 85 42
69 86 98
69 87 53
69 88 85
69 89 9
69 90 54
69 91 15
69 92 42
69 93 57
69 94 17
69 95 79
69 96 61
69 97 93
69 98 83
69 99 90
69 100 4
69 101 94
69 102 77
69 103 34
69 104 22
69 105 30
69 106 15
69 107 73
69 108 71
69 109 62
69 110 3
69 111 47
69 112 41
69 113 55
69 114 65
69 115 80
69 116 73
69 117 87
69 118 63
69 119 88
69 120 15
69 121 55
69 122 40
69 123 78
69 124 99
69 125 31
69 126 22
69 127 93
69 128 41
69 129 74
69 130 4
69 131 33
69 132 56
69 133 38
69 134 81
69 135 41
69 136 54
69 137 33
69 138 70
69 139 71
69 140 63
69 141 33
69 142 85
69 143 19
69 144 100
69 145 25
69 146 74
69 147 39
69 148 92
69 149 38
69 150 27
69 151 18
69 152 22
69 153 85
69 154 15
69 155 88
69 156 91
69 157 77
69 158 44
69 159 43
70 71 71
70 72 32
70 73 6
70 74 89
70 75 72
70 76 18
70 77 94
70 78 19
70 79 79
70 80 94
70 81 89
70 82 29
70 83 92
70 84 50
70 85 45
70 86 94
70 87 33
70 88 21
70 89 14
70 90 56
70 91 74
70 92 54
70 93 22
70 94 38
70 95 96
70 96 2
70 97 45
70 98 71
70 99 61
70 100 60
70 101 7
70 102 88
70 103 45
70 104 42
70 105 33
70 106 71
70 107 68
70 108 14
70 109 90
70 110 76
70 111 47
70 112 47
70 113 60
70 114 66
70 115 74
70 116 90
70 117 17
70 118 100
70 119 8
70 120 26
70 121 58
70 122 36
70 123 79
70 124 12
70 125 76
70 126 37
70 127 77
70 128 14
70 129 38
70 130 62
70 131 18
70 132 53
70 133 44
70 134 59
70 135 83
70 136 68
70 137 65
70 138 78
70 139 81
70 140 88
70 141 16
70 142 100
70 143 41
70 144 57
70 145 35
70 146 55
70 147 48
70 148 43
70 149 31
70 150 92
70 151 5
70 152 29
70 153 80
70 154 97
70 155 47
70 156 67
70 157 88
70 158 37
70 159 70
71 72 32
71 73 60
71 74 24
71 75 66
71 76 18
71 77 94
71 78 97
71 79 19
71 80 3
71 81 32
71 82 19
71 83 94
71 84 92
71 85 50
71 86 43
71 87 8
71 88 10
71 89 6
71 90 99
71 91 12
71 92 12
71 93 57
71 94 26
71 95 27
71 96 12
71 97 86
71 98 79
71 99 87
71 100 72
71 101 99
71 102 85
71 103 64
71 104 46
71 105 69
71 106 28
71 107 44
71 108 29
71 109 52
71 110 36
71 111 46
71 112 25
71 113 88
71 114 88
71 115 17
71 116 55
71 117 57
71 118 47
71 119 1
71 120 50
71 121 31
71 122 86
71 123 21
71 124 56
71 125 72
71 126 13
71 127 20
71 128 15
71 129 81
71 130 21
71 131 11
71 132 6
71 133 47
71 134 55
71 135 87
71 136 21
71 137 10
71 138 97
71 139 30
71 140 31
71 141 77
71 142 32
71 143 25
71 144 47
71 145 10
71 146 82
71 147 8
71 148 50
71 149 27
71 150 61
71 151 56
71 152 50
71 153 13
71 154 92
71 155 2
71 156 85
71 157 9
71 158 25
71 159 52
72 73 88
72 74 100
72 75 22
72 76 13
72 77 13
72 78 41
72 79 90
72 80 10
72 81 28
72 82 29
72 83 74
72 84 44
72 85 97
72 86 55
72 87 59
72 88 42
72 89 57
72 90 33
72 91 83
72 92 16
72 93 42
72 94 69
72 95 30
72 96 87
72 97 38
72 98 45
72 99 20
72 100 60
72 101 3
72 102 63
72 103 63
72 104 52
72 105 9
72 106 37
72 107 36
72 108 37
72 109 39
72 110 14
72 111 16
72 112 54
72 113 14
72 114 68
72 115 90
72 116 24
72 117 44
72 118 84
72 119 50
72 120 39
72 121 16
72 122 21
72 123 64
72 124 70
72 125 74
72 126 2
72 127 90
72 128 21
72 129 97
72 130 45
72 131 45
72 132 39
72 133 40
72 134 56
72 135 26
72 136 33
72 137 41
72 138 74
72 139 45
72 140 36
72 141 1
72 142 46
72 143 53
72 144 12
72 145 82
72 146 20
72 147 91
72 148 94
72 149 55
72 150 33
72 151 49
72 152 89
72 153 87
72 154 58
72 155 3
72 156 70
72 157 62
72 158 16
72 159 69
73 74 44
73 75 64
73 76 51
73 77 38
73 78 94
73 79 92
73 80 63
73 81 25
73 82 98
73 83 67
73 84 67
73 85 18
73 86 2
73 87 23
73 88 35
73 89 47
73 90 25
73 91 8
73 92 79
73 93 71
73 94 79
73 95 38
73 96 79
73 97 11
73 98 88
73 99 83
73 100 71
73 101 60
73 102 83
73 103 79
73 104 52
73 105 15
73 106 53
73 107 23
73 108 44
73 109 99
73 110 45
73 111 21
73 112 85
73 113 94
73 114 59
73 115 71
73 116 20
73 117 18
73 118 30
73 119 19
73 120 29
73 121 3
73 122 7
73 123 66
73 124 45
73 125 80
73 126 61
73 127 72
73 128 2
73 129 13
73 130 45
73 131 11
73 132 71
73 133 40
73 134 35
73 135 58
73 136 34
73 137 31
73 138 65
73 139 16
73 140 1
73 141 26
73 142 8
73 143 70
73 144 88
73 145 15
73 146 69
73 147 30
73 148 47
73 149 46
73 150 43
73 151 48
73 152 49
73 153 4
73 154 4
73 155 35
73 156 3
73 157 11
73 158 81
73 159 18
74 75 89
74 76 72
74 77 94
74 78 30
74 79 52
74 80 2
74 81 73
74 82 77
74 83 63
74 84 33
74 85 48
74 86 75
74 87 65
74 88 89
74 89 13
74 90 56
74 91 57
74 92 32
74 93 82
74 94 2
74 95 96
74 96 58
74 97 33
74 98 73
74 99 63
74 100 34
74 101 11
74 102 34
74 103 59
74 104 94
74 105 31
74 106 32
74 107 5
74 108 77
74 109 56
74 110 88
74 111 29
74 112 88
74 113 33
74 114 69
74 115 65
74 116 52
74 117 19
74 118 96
74 119 61
74 120 88
74 121 99
74 122 75
74 123 29
74 124 49
74 125 19
74 126 75
74 127 90
74 128 95
74 129 92
74 130 98
74 131 32
74 132 22
74 133 14
74 134 63
74 135 24
74 136 74
74 137 98
74 138 72
74 139 55
74 140 49
74 141 50
74 142 88
74 143 75
74 144 47
74 145 26
74 146 76
74 147 82
74 148 75
74 149 4
74 150 63
74 151 71
74 152 67
74 153 30
74 154 3
74 155 23
74 156 6
74 157 55
74 158 66
74 159 85
75 76 55
75 77 53
75 78 17
75 79 37
75 80 25
75 81 80
75 82 39
75 83 95
75 84 36
75 85 25
75 86 51
75 87 14
75 88 83
75 89 86
75 90 6
75 91 35
75 92 52
75 93 12
75 94 100
75 95 58
75 96 72
75 97 7
75 98 36
75 99 25
75 100 20
75 101 38
75 102 67
75 103 76
75 104 100
75 105 93
75 106 44
75 107 10
75 108 43
75 109 93
75 110 20
75 111 31
75 112 40
75 113 80
75 114 55
75 115 36
75 116 25
75 117 74
75 118 23
75 119 95
75 120 70
75 121 25
75 122 74
75 123 13
75 124 88
75 125 32
75 126 97
75 127 22
75 128 95
75 129 10
75 130 76
75 131 31
75 132 91
75 133 50
75 134 84
75 135 39
75 136 7
75 137 55
75 138 32
75 139 39
75 140 99
75 141 6
75 142 95
75 143 27
75 144 81
75 145 15
75 146 90
75 147 93
75 148 5
75 149 21
75 150 68
75 151 45
75 152 49
75 153 13
75 154 54
75 155 63
75 156 40
75 157 31
75 158 21
75 159 46
76 77 73
76 78 89
76 79 67
76 80 40
76 81 98
76 82 86
76 83 96
76 84 71
76 85 56
76 86 37
76 87 31
76 88 54
76 89 60
76 90 23
76 91 50
76 92 29
76 93 16
76 94 8
76 95 16
76 96 25
76 97 40
76 98 11
76 99 48
76 100 82
76 101 33
76 102 62
76 103 72
76 104 30
76 105 31
76 106 16
76 107 52
76 108 29
76 109 4
76 110 81
76 111 32
76 112 73
76 113 24
76 114 57
76 115 45
76 116 1
76 117 100
76 118 73
76 119 36
76 120 27
76 121 92
76 122 57
76 123 52
76 124 45
76 125 59
76 126 25
76 127 72
76 128 61
76 129 15
76 130 85
76 131 21
76 132 13
76 133 80
76 134 85
76 135 36
76 136 79
76 137 32
76 138 42
76 139 30
76 140 76
76 141 20
76 142 33
76 143 10
76 144 83
76 145 37
76 146 49
76 147 79
76 148 19
76 149 51
76 150 12
76 151 46
76 152 67
76 153 97
76 154 40
76 155 21
76 156 63
76 157 45
76 158 4
76 159 8
77 78 35
77 79 47
77 80 62
77 81 36
77 82 75
77 83 93
77 84 19
77 85 80
77 86 99
77 87 21
77 88 30
77 89 47
77 90 56
77 91 88
77 92 84
77 93 83
77 94 80
77 95 65
77 96 45
77 97 62
77 98 53
77 99 94
77 100 98
77 101 41
77 102 38
77 103 8
77 104 43
77 105 53
77 106 94
77 107 4
77 108 41
77 109 14
77 110 12
77 111 22
77 112 58
77 113 14
77 114 5
77 115 80
77 116 3
77 117 7
77 118 74
77 119 84
77 120 24
77 121 3
77 122 93
77 123 48
77 124 20
77 125 98
77 126 65
77 127 62
77 128 40
77 129 16
77 130 40
77 131 18
77 132 55
77 133 68
77 134 29
77 135 60
77 136 93
77 137 76
77 138 43
77 139 25
77 140 60
77 141 37
77 142 57
77 143 6
77 144 57
77 145 84
77 146 30
77 147 78
77 148 62
77 149 23
77 150 59
77 151 44
77 152 48
77 153 26
77 154 11
77 155 87
77 156 24
77 157 87
77 158 23
77 159 82
78 79 11
78 80 9
78 81 41
78 82 62
78 83 47
78 84 9
78 85 26
78 86 90
78 87 60
78 88 61
78 89 44
78 90 24
78 91 22
78 92 26
78 93 33
78 94 74
78 95 21
78 96 100
78 97 58
78 98 64
78 99 1
78 100 84
78 101 84
78 102 28
78 103 58
78 104 12
78 105 92
78 106 87
78 107 50
78 108 71
78 109 36
78 110 8
78 111 63
78 112 5
78 113 90
78 114 62
78 115 94
78 116 91
78 117 41
78 118 10
78 119 84
78 120 64
78 121 72
78 122 86
78 123 90
78 124 59
78 125 97
78 126 76
78 127 73
78 128 51
78 129 74
78 130 62
78 131 2
78 132 15
78 133 86
78 134 13
78 135 1
78 136 87
78 137 37
78 138 73
78 139 51
78 140 27
78 141 18
78 142 21
78 143 68
78 144 11
78 145 91
78 146 43
78 147 73
78 148 9
78 149 87
78 150 57
78 151 80
78 152 27
78 153 69
78 154 40
78 155 47
78 156 97
78 157 96
78 158 69
78 159 67
79 80 21
79 81 84
79 82 21
79 83 39
79 84 34
79 85 80
79 86 66
79 87 38
79 88 60
79 89 70
79 90 85
79 91 14
79 92 24
79 93 77
79 94 40
79 95 75
79 96 75
79 97 74
79 98 91
79 99 20
79 100 59
79 101 92
79 102 45
79 103 15
79 104 72
79 105 47
79 106 2
79 107 65
79 108 77
79 109 19
79 110 100
79 111 51
79 112 19
79 113 36
79 114 52
79 115 16
79 116 65
79 117 97
79 118 14
79 119 60
79 120 48
79 121 74
79 122 47
79 123 31
79 124 1
79 125 49
79 126 98
79 127 42
79 128 15
79 129 35
79 130 76
79 131 24
79 132 51
79 133 12
79 134 13
79 135 50
79 136 53
79 137 29
79 138 1
79 139 65
79 140 70
79 141 4
79 142 85
79 143 49
79 144 39
79 145 64
79 146 62
79 147 25
79 148 24
79 149 41
79 150 12
79 151 38
79 152 82
79 153 59
79 154 71
79 155 18
79 156 50
79 157 69
79 158 54
79 159 2
80 81 88
80 82 83
80 83 57
80 84 7
80 85 8
80 86 27
80 87 36
80 88 1
80 89 29
80 90 26
80 91 39
80 92 49
80 93 22
80 94 21
80 95 82
80 96 48
80 97 28
80 98 65
80 99 51
80 100 16
80 101 9
80 102 1
80 103 32
80 104 68
80 105 11
80 106 53
80 107 24
80 108 41
80 109 76
80 110 68
80 111 88
80 112 31
80 113 87
80 114 71
80 115 79
80 116 60
80 117 100
80 118 58
80 119 25
80 120 58
80 121 4
80 122 40
80 123 5
80 124 28
80 125 74
80 126 44
80 127 49
80 128 96
80 129 45
80 130 54
80 131 41
80 132 78
80 133 69
80 134 19
80 135 75
80 136 11
80 137 38
80 138 48
80 139 92
80 140 44
80 141 2
80 142 95
80 143 43
80 144 23
80 145 44
80 146 44
80 147 78
80 148 30
80 149 71
80 150 27
80 151 83
80 152 66
80 153 29
80 154 6
80 155 25
80 156 3
80 157 84
80 158 58
80 159 92
81 82 23
81 83 75
81 84 48
81 85 88
81 86 20
81 87 2
81 88 78
81 89 25
81 90 1
81 91 22
81 92 11
81 93 5
81 94 50
81 95 92
81 96 88
81 97 58
81 98 18
81 99 86
81 100 49
81 101 53
81 102 42
81 103 52
81 104 64
81 105 13
81 106 67
81 107 49
81 108 60
81 109 15
81 110 4
81 111 14
81 112 6
81 113 81
81 114 85
81 115 70
81 116 19
81 117 61
81 118 47
81 119 59
81 120 6
81 121 57
81 122 28
81 123 53
81 124 33
81 125 69
81 126 84
81 127 37
81 128 15
81 129 84
81 130 97
81 131 93
81 132 70
81 133 80
81 134 51
81 135 35
81 136 75
81 137 27
81 138 89
81 139 36
81 140 59
81 141 13
81 142 78
81 143 74
81 144 87
81 145 80
81 146 35
81 147 93
81 148 55
81 149 24
81 150 4
81 151 46
81 152 88
81 153 13
81 154 74
81 155 43
81 156 5
81 157 56
81 158 15
81 159 20
82 83 22
82 84 3
82 85 31
82 86 13
82 87 35
82 88 28
82 89 16
82 90 27
82 91 52
82 92 28
82 93 68
82 94 74
82 95 1
82 96 17
82 97 82
82 98 31
82 99 27
82 100 61
82 101 79
82 102 77
82 103 54
82 104 77
82 105 81
82 106 75
82 107 83
82 108 45
82 109 64
82 110 3
82 111 85
82 112 9
82 113 62
82 114 1
82 115 6
82 116 54
82 117 50
82 118 84
82 119 99
82 120 90
82 121 88
82 122 6
82 123 52
82 124 62
82 125 61
82 126 90
82 127 21
82 128 21
82 129 50
82 130 85
82 131 3
82 132 25
82 133 59
82 134 6
82 135 85
82 136 92
82 137 7
82 138 5
82 139 32
82 140 16
82 141 27
82 142 15
82 143 83
82 144 46
82 145 23
82 146 62
82 147 22
82 148 79
82 149 87
82 150 90
82 151 61
82 152 4
82 153 99
82 154 24
82 155 18
82 156 89
82 157 1
82 158 38
82 159 64
83 84 86
83 85 56
83 86 35
83 87 27
83 88 1
83 89 63
83 90 71
83 91 53
83 92 49
83 93 3
83 94 74
83 95 18
83 96 26
83 97 70
83 98 34
83 99 9
83 100 60
83 101 92
83 102 14
83 103 2
83 104 70
83 105 11
83 106 32
83 107 47
83 108 79
83 109 55
83 110 25
83 111 76
83 112 61
83 113 20
83 114 88
83 115 47
83 116 56
83 117 100
83 118 20
83 119 33
83 120 67
83 121 77
83 122 57
83 123 2
83 124 7
83 125 54
83 126 96
83 127 6
83 128 89
83 129 41
83 130 70
83 131 39
83 132 10
83 133 48
83 134 27
83 135 63
83 136 100
83 137 81
83 138 53
83 139 25
83 140 72
83 141 41
83 142 86
83 143 78
83 144 30
83 145 53
83 146 7
83 147 65
83 148 26
83 149 93
83 150 68
83 151 54
83 152 30
83 153 64
83 154 71
83 155 57
83 156 85
83 157 65
83 158 79
83 159 70
84 85 31
84 86 64
84 87 22
84 88 26
84 89 86
84 90 6
84 91 32
84 92 13
84 93 36
84 94 88
84 95 33
84 96 7
84 97 60
84 98 83
84 99 66
84 100 51
84 101 32
84 102 61
84 103 58
84 104 42
84 105 35
84 106 88
84 107 45
84 108 78
84 109 81
84 110 36
84 111 100
84 112 22
84 113 14
84 114 49
84 115 56
84 116 29
84 117 20
84 118 34
84 119 73
84 120 88
84 121 66
84 122 1
84 123 79
84 124 53
84 125 58
84 126 3
84 127 67
84 128 53
84 129 4
84 130 12
84 131 94
84 132 53
84 133 22
84 134 59
84 135 9
84 136 78
84 137 80
84 138 22
84 139 14
84 140 42
84 141 86
84 142 84
84 143 13
84 144 61
84 145 29
84 146 24
84 147 77
84 148 18
84 149 18
84 150 27
84 151 37
84 152 61
84 153 37
84 154 44
84 155 87
84 156 66
84 157 33
84 158 90
84 159 26
85 86 18
85 87 20
85 88 14
85 89 70
85 90 84
85 91 23
85 92 8
85 93 39
85 94 12
85 95 85
85 96 99
85 97 80
85 98 69
85 99 71
85 100 25
85 101 50
85 102 99
85 103 12
85 104 71
85 105 23
85 106 97
85 107 19
85 108 3
85 109 2
85 110 43
85 111 39
85 112 9
85 113 20
85 114 69
85 115 90
85 116 34
85 117 44
85 118 11
85 119 15
85 120 27
85 121 89
85 122 98
85 123 90
85 124 64
85 125 16
85 126 55
85 127 19
85 128 10
85 129 45
85 130 3
85 131 52
85 132 62
85 133 100
85 134 98
85 135 22
85 136 58
85 137 55
85 138 95
85 139 11
85 140 77
85 141 3
85 142 38
85 143 55
85 144 95
85 145 5
85 146 17
85 147 17
85 148 33
85 149 65
85 150 29
85 151 100
85 152 4
85 153 53
85 154 40
85 155 27
85 156 28
85 157 36
85 158 7
85 159 44
86 87 43
86 88 97
86 89 39
86 90 49
86 91 97
86 92 86
86 93 38
86 94 69
86 95 30
86 96 74
86 97 1
86 98 37
86 99 29
86 100 79
86 101 88
86 102 49
86 103 15
86 104 89
86 105 73
86 106 48
86 107 84
86 108 89
86 109 12
86 110 64
86 111 57
86 112 81
86 113 53
86 114 17
86 115 45
86 116 81
86 117 12
86 118 44
86 119 71
86 120 40
86 121 97
86 122 92
86 123 71
86 124 54
86 125 86
86 126 29
86 127 64
86 128 99
86 129 68
86 130 69
86 131 34
86 132 66
86 133 62
86 134 83
86 135 2
86 136 92
86 137 6
86 138 54
86 139 93
86 140 51
86 141 21
86 142 59
86 143 8
86 144 98
86 145 44
86 146 27
86 147 74
86 148 46
86 149 8
86 150 34
86 151 30
86 152 100
86 153 20
86 154 35
86 155 94
86 156 17
86 157 68
86 158 9
86 159 28
87 88 27
87 89 86
87 90 43
87 91 55
87 92 99
87 93 39
87 94 87
87 95 78
87 96 27
87 97 98
87 98 80
87 99 31
87 100 66
87 101 58
87 102 28
87 103 5
87 104 69
87 105 41
87 106 60
87 107 15
87 108 90
87 109 89
87 110 21
87 111 63
87 112 80
87 113 18
87 114 5
87 115 77
87 116 19
87 117 36
87 118 24
87 119 51
87 120 38
87 121 85
87 122 15
87 123 96
87 124 3
87 125 97
87 126 2
87 127 69
87 128 69
87 129 62
87 130 69
87 131 99
87 132 17
87 133 27
87 134 35
87 135 6
87 136 34
87 137 16
87 138 87
87 139 96
87 140 29
87 141 18
87 142 64
87 143 27
87 144 35
87 145 3
87 146 94
87 147 27
87 148 13
87 149 6
87 150 82
87 151 62
87 152 12
87 153 82
87 154 56
87 155 71
87 156 20
87 157 94
87 158 40
87 159 93
88 89 36
88 90 54
88 91 64
88 92 80
88 93 54
88 94 48
88 95 4
88 96 9
88 97 14
88 98 63
88 99 26
88 100 53
88 101 100
88 102 21
88 103 92
88 104 27
88 105 86
88 106 78
88 107 94
88 108 62
88 109 96
88 110 64
88 111 54
88 112 16
88 113 1
88 114 13
88 115 46
88 116 10
88 117 57
88 118 48
88 119 98
88 120 82
88 121 16
88 122 75
88 123 94
88 124 87
88 125 52
88 126 99
88 127 85
88 128 68
88 129 77
88 130 96
88 131 62
88 132 19
88 133 23
88 134 27
88 135 41
88 136 33
88 137 69
88 138 21
88 139 43
88 140 90
88 141 92
88 142 23
88 143 42
88 144 84
88 145 85
88 146 82
88 147 70
88 148 84
88 149 6
88 150 99
88 151 8
88 152 16
88 153 49
88 154 90
88 155 75
88 156 73
88 157 7
88 158 35
88 159 51
89 90 83
89 91 54
89 92 71
89 93 4
89 94 27
89 95 68
89 96 20
89 97 98
89 98 20
89 99 11
89 100 83
89 101 83
89 102 61
89 103 81
89 104 87
89 105 51
89 106 51
89 107 29
89 108 34
89 109 97
89 110 8
89 111 58
89 112 70
89 113 38
89 114 60
89 115 8
89 116 96
89 117 81
89 118 10
89 119 41
89 120 38
89 121 28
89 122 5
89 123 33
89 124 69
89 125 40
89 126 50
89 127 76
89 128 100
89 129 80
89 130 8
89 131 19
89 132 53
89 133 31
89 134 59
89 135 11
89 136 51
89 137 52
89 138 58
89 139 28
89 140 29
89 141 7
89 142 8
89 143 50
89 144 83
89 145 32
89 146 29
89 147 78
89 148 64
89 149 29
89 150 98
89 151 35
89 152 42
89 153 28
89 154 70
89 155 67
89 156 17
89 157 59
89 158 89
89 159 64
90 91 38
90 92 45
90 93 25
90 94 73
90 95 82
90 96 89
90 97 11
90 98 8
90 99 1
90 100 13
90 101 6
90 102 73
90 103 54
90 104 56
90 105 65
90 106 97
90 107 51
90 108 41
90 109 89
90 110 1
90 111 98
90 112 80
90 113 73
90 114 74
90 115 92
90 116 6
90 117 26
90 118 69
90 119 68
90 120 70
90 121 92
90 122 92
90 123 7
90 124 28
90 125 81
90 126 91
90 127 33
90 128 68
90 129 59
90 130 44
90 131 22
90 132 72
90 133 94
90 134 15
90 135 45
90 136 52
90 137 49
90 138 37
90 139 84
90 140 62
90 141 58
90 142 81
90 143 100
90 144 88
90 145 29
90 146 92
90 147 36
90 148 14
90 149 84
90 150 29
90 151 79
90 152 60
90 153 28
90 154 95
90 155 55
90 156 46
90 157 31
90 158 6
90 159 61
91 92 74
91 93 39
91 94 85
91 95 58
91 96 29
91 97 25
91 98 72
91 99 89
91 100 38
91 101 69
91 102 85
91 103 46
91 104 42
91 105 90
91 106 12
91 107 98
91 108 2
91 109 96
91 110 88
91 111 99
91 112 2
91 113 54
91 114 37
91 115 19
91 116 49
91 117 81
91 118 97
91 119 76
91 120 28
91 121 90
91 122 13
91 123 75
91 124 30
91 125 98
91 126 6
91 127 42
91 128 41
91 129 14
91 130 10
91 131 30
91 132 94
91 133 83
91 134 6
91 135 4
91 136 87
91 137 74
91 138 93
91 139 83
91 140 82
91 141 62
91 142 49
91 143 96
91 144 75
91 145 38
91 146 88
91 147 2
91 148 47
91 149 42
91 150 72
91 151 27
91 152 10
91 153 100
91 154 44
91 155 64
91 156 53
91 157 19
91 158 96
91 159 67
92 93 28
92 94 42
92 95 77
92 96 48
92 97 46
92 98 4
92 99 88
92 100 56
92 101 4
92 102 74
92 103 24
92 104 12
92 105 39
92 106 23
92 107 91
92 108 25
92 109 50
92 110 55
92 111 67
92 112 83
92 113 66
92 114 50
92 115 38
92 116 68
92 117 92
92 118 38
92 119 61
92 120 7
92 121 83
92 122 97
92 123 74
92 124 8
92 125 22
92 126 2
92 127 43
92 128 11
92 129 100
92 130 34
92 131 64
92 132 71
92 133 97
92 134 37
92 135 60
92 136 70
92 137 31
92 138 47
92 139 13
92 140 73
92 141 88
92 142 18
92 143 52
92 144 36
92 145 18
92 146 16
92 147 61
92 148 38
92 149 91
92 150 4
92 151 5
92 152 82
92 153 99
92 154 81
92 155 16
92 156 95
92 157 15
92 158 41
92 159 25
93 94 74
93 95 38
93 96 11
93 97 96
93 98 77
93 99 97
93 100 18
93 101 80
93 102 19
93 103 76
93 104 39
93 105 41
93 106 3
93 107 76
93 108 51
93 109 89
93 110 24
93 111 59
93 112 19
93 113 49
93 114 89
93 115 48
93 116 57
93 117 80
93 118 50
93 119 21
93 120 84
93 121 70
93 122 57
93 123 67
93 124 77
93 125 84
93 126 88
93 127 90
93 128 72
93 129 63
93 130 70
93 131 66
93 132 86
93 133 18
93 134 59
93 135 7
93 136 7
93 137 20
93 138 15
93 139 74
93 140 7
93 141 65
93 142 1
93 143 66
93 144 93
93 145 6
93 146 3
93 147 72
93 148 89
93 149 97
93 150 89
93 151 11
93 152 17
93 153 77
93 154 48
93 155 23
93 156 94
93 157 60
93 158 3
93 159 74
94 95 83
94 96 29
94 97 69
94 98 82
94 99 89
94 100 67
94 101 30
94 102 55
94 103 3
94 104 96
94 105 1
94 106 43
94 107 74
94 108 69
94 109 26
94 110 88
94 111 43
94 112 46
94 113 83
94 114 13
94 115 34
94 116 31
94 117 30
94 118 78
94 119 33
94 120 89
94 121 37
94 122 50
94 123 31
94 124 73
94 125 6
94 126 79
94 127 29
94 128 32
94 129 52
94 130 67
94 131 55
94 132 50
94 133 89
94 134 21
94 135 69
94 136 52
94 137 47
94 138 48
94 139 29
94 140 76
94 141 63
94 142 16
94 143 5
94 144 58
94 145 47
94 146 14
94 147 59
94 148 36
94 149 72
94 150 61
94 151 33
94 152 27
94 153 30
94 154 34
94 155 60
94 156 63
94 157 61
94 158 100
94 159 48
95 96 42
95 97 34
95 98 49
95 99 49
95 100 10
95 101 25
95 102 96
95 103 73
95 104 30
95 105 10
95 106 22
95 107 18
95 108 96
95 109 17
95 110 85
95 111 15
95 112 35
95 113 46
95 114 89
95 115 35
95 116 53
95 117 47
95 118 56
95 119 17
95 120 44
95 121 43
95 122 66
95 123 79
95 124 7
95 125 58
95 126 87
95 127 52
95 128 22
95 129 63
95 130 80
95 131 13
95 132 47
95 133 51
95 134 87
95 135 22
95 136 26
95 137 67
95 138 1
95 139 96
95 140 80
95 141 40
95 142 97
95 143 84
95 144 8
95 145 53
95 146 65
95 147 42
95 148 58
95 149 88
95 150 96
95 151 27
95 152 61
95 153 43
95 154 99
95 155 41
95 156 93
95 157 76
95 158 46
95 159 83
96 97 2
96 98 87
96 99 70
96 100 46
96 101 58
96 102 98
96 103 66
96 104 61
96 105 84
96 106 92
96 107 61
96 108 65
96 109 33
96 110 84
96 111 39
96 112 81
96 113 63
96 114 63
96 115 19
96 116 3
96 117 69
96 118 84
96 119 4
96 120 21
96 121 30
96 122 26
96 123 86
96 124 49
96 125 76
96 126 26
96 127 34
96 128 39
96 129 92
96 130 88
96 131 6
96 132 23
96 133 33
96 134 15
96 135 31
96 136 8
96 137 79
96 138 48
96 139 50
96 140 46
96 141 71
96 142 92
96 143 27
96 144 53
96 145 31
96 146 69
96 147 1
96 148 99
96 149 68
96 150 24
96 151 93
96 152 26
96 153 66
96 154 45
96 155 7
96 156 1
96 157 33
96 158 50
96 159 12
97 98 14
97 99 57
97 100 74
97 101 8
97 102 86
97 103 4
97 104 71
97 105 42
97 106 70
97 107 75
97 108 6
97 109 87
97 110 48
97 111 58
97 112 43
97 113 79
97 114 23
97 115 21
97 116 35
97 117 1
97 118 78
97 119 12
97 120 50
97 121 17
97 122 31
97 123 67
97 124 9
97 125 68
97 126 59
97 127 30
97 128 79
97 129 62
97 130 77
97 131 42
97 132 36
97 133 46
97 134 15
97 135 25
97 136 48
97 137 1
97 138 60
97 139 19
97 140 70
97 141 97
97 142 94
97 143 99
97 144 52
97 145 44
97 146 57
97 147 96
97 148 66
97 149 51
97 150 61
97 151 16
97 152 95
97 153 72
97 154 91
97 155 15
97 156 73
97 157 74
97 158 43
97 159 100
98 99 86
98 100 77
98 101 66
98 102 68
98 103 52
98 104 33
98 105 74
98 106 14
98 107 31
98 108 77
98 109 58
98 110 32
98 111 39
98 112 19
98 113 6
98 114 34
98 115 84
98 116 18
98 117 22
98 118 5
98 119 65
98 120 94
98 121 34
98 122 42
98 123 7
98 124 80
98 125 46
98 126 99
98 127 56
98 128 48
98 129 80
98 130 12
98 131 67
98 132 91
98 133 30
98 134 77
98 135 13
98 136 13
98 137 6
98 138 5
98 139 62
98 140 44
98 141 8
98 142 72
98 143 69
98 144 8
98 145 75
98 146 12
98 147 37
98 148 19
98 149 5
98 150 29
98 151 76
98 152 61
98 153 56
98 154 94
98 155 56
98 156 51
98 157 85
98 158 16
98 159 71
99 100 65
99 101 39
99 102 20
99 103 36
99 104 44
99 105 63
99 106 52
99 107 2
99 108 50
99 109 20
99 110 22
99 111 17
99 112 15
99 113 53
99 114 9
99 115 55
99 116 85
99 117 74
99 118 55
99 119 79
99 120 16
99 121 44
99 122 66
99 123 57
99 124 77
99 125 31
99 126 84
99 127 1
99 128 92
99 129 88
99 130 90
99 131 100
99 132 33
99 133 32
99 134 60
99 135 3
99 136 73
99 137 56
99 138 11
99 139 58
99 140 12
99 141 32
99 142 27
99 143 31
99 144 37
99 145 99
99 146 100
99 147 39
99 148 77
99 149 38
99 150 74
99 151 24
99 152 57
99 153 4
99 154 81
99 155 28
99 156 12
99 157 62
99 158 60
99 159 90
100 101 87
100 102 42
100 103 89
100 104 97
100 105 50
100 106 10
100 107 20
100 108 87
100 109 37
100 110 95
100 111 5
100 112 46
100 113 56
100 114 26
100 115 30
100 116 47
100 117 13
100 118 89
100 119 12
100 120 39
100 121 12
100 122 80
100 123 38
100 124 69
100 125 22
100 126 77
100 127 70
100 128 65
100 129 87
100 130 72
100 131 34
100 132 76
100 133 12
100 134 19
100 135 36
100 136 27
100 137 81
100 138 22
100 139 95
100 140 61
100 141 37
100 142 88
100 143 11
100 144 24
100 145 23
100 146 78
100 147 77
100 148 99
100 149 43
100 150 31
100 151 20
100 152 66
100 153 92
100 154 38
100 155 88
100 156 37
100 157 43
100 158 86
100 159 42
101 102 33
101 103 25
101 104 6
101 105 42
101 106 77
101 107 61
101 108 53
101 109 92
101 110 30
101 111 29
101 112 93
101 113 30
101 114 53
101 115 12
101 116 40
101 117 22
101 118 13
101 119 72
101 120 96
101 121 38
101 122 64
101 123 45
101 124 13
101 125 25
101 126 28
101 127 59
101 128 23
101 129 37
101 130 51
101 131 20
101 132 5
101 133 86
101 134 35
101 135 97
101 136 58
101 137 78
101 138 73
101 139 89
101 140 47
101 141 97
101 142 70
101 143 65
101 144 2
101 145 57
101 146 100
101 147 98
101 148 59
101 149 15
101 150 49
101 151 100
101 152 99
101 153 63
101 154 77
101 155 56
101 156 4
101 157 29
101 158 45
101 159 89
102 103 32
102 104 28
102 105 24
102 106 45
102 107 57
102 108 55
102 109 1
102 110 61
102 111 19
102 112 92
102 113 78
102 114 78
102 115 69
102 116 94
102 117 44
102 118 35
102 119 35
102 120 48
102 121 98
102 122 73
102 123 58
102 124 73
102 125 79
102 126 42
102 127 2
102 128 82
102 129 12
102 130 14
102 131 28
102 132 66
102 133 12
102 134 29
102 135 39
102 136 70
102 137 69
102 138 61
102 139 21
102 140 84
102 141 8
102 142 66
102 143 1
102 144 89
102 145 74
102 146 55
102 147 51
102 148 7
102 149 23
102 150 39
102 151 46
102 152 44
102 153 91
102 154 72
102 155 85
102 156 39
102 157 50
102 158 52
102 159 88
103 104 25
103 105 9
103 106 45
103 107 83
103 108 47
103 109 65
103 110 89
103 111 34
103 112 43
103 113 76
103 114 89
103 115 56
103 116 6
103 117 28
103 118 9
103 119 94
103 120 32
103 121 54
103 122 34
103 123 95
103 124 80
103 125 52
103 126 53
103 127 77
103 128 84
103 129 56
103 130 43
103 131 59
103 132 48
103 133 67
103 134 85
103 135 38
103 136 60
103 137 62
103 138 57
103 139 62
103 140 59
103 141 13
103 142 78
103 143 91
103 144 59
103 145 52
103 146 27
103 147 93
103 148 85
103 149 77
103 150 50
103 151 12
103 152 22
103 153 38
103 154 15
103 155 61
103 156 39
103 157 63
103 158 64
103 159 14
104 105 50
104 106 57
104 107 25
104 108 40
104 109 16
104 110 19
104 111 58
104 112 31
104 113 48
104 114 6
104 115 49
104 116 69
104 117 67
104 118 85
104 119 37
104 120 6
104 121 86
104 122 37
104 123 99
104 124 60
104 125 91
104 126 14
104 127 56
104 128 20
104 129 60
104 130 8
104 131 91
104 132 87
104 133 43
104 134 91
104 135 30
104 136 76
104 137 76
104 138 45
104 139 93
104 140 95
104 141 4
104 142 90
104 143 28
104 144 39
104 145 57
104 146 55
104 147 22
104 148 23
104 149 11
104 150 14
104 151 21
104 152 29
104 153 2
104 154 44
104 155 84
104 156 2
104 157 96
104 158 54
104 159 21
105 106 68
105 107 77
105 108 38
105 109 78
105 110 26
105 111 19
105 112 20
105 113 27
105 114 63
105 115 78
105 116 13
105 117 47
105 118 84
105 119 49
105 120 83
105 121 95
105 122 52
105 123 10
105 124 68
105 125 92
105 126 34
105 127 98
105 128 35
105 129 69
105 130 75
105 131 19
105 132 90
105 133 79
105 134 44
105 135 76
105 136 1
105 137 38
105 138 87
105 139 65
105 140 6
105 141 82
105 142 15
105 143 51
105 144 25
105 145 73
105 146 58
105 147 6
105 148 79
105 149 57
105 150 66
105 151 56
105 152 7
105 153 45
105 154 25
105 155 66
105 156 21
105 157 80
105 158 56
105 159 43
106 107 46
106 108 16
106 109 22
106 110 54
106 111 18
106 112 42
106 113 46
106 114 57
106 115 94
106 116 30
106 117 14
106 118 39
106 119 57
106 120 48
106 121 12
106 122 95
106 123 18
106 124 42
106 125 63
106 126 80
106 127 47
106 128 10
106 129 92
106 130 6
106 131 4
106 132 22
106 133 19
106 134 22
106 135 48
106 136 23
106 137 57
106 138 62
106 139 61
106 140 75
106 141 75
106 142 4
106 143 60
106 144 67
106 145 73
106 146 75
106 147 60
106 148 49
106 149 61
106 150 82
106 151 87
106 152 17
106 153 92
106 154 46
106 155 35
106 156 77
106 157 7
106 158 29
106 159 10
107 108 87
107 109 1
107 110 46
107 111 46
107 112 48
107 113 33
107 114 91
107 115 14
107 116 94
107 117 66
107 118 13
107 119 55
107 120 98
107 121 71
107 122 85
107 123 31
107 124 61
107 125 45
107 126 66
107 127 15
107 128 34
107 129 27
107 130 1
107 131 10
107 132 66
107 133 74
107 134 78
107 135 49
107 136 36
107 137 46
107 138 26
107 139 64
107 140 70
107 141 91
107 142 74
107 143 21
107 144 36
107 145 88
107 146 37
107 147 67
107 148 68
107 149 22
107 150 40
107 151 69
107 152 55
107 153 23
107 154 41
107 155 29
107 156 56
107 157 20
107 158 32
107 159 29
108 109 41
108 110 72
108 111 21
108 112 39
108 113 73
108 114 16
108 115 83
108 116 36
108 117 99
108 118 6
108 119 54
108 120 67
108 121 16
108 122 99
108 123 24
108 124 60
108 125 97
108 126 84
108 127 85
108 128 90
108 129 37
108 130 89
108 131 27
108 132 71
108 133 74
108 134 84
108 135 39
108 136 42
108 137 78
108 138 94
108 139 64
108 140 76
108 141 13
108 142 89
108 143 18
108 144 51
108 145 95
108 146 86
108 147 2
108 148 82
108 149 82
108 150 87
108 151 24
108 152 93
108 153 20
108 154 34
108 155 94
108 156 49
108 157 70
108 158 63
108 159 98
109 110 40
109 111 5
109 112 87
109 113 25
109 114 3
109 115 23
109 116 25
109 117 80
109 118 61
109 119 69
109 120 47
109 121 96
109 122 25
109 123 75
109 124 18
109 125 20
109 126 24
109 127 65
109 128 71
109 129 63
109 130 53
109 131 96
109 132 16
109 133 73
109 134 77
109 135 39
109 136 94
109 137 35
109 138 26
109 139 98
109 140 65
109 141 6
109 142 35
109 143 47
109 144 62
109 145 65
109 146 92
109 147 33
109 148 95
109 149 84
109 150 85
109 151 9
109 152 82
109 153 63
109 154 75
109 155 49
109 156 32
109 157 70
109 158 46
109 159 51
110 111 99
110 112 39
110 113 79
110 114 26
110 115 96
110 116 96
110 117 4
110 118 86
110 119 58
110 120 72
110 121 4
110 122 88
110 123 55
110 124 1
110 125 6
110 126 70
110 127 10
110 128 95
110 129 76
110 130 30
110 131 100
110 132 92
110 133 12
110 134 11
110 135 25
110 136 35
110 137 93
110 138 63
110 139 47
110 140 65
110 141 30
110 142 52
110 143 88
110 144 47
110 145 64
110 146 95
110 147 62
110 148 52
110 149 1
110 150 79
110 151 14
110 152 92
110 153 60
110 154 29
110 155 49
110 156 70
110 157 22
110 158 3
110 159 92
111 112 88
111 113 33
111 114 31
111 115 56
111 116 29
111 117 13
111 118 59
111 119 8
111 120 78
111 121 52
111 122 7
111 123 53
111 124 70
111 125 85
111 126 61
111 127 58
111 128 60
111 129 38
111 130 65
111 131 28
111 132 74
111 133 26
111 134 24
111 135 43
111 136 92
111 137 36
111 138 59
111 139 52
111 140 32
111 141 62
111 142 21
111 143 72
111 144 39
111 145 80
111 146 43
111 147 85
111 148 15
111 149 66
111 150 78
111 151 91
111 152 18
111 153 3
111 154 93
111 155 77
111 156 60
111 157 52
111 158 44
111 159 11
112 113 9
112 114 87
112 115 94
112 116 22
112 117 25
112 118 78
112 119 11
112 120 84
112 121 53
112 122 48
112 123 37
112 124 55
112 125 78
112 126 11
112 127 39
112 128 44
112 129 87
112 130 3
112 131 98
112 132 11
112 133 69
112 134 22
112 135 41
112 136 13
112 137 47
112 138 41
112 139 21
112 140 22
112 141 2
112 142 49
112 143 79
112 144 91
112 145 85
112 146 40
112 147 22
112 148 47
112 149 30
112 150 73
112 151 66
112 152 90
112 153 80
112 154 6
112 155 57
112 156 73
112 157 81
112 158 51
112 159 11
113 114 71
113 115 5
113 116 93
113 117 42
113 118 68
113 119 11
113 120 76
113 121 66
113 122 29
113 123 84
113 124 23
113 125 78
113 126 22
113 127 34
113 128 45
113 129 98
113 130 9
113 131 9
113 132 29
113 133 38
113 134 13
113 135 12
113 136 21
113 137 64
113 138 42
113 139 78
113 140 82
113 141 25
113 142 63
113 143 64
113 144 62
113 145 47
113 146 95
113 147 24
113 148 85
113 149 58
113 150 74
113 151 37
113 152 80
113 153 14
113 154 45
113 155 84
113 156 84
113 157 90
113 158 15
113 159 16
114 115 91
114 116 14
114 117 43
114 118 26
114 119 84
114 120 53
114 121 68
114 122 23
114 123 98
114 124 39
114 125 62
114 126 21
114 127 32
114 128 99
114 129 69
114 130 95
114 131 66
114 132 60
114 133 35
114 134 4
114 135 49
114 136 72
114 137 77
114 138 11
114 139 94
114 140 31
114 141 57
114 142 99
114 143 37
114 144 60
114 145 2
114 146 40
114 147 91
114 148 77
114 149 42
114 150 12
114 151 95
114 152 27
114 153 46
114 154 82
114 155 50
114 156 60
114 157 33
114 158 34
114 159 15
115 116 7
115 117 17
115 118 56
115 119 74
115 120 2
115 121 28
115 122 61
115 123 66
115 124 95
115 125 34
115 126 16
115 127 37
115 128 73
115 129 80
115 130 10
115 131 7
115 132 21
115 133 92
115 134 94
115 135 68
115 136 52
115 137 68
115 138 50
115 139 66
115 140 25
115 141 14
115 142 98
115 143 22
115 144 48
115 145 92
115 146 95
115 147 42
115 148 47
115 149 79
115 150 56
115 151 94
115 152 26
115 153 64
115 154 63
115 155 41
115 156 71
115 157 36
115 158 27
115 159 36
116 117 73
116 118 91
116 119 38
116 120 16
116 121 63
116 122 10
116 123 60
116 124 15
116 125 23
116 126 9
116 127 35
116 128 5
116 129 60
116 130 85
116 131 28
116 132 16
116 133 34
116 134 46
116 135 3
116 136 51
116 137 36
116 138 93
116 139 27
116 140 23
116 141 100
116 142 68
116 143 72
116 144 15
116 145 41
116 146 100
116 147 26
116 148 42
116 149 5
116 150 56
116 151 66
116 152 72
116 153 17
116 154 94
116 155 76
116 156 58
116 157 70
116 158 57
116 159 11
117 118 7
117 119 84
117 120 68
117 121 87
117 122 89
117 123 77
117 124 16
117 125 53
117 126 88
117 127 67
117 128 55
117 129 56
117 130 58
117 131 48
117 132 76
117 133 92
117 134 69
117 135 16
117 136 49
117 137 23
117 138 43
117 139 28
117 140 83
117 141 95
117 142 78
117 143 81
117 144 20
117 145 15
117 146 92
117 147 62
117 148 50
117 149 24
117 150 28
117 151 13
117 152 38
117 153 92
117 154 73
117 155 43
117 156 63
117 157 44
117 158 26
117 159 75
118 119 8
118 120 63
118 121 10
118 122 76
118 123 51
118 124 63
118 125 38
118 126 81
118 127 91
118 128 16
118 129 88
118 130 24
118 131 48
118 132 71
118 133 94
118 134 79
118 135 81
118 136 14
118 137 97
118 138 96
118 139 4
118 140 36
118 141 58
118 142 57
118 143 32
118 144 72
118 145 71
118 146 90
118 147 70
118 148 78
118 149 97
118 150 63
118 151 56
118 152 56
118 153 86
118 154 91
118 155 96
118 156 45
118 157 42
118 158 83
118 159 32
119 120 21
119 121 18
119 122 86
119 123 68
119 124 60
119 125 99
119 126 59
119 127 48
119 128 38
119 129 72
119 130 3
119 131 59
119 132 91
119 133 97
119 134 86
119 135 23
119 136 81
119 137 3
119 138 53
119 139 23
119 140 61
119 141 91
119 142 36
119 143 78
119 144 79
119 145 61
119 146 3
119 147 28
119 148 100
119 149 34
119 150 71
119 151 95
119 152 33
119 153 71
119 154 71
119 155 74
119 156 28
119 157 48
119 158 16
119 159 60
120 121 16
120 122 91
120 123 1
120 124 5
120 125 38
120 126 85
120 127 12
120 128 46
120 129 51
120 130 49
120 131 3
120 132 87
120 133 5
120 134 57
120 135 14
120 136 23
120 137 52
120 138 42
120 139 63
120 140 11
120 141 74
120 142 77
120 143 60
120 144 93
120 145 65
120 146 38
120 147 63
120 148 64
120 149 6
120 150 12
120 151 1
120 152 38
120 153 46
120 154 1
120 155 98
120 156 69
120 157 78
120 158 60
120 159 87
121 122 100
121 123 29
121 124 22
121 125 22
121 126 19
121 127 18
121 128 62
121 129 28
121 130 78
121 131 4
121 132 96
121 133 56
121 134 36
121 135 8
121 136 7
121 137 38
121 138 18
121 139 64
121 140 11
121 141 27
121 142 60
121 143 29
121 144 63
121 145 3
121 146 1
121 147 84
121 148 86
121 149 35
121 150 11
121 151 18
121 152 53
121 153 28
121 154 23
121 155 19
121 156 17
121 157 3
121 158 55
121 159 48
122 123 73
122 124 40
122 125 67
122 126 39
122 127 53
122 128 91
122 129 35
122 130 7
122 131 44
122 132 17
122 133 84
122 134 45
122 135 58
122 136 2
122 137 4
122 138 73
122 139 44
122 140 16
122 141 43
122 142 19
122 143 9
122 144 72
122 145 73
122 146 88
122 147 81
122 148 72
122 149 37
122 150 29
122 151 97
122 152 6
122 153 50
122 154 75
122 155 68
122 156 82
122 157 15
122 158 32
122 159 57
123 124 95
123 125 4
123 126 16
123 127 86
123 128 33
123 129 24
123 130 30
123 131 53
123 132 82
123 133 55
123 134 1
123 135 19
123 136 38
123 137 100
123 138 52
123 139 5
123 140 61
123 141 89
123 142 78
123 143 74
123 144 68
123 145 30
123 146 60
123 147 95
123 148 52
123 149 81
123 150 63
123 151 61
123 152 94
123 153 7
123 154 69
123 155 30
123 156 46
123 157 37
123 158 72
123 159 58
124 125 48
124 126 27
124 127 13
124 128 78
124 129 77
124 130 15
124 131 85
124 132 26
124 133 35
124 134 62
124 135 72
124 136 42
124 137 48
124 138 18
124 139 63
124 140 7
124 141 65
124 142 38
124 143 10
124 144 12
124 145 35
124 146 26
124 147 83
124 148 38
124 149 58
124 150 86
124 151 80
124 152 97
124 153 21
124 154 12
124 155 48
124 156 11
124 157 22
124 158 4
124 159 7
125 126 43
125 127 17
125 128 77
125 129 80
125 130 16
125 131 88
125 132 4
125 133 34
125 134 100
125 135 79
125 136 2
125 137 6
125 138 51
125 139 19
125 140 27
125 141 91
125 142 7
125 143 99
125 144 3
125 145 29
125 146 65
125 147 25
125 148 90
125 149 83
125 150 19
125 151 13
125 152 8
125 153 91
125 154 87
125 155 63
125 156 29
125 157 42
125 158 18
125 159 22
126 127 5
126 128 35
126 129 10
126 130 37
126 131 25
126 132 66
126 133 10
126 134 33
126 135 75
126 136 81
126 137 56
126 138 62
126 139 4
126 140 4
126 141 23
126 142 80
126 143 57
126 144 15
126 145 91
126 146 6
126 147 85
126 148 78
126 149 45
126 150 2
126 151 68
126 152 34
126 153 2
126 154 56
126 155 58
126 156 80
126 157 54
126 158 19
126 159 32
127 128 5
127 129 86
127 130 88
127 131 23
127 132 3
127 133 87
127 134 31
127 135 30
127 136 63
127 137 14
127 138 61
127 139 41
127 140 10
127 141 33
127 142 10
127 143 17
127 144 67
127 145 65
127 146 98
127 147 49
127 148 17
127 149 5
127 150 82
127 151 3
127 152 33
127 153 63
127 154 31
127 155 41
127 156 18
127 157 82
127 158 53
127 159 53
128 129 28
128 130 3
128 131 85
128 132 99
128 133 30
128 134 30
128 135 33
128 136 24
128 137 47
128 138 56
128 139 62
128 140 32
128 141 49
128 142 28
128 143 87
128 144 65
128 145 56
128 146 49
128 147 7
128 148 39
128 149 96
128 150 62
128 151 13
128 152 24
128 153 99
128 154 44
128 155 96
128 156 34
128 157 42
128 158 44
128 159 34
129 130 47
129 131 61
129 132 90
129 133 36
129 134 61
129 135 86
129 136 66
129 137 8
129 138 72
129 139 75
129 140 35
129 141 62
129 142 89
129 143 89
129 144 97
129 145 97
129 146 91
129 147 20
129 148 40
129 149 74
129 150 92
129 151 39
129 152 52
129 153 18
129 154 1
129 155 10
129 156 58
129 157 95
129 158 17
129 159 72
130 131 43
130 132 91
130 133 10
130 134 30
130 135 28
130 136 56
130 137 48
130 138 59
130 139 3
130 140 11
130 141 80
130 142 91
130 143 73
130 144 76
130 145 23
130 146 12
130 147 92
130 148 70
130 149 16
130 150 59
130 151 56
130 152 96
130 153 52
130 154 53
130 155 98
130 156 17
130 157 51
130 158 48
130 159 100
131 132 96
131 133 69
131 134 60
131 135 27
131 136 97
131 137 81
131 138 46
131 139 68
131 140 47
131 141 88
131 142 2
131 143 90
131 144 87
131 145 47
131 146 100
131 147 53
131 148 12
131 149 8
131 150 54
131 151 90
131 152 50
131 153 55
131 154 23
131 155 7
131 156 40
131 157 53
131 158 49
131 159 92
132 133 92
132 134 9
132 135 13
132 136 71
132 137 28
132 138 16
132 139 2
132 140 25
132 141 28
132 142 81
132 143 37
132 144 57
132 145 32
132 146 16
132 147 46
132 148 17
132 149 55
132 150 72
132 151 93
132 152 85
132 153 53
132 154 70
132 155 91
132 156 24
132 157 95
132 158 91
132 159 12
133 134 91
133 135 30
133 136 16
133 137 100
133 138 13
133 139 88
133 140 48
133 141 68
133 142 7
133 143 59
133 144 36
133 145 3
133 146 75
133 147 60
133 148 30
133 149 67
133 150 64
133 151 20
133 152 19
133 153 88
133 154 79
133 155 76
133 156 53
133 157 20
133 158 63
133 159 33
134 135 38
134 136 25
134 137 53
134 138 32
134 139 91
134 140 49
134 141 68
134 142 18
134 143 24
134 144 7
134 145 84
134 146 27
134 147 10
134 148 81
134 149 79
134 150 1
134 151 34
134 152 23
134 153 100
134 154 6
134 155 45
134 156 91
134 157 27
134 158 80
134 159 30
135 136 71
135 137 54
135 138 59
135 139 73
135 140 94
135 141 59
135 142 85
135 143 98
135 144 71
135 145 73
135 146 5
135 147 23
135 148 49
135 149 91
135 150 6
135 151 95
135 152 41
135 153 9
135 154 47
135 155 21
135 156 31
135 157 33
135 158 34
135 159 31
136 137 38
136 138 59
136 139 50
136 140 24
136 141 21
136 142 80
136 143 84
136 144 39
136 145 90
136 146 5
136 147 54
136 148 89
136 149 19
136 150 85
136 151 82
136 152 15
136 153 43
136 154 89
136 155 13
136 156 56
136 157 78
136 158 41
136 159 38
137 138 17
137 139 77
137 140 36
137 141 69
137 142 17
137 143 43
137 144 28
137 145 42
137 146 46
137 147 41
137 148 82
137 149 65
137 150 4
137 151 3
137 152 100
137 153 69
137 154 11
137 155 31
137 156 96
137 157 73
137 158 31
137 159 26
138 139 16
138 140 10
138 141 6
138 142 92
138 143 92
138 144 92
138 145 39
138 146 97
138 147 74
138 148 90
138 149 90
138 150 88
138 151 46
138 152 41
138 153 46
138 154 56
138 155 75
138 156 68
138 157 14
138 158 40
138 159 94
139 140 10
139 141 58
139 142 94
139 143 16
139 144 87
139 145 34
139 146 7
139 147 22
139 148 98
139 149 9
139 150 17
139 151 22
139 152 94
139 153 23
139 154 57
139 155 86
139 156 62
139 157 99
139 158 54
139 159 21
140 141 25
140 142 10
140 143 85
140 144 50
140 145 75
140 146 13
140 147 40
140 148 99
140 149 66
140 150 29
140 151 62
140 152 57
140 153 26
140 154 8
140 155 48
140 156 18
140 157 15
140 158 78
140 159 74
141 142 13
141 143 54
141 144 32
141 145 74
141 146 87
141 147 99
141 148 37
141 149 86
141 150 17
141 151 12
141 152 44
141 153 80
141 154 57
141 155 73
141 156 13
141 157 32
141 158 45
141 159 89
142 143 42
142 144 83
142 145 50
142 146 53
142 147 22
142 148 80
142 149 87
142 150 55
142 151 47
142 152 91
142 153 99
142 154 72
142 155 13
142 156 82
142 157 84
142 158 51
142 159 46
143 144 51
143 145 88
143 146 45
143 147 43
143 148 75
143 149 1
143 150 76
143 151 21
143 152 72
143 153 74
143 154 63
143 155 95
143 156 25
143 157 48
143 158 73
143 159 76
144 145 42
144 146 19
144 147 92
144 148 78
144 149 36
144 150 63
144 151 88
144 152 42
144 153 87
144 154 76
144 155 78
144 156 63
144 157 91
144 158 33
144 159 44
145 146 65
145 147 76
145 148 57
145 149 19
145 150 6
145 151 49
145 152 19
145 153 36
145 154 32
145 155 77
145 156 10
145 157 44
145 158 6
145 159 18
146 147 95
146 148 54
146 149 67
146 150 15
146 151 62
146 152 69
146 153 8
146 154 23
146 155 40
146 156 57
146 157 70
146 158 14
146 159 55
147 148 9
147 149 89
147 150 96
147 151 41
147 152 45
147 153 63
147 154 35
147 155 34
147 156 45
147 157 51
147 158 67
147 159 11
148 149 49
148 150 50
148 151 85
148 152 57
148 153 3
148 154 69
148 155 68
148 156 79
148 157 8
148 158 89
148 159 32
149 150 64
149 151 2
149 152 61
149 153 36
149 154 85
149 155 42
149 156 11
149 157 91
149 158 90
149 159 91
150 151 81
150 152 98
150 153 12
150 154 79
150 155 74
150 156 7
150 157 22
150 158 38
150 159 89
151 152 96
151 153 84
151 154 100
151 155 67
151 156 19
151 157 12
151 158 75
151 159 41
152 153 35
152 154 31
152 155 69
152 156 6
152 157 47
152 158 47
152 159 82
153 154 31
153 155 79
153 156 92
153 157 81
153 158 75
153 159 61
154 155 17
154 156 48
154 157 71
154 158 45
154 159 5
155 156 100
155 157 90
155 158 49
155 159 30
156 157 26
156 158 71
156 159 4
157 158 46
157 159 49
158 159 62
