160 12720
0 1 75
0 2 61
0 3 35
0 4 92
0 5 34
0 6 95
0 7 76
0 8 88
0 9 32
0 10 52
0 11 26
0 12 63
0 13 34
0 14 30
0 15 48
0 16 91
0 17 20
0 18 24
0 19 98
0 20 73
0 21 14
0 22 14
0 23 78
0 24 17
0 25 54
0 26 79
0 27 29
0 28 17
0 29 1
0 30 56
0 31 35
0 32 20
0 33 55
0 34 9
0 35 9
0 36 20
0 37 86
0 38 37
0 39 26
0 40 49
0 41 88
0 42 20
0 43 32
0 44 70
0 45 68
0 46 34
0 47 42
0 48 84
0 49 100
0 50 90
0 51 82
0 52 29
0 53 89
0 54 14
0 55 56
0 56 22
0 57 34
0 58 50
0 59 18
0 60 72
0 61 44
0 62 55
0 63 45
0 64 73
0 65 48
0 66 97
0 67 17
0 68 90
0 69 90
0 70 61
0 71 76
0 72 58
0 73 48
0 74 11
0 75 44
0 76 62
0 77 97
0 78 27
0 79 24
0 80 54
0 81 67
0 82 59
0 83 61
0 84 41
0 85 60
0 86 53
0 87 94
0 88 26
0 89 66
0 90 81
0 91 34
0 92 77
0 93 1
0 94 95
0 95 16
0 96 55
0 97 58
0 98 82
0 99 70
0 100 57
0 101 73
0 102 50
0 103 78
0 104 3
0 105 63
0 106 9
0 107 94
0 108 71
0 109 89
0 110 59
0 111 95
0 112 36
0 113 97
0 114 38
0 115 32
0 116 19
0 117 84
0 118 31
0 119 69
0 120 42
0 121 62
0 122 8
0 123 32
0 124 17
0 125 43
0 126 85
0 127 78
0 128 47
0 129 55
0 130 63
0 131 34
0 132 79
0 133 43
0 134 61
0 135 10
0 136 2
0 137 45
0 138 39
0 139 65
0 140 53
0 141 27
0 142 55
0 143 24
0 144 61
0 145 27
0 146 75
0 147 74
0 148 25
0 149 74
0 150 57
0 151 64
0 152 96
0 153 10
0 154 65
0 155 29
0 156 74
0 157 92
0 158 26
0 159 35
1 2 75
1 3 47
1 4 54
1 5 28
1 6 56
1 7 9
1 8 3
1 9 50
1 10 67
1 11 98
1 12 85
1 13 56
1 14 44
1 15 23
1 16 79
1 17 32
1 18 23
1 19 47
1 20 9
1 21 83
1 22 82
1 23 93
1 24 47
1 25 83
1 26 60
1 27 27
1 28 86
1 29 13
1 30 74
1 31 2
1 32 90
1 33 88
1 34 60
1 35 32
1 36 91
1 37 91
1 38 39
1 39 79
1 40 46
1 41 33
1 42 7
1 43 16
1 44 32
1 45 34
1 46 92
1 47 72
1 48 20
1 49 58
1 50 51
1 51 48
1 52 33
1 53 58
1 54 9
1 55 30
1 56 40
1 57 79
1 58 39
1 59 70
1 60 79
1 61 13
1 62 8
1 63 56
1 64 14
1 65 20
1 66 76
1 67 74
1 68 93
1 69 72
1 70 84
1 71 95
1 72 2
1 73 75
1 74 15
1 75 74
1 76 77
1 77 40
1 78 53
1 79 11
1 80 46
1 81 40
1 82 42
1 83 68
1 84 71
1 85 52
1 86 42
1 87 61
1 88 49
1 89 57
1 90 61
1 91 19
1 92 17
1 93 86
1 94 21
1 95 6
1 96 38
1 97 10
1 98 47
1 99 45
1 100 100
1 101 72
1 102 87
1 103 18
1 104 100
1 105 91
1 106 30
1 107 95
1 108 17
1 109 78
1 110 31
1 111 71
1 112 95
1 113 71
1 114 35
1 115 44
1 116 65
1 117 69
1 118 30
1 119 55
1 120 86
1 121 79
1 122 86
1 123 24
1 124 77
1 125 49
1 126 20
1 127 98
1 128 32
1 129 74
1 130 38
1 131 65
1 132 89
1 133 86
1 134 5
1 135 43
1 136 84
1 137 26
1 138 42
1 139 40
1 140 98
1 141 33
1 142 36
1 143 95
1 144 18
1 145 8
1 146 27
1 147 80
1 148 19
1 149 68
1 150 51
1 151 88
1 152 20
1 153 84
1 154 39
1 155 45
1 156 33
1 157 32
1 158 11
1 159 39
2 3 100
2 4 98
2 5 30
2 6 77
2 7 47
2 8 38
2 9 35
2 10 28
2 11 30
2 12 62
2 13 41
2 14 9
2 15 90
2 16 6
2 17 39
2 18 69
2 19 15
2 20 78
2 21 60
2 22 14
2 23 93
2 24 24
2 25 25
2 26 23
2 27 87
2 28 50
2 29 39
2 30 32
2 31 83
2 32 25
2 33 27
2 34 96
2 35 96
2 36 77
2 37 19
2 38 15
2 39 77
2 40 98
2 41 4
2 42 19
2 43 55
2 44 62
2 45 100
2 46 56
2 47 66
2 48 64
2 49 40
2 50 8
2 51 86
2 52 59
2 53 75
2 54 99
2 55 84
2 56 9
2 57 88
2 58 18
2 59 91
2 60 82
2 61 72
2 62 93
2 63 25
2 64 1
2 65 31
2 66 19
2 67 45
2 68 12
2 69 60
2 70 53
2 71 28
2 72 20
2 73 31
2 74 30
2 75 91
2 76 24
2 77 32
2 78 71
2 79 69
2 80 64
2 81 4
2 82 100
2 83 30
2 84 94
2 85 89
2 86 78
2 87 58
2 88 32
2 89 30
2 90 14
2 91 93
2 92 94
2 93 57
2 94 51
2 95 11
2 96 24
2 97 59
2 98 51
2 99 74
2 100 61
2 101 26
2 102 82
2 103 6
2 104 35
2 105 46
2 106 52
2 107 4
2 108 24
2 109 25
2 110 42
2 111 60
2 112 86
2 113 33
2 114 45
2 115 71
2 116 12
2 117 81
2 118 68
2 119 50
2 120 38
2 121 27
2 122 22
2 123 67
2 124 100
2 125 17
2 126 35
2 127 63
2 128 72
2 129 86
2 130 91
2 131 52
2 132 94
2 133 49
2 134 37
2 135 20
2 136 4
2 137 62
2 138 90
2 139 20
2 140 88
2 141 24
2 142 97
2 143 87
2 144 3
2 145 100
2 146 77
2 147 59
2 148 75
2 149 16
2 150 95
2 151 63
2 152 69
2 153 75
2 154 40
2 155 26
2 156 78
2 157 52
2 158 66
2 159 100
3 4 28
3 5 2
3 6 39
3 7 49
3 8 50
3 9 87
3 10 22
3 11 84
3 12 43
3 13 26
3 14 42
3 15 58
3 16 6
3 17 78
3 18 48
3 19 38
3 20 14
3 21 19
3 22 64
3 23 61
3 24 100
3 25 17
3 26 83
3 27 24
3 28 49
3 29 65
3 30 77
3 31 92
3 32 97
3 33 10
3 34 85
3 35 89
3 36 81
3 37 37
3 38 44
3 39 48
3 40 16
3 41 39
3 42 55
3 43 58
3 44 44
3 45 31
3 46 71
3 47 22
3 48 23
3 49 37
3 50 83
3 51 83
3 52 47
3 53 49
3 54 53
3 55 45
3 56 20
3 57 5
3 58 98
3 59 57
3 60 26
3 61 80
3 62 57
3 63 39
3 64 59
3 65 87
3 66 15
3 67 46
3 68 96
3 69 80
3 70 99
3 71 38
3 72 88
3 73 55
3 74 17
3 75 13
3 76 42
3 77 24
3 78 84
3 79 85
3 80 62
3 81 76
3 82 57
3 83 61
3 84 17
3 85 69
3 86 22
3 87 48
3 88 49
3 89 40
3 90 19
3 91 79
3 92 87
3 93 34
3 94 80
3 95 54
3 96 71
3 97 79
3 98 43
3 99 69
3 100 45
3 101 36
3 102 61
3 103 88
3 104 4
3 105 89
3 106 53
3 107 65
3 108 20
3 109 100
3 110 8
3 111 35
3 112 77
3 113 4
3 114 16
3 115 24
3 116 91
3 117 70
3 118 8
3 119 29
3 120 81
3 121 17
3 122 72
3 123 39
3 124 46
3 125 28
3 126 84
3 127 32
3 128 36
3 129 6
3 130 4
3 131 68
3 132 12
3 133 35
3 134 50
3 135 46
3 136 57
3 137 58
3 138 24
3 139 31
3 140 60
3 141 54
3 142 57
3 143 100
3 144 41
3 145 4
3 146 88
3 147 93
3 148 93
3 149 35
3 150 14
3 151 42
3 152 92
3 153 44
3 154 28
3 155 28
3 156 27
3 157 7
3 158 77
3 159 43
4 5 10
4 6 84
4 7 42
4 8 33
4 9 18
4 10 56
4 11 91
4 12 24
4 13 89
4 14 31
4 15 31
4 16 33
4 17 34
4 18 24
4 19 35
4 20 93
4 21 92
4 22 60
4 23 89
4 24 82
4 25 42
4 26 2
4 27 81
4 28 80
4 29 53
4 30 87
4 31 78
4 32 81
4 33 57
4 34 93
4 35 30
4 36 32
4 37 8
4 38 46
4 39 20
4 40 32
4 41 34
4 42 98
4 43 88
4 44 99
4 45 17
4 46 32
4 47 30
4 48 49
4 49 23
4 50 41
4 51 83
4 52 36
4 53 25
4 54 33
4 55 13
4 56 59
4 57 63
4 58 64
4 59 32
4 60 6
4 61 18
4 62 60
4 63 89
4 64 64
4 65 80
4 66 62
4 67 70
4 68 45
4 69 30
4 70 62
4 71 87
4 72 13
4 73 6
4 74 65
4 75 86
4 76 14
4 77 86
4 78 90
4 79 58
4 80 48
4 81 42
4 82 47
4 83 61
4 84 7
4 85 1
4 86 32
4 87 49
4 88 52
4 89 69
4 90 81
4 91 54
4 92 47
4 93 17
4 94 99
4 95 90
4 96 43
4 97 64
4 98 38
4 99 78
4 100 92
4 101 16
4 102 68
4 103 88
4 104 12
4 105 51
4 106 29
4 107 14
4 108 96
4 109 70
4 110 54
4 111 17
4 112 38
4 113 25
4 114 91
4 115 95
4 116 90
4 117 63
4 118 10
4 119 72
4 120 80
4 121 75
4 122 30
4 123 53
4 124 62
4 125 61
4 126 61
4 127 62
4 128 31
4 129 35
4 130 85
4 131 23
4 132 9
4 133 76
4 134 58
4 135 65
4 136 68
4 137 63
4 138 47
4 139 76
4 140 11
4 141 21
4 142 31
4 143 52
4 144 93
4 145 98
4 146 77
4 147 5
4 148 59
4 149 30
4 150 15
4 151 81
4 152 32
4 153 87
4 154 1
4 155 80
4 156 24
4 157 36
4 158 30
4 159 75
5 6 25
5 7 6
5 8 35
5 9 34
5 10 60
5 11 82
5 12 19
5 13 17
5 14 98
5 15 34
5 16 43
5 17 98
5 18 32
5 19 13
5 20 6
5 21 14
5 22 20
5 23 43
5 24 50
5 25 37
5 26 95
5 27 1
5 28 80
5 29 39
5 30 60
5 31 71
5 32 96
5 33 36
5 34 97
5 35 55
5 36 57
5 37 53
5 38 92
5 39 25
5 40 49
5 41 78
5 42 3
5 43 85
5 44 18
5 45 28
5 46 28
5 47 74
5 48 70
5 49 26
5 50 13
5 51 71
5 52 73
5 53 96
5 54 1
5 55 100
5 56 30
5 57 86
5 58 10
5 59 19
5 60 97
5 61 51
5 62 64
5 63 81
5 64 32
5 65 83
5 66 86
5 67 12
5 68 65
5 69 54
5 70 12
5 71 22
5 72 44
5 73 94
5 74 62
5 75 82
5 76 27
5 77 73
5 78 7
5 79 45
5 80 3
5 81 31
5 82 22
5 83 60
5 84 63
5 85 39
5 86 27
5 87 90
5 88 11
5 89 41
5 90 9
5 91 89
5 92 25
5 93 12
5 94 52
5 95 83
5 96 3
5 97 81
5 98 68
5 99 74
5 100 49
5 101 81
5 102 3
5 103 2
5 104 87
5 105 24
5 106 12
5 107 3
5 108 81
5 109 34
5 110 17
5 111 5
5 112 50
5 113 100
5 114 84
5 115 82
5 116 36
5 117 49
5 118 86
5 119 13
5 120 88
5 121 20
5 122 67
5 123 67
5 124 34
5 125 100
5 126 31
5 127 14
5 128 54
5 129 74
5 130 27
5 131 71
5 132 57
5 133 2
5 134 32
5 135 93
5 136 81
5 137 38
5 138 70
5 139 73
5 140 38
5 141 52
5 142 2
5 143 71
5 144 47
5 145 25
5 146 32
5 147 54
5 148 73
5 149 1
5 150 88
5 151 39
5 152 94
5 153 18
5 154 17
5 155 52
5 156 47
5 157 64
5 158 44
5 159 6
6 7 52
6 8 64
6 9 32
6 10 28
6 11 53
6 12 39
6 13 73
6 14 61
6 15 51
6 16 38
6 17 96
6 18 35
6 19 92
6 20 32
6 21 46
6 22 9
6 23 25
6 24 82
6 25 23
6 26 68
6 27 36
6 28 11
6 29 31
6 30 73
6 31 12
6 32 22
6 33 37
6 34 74
6 35 58
6 36 60
6 37 61
6 38 96
6 39 63
6 40 16
6 41 45
6 42 76
6 43 7
6 44 85
6 45 99
6 46 67
6 47 72
6 48 11
6 49 4
6 50 48
6 51 39
6 52 28
6 53 69
6 54 74
6 55 75
6 56 87
6 57 93
6 58 75
6 59 73
6 60 79
6 61 3
6 62 31
6 63 77
6 64 24
6 65 38
6 66 82
6 67 83
6 68 50
6 69 72
6 70 38
6 71 59
6 72 13
6 73 12
6 74 45
6 75 32
6 76 75
6 77 58
6 78 79
6 79 9
6 80 7
6 81 96
6 82 88
6 83 71
6 84 37
6 85 6
6 86 96
6 87 65
6 88 81
6 89 31
6 90 92
6 91 24
6 92 93
6 93 64
6 94 7
6 95 75
6 96 72
6 97 80
6 98 2
6 99 10
6 100 42
6 101 62
6 102 76
6 103 70
6 104 50
6 105 5
6 106 99
6 107 19
6 108 97
6 109 23
6 110 61
6 111 89
6 112 50
6 113 74
6 114 43
6 115 73
6 116 94
6 117 24
6 118 31
6 119 44
6 120 66
6 121 1
6 122 33
6 123 26
6 124 66
6 125 97
6 126 93
6 127 8
6 128 96
6 129 61
6 130 20
6 131 94
6 132 99
6 133 41
6 134 4
6 135 64
6 136 43
6 137 64
6 138 3
6 139 25
6 140 31
6 141 36
6 142 89
6 143 64
6 144 80
6 145 89
6 146 27
6 147 83
6 148 55
6 149 74
6 150 76
6 151 20
6 152 72
6 153 100
6 154 28
6 155 25
6 156 17
6 157 84
6 158 65
6 159 45
7 8 60
7 9 5
7 10 86
7 11 33
7 12 23
7 13 32
7 14 26
7 15 50
7 16 38
7 17 51
7 18 22
7 19 5
7 20 74
7 21 78
7 22 46
7 23 69
7 24 93
7 25 85
7 26 21
7 27 15
7 28 35
7 29 60
7 30 3
7 31 6
7 32 61
7 33 84
7 34 44
7 35 40
7 36 97
7 37 63
7 38 37
7 39 88
7 40 79
7 41 29
7 42 25
7 43 61
7 44 10
7 45 66
7 46 88
7 47 33
7 48 74
7 49 77
7 50 75
7 51 24
7 52 49
7 53 36
7 54 60
7 55 10
7 56 32
7 57 14
7 58 32
7 59 39
7 60 90
7 61 48
7 62 52
7 63 64
7 64 52
7 65 21
7 66 15
7 67 14
7 68 23
7 69 37
7 70 76
7 71 12
7 72 34
7 73 78
7 74 57
7 75 36
7 76 40
7 77 34
7 78 47
7 79 47
7 80 92
7 81 42
7 82 47
7 83 10
7 84 84
7 85 19
7 86 71
7 87 85
7 88 44
7 89 60
7 90 41
7 91 38
7 92 87
7 93 43
7 94 40
7 95 44
7 96 52
7 97 63
7 98 1
7 99 24
7 100 19
7 101 10
7 102 24
7 103 17
7 104 39
7 105 69
7 106 23
7 107 91
7 108 68
7 109 31
7 110 96
7 111 58
7 112 3
7 113 86
7 114 79
7 115 5
7 116 52
7 117 6
7 118 4
7 119 67
7 120 71
7 121 70
7 122 47
7 123 7
7 124 25
7 125 19
7 126 8
7 127 73
7 128 4
7 129 6
7 130 76
7 131 32
7 132 11
7 133 12
7 134 28
7 135 22
7 136 77
7 137 56
7 138 41
7 139 6
7 140 12
7 141 89
7 142 73
7 143 37
7 144 5
7 145 9
7 146 84
7 147 4
7 148 60
7 149 75
7 150 7
7 151 58
7 152 25
7 153 8
7 154 75
7 155 13
7 156 73
7 157 72
7 158 98
7 159 31
8 9 100
8 10 69
8 11 29
8 12 35
8 13 26
8 14 30
8 15 29
8 16 81
8 17 21
8 18 8
8 19 55
8 20 28
8 21 70
8 22 66
8 23 26
8 24 81
8 25 7
8 26 70
8 27 2
8 28 32
8 29 6
8 30 56
8 31 30
8 32 85
8 33 79
8 34 7
8 35 18
8 36 51
8 37 49
8 38 91
8 39 62
8 40 52
8 41 63
8 42 68
8 43 100
8 44 22
8 45 21
8 46 27
8 47 54
8 48 78
8 49 79
8 50 14
8 51 52
8 52 10
8 53 44
8 54 7
8 55 55
8 56 97
8 57 31
8 58 80
8 59 98
8 60 67
8 61 78
8 62 92
8 63 52
8 64 29
8 65 73
8 66 62
8 67 32
8 68 59
8 69 1
8 70 7
8 71 37
8 72 74
8 73 97
8 74 63
8 75 84
8 76 16
8 77 15
8 78 98
8 79 97
8 80 25
8 81 54
8 82 70
8 83 65
8 84 93
8 85 97
8 86 37
8 87 47
8 88 30
8 89 63
8 90 50
8 91 62
8 92 79
8 93 82
8 94 80
8 95 72
8 96 15
8 97 47
8 98 55
8 99 25
8 100 20
8 101 15
8 102 51
8 103 66
8 104 66
8 105 2
8 106 13
8 107 88
8 108 29
8 109 41
8 110 5
8 111 45
8 112 49
8 113 88
8 114 83
8 115 82
8 116 70
8 117 2
8 118 42
8 119 41
8 120 60
8 121 45
8 122 57
8 123 87
8 124 94
8 125 15
8 126 48
8 127 9
8 128 91
8 129 100
8 130 80
8 131 88
8 132 5
8 133 39
8 134 15
8 135 47
8 136 74
8 137 59
8 138 6
8 139 67
8 140 30
8 141 79
8 142 53
8 143 41
8 144 61
8 145 17
8 146 49
8 147 34
8 148 16
8 149 64
8 150 33
8 151 82
8 152 36
8 153 22
8 154 91
8 155 99
8 156 2
8 157 71
8 158 98
8 159 77
9 10 60
9 11 57
9 12 87
9 13 78
9 14 23
9 15 7
9 16 49
9 17 23
9 18 86
9 19 12
9 20 59
9 21 40
9 22 80
9 23 55
9 24 67
9 25 26
9 26 47
9 27 45
9 28 72
9 29 72
9 30 45
9 31 18
9 32 28
9 33 24
9 34 36
9 35 67
9 36 69
9 37 77
9 38 14
9 39 98
9 40 84
9 41 47
9 42 35
9 43 17
9 44 78
9 45 17
9 46 21
9 47 24
9 48 34
9 49 96
9 50 53
9 51 81
9 52 15
9 53 22
9 54 49
9 55 18
9 56 57
9 57 76
9 58 67
9 59 96
9 60 74
9 61 1
9 62 4
9 63 80
9 64 24
9 65 68
9 66 18
9 67 42
9 68 69
9 69 4
9 70 100
9 71 50
9 72 79
9 73 35
9 74 53
9 75 34
9 76 7
9 77 42
9 78 84
9 79 73
9 80 83
9 81 31
9 82 68
9 83 18
9 84 30
9 85 45
9 86 2
9 87 22
9 88 27
9 89 3
9 90 52
9 91 85
9 92 72
9 93 68
9 94 40
9 95 96
9 96 60
9 97 14
9 98 72
9 99 4
9 100 90
9 101 67
9 102 68
9 103 99
9 104 38
9 105 66
9 106 37
9 107 52
9 108 96
9 109 18
9 110 5
9 111 42
9 112 11
9 113 55
9 114 33
9 115 77
9 116 75
9 117 17
9 118 10
9 119 91
9 120 22
9 121 21
9 122 32
9 123 89
9 124 49
9 125 32
9 126 50
9 127 77
9 128 29
9 129 43
9 130 41
9 131 9
9 132 80
9 133 90
9 134 72
9 135 18
9 136 5
9 137 85
9 138 29
9 139 85
9 140 82
9 141 3
9 142 48
9 143 31
9 144 66
9 145 10
9 146 56
9 147 48
9 148 76
9 149 1
9 150 25
9 151 75
9 152 81
9 153 93
9 154 87
9 155 38
9 156 29
9 157 32
9 158 54
9 159 57
10 11 23
10 12 19
10 13 88
10 14 29
10 15 67
10 16 42
10 17 93
10 18 13
10 19 64
10 20 6
10 21 49
10 22 17
10 23 51
10 24 68
10 25 93
10 26 11
10 27 15
10 28 61
10 29 76
10 30 8
10 31 8
10 32 96
10 33 80
10 34 67
10 35 58
10 36 82
10 37 46
10 38 88
10 39 80
10 40 66
10 41 6
10 42 44
10 43 39
10 44 17
10 45 70
10 46 43
10 47 68
10 48 82
10 49 71
10 50 59
10 51 37
10 52 34
10 53 69
10 54 58
10 55 9
10 56 83
10 57 97
10 58 68
10 59 17
10 60 91
10 61 70
10 62 100
10 63 29
10 64 70
10 65 52
10 66 25
10 67 73
10 68 15
10 69 3
10 70 8
10 71 73
10 72 9
10 73 47
10 74 65
10 75 63
10 76 23
10 77 81
10 78 85
10 79 30
10 80 71
10 81 15
10 82 31
10 83 19
10 84 10
10 85 31
10 86 27
10 87 34
10 88 80
10 89 64
10 90 3
10 91 61
10 92 23
10 93 79
10 94 44
10 95 81
10 96 27
10 97 34
10 98 36
10 99 60
10 100 70
10 101 20
10 102 49
10 103 73
10 104 86
10 105 20
10 106 82
10 107 15
10 108 78
10 109 36
10 110 25
10 111 35
10 112 66
10 113 66
10 114 86
10 115 98
10 116 51
10 117 20
10 118 52
10 119 3
10 120 63
10 121 65
10 122 97
10 123 92
10 124 27
10 125 4
10 126 50
10 127 41
10 128 72
10 129 82
10 130 61
10 131 72
10 132 1
10 133 32
10 134 21
10 135 11
10 136 11
10 137 6
10 138 68
10 139 12
10 140 62
10 141 61
10 142 85
10 143 37
10 144 43
10 145 12
10 146 41
10 147 12
10 148 65
10 149 25
10 150 23
10 151 72
10 152 6
10 153 37
10 154 9
10 155 6
10 156 19
10 157 90
10 158 80
10 159 98
11 12 18
11 13 54
11 14 21
11 15 42
11 16 32
11 17 61
11 18 27
11 19 55
11 20 25
11 21 69
11 22 98
11 23 88
11 24 60
11 25 88
11 26 99
11 27 64
11 28 55
11 29 62
11 30 64
11 31 100
11 32 87
11 33 16
11 34 47
11 35 85
11 36 27
11 37 78
11 38 99
11 39 21
11 40 100
11 41 4
11 42 55
11 43 12
11 44 4
11 45 37
11 46 41
11 47 61
11 48 65
11 49 1
11 50 18
11 51 17
11 52 81
11 53 95
11 54 54
11 55 3
11 56 6
11 57 80
11 58 83
11 59 42
11 60 45
11 61 69
11 62 17
11 63 47
11 64 56
11 65 88
11 66 10
11 67 24
11 68 83
11 69 74
11 70 8
11 71 20
11 72 56
11 73 63
11 74 42
11 75 27
11 76 51
11 77 73
11 78 94
11 79 59
11 80 31
11 81 5
11 82 36
11 83 83
11 84 7
11 85 32
11 86 92
11 87 33
11 88 15
11 89 18
11 90 14
11 91 12
11 92 80
11 93 1
11 94 44
11 95 91
11 96 78
11 97 8
11 98 84
11 99 87
11 100 77
11 101 68
11 102 49
11 103 8
11 104 94
11 105 3
11 106 51
11 107 45
11 108 79
11 109 45
11 110 44
11 111 90
11 112 49
11 113 15
11 114 33
11 115 92
11 116 60
11 117 61
11 118 82
11 119 39
11 120 27
11 121 22
11 122 6
11 123 4
11 124 30
11 125 97
11 126 86
11 127 29
11 128 28
11 129 68
11 130 36
11 131 92
11 132 22
11 133 94
11 134 8
11 135 87
11 136 35
11 137 51
11 138 42
11 139 3
11 140 81
11 141 54
11 142 96
11 143 58
11 144 70
11 145 77
11 146 71
11 147 85
11 148 76
11 149 93
11 150 51
11 151 81
11 152 50
11 153 99
11 154 79
11 155 71
11 156 27
11 157 45
11 158 29
11 159 79
12 13 56
12 14 20
12 15 12
12 16 15
12 17 28
12 18 6
12 19 22
12 20 98
12 21 88
12 22 33
12 23 74
12 24 47
12 25 61
12 26 84
12 27 1
12 28 3
12 29 34
12 30 12
12 31 84
12 32 41
12 33 39
12 34 99
12 35 63
12 36 13
12 37 85
12 38 24
12 39 92
12 40 39
12 41 16
12 42 55
12 43 58
12 44 61
12 45 77
12 46 17
12 47 25
12 48 65
12 49 19
12 50 38
12 51 95
12 52 45
12 53 7
12 54 12
12 55 84
12 56 13
12 57 7
12 58 17
12 59 21
12 60 68
12 61 6
12 62 66
12 63 38
12 64 89
12 65 92
12 66 34
12 67 19
12 68 82
12 69 45
12 70 96
12 71 88
12 72 79
12 73 28
12 74 40
12 75 56
12 76 5
12 77 75
12 78 52
12 79 35
12 80 49
12 81 36
12 82 58
12 83 86
12 84 89
12 85 42
12 86 56
12 87 86
12 88 53
12 89 67
12 90 24
12 91 94
12 92 11
12 93 27
12 94 43
12 95 69
12 96 69
12 97 6
12 98 95
12 99 52
12 100 40
12 101 59
12 102 67
12 103 30
12 104 33
12 105 87
12 106 74
12 107 34
12 108 85
12 109 9
12 110 9
12 111 7
12 112 84
12 113 24
12 114 56
12 115 89
12 116 36
12 117 61
12 118 84
12 119 81
12 120 22
12 121 2
12 122 7
12 123 48
12 124 3
12 125 8
12 126 78
12 127 85
12 128 73
12 129 6
12 130 92
12 131 88
12 132 51
12 133 31
12 134 21
12 135 49
12 136 24
12 137 85
12 138 51
12 139 29
12 140 55
12 141 98
12 142 13
12 143 65
12 144 91
12 145 37
12 146 65
12 147 6
12 148 2
12 149 90
12 150 67
12 151 43
12 152 48
12 153 78
12 154 20
12 155 59
12 156 8
12 157 96
12 158 10
12 159 56
13 14 61
13 15 57
13 16 86
13 17 19
13 18 25
13 19 44
13 20 33
13 21 54
13 22 19
13 23 24
13 24 1
13 25 93
13 26 28
13 27 91
13 28 38
13 29 28
13 30 25
13 31 22
13 32 35
13 33 45
13 34 20
13 35 80
13 36 92
13 37 33
13 38 61
13 39 1
13 40 12
13 41 100
13 42 70
13 43 16
13 44 90
13 45 42
13 46 81
13 47 30
13 48 89
13 49 45
13 50 35
13 51 58
13 52 60
13 53 42
13 54 72
13 55 95
13 56 46
13 57 54
13 58 9
13 59 55
13 60 26
13 61 28
13 62 35
13 63 71
13 64 56
13 65 58
13 66 85
13 67 33
13 68 3
13 69 25
13 70 54
13 71 78
13 72 36
13 73 85
13 74 51
13 75 83
13 76 21
13 77 38
13 78 24
13 79 70
13 80 3
13 81 33
13 82 58
13 83 43
13 84 75
13 85 100
13 86 27
13 87 46
13 88 86
13 89 95
13 90 46
13 91 11
13 92 5
13 93 96
13 94 96
13 95 86
13 96 45
13 97 22
13 98 87
13 99 64
13 100 71
13 101 38
13 102 87
13 103 15
13 104 95
13 105 68
13 106 53
13 107 13
13 108 87
13 109 80
13 110 45
13 111 88
13 112 89
13 113 74
13 114 89
13 115 64
13 116 66
13 117 25
13 118 70
13 119 44
13 120 37
13 121 67
13 122 2
13 123 66
13 124 79
13 125 11
13 126 54
13 127 36
13 128 59
13 129 16
13 130 30
13 131 60
13 132 98
13 133 62
13 134 15
13 135 11
13 136 56
13 137 46
13 138 21
13 139 38
13 140 91
13 141 33
13 142 94
13 143 22
13 144 54
13 145 75
13 146 55
13 147 2
13 148 74
13 149 67
13 150 21
13 151 53
13 152 32
13 153 73
13 154 48
13 155 87
13 156 42
13 157 8
13 158 76
13 159 40
14 15 33
14 16 9
14 17 22
14 18 82
14 19 35
14 20 24
14 21 40
14 22 71
14 23 82
14 24 91
14 25 54
14 26 40
14 27 16
14 28 82
14 29 58
14 30 87
14 31 48
14 32 65
14 33 74
14 34 48
14 35 91
14 36 72
14 37 95
14 38 87
14 39 73
14 40 81
14 41 85
14 42 92
14 43 49
14 44 98
14 45 60
14 46 68
14 47 4
14 48 31
14 49 84
14 50 76
14 51 100
14 52 74
14 53 55
14 54 55
14 55 78
14 56 3
14 57 88
14 58 53
14 59 12
14 60 30
14 61 98
14 62 54
14 63 88
14 64 47
14 65 44
14 66 90
14 67 58
14 68 76
14 69 93
14 70 39
14 71 48
14 72 32
14 73 71
14 74 95
14 75 43
14 76 49
14 77 42
14 78 30
14 79 54
14 80 62
14 81 83
14 82 85
14 83 37
14 84 18
14 85 74
14 86 66
14 87 8
14 88 63
14 89 25
14 90 94
14 91 70
14 92 85
14 93 25
14 94 44
14 95 52
14 96 46
14 97 72
14 98 32
14 99 12
14 100 59
14 101 74
14 102 61
14 103 90
14 104 36
14 105 86
14 106 65
14 107 70
14 108 13
14 109 61
14 110 30
14 111 57
14 112 64
14 113 47
14 114 11
14 115 48
14 116 72
14 117 12
14 118 4
14 119 14
14 120 64
14 121 5
14 122 5
14 123 19
14 124 5
14 125 61
14 126 2
14 127 32
14 128 71
14 129 38
14 130 21
14 131 9
14 132 20
14 133 60
14 134 19
14 135 94
14 136 37
14 137 92
14 138 73
14 139 16
14 140 42
14 141 37
14 142 79
14 143 55
14 144 8
14 145 50
14 146 44
14 147 2
14 148 46
14 149 59
14 150 16
14 151 87
14 152 37
14 153 22
14 154 47
14 155 44
14 156 31
14 157 13
14 158 56
14 159 65
15 16 98
15 17 100
15 18 60
15 19 6
15 20 31
15 21 48
15 22 68
15 23 11
15 24 49
15 25 67
15 26 45
15 27 45
15 28 13
15 29 87
15 30 46
15 31 45
15 32 78
15 33 57
15 34 49
15 35 35
15 36 27
15 37 100
15 38 18
15 39 1
15 40 29
15 41 89
15 42 53
15 43 3
15 44 26
15 45 14
15 46 19
15 47 72
15 48 45
15 49 92
15 50 64
15 51 52
15 52 55
15 53 10
15 54 76
15 55 74
15 56 62
15 57 75
15 58 42
15 59 37
15 60 53
15 61 22
15 62 88
15 63 32
15 64 10
15 65 32
15 66 66
15 67 99
15 68 77
15 69 77
15 70 3
15 71 28
15 72 44
15 73 55
15 74 74
15 75 70
15 76 5
15 77 27
15 78 8
15 79 38
15 80 37
15 81 74
15 82 38
15 83 78
15 84 87
15 85 43
15 86 55
15 87 55
15 88 99
15 89 10
15 90 20
15 91 29
15 92 1
15 93 72
15 94 28
15 95 53
15 96 84
15 97 42
15 98 83
15 99 56
15 100 18
15 101 65
15 102 70
15 103 30
15 104 95
15 105 1
15 106 29
15 107 7
15 108 88
15 109 76
15 110 99
15 111 81
15 112 14
15 113 92
15 114 45
15 115 69
15 116 91
15 117 94
15 118 55
15 119 55
15 120 81
15 121 93
15 122 51
15 123 97
15 124 97
15 125 98
15 126 80
15 127 31
15 128 60
15 129 74
15 130 82
15 131 15
15 132 47
15 133 98
15 134 48
15 135 80
15 136 80
15 137 13
15 138 64
15 139 52
15 140 77
15 141 76
15 142 21
15 143 53
15 144 14
15 145 22
15 146 60
15 147 28
15 148 14
15 149 29
15 150 81
15 151 10
15 152 8
15 153 34
15 154 35
15 155 2
15 156 32
15 157 55
15 158 61
15 159 27
16 17 57
16 18 32
16 19 9
16 20 78
16 21 46
16 22 41
16 23 36
16 24 83
16 25 62
16 26 89
16 27 94
16 28 39
16 29 59
16 30 59
16 31 48
16 32 1
16 33 36
16 34 27
16 35 50
16 36 20
16 37 19
16 38 43
16 39 62
16 40 15
16 41 90
16 42 51
16 43 100
16 44 19
16 45 62
16 46 90
16 47 2
16 48 36
16 49 26
16 50 78
16 51 52
16 52 53
16 53 1
16 54 22
16 55 38
16 56 71
16 57 21
16 58 26
16 59 53
16 60 75
16 61 37
16 62 40
16 63 75
16 64 48
16 65 60
16 66 95
16 67 70
16 68 75
16 69 32
16 70 4
16 71 6
16 72 21
16 73 68
16 74 2
16 75 86
16 76 88
16 77 97
16 78 35
16 79 87
16 80 8
16 81 66
16 82 14
16 83 56
16 84 35
16 85 45
16 86 65
16 87 63
16 88 42
16 89 7
16 90 11
16 91 66
16 92 67
16 93 43
16 94 84
16 95 13
16 96 89
16 97 63
16 98 40
16 99 77
16 100 25
16 101 10
16 102 24
16 103 23
16 104 16
16 105 92
16 106 52
16 107 16
16 108 10
16 109 58
16 110 58
16 111 61
16 112 12
16 113 91
16 114 36
16 115 30
16 116 28
16 117 27
16 118 29
16 119 75
16 120 73
16 121 64
16 122 100
16 123 69
16 124 79
16 125 61
16 126 33
16 127 81
16 128 51
16 129 43
16 130 84
16 131 92
16 132 84
16 133 70
16 134 87
16 135 82
16 136 52
16 137 63
16 138 34
16 139 49
16 140 73
16 141 94
16 142 6
16 143 68
16 144 26
16 145 50
16 146 89
16 147 81
16 148 84
16 149 1
16 150 3
16 151 23
16 152 5
16 153 37
16 154 100
16 155 23
16 156 72
16 157 27
16 158 21
16 159 26
17 18 3
17 19 78
17 20 85
17 21 46
17 22 25
17 23 83
17 24 97
17 25 45
17 26 14
17 27 96
17 28 52
17 29 21
17 30 43
17 31 55
17 32 30
17 33 83
17 34 77
17 35 40
17 36 41
17 37 60
17 38 16
17 39 25
17 40 33
17 41 44
17 42 56
17 43 59
17 44 65
17 45 37
17 46 82
17 47 45
17 48 82
17 49 2
17 50 55
17 51 83
17 52 72
17 53 35
17 54 16
17 55 20
17 56 37
17 57 3
17 58 16
17 59 55
17 60 13
17 61 99
17 62 2
17 63 40
17 64 1
17 65 38
17 66 37
17 67 4
17 68 71
17 69 18
17 70 57
17 71 35
17 72 30
17 73 41
17 74 51
17 75 23
17 76 90
17 77 32
17 78 85
17 79 33
17 80 41
17 81 21
17 82 75
17 83 27
17 84 37
17 85 62
17 86 29
17 87 50
17 88 87
17 89 81
17 90 8
17 91 50
17 92 52
17 93 2
17 94 31
17 95 8
17 96 42
17 97 3
17 98 44
17 99 63
17 100 64
17 101 42
17 102 29
17 103 85
17 104 59
17 105 100
17 106 28
17 107 58
17 108 67
17 109 98
17 110 85
17 111 65
17 112 87
17 113 8
17 114 74
17 115 13
17 116 100
17 117 81
17 118 12
17 119 70
17 120 10
17 121 74
17 122 80
17 123 42
17 124 43
17 125 95
17 126 94
17 127 74
17 128 81
17 129 13
17 130 53
17 131 46
17 132 86
17 133 65
17 134 3
17 135 49
17 136 59
17 137 61
17 138 58
17 139 27
17 140 83
17 141 85
17 142 16
17 143 76
17 144 28
17 145 72
17 146 7
17 147 25
17 148 94
17 149 2
17 150 5
17 151 33
17 152 28
17 153 95
17 154 36
17 155 62
17 156 2
17 157 48
17 158 90
17 159 53
18 19 22
18 20 51
18 21 46
18 22 90
18 23 46
18 24 37
18 25 91
18 26 39
18 27 92
18 28 76
18 29 72
18 30 95
18 31 25
18 32 59
18 33 53
18 34 85
18 35 59
18 36 50
18 37 21
18 38 21
18 39 39
18 40 61
18 41 67
18 42 42
18 43 75
18 44 2
18 45 48
18 46 36
18 47 66
18 48 91
18 49 8
18 50 34
18 51 98
18 52 80
18 53 97
18 54 37
18 55 27
18 56 58
18 57 38
18 58 20
18 59 39
18 60 88
18 61 49
18 62 88
18 63 30
18 64 67
18 65 21
18 66 60
18 67 45
18 68 75
18 69 14
18 70 28
18 71 38
18 72 72
18 73 84
18 74 34
18 75 97
18 76 55
18 77 36
18 78 40
18 79 9
18 80 60
18 81 99
18 82 49
18 83 77
18 84 96
18 85 45
18 86 80
18 87 66
18 88 59
18 89 79
18 90 35
18 91 52
18 92 76
18 93 96
18 94 43
18 95 66
18 96 73
18 97 31
18 98 44
18 99 90
18 100 38
18 101 96
18 102 60
18 103 65
18 104 100
18 105 38
18 106 46
18 107 44
18 108 85
18 109 58
18 110 29
18 111 31
18 112 13
18 113 44
18 114 53
18 115 93
18 116 62
18 117 50
18 118 86
18 119 57
18 120 87
18 121 61
18 122 32
18 123 9
18 124 75
18 125 28
18 126 10
18 127 46
18 128 91
18 129 95
18 130 46
18 131 41
18 132 68
18 133 5
18 134 47
18 135 61
18 136 50
18 137 68
18 138 66
18 139 19
18 140 60
18 141 9
18 142 59
18 143 62
18 144 33
18 145 6
18 146 68
18 147 19
18 148 64
18 149 31
18 150 71
18 151 50
18 152 22
18 153 34
18 154 39
18 155 90
18 156 96
18 157 31
18 158 33
18 159 38
19 20 17
19 21 95
19 22 87
19 23 62
19 24 96
19 25 43
19 26 75
19 27 7
19 28 52
19 29 31
19 30 4
19 31 39
19 32 28
19 33 26
19 34 68
19 35 25
19 36 31
19 37 63
19 38 67
19 39 44
19 40 42
19 41 80
19 42 31
19 43 10
19 44 78
19 45 88
19 46 57
19 47 45
19 48 90
19 49 46
19 50 27
19 51 69
19 52 78
19 53 5
19 54 43
19 55 57
19 56 86
19 57 15
19 58 51
19 59 22
19 60 61
19 61 81
19 62 15
19 63 26
19 64 51
19 65 16
19 66 60
19 67 35
19 68 27
19 69 51
19 70 91
19 71 73
19 72 93
19 73 78
19 74 91
19 75 78
19 76 90
19 77 72
19 78 26
19 79 96
19 80 7
19 81 25
19 82 4
19 83 58
19 84 17
19 85 3
19 86 4
19 87 64
19 88 19
19 89 75
19 90 24
19 91 62
19 92 2
19 93 78
19 94 55
19 95 51
19 96 62
19 97 59
19 98 29
19 99 100
19 100 21
19 101 11
19 102 95
19 103 89
19 104 51
19 105 35
19 106 55
19 107 51
19 108 38
19 109 65
19 110 90
19 111 65
19 112 6
19 113 21
19 114 82
19 115 27
19 116 42
19 117 55
19 118 95
19 119 54
19 120 68
19 121 86
19 122 62
19 123 23
19 124 72
19 125 62
19 126 95
19 127 68
19 128 51
19 129 40
19 130 96
19 131 47
19 132 84
19 133 47
19 134 53
19 135 42
19 136 36
19 137 83
19 138 8
19 139 82
19 140 28
19 141 45
19 142 77
19 143 96
19 144 74
19 145 16
19 146 82
19 147 31
19 148 67
19 149 7
19 150 87
19 151 21
19 152 74
19 153 12
19 154 41
19 155 81
19 156 91
19 157 85
19 158 48
19 159 86
20 21 42
20 22 1
20 23 93
20 24 21
20 25 29
20 26 57
20 27 3
20 28 16
20 29 56
20 30 100
20 31 45
20 32 72
20 33 32
20 34 89
20 35 69
20 36 14
20 37 74
20 38 44
20 39 41
20 40 7
20 41 59
20 42 54
20 43 48
20 44 73
20 45 29
20 46 60
20 47 73
20 48 6
20 49 25
20 50 95
20 51 28
20 52 62
20 53 61
20 54 43
20 55 59
20 56 69
20 57 9
20 58 16
20 59 93
20 60 3
20 61 40
20 62 67
20 63 36
20 64 50
20 65 54
20 66 41
20 67 58
20 68 42
20 69 4
20 70 60
20 71 18
20 72 19
20 73 88
20 74 34
20 75 22
20 76 95
20 77 90
20 78 26
20 79 62
20 80 39
20 81 64
20 82 14
20 83 21
20 84 40
20 85 48
20 86 7
20 87 51
20 88 69
20 89 97
20 90 9
20 91 63
20 92 2
20 93 7
20 94 79
20 95 70
20 96 100
20 97 96
20 98 53
20 99 7
20 100 14
20 101 39
20 102 20
20 103 15
20 104 32
20 105 7
20 106 73
20 107 25
20 108 75
20 109 59
20 110 85
20 111 61
20 112 24
20 113 48
20 114 46
20 115 67
20 116 89
20 117 81
20 118 90
20 119 32
20 120 65
20 121 93
20 122 64
20 123 15
20 124 61
20 125 54
20 126 16
20 127 1
20 128 21
20 129 18
20 130 20
20 131 74
20 132 8
20 133 85
20 134 57
20 135 77
20 136 89
20 137 54
20 138 41
20 139 5
20 140 83
20 141 40
20 142 26
20 143 49
20 144 33
20 145 98
20 146 81
20 147 86
20 148 52
20 149 10
20 150 66
20 151 9
20 152 50
20 153 86
20 154 56
20 155 20
20 156 3
20 157 85
20 158 38
20 159 8
21 22 41
21 23 45
21 24 75
21 25 19
21 26 9
21 27 85
21 28 15
21 29 60
21 30 17
21 31 24
21 32 61
21 33 63
21 34 9
21 35 32
21 36 58
21 37 38
21 38 7
21 39 31
21 40 16
21 41 81
21 42 49
21 43 85
21 44 63
21 45 93
21 46 88
21 47 78
21 48 3
21 49 24
21 50 92
21 51 100
21 52 77
21 53 42
21 54 5
21 55 45
21 56 57
21 57 61
21 58 39
21 59 53
21 60 33
21 61 73
21 62 55
21 63 31
21 64 47
21 65 31
21 66 46
21 67 57
21 68 48
21 69 66
21 70 58
21 71 54
21 72 52
21 73 85
21 74 39
21 75 80
21 76 35
21 77 73
21 78 61
21 79 83
21 80 62
21 81 24
21 82 23
21 83 4
21 84 82
21 85 74
21 86 64
21 87 71
21 88 53
21 89 66
21 90 35
21 91 39
21 92 5
21 93 66
21 94 28
21 95 18
21 96 35
21 97 9
21 98 79
21 99 9
21 100 64
21 101 75
21 102 51
21 103 45
21 104 3
21 105 50
21 106 2
21 107 42
21 108 73
21 109 8
21 110 46
21 111 49
21 112 75
21 113 41
21 114 66
21 115 55
21 116 69
21 117 28
21 118 29
21 119 22
21 120 33
21 121 89
21 122 84
21 123 22
21 124 88
21 125 44
21 126 11
21 127 90
21 128 18
21 129 43
21 130 88
21 131 45
21 132 96
21 133 99
21 134 49
21 135 30
21 136 43
21 137 95
21 138 63
21 139 18
21 140 85
21 141 28
21 142 67
21 143 50
21 144 31
21 145 99
21 146 97
21 147 46
21 148 96
21 149 24
21 150 86
21 151 26
21 152 54
21 153 38
21 154 46
21 155 25
21 156 68
21 157 26
21 158 61
21 159 42
22 23 58
22 24 14
22 25 14
22 26 49
22 27 38
22 28 62
22 29 21
22 30 77
22 31 40
22 32 16
22 33 5
22 34 58
22 35 9
22 36 18
22 37 70
22 38 70
22 39 30
22 40 1
22 41 70
22 42 51
22 43 5
22 44 3
22 45 41
22 46 21
22 47 96
22 48 49
22 49 75
22 50 68
22 51 57
22 52 43
22 53 46
22 54 10
22 55 30
22 56 24
22 57 80
22 58 90
22 59 79
22 60 45
22 61 43
22 62 23
22 63 31
22 64 36
22 65 88
22 66 96
22 67 34
22 68 100
22 69 59
22 70 60
22 71 76
22 72 69
22 73 97
22 74 73
22 75 66
22 76 64
22 77 9
22 78 54
22 79 24
22 80 77
22 81 9
22 82 90
22 83 23
22 84 18
22 85 25
22 86 53
22 87 35
22 88 99
22 89 75
22 90 29
22 91 87
22 92 22
22 93 56
22 94 2
22 95 94
22 96 51
22 97 88
22 98 100
22 99 80
22 100 8
22 101 10
22 102 33
22 103 46
22 104 36
22 105 19
22 106 60
22 107 90
22 108 12
22 109 65
22 110 80
22 111 37
22 112 90
22 113 67
22 114 38
22 115 56
22 116 1
22 117 91
22 118 49
22 119 16
22 120 56
22 121 3
22 122 77
22 123 50
22 124 72
22 125 29
22 126 21
22 127 87
22 128 73
22 129 22
22 130 91
22 131 94
22 132 98
22 133 59
22 134 46
22 135 21
22 136 76
22 137 57
22 138 27
22 139 70
22 140 92
22 141 95
22 142 39
22 143 17
22 144 98
22 145 64
22 146 29
22 147 28
22 148 25
22 149 61
22 150 55
22 151 35
22 152 30
22 153 4
22 154 28
22 155 82
22 156 48
22 157 97
22 158 11
22 159 17
23 24 94
23 25 90
23 26 48
23 27 68
23 28 29
23 29 95
23 30 24
23 31 93
23 32 27
23 33 14
23 34 35
23 35 8
23 36 27
23 37 97
23 38 31
23 39 9
23 40 18
23 41 5
23 42 84
23 43 83
23 44 81
23 45 92
23 46 45
23 47 54
23 48 2
23 49 27
23 50 79
23 51 48
23 52 69
23 53 52
23 54 43
23 55 78
23 56 37
23 57 51
23 58 100
23 59 43
23 60 67
23 61 87
23 62 17
23 63 82
23 64 80
23 65 38
23 66 6
23 67 57
23 68 66
23 69 4
23 70 80
23 71 68
23 72 43
23 73 7
23 74 14
23 75 70
23 76 98
23 77 35
23 78 96
23 79 92
23 80 35
23 81 97
23 82 75
23 83 3
23 84 34
23 85 96
23 86 88
23 87 16
23 88 86
23 89 40
23 90 50
23 91 87
23 92 97
23 93 100
23 94 67
23 95 63
23 96 18
23 97 15
23 98 55
23 99 78
23 100 35
23 101 68
23 102 68
23 103 74
23 104 65
23 105 61
23 106 33
23 107 68
23 108 50
23 109 44
23 110 76
23 111 4
23 112 13
23 113 31
23 114 43
23 115 69
23 116 71
23 117 91
23 118 40
23 119 8
23 120 25
23 121 14
23 122 88
23 123 17
23 124 60
23 125 83
23 126 95
23 127 84
23 128 6
23 129 68
23 130 68
23 131 12
23 132 5
23 133 41
23 134 62
23 135 26
23 136 45
23 137 76
23 138 84
23 139 73
23 140 56
23 141 19
23 142 76
23 143 4
23 144 12
23 145 75
23 146 56
23 147 32
23 148 98
23 149 78
23 150 73
23 151 32
23 152 84
23 153 51
23 154 76
23 155 65
23 156 22
23 157 4
23 158 38
23 159 2
24 25 93
24 26 25
24 27 14
24 28 8
24 29 17
24 30 60
24 31 6
24 32 40
24 33 74
24 34 13
24 35 67
24 36 83
24 37 40
24 38 53
24 39 29
24 40 33
24 41 21
24 42 99
24 43 77
24 44 76
24 45 47
24 46 75
24 47 16
24 48 37
24 49 75
24 50 88
24 51 19
24 52 14
24 53 14
24 54 84
24 55 52
24 56 60
24 57 48
24 58 36
24 59 72
24 60 34
24 61 77
24 62 18
24 63 17
24 64 65
24 65 99
24 66 2
24 67 11
24 68 61
24 69 86
24 70 54
24 71 42
24 72 1
24 73 61
24 74 85
24 75 87
24 76 100
24 77 15
24 78 94
24 79 64
24 80 40
24 81 15
24 82 91
24 83 36
24 84 24
24 85 9
24 86 76
24 87 46
24 88 72
24 89 82
24 90 55
24 91 32
24 92 60
24 93 72
24 94 52
24 95 95
24 96 3
24 97 75
24 98 49
24 99 94
24 100 47
24 101 17
24 102 46
24 103 7
24 104 74
24 105 13
24 106 67
24 107 21
24 108 41
24 109 34
24 110 90
24 111 3
24 112 99
24 113 100
24 114 50
24 115 90
24 116 78
24 117 94
24 118 86
24 119 71
24 120 56
24 121 100
24 122 14
24 123 8
24 124 98
24 125 88
24 126 83
24 127 45
24 128 69
24 129 77
24 130 21
24 131 95
24 132 15
24 133 88
24 134 55
24 135 57
24 136 4
24 137 93
24 138 62
24 139 50
24 140 83
24 141 6
24 142 21
24 143 38
24 144 66
24 145 2
24 146 50
24 147 48
24 148 72
24 149 20
24 150 37
24 151 7
24 152 22
24 153 9
24 154 41
24 155 78
24 156 40
24 157 92
24 158 93
24 159 12
25 26 52
25 27 99
25 28 27
25 29 55
25 30 61
25 31 18
25 32 73
25 33 25
25 34 100
25 35 66
25 36 26
25 37 59
25 38 65
25 39 42
25 40 23
25 41 46
25 42 42
25 43 95
25 44 61
25 45 3
25 46 22
25 47 99
25 48 83
25 49 95
25 50 9
25 51 28
25 52 28
25 53 36
25 54 60
25 55 20
25 56 92
25 57 3
25 58 12
25 59 34
25 60 35
25 61 61
25 62 57
25 63 78
25 64 84
25 65 55
25 66 28
25 67 81
25 68 37
25 69 39
25 70 82
25 71 93
25 72 39
25 73 63
25 74 32
25 75 100
25 76 22
25 77 89
25 78 64
25 79 10
25 80 91
25 81 8
25 82 77
25 83 43
25 84 38
25 85 28
25 86 41
25 87 54
25 88 98
25 89 41
25 90 37
25 91 75
25 92 53
25 93 6
25 94 25
25 95 12
25 96 51
25 97 68
25 98 92
25 99 46
25 100 24
25 101 27
25 102 88
25 103 22
25 104 65
25 105 28
25 106 7
25 107 23
25 108 31
25 109 45
25 110 47
25 111 37
25 112 42
25 113 48
25 114 67
25 115 52
25 116 98
25 117 9
25 118 78
25 119 4
25 120 33
25 121 61
25 122 12
25 123 46
25 124 5
25 125 1
25 126 10
25 127 38
25 128 20
25 129 100
25 130 3
25 131 65
25 132 19
25 133 94
25 134 8
25 135 34
25 136 68
25 137 27
25 138 8
25 139 98
25 140 33
25 141 6
25 142 47
25 143 23
25 144 37
25 145 21
25 146 46
25 147 74
25 148 84
25 149 45
25 150 8
25 151 94
25 152 2
25 153 50
25 154 79
25 155 84
25 156 41
25 157 49
25 158 96
25 159 25
26 27 80
26 28 42
26 29 97
26 30 64
26 31 36
26 32 85
26 33 30
26 34 22
26 35 38
26 36 9
26 37 17
26 38 78
26 39 54
26 40 6
26 41 1
26 42 14
26 43 39
26 44 25
26 45 98
26 46 18
26 47 70
26 48 12
26 49 17
26 50 59
26 51 32
26 52 58
26 53 65
26 54 95
26 55 30
26 56 2
26 57 3
26 58 78
26 59 3
26 60 42
26 61 8
26 62 89
26 63 69
26 64 31
26 65 32
26 66 19
26 67 43
26 68 45
26 69 56
26 70 48
26 71 63
26 72 97
26 73 81
26 74 17
26 75 45
26 76 1
26 77 79
26 78 71
26 79 85
26 80 26
26 81 82
26 82 44
26 83 21
26 84 71
26 85 70
26 86 98
26 87 9
26 88 11
26 89 84
26 90 78
26 91 59
26 92 7
26 93 73
26 94 75
26 95 18
26 96 49
26 97 100
26 98 48
26 99 85
26 100 88
26 101 28
26 102 63
26 103 12
26 104 60
26 105 26
26 106 74
26 107 79
26 108 33
26 109 51
26 110 37
26 111 40
26 112 89
26 113 23
26 114 95
26 115 36
26 116 99
26 117 68
26 118 61
26 119 77
26 120 73
26 121 65
26 122 16
26 123 18
26 124 57
26 125 99
26 126 20
26 127 49
26 128 55
26 129 38
26 130 26
26 131 42
26 132 2
26 133 22
26 134 46
26 135 53
26 136 37
26 137 4
26 138 75
26 139 79
26 140 53
26 141 93
26 142 77
26 143 53
26 144 88
26 145 19
26 146 63
26 147 48
26 148 3
26 149 13
26 150 4
26 151 41
26 152 62
26 153 75
26 154 32
26 155 31
26 156 67
26 157 22
26 158 73
26 159 90
27 28 99
27 29 70
27 30 72
27 31 20
27 32 78
27 33 16
27 34 53
27 35 47
27 36 83
27 37 59
27 38 15
27 39 99
27 40 98
27 41 54
27 42 82
27 43 98
27 44 55
27 45 52
27 46 12
27 47 43
27 48 12
27 49 48
27 50 27
27 51 33
27 52 36
27 53 64
27 54 86
27 55 57
27 56 94
27 57 15
27 58 42
27 59 54
27 60 86
27 61 59
27 62 7
27 63 17
27 64 24
27 65 34
27 66 13
27 67 36
27 68 71
27 69 37
27 70 51
27 71 23
27 72 89
27 73 3
27 74 5
27 75 20
27 76 47
27 77 2
27 78 15
27 79 25
27 80 41
27 81 94
27 82 41
27 83 17
27 84 90
27 85 70
27 86 48
27 87 13
27 88 34
27 89 62
27 90 67
27 91 47
27 92 58
27 93 64
27 94 25
27 95 57
27 96 56
27 97 43
27 98 44
27 99 6
27 100 91
27 101 81
27 102 7
27 103 33
27 104 90
27 105 58
27 106 58
27 107 15
27 108 33
27 109 83
27 110 46
27 111 71
27 112 97
27 113 74
27 114 98
27 115 58
27 116 75
27 117 88
27 118 95
27 119 16
27 120 88
27 121 45
27 122 73
27 123 25
27 124 20
27 125 52
27 126 6
27 127 94
27 128 94
27 129 96
27 130 98
27 131 100
27 132 33
27 133 83
27 134 63
27 135 19
27 136 27
27 137 80
27 138 78
27 139 57
27 140 96
27 141 16
27 142 46
27 143 43
27 144 18
27 145 76
27 146 63
27 147 61
27 148 79
27 149 26
27 150 9
27 151 89
27 152 34
27 153 90
27 154 46
27 155 71
27 156 32
27 157 71
27 158 88
27 159 93
28 29 17
28 30 11
28 31 39
28 32 51
28 33 46
28 34 52
28 35 34
28 36 48
28 37 53
28 38 71
28 39 11
28 40 25
28 41 49
28 42 72
28 43 51
28 44 68
28 45 55
28 46 18
28 47 33
28 48 11
28 49 8
28 50 99
28 51 6
28 52 92
28 53 6
28 54 40
28 55 82
28 56 71
28 57 93
28 58 66
28 59 43
28 60 9
28 61 78
28 62 45
28 63 4
28 64 48
28 65 36
28 66 66
28 67 9
28 68 28
28 69 90
28 70 52
28 71 14
28 72 62
28 73 12
28 74 93
28 75 29
28 76 83
28 77 99
28 78 4
28 79 32
28 80 76
28 81 5
28 82 40
28 83 25
28 84 30
28 85 57
28 86 61
28 87 5
28 88 22
28 89 37
28 90 34
28 91 50
28 92 31
28 93 94
28 94 6
28 95 29
28 96 93
28 97 75
28 98 13
28 99 28
28 100 29
28 101 52
28 102 24
28 103 72
28 104 4
28 105 34
28 106 31
28 107 93
28 108 32
28 109 37
28 110 28
28 111 48
28 112 91
28 113 51
28 114 72
28 115 27
28 116 73
28 117 69
28 118 20
28 119 41
28 120 78
28 121 69
28 122 92
28 123 21
28 124 87
28 125 1
28 126 73
28 127 89
28 128 71
28 129 46
28 130 96
28 131 23
28 132 68
28 133 5
28 134 63
28 135 90
28 136 71
28 137 23
28 138 3
28 139 30
28 140 61
28 141 27
28 142 50
28 143 84
28 144 66
28 145 19
28 146 83
28 147 6
28 148 60
28 149 13
28 150 76
28 151 23
28 152 95
28 153 15
28 154 55
28 155 61
28 156 1
28 157 86
28 158 91
28 159 17
29 30 53
29 31 29
29 32 73
29 33 56
29 34 89
29 35 86
29 36 94
29 37 50
29 38 37
29 39 47
29 40 13
29 41 45
29 42 3
29 43 18
29 44 8
29 45 29
29 46 90
29 47 31
29 48 88
29 49 42
29 50 90
29 51 37
29 52 46
29 53 98
29 54 74
29 55 97
29 56 31
29 57 53
29 58 20
29 59 46
29 60 10
29 61 76
29 62 43
29 63 57
29 64 7
29 65 31
29 66 59
29 67 38
29 68 82
29 69 59
29 70 67
29 71 8
29 72 88
29 73 8
29 74 10
29 75 7
29 76 74
29 77 91
29 78 30
29 79 23
29 80 61
29 81 76
29 82 77
29 83 29
29 84 19
29 85 87
29 86 34
29 87 35
29 88 53
29 89 80
29 90 14
29 91 60
29 92 60
29 93 26
29 94 67
29 95 35
29 96 45
29 97 2
29 98 49
29 99 61
29 100 55
29 101 36
29 102 3
29 103 86
29 104 91
29 105 66
29 106 12
29 107 38
29 108 24
29 109 78
29 110 98
29 111 9
29 112 88
29 113 99
29 114 83
29 115 45
29 116 31
29 117 65
29 118 31
29 119 84
29 120 79
29 121 82
29 122 79
29 123 11
29 124 62
29 125 9
29 126 37
29 127 42
29 128 69
29 129 99
29 130 98
29 131 87
29 132 84
29 133 49
29 134 52
29 135 17
29 136 75
29 137 1
29 138 51
29 139 4
29 140 10
29 141 13
29 142 51
29 143 32
29 144 71
29 145 82
29 146 47
29 147 75
29 148 38
29 149 94
29 150 76
29 151 88
29 152 87
29 153 10
29 154 6
29 155 33
29 156 55
29 157 97
29 158 9
29 159 51
30 31 27
30 32 4
30 33 19
30 34 91
30 35 99
30 36 15
30 37 66
30 38 71
30 39 80
30 40 8
30 41 64
30 42 35
30 43 64
30 44 64
30 45 31
30 46 39
30 47 9
30 48 22
30 49 1
30 50 41
30 51 17
30 52 87
30 53 44
30 54 5
30 55 77
30 56 10
30 57 48
30 58 74
30 59 94
30 60 85
30 61 82
30 62 48
30 63 28
30 64 93
30 65 28
30 66 86
30 67 90
30 68 51
30 69 49
30 70 20
30 71 46
30 72 94
30 73 16
30 74 11
30 75 99
30 76 34
30 77 49
30 78 47
30 79 3
30 80 90
30 81 85
30 82 27
30 83 70
30 84 30
30 85 5
30 86 32
30 87 72
30 88 76
30 89 62
30 90 24
30 91 78
30 92 33
30 93 61
30 94 33
30 95 71
30 96 28
30 97 85
30 98 78
30 99 17
30 100 46
30 101 20
30 102 56
30 103 87
30 104 26
30 105 54
30 106 20
30 107 16
30 108 86
30 109 76
30 110 13
30 111 76
30 112 52
30 113 88
30 114 17
30 115 61
30 116 86
30 117 32
30 118 60
30 119 2
30 120 47
30 121 50
30 122 1
30 123 76
30 124 14
30 125 11
30 126 61
30 127 56
30 128 75
30 129 15
30 130 7
30 131 95
30 132 25
30 133 70
30 134 3
30 135 36
30 136 22
30 137 77
30 138 1
30 139 63
30 140 71
30 141 71
30 142 55
30 143 9
30 144 93
30 145 90
30 146 7
30 147 47
30 148 90
30 149 64
30 150 88
30 151 6
30 152 72
30 153 91
30 154 22
30 155 43
30 156 13
30 157 56
30 158 91
30 159 7
31 32 92
31 33 16
31 34 48
31 35 23
31 36 97
31 37 2
31 38 85
31 39 73
31 40 63
31 41 52
31 42 41
31 43 75
31 44 47
31 45 3
31 46 10
31 47 77
31 48 30
31 49 11
31 50 46
31 51 59
31 52 35
31 53 74
31 54 67
31 55 37
31 56 71
31 57 98
31 58 99
31 59 76
31 60 2
31 61 4
31 62 14
31 63 50
31 64 51
31 65 62
31 66 67
31 67 42
31 68 56
31 69 6
31 70 83
31 71 30
31 72 37
31 73 49
31 74 75
31 75 16
31 76 2
31 77 2
31 78 89
31 79 45
31 80 97
31 81 26
31 82 49
31 83 36
31 84 5
31 85 42
31 86 45
31 87 95
31 88 28
31 89 75
31 90 98
31 91 54
31 92 82
31 93 16
31 94 83
31 95 67
31 96 1
31 97 15
31 98 68
31 99 27
31 100 100
31 101 50
31 102 17
31 103 27
31 104 20
31 105 24
31 106 30
31 107 86
31 108 87
31 109 45
31 110 2
31 111 24
31 112 42
31 113 4
31 114 46
31 115 16
31 116 94
31 117 97
31 118 74
31 119 12
31 120 43
31 121 40
31 122 58
31 123 71
31 124 76
31 125 39
31 126 71
31 127 12
31 128 29
31 129 9
31 130 20
31 131 96
31 132 15
31 133 55
31 134 77
31 135 26
31 136 90
31 137 35
31 138 25
31 139 96
31 140 88
31 141 55
31 142 85
31 143 32
31 144 21
31 145 4
31 146 41
31 147 94
31 148 18
31 149 54
31 150 47
31 151 64
31 152 60
31 153 11
31 154 98
31 155 72
31 156 59
31 157 92
31 158 65
31 159 66
32 33 48
32 34 93
32 35 30
32 36 81
32 37 66
32 38 26
32 39 36
32 40 58
32 41 33
32 42 76
32 43 94
32 44 74
32 45 30
32 46 53
32 47 72
32 48 52
32 49 76
32 50 9
32 51 5
32 52 26
32 53 49
32 54 60
32 55 18
32 56 12
32 57 38
32 58 27
32 59 1
32 60 53
32 61 96
32 62 8
32 63 86
32 64 26
32 65 99
32 66 3
32 67 48
32 68 53
32 69 16
32 70 54
32 71 34
32 72 47
32 73 7
32 74 61
32 75 77
32 76 85
32 77 14
32 78 1
32 79 60
32 80 47
32 81 21
32 82 11
32 83 13
32 84 69
32 85 91
32 86 88
32 87 17
32 88 12
32 89 73
32 90 62
32 91 39
32 92 6
32 93 97
32 94 3
32 95 52
32 96 32
32 97 26
32 98 28
32 99 6
32 100 97
32 101 79
32 102 90
32 103 24
32 104 35
32 105 29
32 106 4
32 107 86
32 108 11
32 109 81
32 110 80
32 111 29
32 112 40
32 113 67
32 114 55
32 115 89
32 116 83
32 117 60
32 118 75
32 119 97
32 120 97
32 121 30
32 122 80
32 123 42
32 124 76
32 125 72
32 126 43
32 127 78
32 128 45
32 129 28
32 130 28
32 131 46
32 132 99
32 133 45
32 134 73
32 135 89
32 136 80
32 137 50
32 138 78
32 139 57
32 140 74
32 141 67
32 142 50
32 143 2
32 144 33
32 145 64
32 146 94
32 147 92
32 148 94
32 149 45
32 150 40
32 151 96
32 152 96
32 153 21
32 154 98
32 155 75
32 156 34
32 157 22
32 158 46
32 159 9
33 34 34
33 35 58
33 36 18
33 37 90
33 38 33
33 39 78
33 40 82
33 41 52
33 42 85
33 43 16
33 44 79
33 45 50
33 46 90
33 47 89
33 48 64
33 49 96
33 50 68
33 51 26
33 52 46
33 53 54
33 54 15
33 55 1
33 56 12
33 57 50
33 58 22
33 59 41
33 60 26
33 61 30
33 62 88
33 63 91
33 64 35
33 65 32
33 66 81
33 67 9
33 68 25
33 69 73
33 70 36
33 71 10
33 72 34
33 73 48
33 74 83
33 75 7
33 76 32
33 77 67
33 78 75
33 79 4
33 80 8
33 81 44
33 82 67
33 83 97
33 84 37
33 85 6
33 86 8
33 87 94
33 88 39
33 89 35
33 90 61
33 91 47
33 92 35
33 93 82
33 94 52
33 95 88
33 96 64
33 97 57
33 98 93
33 99 84
33 100 13
33 101 23
33 102 26
33 103 96
33 104 49
33 105 5
33 106 7
33 107 19
33 108 62
33 109 45
33 110 79
33 111 79
33 112 5
33 113 81
33 114 59
33 115 97
33 116 75
33 117 66
33 118 36
33 119 23
33 120 67
33 121 18
33 122 46
33 123 43
33 124 47
33 125 32
33 126 90
33 127 24
33 128 72
33 129 42
33 130 2
33 131 88
33 132 32
33 133 12
33 134 98
33 135 46
33 136 9
33 137 76
33 138 7
33 139 94
33 140 29
33 141 7
33 142 50
33 143 73
33 144 40
33 145 100
33 146 5
33 147 52
33 148 97
33 149 93
33 150 76
33 151 32
33 152 97
33 153 45
33 154 53
33 155 38
33 156 81
33 157 26
33 158 61
33 159 97
34 35 100
34 36 58
34 37 79
34 38 19
34 39 1
34 40 58
34 41 54
34 42 81
34 43 5
34 44 63
34 45 16
34 46 48
34 47 21
34 48 93
34 49 99
34 50 84
34 51 38
34 52 2
34 53 67
34 54 24
34 55 81
34 56 15
34 57 82
34 58 63
34 59 78
34 60 6
34 61 83
34 62 19
34 63 17
34 64 68
34 65 6
34 66 99
34 67 16
34 68 82
34 69 3
34 70 88
34 71 91
34 72 91
34 73 48
34 74 40
34 75 100
34 76 26
34 77 56
34 78 73
34 79 58
34 80 71
34 81 21
34 82 35
34 83 11
34 84 60
34 85 31
34 86 49
34 87 54
34 88 9
34 89 83
34 90 26
34 91 98
34 92 15
34 93 93
34 94 30
34 95 88
34 96 44
34 97 34
34 98 85
34 99 60
34 100 44
34 101 33
34 102 57
34 103 81
34 104 29
34 105 40
34 106 83
34 107 51
34 108 1
34 109 63
34 110 8
34 111 44
34 112 57
34 113 26
34 114 37
34 115 52
34 116 41
34 117 89
34 118 23
34 119 61
34 120 75
34 121 21
34 122 10
34 123 19
34 124 66
34 125 40
34 126 48
34 127 91
34 128 25
34 129 47
34 130 55
34 131 43
34 132 5
34 133 25
34 134 63
34 135 85
34 136 52
34 137 79
34 138 10
34 139 2
34 140 68
34 141 43
34 142 66
34 143 89
34 144 41
34 145 22
34 146 20
34 147 83
34 148 43
34 149 57
34 150 74
34 151 72
34 152 49
34 153 93
34 154 47
34 155 72
34 156 43
34 157 41
34 158 55
34 159 52
35 36 95
35 37 49
35 38 21
35 39 75
35 40 71
35 41 12
35 42 57
35 43 39
35 44 17
35 45 36
35 46 24
35 47 68
35 48 64
35 49 93
35 50 64
35 51 91
35 52 54
35 53 40
35 54 16
35 55 95
35 56 100
35 57 62
35 58 43
35 59 8
35 60 13
35 61 39
35 62 97
35 63 44
35 64 62
35 65 61
35 66 46
35 67 74
35 68 93
35 69 88
35 70 78
35 71 89
35 72 84
35 73 75
35 74 49
35 75 16
35 76 92
35 77 9
35 78 28
35 79 77
35 80 75
35 81 40
35 82 24
35 83 68
35 84 74
35 85 43
35 86 42
35 87 33
35 88 74
35 89 76
35 90 99
35 91 59
35 92 65
35 93 12
35 94 85
35 95 99
35 96 21
35 97 15
35 98 97
35 99 31
35 100 84
35 101 37
35 102 78
35 103 41
35 104 87
35 105 62
35 106 24
35 107 39
35 108 29
35 109 85
35 110 61
35 111 98
35 112 5
35 113 56
35 114 83
35 115 87
35 116 94
35 117 49
35 118 16
35 119 52
35 120 20
35 121 21
35 122 99
35 123 94
35 124 37
35 125 77
35 126 39
35 127 40
35 128 73
35 129 26
35 130 2
35 131 7
35 132 28
35 133 8
35 134 74
35 135 75
35 136 13
35 137 32
35 138 11
35 139 81
35 140 22
35 141 72
35 142 20
35 143 56
35 144 94
35 145 45
35 146 23
35 147 71
35 148 19
35 149 19
35 150 92
35 151 27
35 152 34
35 153 60
35 154 24
35 155 98
35 156 43
35 157 42
35 158 78
35 159 75
36 37 57
36 38 48
36 39 42
36 40 18
36 41 66
36 42 69
36 43 18
36 44 16
36 45 31
36 46 26
36 47 75
36 48 26
36 49 34
36 50 2
36 51 32
36 52 97
36 53 91
36 54 37
36 55 33
36 56 78
36 57 34
36 58 49
36 59 25
36 60 93
36 61 88
36 62 83
36 63 22
36 64 61
36 65 71
36 66 64
36 67 81
36 68 14
36 69 21
36 70 26
36 71 4
36 72 49
36 73 91
36 74 37
36 75 25
36 76 64
36 77 88
36 78 15
36 79 6
36 80 31
36 81 30
36 82 76
36 83 91
36 84 85
36 85 35
36 86 81
36 87 4
36 88 68
36 89 92
36 90 24
36 91 99
36 92 14
36 93 75
36 94 98
36 95 51
36 96 100
36 97 24
36 98 24
36 99 66
36 100 44
36 101 46
36 102 80
36 103 61
36 104 22
36 105 1
36 106 39
36 107 38
36 108 56
36 109 87
36 110 24
36 111 93
36 112 46
36 113 48
36 114 62
36 115 18
36 116 46
36 117 36
36 118 58
36 119 92
36 120 72
36 121 19
36 122 15
36 123 14
36 124 79
36 125 51
36 126 90
36 127 37
36 128 76
36 129 3
36 130 1
36 131 9
36 132 96
36 133 63
36 134 79
36 135 74
36 136 6
36 137 75
36 138 12
36 139 57
36 140 2
36 141 48
36 142 34
36 143 51
36 144 40
36 145 59
36 146 71
36 147 16
36 148 99
36 149 26
36 150 4
36 151 48
36 152 82
36 153 96
36 154 27
36 155 100
36 156 98
36 157 99
36 158 52
36 159 84
37 38 55
37 39 82
37 40 89
37 41 63
37 42 20
37 43 50
37 44 43
37 45 66
37 46 96
37 47 97
37 48 34
37 49 23
37 50 82
37 51 40
37 52 10
37 53 76
37 54 29
37 55 91
37 56 75
37 57 27
37 58 48
37 59 43
37 60 73
37 61 70
37 62 79
37 63 11
37 64 30
37 65 49
37 66 38
37 67 95
37 68 16
37 69 16
37 70 3
37 71 54
37 72 39
37 73 15
37 74 57
37 75 82
37 76 88
37 77 99
37 78 70
37 79 61
37 80 17
37 81 88
37 82 79
37 83 78
37 84 50
37 85 18
37 86 70
37 87 83
37 88 22
37 89 1
37 90 79
37 91 94
37 92 59
37 93 32
37 94 98
37 95 70
37 96 57
37 97 40
37 98 49
37 99 23
37 100 4
37 101 68
37 102 59
37 103 51
37 104 36
37 105 49
37 106 59
37 107 56
37 108 1
37 109 25
37 110 13
37 111 73
37 112 55
37 113 29
37 114 73
37 115 43
37 116 14
37 117 13
37 118 2
37 119 92
37 120 99
37 121 37
37 122 35
37 123 43
37 124 67
37 125 81
37 126 81
37 127 54
37 128 98
37 129 82
37 130 56
37 131 54
37 132 82
37 133 9
37 134 9
37 135 54
37 136 9
37 137 31
37 138 81
37 139 70
37 140 17
37 141 44
37 142 50
37 143 57
37 144 16
37 145 73
37 146 41
37 147 29
37 148 57
37 149 88
37 150 34
37 151 28
37 152 95
37 153 19
37 154 37
37 155 43
37 156 12
37 157 72
37 158 84
37 159 68
38 39 60
38 40 21
38 41 68
38 42 9
38 43 40
38 44 3
38 45 13
38 46 58
38 47 72
38 48 2
38 49 87
38 50 41
38 51 86
38 52 24
38 53 19
38 54 80
38 55 6
38 56 77
38 57 64
38 58 75
38 59 81
38 60 13
38 61 44
38 62 35
38 63 70
38 64 93
38 65 17
38 66 72
38 67 49
38 68 37
38 69 92
38 70 51
38 71 64
38 72 87
38 73 64
38 74 1
38 75 20
38 76 12
38 77 97
38 78 10
38 79 63
38 80 36
38 81 93
38 82 73
38 83 45
38 84 17
38 85 57
38 86 70
38 87 72
38 88 51
38 89 43
38 90 39
38 91 18
38 92 71
38 93 3
38 94 71
38 95 92
38 96 42
38 97 87
38 98 94
38 99 45
38 100 96
38 101 63
38 102 49
38 103 8
38 104 50
38 105 26
38 106 71
38 107 3
38 108 7
38 109 100
38 110 16
38 111 48
38 112 88
38 113 50
38 114 79
38 115 28
38 116 7
38 117 8
38 118 58
38 119 97
38 120 30
38 121 43
38 122 48
38 123 15
38 124 97
38 125 31
38 126 24
38 127 33
38 128 1
38 129 33
38 130 72
38 131 93
38 132 23
38 133 51
38 134 18
38 135 9
38 136 32
38 137 48
38 138 36
38 139 19
38 140 51
38 141 75
38 142 64
38 143 45
38 144 41
38 145 83
38 146 6
38 147 37
38 148 35
38 149 68
38 150 33
38 151 71
38 152 13
38 153 20
38 154 32
38 155 3
38 156 43
38 157 9
38 158 49
38 159 34
39 40 39
39 41 18
39 42 94
39 43 92
39 44 10
39 45 38
39 46 81
39 47 90
39 48 46
39 49 76
39 50 14
39 51 3
39 52 58
39 53 62
39 54 14
39 55 34
39 56 61
39 57 49
39 58 85
39 59 72
39 60 72
39 61 41
39 62 33
39 63 95
39 64 36
39 65 62
39 66 49
39 67 90
39 68 13
39 69 81
39 70 59
39 71 30
39 72 65
39 73 72
39 74 1
39 75 44
39 76 80
39 77 4
39 78 17
39 79 2
39 80 20
39 81 83
39 82 69
39 83 49
39 84 66
39 85 15
39 86 53
39 87 56
39 88 90
39 89 86
39 90 61
39 91 20
39 92 97
39 93 62
39 94 69
39 95 49
39 96 42
39 97 88
39 98 94
39 99 8
39 100 56
39 101 34
39 102 4
39 103 14
39 104 73
39 105 58
39 106 61
39 107 99
39 108 90
39 109 99
39 110 41
39 111 32
39 112 28
39 113 43
39 114 36
39 115 23
39 116 79
39 117 11
39 118 85
39 119 45
39 120 68
39 121 3
39 122 21
39 123 40
39 124 12
39 125 54
39 126 70
39 127 18
39 128 41
39 129 17
39 130 46
39 131 42
39 132 19
39 133 58
39 134 68
39 135 38
39 136 95
39 137 30
39 138 14
39 139 39
39 140 80
39 141 91
39 142 54
39 143 36
39 144 15
39 145 43
39 146 13
39 147 32
39 148 53
39 149 40
39 150 65
39 151 37
39 152 75
39 153 85
39 154 87
39 155 60
39 156 80
39 157 14
39 158 72
39 159 29
40 41 65
40 42 53
40 43 19
40 44 2
40 45 55
40 46 84
40 47 41
40 48 58
40 49 13
40 50 100
40 51 40
40 52 69
40 53 92
40 54 52
40 55 47
40 56 91
40 57 69
40 58 74
40 59 9
40 60 51
40 61 72
40 62 42
40 63 3
40 64 76
40 65 73
40 66 31
40 67 1
40 68 64
40 69 66
40 70 44
40 71 66
40 72 46
40 73 5
40 74 29
40 75 86
40 76 15
40 77 32
40 78 22
40 79 2
40 80 25
40 81 2
40 82 32
40 83 71
40 84 62
40 85 53
40 86 76
40 87 28
40 88 70
40 89 54
40 90 80
40 91 31
40 92 44
40 93 37
40 94 98
40 95 71
40 96 16
40 97 13
40 98 86
40 99 68
40 100 17
40 101 13
40 102 34
40 103 45
40 104 43
40 105 62
40 106 77
40 107 65
40 108 66
40 109 89
40 110 48
40 111 94
40 112 6
40 113 7
40 114 97
40 115 96
40 116 52
40 117 15
40 118 26
40 119 23
40 120 32
40 121 74
40 122 94
40 123 53
40 124 75
40 125 21
40 126 50
40 127 15
40 128 24
40 129 30
40 130 87
40 131 79
40 132 91
40 133 31
40 134 73
40 135 62
40 136 35
40 137 91
40 138 59
40 139 74
40 140 35
40 141 53
40 142 42
40 143 5
40 144 76
40 145 6
40 146 56
40 147 25
40 148 19
40 149 7
40 150 86
40 151 5
40 152 31
40 153 63
40 154 6
40 155 96
40 156 28
40 157 83
40 158 48
40 159 95
41 42 90
41 43 76
41 44 17
41 45 75
41 46 94
41 47 20
41 48 4
41 49 13
41 50 51
41 51 70
41 52 68
41 53 40
41 54 58
41 55 36
41 56 5
41 57 3
41 58 69
41 59 73
41 60 100
41 61 87
41 62 20
41 63 15
41 64 58
41 65 85
41 66 27
41 67 59
41 68 63
41 69 28
41 70 38
41 71 44
41 72 98
41 73 22
41 74 95
41 75 27
41 76 41
41 77 24
41 78 83
41 79 60
41 80 97
41 81 26
41 82 56
41 83 70
41 84 85
41 85 6
41 86 19
41 87 80
41 88 61
41 89 65
41 90 39
41 91 98
41 92 93
41 93 60
41 94 66
41 95 97
41 96 63
41 97 57
41 98 65
41 99 90
41 100 14
41 101 41
41 102 47
41 103 6
41 104 85
41 105 32
41 106 78
41 107 88
41 108 51
41 109 30
41 110 67
41 111 28
41 112 36
41 113 36
41 114 63
41 115 80
41 116 61
41 117 54
41 118 18
41 119 27
41 120 86
41 121 7
41 122 39
41 123 57
41 124 44
41 125 49
41 126 51
41 127 59
41 128 47
41 129 39
41 130 54
41 131 73
41 132 68
41 133 32
41 134 1
41 135 81
41 136 2
41 137 72
41 138 96
41 139 54
41 140 67
41 141 94
41 142 95
41 143 78
41 144 4
41 145 19
41 146 39
41 147 63
41 148 34
41 149 77
41 150 19
41 151 55
41 152 32
41 153 90
41 154 56
41 155 27
41 156 75
41 157 40
41 158 24
41 159 57
42 43 20
42 44 39
42 45 84
42 46 75
42 47 29
42 48 93
42 49 66
42 50 62
42 51 6
42 52 52
42 53 92
42 54 48
42 55 9
42 56 54
42 57 72
42 58 61
42 59 37
42 60 90
42 61 94
42 62 1
42 63 63
42 64 4
42 65 18
42 66 48
42 67 74
42 68 43
42 69 19
42 70 51
42 71 33
42 72 22
42 73 76
42 74 37
42 75 36
42 76 28
42 77 8
42 78 22
42 79 91
42 80 43
42 81 5
42 82 4
42 83 72
42 84 76
42 85 54
42 86 52
42 87 39
42 88 29
42 89 93
42 90 20
42 91 19
42 92 50
42 93 78
42 94 15
42 95 29
42 96 30
42 97 88
42 98 25
42 99 86
42 100 56
42 101 65
42 102 22
42 103 42
42 104 8
42 105 62
42 106 22
42 107 75
42 108 75
42 109 15
42 110 16
42 111 72
42 112 23
42 113 27
42 114 24
42 115 41
42 116 40
42 117 26
42 118 94
42 119 51
42 120 65
42 121 64
42 122 88
42 123 32
42 124 36
42 125 16
42 126 84
42 127 44
42 128 93
42 129 74
42 130 58
42 131 12
42 132 50
42 133 15
42 134 41
42 135 10
42 136 31
42 137 65
42 138 81
42 139 46
42 140 23
42 141 33
42 142 55
42 143 44
42 144 56
42 145 91
42 146 43
42 147 36
42 148 65
42 149 50
42 150 13
42 151 14
42 152 13
42 153 3
42 154 69
42 155 72
42 156 36
42 157 49
42 158 43
42 159 54
43 44 8
43 45 68
43 46 61
43 47 40
43 48 43
43 49 24
43 50 17
43 51 54
43 52 61
43 53 92
43 54 54
43 55 63
43 56 59
43 57 5
43 58 74
43 59 66
43 60 91
43 61 88
43 62 61
43 63 25
43 64 35
43 65 50
43 66 82
43 67 50
43 68 98
43 69 29
43 70 89
43 71 89
43 72 87
43 73 33
43 74 54
43 75 17
43 76 68
43 77 75
43 78 26
43 79 94
43 80 99
43 81 6
43 82 41
43 83 78
43 84 87
43 85 90
43 86 79
43 87 95
43 88 78
43 89 72
43 90 61
43 91 29
43 92 38
43 93 10
43 94 55
43 95 18
43 96 81
43 97 8
43 98 34
43 99 29
43 100 67
43 101 3
43 102 50
43 103 96
43 104 57
43 105 1
43 106 36
43 107 24
43 108 83
43 109 31
43 110 55
43 111 58
43 112 49
43 113 99
43 114 8
43 115 25
43 116 14
43 117 4
43 118 60
43 119 79
43 120 62
43 121 35
43 122 98
43 123 71
43 124 66
43 125 84
43 126 46
43 127 16
43 128 36
43 129 7
43 130 31
43 131 48
43 132 81
43 133 57
43 134 80
43 135 72
43 136 21
43 137 61
43 138 49
43 139 11
43 140 34
43 141 45
43 142 43
43 143 95
43 144 6
43 145 58
43 146 82
43 147 9
43 148 88
43 149 7
43 150 10
43 151 49
43 152 69
43 153 59
43 154 87
43 155 48
43 156 24
43 157 27
43 158 28
43 159 80
44 45 29
44 46 63
44 47 98
44 48 46
44 49 15
44 50 13
44 51 34
44 52 22
44 53 14
44 54 82
44 55 4
44 56 44
44 57 46
44 58 36
44 59 60
44 60 54
44 61 67
44 62 14
44 63 41
44 64 33
44 65 95
44 66 93
44 67 19
44 68 100
44 69 20
44 70 78
44 71 76
44 72 38
44 73 39
44 74 41
44 75 38
44 76 79
44 77 30
44 78 58
44 79 50
44 80 79
44 81 23
44 82 62
44 83 3
44 84 55
44 85 17
44 86 52
44 87 84
44 88 86
44 89 11
44 90 30
44 91 37
44 92 71
44 93 58
44 94 98
44 95 57
44 96 78
44 97 95
44 98 32
44 99 44
44 100 34
44 101 4
44 102 98
44 103 89
44 104 21
44 105 45
44 106 30
44 107 61
44 108 57
44 109 75
44 110 86
44 111 51
44 112 64
44 113 2
44 114 34
44 115 88
44 116 8
44 117 38
44 118 92
44 119 74
44 120 75
44 121 26
44 122 66
44 123 33
44 124 66
44 125 100
44 126 19
44 127 36
44 128 51
44 129 92
44 130 85
44 131 25
44 132 8
44 133 54
44 134 95
44 135 44
44 136 7
44 137 14
44 138 52
44 139 10
44 140 84
44 141 1
44 142 26
44 143 1
44 144 28
44 145 20
44 146 1
44 147 65
44 148 67
44 149 75
44 150 43
44 151 94
44 152 18
44 153 9
44 154 11
44 155 21
44 156 46
44 157 24
44 158 96
44 159 11
45 46 82
45 47 79
45 48 18
45 49 69
45 50 70
45 51 23
45 52 93
45 53 48
45 54 87
45 55 65
45 56 81
45 57 22
45 58 70
45 59 35
45 60 14
45 61 72
45 62 69
45 63 76
45 64 21
45 65 82
45 66 21
45 67 26
45 68 58
45 69 44
45 70 78
45 71 85
45 72 43
45 73 60
45 74 13
45 75 31
45 76 9
45 77 5
45 78 97
45 79 71
45 80 31
45 81 97
45 82 53
45 83 72
45 84 39
45 85 94
45 86 91
45 87 86
45 88 60
45 89 27
45 90 26
45 91 22
45 92 74
45 93 78
45 94 91
45 95 27
45 96 13
45 97 65
45 98 47
45 99 34
45 100 82
45 101 24
45 102 54
45 103 20
45 104 60
45 105 93
45 106 100
45 107 36
45 108 17
45 109 41
45 110 39
45 111 17
45 112 41
45 113 28
45 114 18
45 115 20
45 116 68
45 117 70
45 118 58
45 119 59
45 120 50
45 121 20
45 122 42
45 123 83
45 124 95
45 125 56
45 126 21
45 127 7
45 128 97
45 129 72
45 130 79
45 131 4
45 132 11
45 133 60
45 134 62
45 135 77
45 136 61
45 137 81
45 138 4
45 139 84
45 140 87
45 141 30
45 142 57
45 143 8
45 144 36
45 145 72
45 146 20
45 147 25
45 148 20
45 149 7
45 150 36
45 151 43
45 152 23
45 153 40
45 154 95
45 155 26
45 156 67
45 157 19
45 158 77
45 159 44
46 47 62
46 48 100
46 49 25
46 50 41
46 51 22
46 52 71
46 53 51
46 54 90
46 55 94
46 56 59
46 57 55
46 58 76
46 59 26
46 60 46
46 61 46
46 62 72
46 63 10
46 64 78
46 65 100
46 66 57
46 67 83
46 68 19
46 69 92
46 70 62
46 71 45
46 72 53
46 73 62
46 74 28
46 75 72
46 76 92
46 77 100
46 78 77
46 79 59
46 80 72
46 81 46
46 82 73
46 83 37
46 84 33
46 85 24
46 86 62
46 87 74
46 88 15
46 89 83
46 90 96
46 91 6
46 92 88
46 93 40
46 94 25
46 95 70
46 96 95
46 97 24
46 98 53
46 99 25
46 100 67
46 101 28
46 102 56
46 103 18
46 104 64
46 105 95
46 106 86
46 107 63
46 108 100
46 109 23
46 110 18
46 111 65
46 112 67
46 113 15
46 114 10
46 115 72
46 116 83
46 117 94
46 118 20
46 119 20
46 120 53
46 121 93
46 122 23
46 123 17
46 124 6
46 125 84
46 126 23
46 127 6
46 128 57
46 129 45
46 130 67
46 131 23
46 132 38
46 133 29
46 134 71
46 135 56
46 136 71
46 137 29
46 138 38
46 139 14
46 140 18
46 141 28
46 142 99
46 143 57
46 144 8
46 145 14
46 146 8
46 147 25
46 148 94
46 149 61
46 150 39
46 151 18
46 152 68
46 153 74
46 154 15
46 155 21
46 156 15
46 157 66
46 158 42
46 159 14
47 48 13
47 49 38
47 50 23
47 51 90
47 52 21
47 53 9
47 54 37
47 55 41
47 56 89
47 57 66
47 58 26
47 59 11
47 60 63
47 61 79
47 62 65
47 63 51
47 64 91
47 65 71
47 66 90
47 67 49
47 68 100
47 69 89
47 70 10
47 71 29
47 72 97
47 73 26
47 74 3
47 75 80
47 76 39
47 77 25
47 78 17
47 79 30
47 80 84
47 81 90
47 82 68
47 83 83
47 84 27
47 85 32
47 86 75
47 87 23
47 88 80
47 89 85
47 90 34
47 91 75
47 92 53
47 93 78
47 94 21
47 95 73
47 96 92
47 97 45
47 98 94
47 99 68
47 100 23
47 101 60
47 102 58
47 103 60
47 104 2
47 105 6
47 106 29
47 107 37
47 108 94
47 109 96
47 110 55
47 111 29
47 112 88
47 113 91
47 114 19
47 115 15
47 116 37
47 117 94
47 118 100
47 119 46
47 120 48
47 121 75
47 122 19
47 123 15
47 124 37
47 125 91
47 126 6
47 127 96
47 128 59
47 129 50
47 130 91
47 131 63
47 132 3
47 133 31
47 134 21
47 135 41
47 136 70
47 137 28
47 138 25
47 139 87
47 140 73
47 141 9
47 142 52
47 143 24
47 144 19
47 145 4
47 146 18
47 147 75
47 148 22
47 149 69
47 150 78
47 151 7
47 152 38
47 153 83
47 154 78
47 155 1
47 156 14
47 157 19
47 158 87
47 159 72
48 49 50
48 50 78
48 51 30
48 52 98
48 53 99
48 54 30
48 55 79
48 56 54
48 57 48
48 58 30
48 59 39
48 60 21
48 61 86
48 62 83
48 63 58
48 64 43
48 65 85
48 66 94
48 67 51
48 68 93
48 69 42
48 70 12
48 71 60
48 72 7
48 73 87
48 74 34
48 75 15
48 76 56
48 77 79
48 78 85
48 79 66
48 80 100
48 81 25
48 82 70
48 83 48
48 84 57
48 85 85
48 86 61
48 87 26
48 88 26
48 89 30
48 90 73
48 91 78
48 92 82
48 93 87
48 94 19
48 95 99
48 96 90
48 97 100
48 98 83
48 99 20
48 100 73
48 101 25
48 102 81
48 103 11
48 104 99
48 105 58
48 106 12
48 107 53
48 108 6
48 109 24
48 110 50
48 111 65
48 112 47
48 113 33
48 114 70
48 115 47
48 116 4
48 117 96
48 118 55
48 119 70
48 120 56
48 121 5
48 122 11
48 123 15
48 124 69
48 125 4
48 126 66
48 127 70
48 128 27
48 129 66
48 130 92
48 131 11
48 132 4
48 133 67
48 134 63
48 135 77
48 136 18
48 137 29
48 138 15
48 139 24
48 140 21
48 141 17
48 142 80
48 143 61
48 144 97
48 145 27
48 146 1
48 147 91
48 148 81
48 149 10
48 150 15
48 151 30
48 152 98
48 153 66
48 154 37
48 155 41
48 156 27
48 157 69
48 158 28
48 159 98
49 50 54
49 51 96
49 52 63
49 53 74
49 54 95
49 55 1
49 56 21
49 57 58
49 58 48
49 59 50
49 60 84
49 61 44
49 62 77
49 63 58
49 64 97
49 65 85
49 66 63
49 67 57
49 68 55
49 69 32
49 70 12
49 71 50
49 72 23
49 73 75
49 74 48
49 75 58
49 76 56
49 77 55
49 78 85
49 79 74
49 80 97
49 81 57
49 82 46
49 83 61
49 84 34
49 85 91
49 86 83
49 87 2
49 88 49
49 89 11
49 90 5
49 91 42
49 92 58
49 93 48
49 94 97
49 95 40
49 96 52
49 97 10
49 98 92
49 99 88
49 100 50
49 101 88
49 102 53
49 103 8
49 104 88
49 105 100
49 106 26
49 107 69
49 108 49
49 109 37
49 110 68
49 111 47
49 112 54
49 113 76
49 114 56
49 115 75
49 116 31
49 117 97
49 118 35
49 119 86
49 120 65
49 121 95
49 122 81
49 123 14
49 124 81
49 125 67
49 126 97
49 127 67
49 128 69
49 129 10
49 130 60
49 131 71
49 132 14
49 133 98
49 134 43
49 135 58
49 136 90
49 137 31
49 138 10
49 139 89
49 140 36
49 141 97
49 142 4
49 143 63
49 144 100
49 145 79
49 146 84
49 147 72
49 148 76
49 149 26
49 150 28
49 151 66
49 152 75
49 153 77
49 154 27
49 155 89
49 156 79
49 157 92
49 158 40
49 159 57
50 51 64
50 52 28
50 53 56
50 54 26
50 55 22
50 56 20
50 57 65
50 58 9
50 59 91
50 60 83
50 61 82
50 62 9
50 63 70
50 64 13
50 65 26
50 66 58
50 67 5
50 68 18
50 69 23
50 70 85
50 71 47
50 72 4
50 73 30
50 74 63
50 75 28
50 76 5
50 77 96
50 78 88
50 79 74
50 80 47
50 81 16
50 82 61
50 83 31
50 84 31
50 85 28
50 86 98
50 87 38
50 88 41
50 89 74
50 90 59
50 91 76
50 92 47
50 93 15
50 94 75
50 95 30
50 96 25
50 97 74
50 98 9
50 99 48
50 100 54
50 101 74
50 102 18
50 103 31
50 104 9
50 105 4
50 106 86
50 107 43
50 108 58
50 109 16
50 110 67
50 111 33
50 112 29
50 113 75
50 114 13
50 115 2
50 116 17
50 117 10
50 118 88
50 119 38
50 120 60
50 121 43
50 122 79
50 123 53
50 124 44
50 125 33
50 126 74
50 127 69
50 128 94
50 129 10
50 130 29
50 131 3
50 132 99
50 133 17
50 134 45
50 135 27
50 136 68
50 137 70
50 138 16
50 139 4
50 140 81
50 141 36
50 142 94
50 143 20
50 144 30
50 145 32
50 146 11
50 147 64
50 148 25
50 149 28
50 150 35
50 151 14
50 152 51
50 153 83
50 154 83
50 155 31
50 156 5
50 157 47
50 158 99
50 159 7
51 52 36
51 53 1
51 54 93
51 55 42
51 56 92
51 57 20
51 58 39
51 59 23
51 60 13
51 61 10
51 62 51
51 63 41
51 64 17
51 65 90
51 66 25
51 67 53
51 68 1
51 69 63
51 70 52
51 71 72
51 72 1
51 73 20
51 74 92
51 75 6
51 76 41
51 77 81
51 78 81
51 79 62
51 80 44
51 81 65
51 82 47
51 83 55
51 84 14
51 85 74
51 86 73
51 87 28
51 88 7
51 89 9
51 90 89
51 91 25
51 92 22
51 93 82
51 94 53
51 95 98
51 96 59
51 97 77
51 98 77
51 99 84
51 100 10
51 101 57
51 102 32
51 103 87
51 104 59
51 105 48
51 106 45
51 107 47
51 108 7
51 109 45
51 110 3
51 111 85
51 112 47
51 113 83
51 114 30
51 115 42
51 116 13
51 117 23
51 118 50
51 119 68
51 120 89
51 121 79
51 122 41
51 123 2
51 124 5
51 125 25
51 126 52
51 127 26
51 128 31
51 129 89
51 130 75
51 131 22
51 132 89
51 133 90
51 134 1
51 135 34
51 136 84
51 137 49
51 138 76
51 139 27
51 140 92
51 141 10
51 142 40
51 143 22
51 144 41
51 145 9
51 146 11
51 147 92
51 148 82
51 149 45
51 150 26
51 151 89
51 152 90
51 153 85
51 154 4
51 155 35
51 156 65
51 157 43
51 158 34
51 159 2
52 53 76
52 54 47
52 55 37
52 56 53
52 57 58
52 58 3
52 59 100
52 60 39
52 61 74
52 62 41
52 63 55
52 64 38
52 65 49
52 66 44
52 67 36
52 68 4
52 69 10
52 70 51
52 71 100
52 72 58
52 73 38
52 74 24
52 75 45
52 76 62
52 77 49
52 78 15
52 79 52
52 80 3
52 81 64
52 82 31
52 83 62
52 84 25
52 85 17
52 86 26
52 87 33
52 88 31
52 89 95
52 90 29
52 91 46
52 92 96
52 93 4
52 94 16
52 95 77
52 96 45
52 97 99
52 98 94
52 99 26
52 100 46
52 101 21
52 102 75
52 103 28
52 104 7
52 105 86
52 106 40
52 107 71
52 108 33
52 109 49
52 110 1
52 111 69
52 112 43
52 113 38
52 114 12
52 115 51
52 116 60
52 117 49
52 118 13
52 119 22
52 120 38
52 121 47
52 122 79
52 123 78
52 124 64
52 125 8
52 126 52
52 127 22
52 128 41
52 129 10
52 130 15
52 131 8
52 132 83
52 133 30
52 134 76
52 135 59
52 136 48
52 137 79
52 138 63
52 139 12
52 140 71
52 141 4
52 142 95
52 143 15
52 144 68
52 145 37
52 146 68
52 147 43
52 148 27
52 149 33
52 150 87
52 151 39
52 152 57
52 153 70
52 154 92
52 155 60
52 156 36
52 157 3
52 158 50
52 159 1
53 54 72
53 55 22
53 56 30
53 57 5
53 58 21
53 59 98
53 60 8
53 61 11
53 62 68
53 63 33
53 64 23
53 65 91
53 66 29
53 67 89
53 68 14
53 69 11
53 70 2
53 71 19
53 72 78
53 73 77
53 74 22
53 75 86
53 76 94
53 77 88
53 78 37
53 79 41
53 80 87
53 81 59
53 82 100
53 83 8
53 84 10
53 85 70
53 86 58
53 87 83
53 88 77
53 89 23
53 90 23
53 91 84
53 92 72
53 93 53
53 94 65
53 95 44
53 96 26
53 97 4
53 98 12
53 99 21
53 100 57
53 101 93
53 102 6
53 103 53
53 104 3
53 105 70
53 106 96
53 107 97
53 108 95
53 109 93
53 110 46
53 111 16
53 112 39
53 113 94
53 114 48
53 115 51
53 116 54
53 117 59
53 118 36
53 119 46
53 120 36
53 121 80
53 122 58
53 123 13
53 124 63
53 125 25
53 126 14
53 127 73
53 128 90
53 129 75
53 130 81
53 131 60
53 132 62
53 133 94
53 134 72
53 135 26
53 136 30
53 137 17
53 138 92
53 139 9
53 140 96
53 141 4
53 142 29
53 143 55
53 144 40
53 145 81
53 146 2
53 147 93
53 148 62
53 149 95
53 150 5
53 151 27
53 152 35
53 153 30
53 154 65
53 155 39
53 156 75
53 157 94
53 158 26
53 159 10
54 55 8
54 56 30
54 57 25
54 58 85
54 59 89
54 60 60
54 61 57
54 62 67
54 63 16
54 64 76
54 65 86
54 66 86
54 67 34
54 68 36
54 69 27
54 70 75
54 71 96
54 72 81
54 73 74
54 74 21
54 75 40
54 76 31
54 77 69
54 78 62
54 79 30
54 80 16
54 81 40
54 82 89
54 83 29
54 84 1
54 85 44
54 86 20
54 87 18
54 88 72
54 89 55
54 90 66
54 91 52
54 92 24
54 93 14
54 94 79
54 95 15
54 96 16
54 97 62
54 98 90
54 99 100
54 100 5
54 101 99
54 102 28
54 103 89
54 104 31
54 105 22
54 106 63
54 107 87
54 108 56
54 109 89
54 110 58
54 111 11
54 112 4
54 113 67
54 114 35
54 115 20
54 116 19
54 117 86
54 118 8
54 119 49
54 120 10
54 121 68
54 122 2
54 123 39
54 124 96
54 125 91
54 126 73
54 127 74
54 128 86
54 129 78
54 130 26
54 131 31
54 132 9
54 133 8
54 134 54
54 135 37
54 136 54
54 137 64
54 138 58
54 139 57
54 140 74
54 141 69
54 142 87
54 143 43
54 144 51
54 145 43
54 146 5
54 147 93
54 148 65
54 149 26
54 150 32
54 151 72
54 152 60
54 153 8
54 154 2
54 155 64
54 156 96
54 157 22
54 158 71
54 159 54
55 56 90
55 57 18
55 58 47
55 59 88
55 60 41
55 61 78
55 62 55
55 63 29
55 64 12
55 65 94
55 66 65
55 67 23
55 68 9
55 69 85
55 70 17
55 71 28
55 72 55
55 73 43
55 74 77
55 75 9
55 76 76
55 77 13
55 78 6
55 79 16
55 80 92
55 81 8
55 82 5
55 83 66
55 84 73
55 85 32
55 86 56
55 87 83
55 88 91
55 89 79
55 90 91
55 91 90
55 92 69
55 93 14
55 94 78
55 95 22
55 96 89
55 97 89
55 98 8
55 99 7
55 100 50
55 101 87
55 102 97
55 103 46
55 104 49
55 105 41
55 106 37
55 107 51
55 108 40
55 109 39
55 110 73
55 111 8
55 112 73
55 113 16
55 114 16
55 115 17
55 116 92
55 117 11
55 118 16
55 119 27
55 120 66
55 121 3
55 122 5
55 123 48
55 124 84
55 125 55
55 126 100
55 127 67
55 128 47
55 129 12
55 130 80
55 131 18
55 132 61
55 133 54
55 134 61
55 135 27
55 136 67
55 137 16
55 138 82
55 139 33
55 140 9
55 141 81
55 142 29
55 143 28
55 144 31
55 145 51
55 146 57
55 147 85
55 148 38
55 149 84
55 150 46
55 151 2
55 152 86
55 153 19
55 154 24
55 155 37
55 156 34
55 157 15
55 158 99
55 159 70
56 57 91
56 58 66
56 59 8
56 60 66
56 61 21
56 62 16
56 63 6
56 64 73
56 65 12
56 66 82
56 67 37
56 68 7
56 69 27
56 70 70
56 71 39
56 72 50
56 73 86
56 74 88
56 75 3
56 76 70
56 77 3
56 78 76
56 79 15
56 80 2
56 81 90
56 82 45
56 83 7
56 84 58
56 85 8
56 86 48
56 87 78
56 88 20
56 89 18
56 90 16
56 91 45
56 92 71
56 93 7
56 94 89
56 95 21
56 96 84
56 97 44
56 98 49
56 99 70
56 100 93
56 101 6
56 102 19
56 103 50
56 104 55
56 105 75
56 106 80
56 107 34
56 108 51
56 109 64
56 110 83
56 111 35
56 112 67
56 113 55
56 114 40
56 115 94
56 116 80
56 117 35
56 118 8
56 119 40
56 120 32
56 121 54
56 122 8
56 123 84
56 124 59
56 125 36
56 126 61
56 127 27
56 128 49
56 129 15
56 130 24
56 131 49
56 132 90
56 133 29
56 134 52
56 135 19
56 136 74
56 137 1
56 138 62
56 139 80
56 140 71
56 141 37
56 142 47
56 143 31
56 144 5
56 145 36
56 146 95
56 147 98
56 148 3
56 149 61
56 150 5
56 151 5
56 152 72
56 153 61
56 154 85
56 155 21
56 156 65
56 157 78
56 158 19
56 159 24
57 58 6
57 59 43
57 60 96
57 61 34
57 62 84
57 63 38
57 64 38
57 65 23
57 66 24
57 67 26
57 68 73
57 69 87
57 70 93
57 71 92
57 72 81
57 73 90
57 74 100
57 75 90
57 76 79
57 77 18
57 78 74
57 79 29
57 80 94
57 81 28
57 82 55
57 83 72
57 84 12
57 85 28
57 86 36
57 87 22
57 88 4
57 89 16
57 90 60
57 91 63
57 92 55
57 93 59
57 94 28
57 95 32
57 96 28
57 97 53
57 98 24
57 99 47
57 100 61
57 101 26
57 102 58
57 103 98
57 104 14
57 105 65
57 106 24
57 107 60
57 108 80
57 109 56
57 110 90
57 111 65
57 112 49
57 113 92
57 114 64
57 115 64
57 116 15
57 117 34
57 118 46
57 119 31
57 120 84
57 121 66
57 122 31
57 123 95
57 124 4
57 125 28
57 126 23
57 127 5
57 128 72
57 129 46
57 130 32
57 131 62
57 132 94
57 133 79
57 134 19
57 135 93
57 136 49
57 137 80
57 138 41
57 139 55
57 140 9
57 141 26
57 142 15
57 143 23
57 144 87
57 145 95
57 146 5
57 147 40
57 148 70
57 149 62
57 150 27
57 151 57
57 152 26
57 153 82
57 154 22
57 155 5
57 156 82
57 157 48
57 158 100
57 159 89
58 59 65
58 60 97
58 61 1
58 62 89
58 63 33
58 64 54
58 65 23
58 66 25
58 67 46
58 68 34
58 69 7
58 70 81
58 71 37
58 72 87
58 73 66
58 74 83
58 75 22
58 76 25
58 77 45
58 78 38
58 79 100
58 80 13
58 81 62
58 82 82
58 83 57
58 84 64
58 85 94
58 86 36
58 87 9
58 88 83
58 89 40
58 90 13
58 91 7
58 92 98
58 93 8
58 94 68
58 95 80
58 96 83
58 97 12
58 98 79
58 99 34
58 100 41
58 101 87
58 102 54
58 103 87
58 104 55
58 105 88
58 106 34
58 107 90
58 108 91
58 109 92
58 110 93
58 111 82
58 112 46
58 113 18
58 114 4
58 115 42
58 116 41
58 117 41
58 118 91
58 119 56
58 120 81
58 121 31
58 122 50
58 123 70
58 124 97
58 125 97
58 126 41
58 127 96
58 128 36
58 129 63
58 130 35
58 131 68
58 132 99
58 133 82
58 134 39
58 135 10
58 136 27
58 137 52
58 138 37
58 139 84
58 140 92
58 141 13
58 142 33
58 143 99
58 144 7
58 145 22
58 146 24
58 147 2
58 148 35
58 149 35
58 150 66
58 151 16
58 152 84
58 153 54
58 154 48
58 155 23
58 156 30
58 157 81
58 158 40
58 159 27
59 60 94
59 61 1
59 62 46
59 63 11
59 64 47
59 65 38
59 66 79
59 67 33
59 68 81
59 69 50
59 70 82
59 71 76
59 72 71
59 73 20
59 74 77
59 75 37
59 76 53
59 77 34
59 78 84
59 79 9
59 80 40
59 81 57
59 82 47
59 83 92
59 84 94
59 85 67
59 86 63
59 87 1
59 88 61
59 89 76
59 90 98
59 91 63
59 92 60
59 93 27
59 94 49
59 95 28
59 96 3
59 97 26
59 98 16
59 99 91
59 100 26
59 101 29
59 102 24
59 103 82
59 104 84
59 105 92
59 106 53
59 107 5
59 108 65
59 109 52
59 110 1
59 111 25
59 112 78
59 113 7
59 114 89
59 115 66
59 116 87
59 117 48
59 118 52
59 119 95
59 120 10
59 121 61
59 122 30
59 123 38
59 124 55
59 125 50
59 126 25
59 127 86
59 128 84
59 129 1
59 130 35
59 131 45
59 132 93
59 133 66
59 134 87
59 135 19
59 136 13
59 137 70
59 138 72
59 139 30
59 140 89
59 141 68
59 142 99
59 143 39
59 144 20
59 145 9
59 146 7
59 147 10
59 148 44
59 149 65
59 150 27
59 151 85
59 152 41
59 153 78
59 154 3
59 155 65
59 156 83
59 157 100
59 158 37
59 159 52
60 61 86
60 62 35
60 63 35
60 64 24
60 65 83
60 66 72
60 67 95
60 68 58
60 69 73
60 70 74
60 71 34
60 72 65
60 73 81
60 74 44
60 75 92
60 76 90
60 77 62
60 78 82
60 79 22
60 80 90
60 81 25
60 82 18
60 83 7
60 84 8
60 85 71
60 86 28
60 87 29
60 88 66
60 89 21
60 90 92
60 91 67
60 92 8
60 93 17
60 94 54
60 95 62
60 96 33
60 97 52
60 98 83
60 99 74
60 100 72
60 101 4
60 102 67
60 103 98
60 104 73
60 105 54
60 106 60
60 107 67
60 108 41
60 109 84
60 110 69
60 111 31
60 112 89
60 113 10
60 114 84
60 115 87
60 116 78
60 117 39
60 118 72
60 119 73
60 120 27
60 121 93
60 122 12
60 123 42
60 124 7
60 125 36
60 126 34
60 127 70
60 128 28
60 129 65
60 130 17
60 131 85
60 132 5
60 133 34
60 134 13
60 135 53
60 136 41
60 137 85
60 138 17
60 139 53
60 140 96
60 141 12
60 142 43
60 143 7
60 144 27
60 145 6
60 146 8
60 147 23
60 148 9
60 149 65
60 150 16
60 151 88
60 152 18
60 153 74
60 154 42
60 155 75
60 156 3
60 157 96
60 158 99
60 159 17
61 62 32
61 63 42
61 64 41
61 65 23
61 66 30
61 67 6
61 68 58
61 69 49
61 70 23
61 71 20
61 72 10
61 73 60
61 74 1
61 75 57
61 76 60
61 77 41
61 78 27
61 79 49
61 80 21
61 81 17
61 82 23
61 83 51
61 84 52
61 85 85
61 86 13
61 87 38
61 88 38
61 89 10
61 90 61
61 91 85
61 92 46
61 93 81
61 94 1
61 95 74
61 96 73
61 97 55
61 98 96
61 99 19
61 100 27
61 101 6
61 102 95
61 103 87
61 104 93
61 105 39
61 106 39
61 107 9
61 108 13
61 109 19
61 110 54
61 111 32
61 112 21
61 113 29
61 114 31
61 115 36
61 116 18
61 117 21
61 118 63
61 119 64
61 120 52
61 121 97
61 122 7
61 123 87
61 124 85
61 125 100
61 126 50
61 127 90
61 128 95
61 129 10
61 130 75
61 131 53
61 132 30
61 133 65
61 134 74
61 135 63
61 136 60
61 137 50
61 138 12
61 139 53
61 140 92
61 141 63
61 142 87
61 143 100
61 144 100
61 145 1
61 146 61
61 147 10
61 148 64
61 149 81
61 150 35
61 151 44
61 152 11
61 153 56
61 154 35
61 155 91
61 156 18
61 157 39
61 158 86
61 159 39
62 63 30
62 64 91
62 65 79
62 66 79
62 67 73
62 68 46
62 69 2
62 70 60
62 71 73
62 72 11
62 73 67
62 74 21
62 75 20
62 76 73
62 77 58
62 78 42
62 79 90
62 80 54
62 81 90
62 82 57
62 83 54
62 84 54
62 85 58
62 86 34
62 87 77
62 88 54
62 89 7
62 90 61
62 91 83
62 92 5
62 93 5
62 94 82
62 95 95
62 96 45
62 97 35
62 98 57
62 99 38
62 100 57
62 101 90
62 102 34
62 103 42
62 104 81
62 105 1
62 106 5
62 107 97
62 108 36
62 109 77
62 110 40
62 111 81
62 112 70
62 113 86
62 114 9
62 115 81
62 116 7
62 117 10
62 118 85
62 119 18
62 120 81
62 121 12
62 122 20
62 123 37
62 124 40
62 125 49
62 126 63
62 127 58
62 128 3
62 129 2
62 130 43
62 131 91
62 132 9
62 133 96
62 134 71
62 135 74
62 136 92
62 137 27
62 138 54
62 139 99
62 140 79
62 141 49
62 142 57
62 143 82
62 144 31
62 145 32
62 146 18
62 147 16
62 148 32
62 149 3
62 150 61
62 151 66
62 152 84
62 153 90
62 154 22
62 155 90
62 156 45
62 157 88
62 158 89
62 159 24
63 64 24
63 65 32
63 66 6
63 67 59
63 68 81
63 69 66
63 70 49
63 71 93
63 72 14
63 73 20
63 74 27
63 75 43
63 76 86
63 77 92
63 78 83
63 79 93
63 80 62
63 81 55
63 82 34
63 83 74
63 84 58
63 85 18
63 86 1
63 87 21
63 88 36
63 89 7
63 90 11
63 91 86
63 92 83
63 93 46
63 94 56
63 95 45
63 96 41
63 97 31
63 98 70
63 99 50
63 100 6
63 101 90
63 102 19
63 103 41
63 104 18
63 105 62
63 106 86
63 107 48
63 108 22
63 109 36
63 110 52
63 111 77
63 112 7
63 113 12
63 114 94
63 115 59
63 116 27
63 117 21
63 118 81
63 119 2
63 120 18
63 121 81
63 122 56
63 123 86
63 124 89
63 125 30
63 126 60
63 127 19
63 128 54
63 129 52
63 130 41
63 131 93
63 132 57
63 133 19
63 134 22
63 135 35
63 136 26
63 137 76
63 138 82
63 139 26
63 140 24
63 141 63
63 142 69
63 143 29
63 144 80
63 145 36
63 146 40
63 147 70
63 148 16
63 149 93
63 150 18
63 151 12
63 152 32
63 153 79
63 154 59
63 155 62
63 156 55
63 157 98
63 158 60
63 159 15
64 65 21
64 66 57
64 67 95
64 68 96
64 69 19
64 70 22
64 71 23
64 72 13
64 73 55
64 74 54
64 75 3
64 76 66
64 77 67
64 78 40
64 79 32
64 80 92
64 81 56
64 82 83
64 83 45
64 84 83
64 85 37
64 86 83
64 87 32
64 88 8
64 89 47
64 90 88
64 91 72
64 92 14
64 93 60
64 94 98
64 95 54
64 96 23
64 97 99
64 98 1
64 99 89
64 100 49
64 101 12
64 102 23
64 103 32
64 104 95
64 105 96
64 106 4
64 107 93
64 108 92
64 109 20
64 110 43
64 111 50
64 112 24
64 113 55
64 114 11
64 115 93
64 116 97
64 117 9
64 118 89
64 119 91
64 120 63
64 121 1
64 122 58
64 123 94
64 124 45
64 125 42
64 126 81
64 127 85
64 128 35
64 129 42
64 130 66
64 131 9
64 132 59
64 133 83
64 134 53
64 135 67
64 136 19
64 137 36
64 138 28
64 139 35
64 140 40
64 141 51
64 142 80
64 143 94
64 144 55
64 145 32
64 146 49
64 147 59
64 148 81
64 149 28
64 150 74
64 151 8
64 152 64
64 153 41
64 154 40
64 155 49
64 156 73
64 157 47
64 158 11
64 159 4
65 66 36
65 67 31
65 68 49
65 69 77
65 70 86
65 71 26
65 72 27
65 73 67
65 74 37
65 75 40
65 76 33
65 77 89
65 78 13
65 79 76
65 80 95
65 81 98
65 82 30
65 83 56
65 84 19
65 85 32
65 86 33
65 87 71
65 88 50
65 89 9
65 90 48
65 91 69
65 92 54
65 93 18
65 94 28
65 95 18
65 96 83
65 97 4
65 98 60
65 99 38
65 100 94
65 101 7
65 102 21
65 103 81
65 104 7
65 105 99
65 106 96
65 107 29
65 108 4
65 109 36
65 110 30
65 111 2
65 112 92
65 113 96
65 114 75
65 115 72
65 116 92
65 117 87
65 118 68
65 119 95
65 120 96
65 121 65
65 122 42
65 123 70
65 124 21
65 125 29
65 126 88
65 127 42
65 128 2
65 129 62
65 130 40
65 131 51
65 132 8
65 133 21
65 134 90
65 135 34
65 136 88
65 137 98
65 138 19
65 139 53
65 140 88
65 141 61
65 142 26
65 143 47
65 144 34
65 145 31
65 146 11
65 147 96
65 148 63
65 149 81
65 150 43
65 151 7
65 152 90
65 153 6
65 154 36
65 155 64
65 156 67
65 157 58
65 158 66
65 159 100
66 67 21
66 68 5
66 69 29
66 70 44
66 71 88
66 72 98
66 73 54
66 74 47
66 75 66
66 76 19
66 77 60
66 78 84
66 79 26
66 80 44
66 81 53
66 82 100
66 83 40
66 84 69
66 85 49
66 86 44
66 87 95
66 88 56
66 89 68
66 90 79
66 91 96
66 92 89
66 93 8
66 94 27
66 95 71
66 96 32
66 97 23
66 98 28
66 99 53
66 100 36
66 101 90
66 102 71
66 103 18
66 104 13
66 105 16
66 106 50
66 107 4
66 108 37
66 109 86
66 110 71
66 111 66
66 112 48
66 113 59
66 114 46
66 115 35
66 116 81
66 117 91
66 118 68
66 119 92
66 120 77
66 121 49
66 122 40
66 123 13
66 124 16
66 125 27
66 126 56
66 127 49
66 128 22
66 129 93
66 130 91
66 131 52
66 132 98
66 133 93
66 134 58
66 135 45
66 136 60
66 137 34
66 138 80
66 139 72
66 140 75
66 141 88
66 142 16
66 143 33
66 144 62
66 145 38
66 146 37
66 147 22
66 148 28
66 149 29
66 150 27
66 151 4
66 152 37
66 153 10
66 154 20
66 155 96
66 156 12
66 157 6
66 158 83
66 159 16
67 68 60
67 69 44
67 70 59
67 71 65
67 72 67
67 73 75
67 74 6
67 75 10
67 76 16
67 77 22
67 78 30
67 79 1
67 80 89
67 81 73
67 82 27
67 83 40
67 84 77
67 85 92
67 86 1
67 87 80
67 88 73
67 89 98
67 90 42
67 91 34
67 92 60
67 93 66
67 94 55
67 95 99
67 96 64
67 97 19
67 98 97
67 99 83
67 100 13
67 101 40
67 102 22
67 103 72
67 104 23
67 105 86
67 106 46
67 107 48
67 108 46
67 109 78
67 110 48
67 111 72
67 112 97
67 113 8
67 114 65
67 115 25
67 116 40
67 117 1
67 118 41
67 119 21
67 120 60
67 121 83
67 122 36
67 123 22
67 124 58
67 125 9
67 126 97
67 127 24
67 128 68
67 129 96
67 130 23
67 131 17
67 132 55
67 133 5
67 134 23
67 135 8
67 136 32
67 137 95
67 138 51
67 139 69
67 140 36
67 141 93
67 142 64
67 143 89
67 144 7
67 145 1
67 146 46
67 147 51
67 148 61
67 149 41
67 150 7
67 151 64
67 152 40
67 153 88
67 154 96
67 155 93
67 156 86
67 157 41
67 158 94
67 159 99
68 69 4
68 70 82
68 71 97
68 72 29
68 73 17
68 74 67
68 75 85
68 76 34
68 77 26
68 78 72
68 79 93
68 80 2
68 81 39
68 82 65
68 83 46
68 84 94
68 85 95
68 86 92
68 87 29
68 88 28
68 89 17
68 90 35
68 91 20
68 92 16
68 93 37
68 94 2
68 95 13
68 96 27
68 97 75
68 98 4
68 99 57
68 100 97
68 101 65
68 102 67
68 103 81
68 104 34
68 105 40
68 106 39
68 107 94
68 108 59
68 109 73
68 110 34
68 111 51
68 112 8
68 113 72
68 114 42
68 115 62
68 116 45
68 117 27
68 118 70
68 119 69
68 120 96
68 121 81
68 122 75
68 123 18
68 124 56
68 125 42
68 126 51
68 127 2
68 128 45
68 129 46
68 130 94
68 131 29
68 132 89
68 133 39
68 134 45
68 135 87
68 136 85
68 137 28
68 138 82
68 139 40
68 140 41
68 141 94
68 142 70
68 143 84
68 144 49
68 145 10
68 146 37
68 147 58
68 148 22
68 149 27
68 150 82
68 151 12
68 152 59
68 153 19
68 154 80
68 155 58
68 156 13
68 157 58
68 158 70
68 159 49
69 70 53
69 71 66
69 72 34
69 73 51
69 74 13
69 75 6
69 76 79
69 77 12
69 78 53
69 79 69
69 80 65
69 81 42
69 82 94
69 83 76
69 84 66
69 85 100
69 86 89
69 87 69
69 88 58
69 89 14
69 90 96
69 91 64
69 92 72
69 93 23
69 94 28
69 95 28
69 96 92
69 97 1
69 98 61
69 99 70
69 100 83
69 101 22
69 102 60
69 103 23
69 104 85
69 105 56
69 106 2
69 107 42
69 108 93
69 109 94
69 110 54
69 111 13
69 112 71
69 113 10
69 114 90
69 115 72
69 116 6
69 117 21
69 118 24
69 119 71
69 120 79
69 121 10
69 122 62
69 123 98
69 124 12
69 125 29
69 126 1
69 127 29
69 128 4
69 129 26
69 130 34
69 131 92
69 132 2
69 133 92
69 134 82
69 135 20
69 136 21
69 137 11
69 138 24
69 139 68
69 140 62
69 141 14
69 142 62
69 143 62
69 144 24
69 145 91
69 146 44
69 147 14
69 148 71
69 149 71
69 150 1
69 151 77
69 152 74
69 153 34
69 154 35
69 155 70
69 156 27
69 157 77
69 158 13
69 159 83
70 71 82
70 72 41
70 73 51
70 74 49
70 75 15
70 76 7
70 77 40
70 78 56
70 79 27
70 80 47
70 81 41
70 82 46
70 83 74
70 84 100
70 85 46
70 86 11
70 87 65
70 88 17
70 89 33
70 90 50
70 91 81
70 92 13
70 93 69
70 94 95
70 95 35
70 96 60
70 97 69
70 98 68
70 99 16
70 100 6
70 101 24
70 102 20
70 103 45
70 104 27
70 105 27
70 106 1
70 107 90
70 108 58
70 109 84
70 110 26
70 111 20
70 112 28
70 113 9
70 114 45
70 115 96
70 116 62
70 117 8
70 118 9
70 119 54
70 120 80
70 121 2
70 122 93
70 123 53
70 124 12
70 125 33
70 126 52
70 127 1
70 128 51
70 129 50
70 130 60
70 131 74
70 132 95
70 133 36
70 134 18
70 135 88
70 136 93
70 137 74
70 138 65
70 139 30
70 140 52
70 141 52
70 142 72
70 143 86
70 144 72
70 145 27
70 146 74
70 147 35
70 148 68
70 149 85
70 150 37
70 151 58
70 152 27
70 153 66
70 154 46
70 155 80
70 156 7
70 157 10
70 158 91
70 159 5
71 72 90
71 73 19
71 74 10
71 75 60
71 76 53
71 77 46
71 78 86
71 79 95
71 80 98
71 81 67
71 82 44
71 83 38
71 84 78
71 85 74
71 86 80
71 87 44
71 88 4
71 89 71
71 90 75
71 91 35
71 92 54
71 93 96
71 94 93
71 95 67
71 96 25
71 97 31
71 98 100
71 99 37
71 100 83
71 101 34
71 102 57
71 103 45
71 104 59
71 105 27
71 106 63
71 107 24
71 108 32
71 109 76
71 110 26
71 111 67
71 112 79
71 113 76
71 114 40
71 115 49
71 116 10
71 117 30
71 118 87
71 119 6
71 120 5
71 121 82
71 122 62
71 123 68
71 124 69
71 125 58
71 126 18
71 127 62
71 128 41
71 129 24
71 130 52
71 131 66
71 132 37
71 133 29
71 134 23
71 135 2
71 136 55
71 137 58
71 138 6
71 139 74
71 140 41
71 141 70
71 142 80
71 143 49
71 144 97
71 145 83
71 146 2
71 147 34
71 148 49
71 149 55
71 150 67
71 151 35
71 152 55
71 153 88
71 154 28
71 155 75
71 156 97
71 157 26
71 158 13
71 159 89
72 73 69
72 74 88
72 75 90
72 76 78
72 77 23
72 78 67
72 79 7
72 80 49
72 81 38
72 82 79
72 83 86
72 84 26
72 85 46
72 86 35
72 87 49
72 88 61
72 89 66
72 90 57
72 91 47
72 92 59
72 93 85
72 94 56
72 95 76
72 96 47
72 97 67
72 98 43
72 99 46
72 100 12
72 101 33
72 102 26
72 103 68
72 104 30
72 105 71
72 106 43
72 107 59
72 108 91
72 109 12
72 110 87
72 111 85
72 112 62
72 113 69
72 114 28
72 115 45
72 116 56
72 117 24
72 118 83
72 119 43
72 120 21
72 121 25
72 122 13
72 123 58
72 124 82
72 125 60
72 126 17
72 127 98
72 128 72
72 129 17
72 130 4
72 131 36
72 132 36
72 133 61
72 134 56
72 135 37
72 136 27
72 137 47
72 138 67
72 139 99
72 140 46
72 141 59
72 142 17
72 143 51
72 144 51
72 145 62
72 146 18
72 147 6
72 148 77
72 149 11
72 150 22
72 151 45
72 152 11
72 153 60
72 154 29
72 155 31
72 156 13
72 157 91
72 158 69
72 159 35
73 74 21
73 75 99
73 76 64
73 77 78
73 78 67
73 79 76
73 80 47
73 81 88
73 82 19
73 83 50
73 84 11
73 85 52
73 86 97
73 87 94
73 88 85
73 89 80
73 90 62
73 91 5
73 92 20
73 93 61
73 94 58
73 95 34
73 96 22
73 97 37
73 98 98
73 99 65
73 100 67
73 101 8
73 102 8
73 103 36
73 104 87
73 105 63
73 106 56
73 107 86
73 108 84
73 109 64
73 110 56
73 111 18
73 112 79
73 113 8
73 114 35
73 115 14
73 116 41
73 117 61
73 118 11
73 119 50
73 120 13
73 121 17
73 122 16
73 123 36
73 124 55
73 125 7
73 126 34
73 127 49
73 128 21
73 129 94
73 130 76
73 131 36
73 132 57
73 133 70
73 134 47
73 135 21
73 136 71
73 137 79
73 138 88
73 139 31
73 140 41
73 141 15
73 142 42
73 143 29
73 144 8
73 145 39
73 146 99
73 147 79
73 148 58
73 149 94
73 150 88
73 151 9
73 152 24
73 153 99
73 154 93
73 155 33
73 156 34
73 157 47
73 158 43
73 159 1
74 75 74
74 76 83
74 77 57
74 78 56
74 79 20
74 80 46
74 81 40
74 82 93
74 83 62
74 84 82
74 85 100
74 86 14
74 87 26
74 88 70
74 89 33
74 90 48
74 91 30
74 92 49
74 93 8
74 94 2
74 95 24
74 96 100
74 97 66
74 98 82
74 99 2
74 100 36
74 101 90
74 102 21
74 103 18
74 104 83
74 105 42
74 106 85
74 107 69
74 108 3
74 109 7
74 110 33
74 111 19
74 112 21
74 113 34
74 114 99
74 115 40
74 116 16
74 117 74
74 118 72
74 119 92
74 120 99
74 121 93
74 122 57
74 123 30
74 124 74
74 125 52
74 126 91
74 127 59
74 128 7
74 129 79
74 130 15
74 131 98
74 132 74
74 133 7
74 134 31
74 135 4
74 136 39
74 137 29
74 138 48
74 139 67
74 140 73
74 141 76
74 142 29
74 143 18
74 144 18
74 145 7
74 146 27
74 147 85
74 148 24
74 149 8
74 150 74
74 151 58
74 152 57
74 153 2
74 154 64
74 155 99
74 156 27
74 157 34
74 158 52
74 159 46
75 76 6
75 77 12
75 78 17
75 79 28
75 80 3
75 81 65
75 82 40
75 83 88
75 84 1
75 85 35
75 86 76
75 87 57
75 88 84
75 89 11
75 90 23
75 91 96
75 92 90
75 93 15
75 94 81
75 95 84
75 96 36
75 97 81
75 98 33
75 99 80
75 100 44
75 101 97
75 102 51
75 103 84
75 104 66
75 105 60
75 106 86
75 107 27
75 108 3
75 109 58
75 110 8
75 111 15
75 112 78
75 113 36
75 114 44
75 115 87
75 116 31
75 117 77
75 118 73
75 119 40
75 120 15
75 121 22
75 122 18
75 123 78
75 124 34
75 125 19
75 126 67
75 127 18
75 128 31
75 129 2
75 130 15
75 131 66
75 132 60
75 133 37
75 134 50
75 135 1
75 136 62
75 137 82
75 138 1
75 139 13
75 140 62
75 141 58
75 142 39
75 143 6
75 144 97
75 145 86
75 146 87
75 147 64
75 148 18
75 149 55
75 150 71
75 151 21
75 152 88
75 153 71
75 154 86
75 155 8
75 156 90
75 157 45
75 158 39
75 159 20
76 77 26
76 78 67
76 79 60
76 80 43
76 81 80
76 82 26
76 83 56
76 84 43
76 85 29
76 86 67
76 87 83
76 88 69
76 89 28
76 90 89
76 91 23
76 92 55
76 93 10
76 94 12
76 95 80
76 96 66
76 97 92
76 98 56
76 99 97
76 100 3
76 101 99
76 102 39
76 103 58
76 104 68
76 105 37
76 106 100
76 107 29
76 108 74
76 109 53
76 110 57
76 111 90
76 112 42
76 113 96
76 114 71
76 115 51
76 116 74
76 117 14
76 118 63
76 119 16
76 120 80
76 121 28
76 122 47
76 123 35
76 124 52
76 125 44
76 126 77
76 127 35
76 128 24
76 129 68
76 130 54
76 131 76
76 132 78
76 133 32
76 134 39
76 135 83
76 136 55
76 137 40
76 138 61
76 139 40
76 140 23
76 141 61
76 142 55
76 143 71
76 144 8
76 145 1
76 146 6
76 147 65
76 148 58
76 149 38
76 150 30
76 151 15
76 152 5
76 153 66
76 154 45
76 155 62
76 156 50
76 157 84
76 158 34
76 159 65
77 78 14
77 79 22
77 80 8
77 81 60
77 82 89
77 83 38
77 84 100
77 85 43
77 86 9
77 87 62
77 88 90
77 89 98
77 90 81
77 91 58
77 92 27
77 93 73
77 94 45
77 95 48
77 96 46
77 97 52
77 98 8
77 99 93
77 100 16
77 101 10
77 102 25
77 103 62
77 104 9
77 105 23
77 106 99
77 107 18
77 108 86
77 109 32
77 110 51
77 111 44
77 112 11
77 113 41
77 114 84
77 115 94
77 116 80
77 117 78
77 118 13
77 119 63
77 120 74
77 121 48
77 122 63
77 123 98
77 124 40
77 125 17
77 126 49
77 127 49
77 128 9
77 129 29
77 130 63
77 131 97
77 132 14
77 133 45
77 134 93
77 135 25
77 136 53
77 137 1
77 138 30
77 139 80
77 140 26
77 141 40
77 142 43
77 143 61
77 144 79
77 145 31
77 146 94
77 147 89
77 148 6
77 149 30
77 150 30
77 151 50
77 152 69
77 153 17
77 154 42
77 155 25
77 156 17
77 157 9
77 158 6
77 159 83
78 79 1
78 80 72
78 81 37
78 82 50
78 83 89
78 84 23
78 85 31
78 86 70
78 87 5
78 88 69
78 89 10
78 90 3
78 91 35
78 92 62
78 93 49
78 94 75
78 95 5
78 96 18
78 97 32
78 98 72
78 99 42
78 100 18
78 101 92
78 102 3
78 103 30
78 104 89
78 105 43
78 106 58
78 107 68
78 108 47
78 109 54
78 110 49
78 111 65
78 112 57
78 113 77
78 114 38
78 115 80
78 116 10
78 117 22
78 118 15
78 119 62
78 120 8
78 121 15
78 122 26
78 123 36
78 124 50
78 125 26
78 126 40
78 127 91
78 128 68
78 129 57
78 130 44
78 131 21
78 132 74
78 133 6
78 134 26
78 135 61
78 136 85
78 137 9
78 138 11
78 139 62
78 140 41
78 141 80
78 142 92
78 143 59
78 144 43
78 145 71
78 146 55
78 147 65
78 148 74
78 149 79
78 150 73
78 151 48
78 152 32
78 153 82
78 154 78
78 155 51
78 156 69
78 157 81
78 158 69
78 159 61
79 80 55
79 81 72
79 82 83
79 83 50
79 84 22
79 85 44
79 86 68
79 87 61
79 88 26
79 89 32
79 90 93
79 91 30
79 92 24
79 93 37
79 94 35
79 95 100
79 96 1
79 97 84
79 98 27
79 99 72
79 100 5
79 101 94
79 102 84
79 103 27
79 104 51
79 105 100
79 106 40
79 107 97
79 108 23
79 109 59
79 110 100
79 111 93
79 112 37
79 113 73
79 114 8
79 115 89
79 116 27
79 117 92
79 118 16
79 119 97
79 120 63
79 121 93
79 122 96
79 123 89
79 124 10
79 125 98
79 126 28
79 127 44
79 128 65
79 129 64
79 130 98
79 131 54
79 132 67
79 133 36
79 134 6
79 135 35
79 136 55
79 137 2
79 138 44
79 139 76
79 140 55
79 141 37
79 142 68
79 143 26
79 144 34
79 145 32
79 146 98
79 147 59
79 148 28
79 149 79
79 150 36
79 151 95
79 152 43
79 153 79
79 154 26
79 155 39
79 156 55
79 157 51
79 158 1
79 159 40
80 81 18
80 82 62
80 83 32
80 84 29
80 85 92
80 86 47
80 87 61
80 88 37
80 89 92
80 90 10
80 91 76
80 92 41
80 93 43
80 94 66
80 95 47
80 96 43
80 97 3
80 98 44
80 99 13
80 100 11
80 101 62
80 102 87
80 103 59
80 104 23
80 105 95
80 106 24
80 107 65
80 108 59
80 109 29
80 110 7
80 111 72
80 112 18
80 113 37
80 114 33
80 115 50
80 116 87
80 117 48
80 118 18
80 119 2
80 120 85
80 121 34
80 122 43
80 123 96
80 124 71
80 125 99
80 126 67
80 127 15
80 128 3
80 129 33
80 130 32
80 131 40
80 132 13
80 133 96
80 134 40
80 135 18
80 136 76
80 137 98
80 138 91
80 139 81
80 140 84
80 141 56
80 142 55
80 143 28
80 144 39
80 145 21
80 146 85
80 147 99
80 148 10
80 149 68
80 150 1
80 151 19
80 152 65
80 153 50
80 154 16
80 155 81
80 156 27
80 157 73
80 158 8
80 159 21
81 82 62
81 83 72
81 84 4
81 85 90
81 86 94
81 87 29
81 88 63
81 89 18
81 90 74
81 91 3
81 92 18
81 93 75
81 94 4
81 95 21
81 96 60
81 97 28
81 98 89
81 99 98
81 100 77
81 101 47
81 102 78
81 103 77
81 104 67
81 105 71
81 106 52
81 107 99
81 108 45
81 109 98
81 110 75
81 111 3
81 112 80
81 113 16
81 114 47
81 115 17
81 116 78
81 117 93
81 118 10
81 119 20
81 120 93
81 121 37
81 122 9
81 123 98
81 124 25
81 125 47
81 126 56
81 127 69
81 128 34
81 129 59
81 130 5
81 131 5
81 132 87
81 133 75
81 134 93
81 135 45
81 136 67
81 137 68
81 138 58
81 139 97
81 140 100
81 141 77
81 142 84
81 143 12
81 144 98
81 145 81
81 146 47
81 147 98
81 148 45
81 149 94
81 150 85
81 151 61
81 152 30
81 153 73
81 154 95
81 155 34
81 156 12
81 157 12
81 158 30
81 159 69
82 83 48
82 84 86
82 85 27
82 86 96
82 87 61
82 88 8
82 89 86
82 90 92
82 91 25
82 92 41
82 93 16
82 94 98
82 95 43
82 96 98
82 97 24
82 98 14
82 99 90
82 100 52
82 101 45
82 102 14
82 103 53
82 104 24
82 105 95
82 106 7
82 107 91
82 108 65
82 109 22
82 110 92
82 111 20
82 112 38
82 113 21
82 114 86
82 115 8
82 116 79
82 117 97
82 118 87
82 119 2
82 120 21
82 121 6
82 122 80
82 123 90
82 124 47
82 125 39
82 126 96
82 127 11
82 128 98
82 129 64
82 130 62
82 131 19
82 132 11
82 133 47
82 134 95
82 135 17
82 136 48
82 137 64
82 138 96
82 139 2
82 140 17
82 141 27
82 142 29
82 143 9
82 144 4
82 145 67
82 146 1
82 147 19
82 148 96
82 149 28
82 150 70
82 151 3
82 152 99
82 153 95
82 154 98
82 155 86
82 156 24
82 157 97
82 158 3
82 159 99
83 84 51
83 85 15
83 86 34
83 87 52
83 88 64
83 89 100
83 90 66
83 91 44
83 92 52
83 93 24
83 94 13
83 95 43
83 96 72
83 97 96
83 98 39
83 99 47
83 100 28
83 101 90
83 102 81
83 103 17
83 104 16
83 105 33
83 106 21
83 107 99
83 108 58
83 109 61
83 110 56
83 111 52
83 112 95
83 113 33
83 114 98
83 115 16
83 116 34
83 117 64
83 118 8
83 119 77
83 120 67
83 121 99
83 122 59
83 123 51
83 124 44
83 125 57
83 126 49
83 127 45
83 128 81
83 129 47
83 130 29
83 131 24
83 132 98
83 133 40
83 134 84
83 135 89
83 136 79
83 137 51
83 138 37
83 139 23
83 140 45
83 141 45
83 142 53
83 143 58
83 144 2
83 145 30
83 146 43
83 147 40
83 148 79
83 149 33
83 150 65
83 151 38
83 152 85
83 153 74
83 154 26
83 155 95
83 156 39
83 157 89
83 158 77
83 159 19
84 85 45
84 86 48
84 87 87
84 88 54
84 89 19
84 90 42
84 91 60
84 92 67
84 93 82
84 94 27
84 95 81
84 96 63
84 97 41
84 98 41
84 99 43
84 100 32
84 101 63
84 102 4
84 103 13
84 104 91
84 105 21
84 106 89
84 107 22
84 108 32
84 109 99
84 110 64
84 111 45
84 112 16
84 113 43
84 114 39
84 115 83
84 116 49
84 117 71
84 118 20
84 119 5
84 120 78
84 121 60
84 122 95
84 123 90
84 124 27
84 125 76
84 126 23
84 127 11
84 128 14
84 129 20
84 130 52
84 131 87
84 132 91
84 133 53
84 134 82
84 135 96
84 136 67
84 137 69
84 138 81
84 139 79
84 140 20
84 141 41
84 142 61
84 143 2
84 144 70
84 145 32
84 146 17
84 147 44
84 148 64
84 149 26
84 150 28
84 151 23
84 152 92
84 153 32
84 154 43
84 155 83
84 156 81
84 157 58
84 158 95
84 159 95
85 86 93
85 87 65
85 88 67
85 89 96
85 90 3
85 91 3
85 92 100
85 93 54
85 94 51
85 95 47
85 96 72
85 97 21
85 98 69
85 99 48
85 100 92
85 101 30
85 102 71
85 103 93
85 104 40
85 105 97
85 106 47
85 107 67
85 108 25
85 109 79
85 110 81
85 111 98
85 112 91
85 113 51
85 114 61
85 115 18
85 116 25
85 117 29
85 118 17
85 119 86
85 120 34
85 121 82
85 122 91
85 123 18
85 124 87
85 125 98
85 126 44
85 127 50
85 128 9
85 129 55
85 130 63
85 131 50
85 132 59
85 133 44
85 134 93
85 135 57
85 136 95
85 137 35
85 138 75
85 139 53
85 140 43
85 141 60
85 142 97
85 143 90
85 144 28
85 145 6
85 146 67
85 147 44
85 148 71
85 149 46
85 150 59
85 151 17
85 152 89
85 153 19
85 154 50
85 155 98
85 156 10
85 157 14
85 158 84
85 159 92
86 87 13
86 88 74
86 89 13
86 90 61
86 91 99
86 92 66
86 93 29
86 94 9
86 95 94
86 96 53
86 97 16
86 98 75
86 99 38
86 100 71
86 101 39
86 102 81
86 103 12
86 104 6
86 105 54
86 106 17
86 107 69
86 108 98
86 109 59
86 110 65
86 111 70
86 112 31
86 113 60
86 114 1
86 115 20
86 116 40
86 117 81
86 118 22
86 119 6
86 120 72
86 121 37
86 122 81
86 123 22
86 124 16
86 125 66
86 126 86
86 127 12
86 128 100
86 129 34
86 130 77
86 131 93
86 132 75
86 133 54
86 134 10
86 135 100
86 136 20
86 137 64
86 138 93
86 139 79
86 140 83
86 141 48
86 142 98
86 143 87
86 144 53
86 145 20
86 146 16
86 147 8
86 148 73
86 149 73
86 150 80
86 151 15
86 152 14
86 153 69
86 154 97
86 155 60
86 156 96
86 157 6
86 158 51
86 159 88
87 88 49
87 89 3
87 90 32
87 91 92
87 92 30
87 93 34
87 94 92
87 95 41
87 96 14
87 97 8
87 98 33
87 99 20
87 100 60
87 101 99
87 102 5
87 103 22
87 104 100
87 105 87
87 106 99
87 107 69
87 108 47
87 109 92
87 110 37
87 111 82
87 112 68
87 113 40
87 114 20
87 115 81
87 116 8
87 117 72
87 118 99
87 119 21
87 120 22
87 121 13
87 122 63
87 123 12
87 124 35
87 125 73
87 126 78
87 127 38
87 128 65
87 129 88
87 130 6
87 131 100
87 132 78
87 133 99
87 134 40
87 135 50
87 136 70
87 137 71
87 138 15
87 139 3
87 140 69
87 141 27
87 142 53
87 143 46
87 144 13
87 145 34
87 146 33
87 147 23
87 148 19
87 149 10
87 150 52
87 151 78
87 152 61
87 153 38
87 154 87
87 155 56
87 156 65
87 157 95
87 158 8
87 159 12
88 89 10
88 90 1
88 91 74
88 92 56
88 93 6
88 94 84
88 95 35
88 96 22
88 97 89
88 98 61
88 99 9
88 100 18
88 101 82
88 102 49
88 103 56
88 104 15
88 105 57
88 106 98
88 107 46
88 108 12
88 109 43
88 110 25
88 111 22
88 112 96
88 113 64
88 114 89
88 115 77
88 116 48
88 117 82
88 118 66
88 119 35
88 120 62
88 121 25
88 122 51
88 123 11
88 124 59
88 125 88
88 126 8
88 127 78
88 128 7
88 129 90
88 130 67
88 131 70
88 132 59
88 133 77
88 134 19
88 135 11
88 136 34
88 137 78
88 138 13
88 139 47
88 140 65
88 141 38
88 142 50
88 143 77
88 144 40
88 145 24
88 146 35
88 147 31
88 148 69
88 149 97
88 150 69
88 151 98
88 152 54
88 153 12
88 154 34
88 155 15
88 156 72
88 157 15
88 158 38
88 159 92
89 90 14
89 91 45
89 92 3
89 93 79
89 94 28
89 95 85
89 96 76
89 97 89
89 98 17
89 99 40
89 100 100
89 101 5
89 102 77
89 103 22
89 104 89
89 105 80
89 106 30
89 107 29
89 108 79
89 109 68
89 110 35
89 111 11
89 112 15
89 113 88
89 114 47
89 115 87
89 116 47
89 117 14
89 118 9
89 119 58
89 120 46
89 121 59
89 122 100
89 123 55
89 124 36
89 125 48
89 126 10
89 127 38
89 128 44
89 129 100
89 130 75
89 131 36
89 132 94
89 133 15
89 134 82
89 135 9
89 136 45
89 137 51
89 138 19
89 139 3
89 140 85
89 141 16
89 142 38
89 143 45
89 144 40
89 145 47
89 146 95
89 147 80
89 148 97
89 149 43
89 150 2
89 151 83
89 152 30
89 153 73
89 154 43
89 155 4
89 156 49
89 157 85
89 158 1
89 159 60
90 91 48
90 92 98
90 93 27
90 94 21
90 95 96
90 96 41
90 97 15
90 98 46
90 99 27
90 100 58
90 101 37
90 102 8
90 103 5
90 104 91
90 105 61
90 106 24
90 107 64
90 108 23
90 109 82
90 110 62
90 111 45
90 112 18
90 113 86
90 114 33
90 115 29
90 116 85
90 117 27
90 118 92
90 119 25
90 120 59
90 121 91
90 122 94
90 123 34
90 124 46
90 125 40
90 126 95
90 127 87
90 128 77
90 129 52
90 130 92
90 131 92
90 132 39
90 133 35
90 134 18
90 135 68
90 136 14
90 137 100
90 138 84
90 139 86
90 140 34
90 141 44
90 142 64
90 143 87
90 144 96
90 145 14
90 146 35
90 147 57
90 148 7
90 149 57
90 150 46
90 151 25
90 152 39
90 153 50
90 154 68
90 155 87
90 156 67
90 157 69
90 158 13
90 159 85
91 92 47
91 93 99
91 94 69
91 95 26
91 96 46
91 97 31
91 98 2
91 99 63
91 100 67
91 101 82
91 102 30
91 103 75
91 104 64
91 105 15
91 106 40
91 107 23
91 108 81
91 109 31
91 110 37
91 111 88
91 112 31
91 113 69
91 114 93
91 115 86
91 116 93
91 117 3
91 118 22
91 119 30
91 120 89
91 121 16
91 122 84
91 123 56
91 124 62
91 125 72
91 126 48
91 127 5
91 128 76
91 129 85
91 130 33
91 131 48
91 132 19
91 133 59
91 134 26
91 135 58
91 136 6
91 137 11
91 138 13
91 139 40
91 140 34
91 141 45
91 142 68
91 143 55
91 144 91
91 145 31
91 146 74
91 147 40
91 148 53
91 149 32
91 150 99
91 151 54
91 152 47
91 153 9
91 154 46
91 155 24
91 156 75
91 157 98
91 158 62
91 159 45
92 93 52
92 94 5
92 95 13
92 96 66
92 97 67
92 98 45
92 99 14
92 100 37
92 101 40
92 102 56
92 103 51
92 104 54
92 105 11
92 106 15
92 107 49
92 108 97
92 109 81
92 110 90
92 111 34
92 112 4
92 113 87
92 114 94
92 115 3
92 116 45
92 117 90
92 118 68
92 119 92
92 120 17
92 121 1
92 122 22
92 123 43
92 124 54
92 125 36
92 126 46
92 127 50
92 128 65
92 129 61
92 130 20
92 131 51
92 132 88
92 133 40
92 134 12
92 135 38
92 136 39
92 137 40
92 138 20
92 139 55
92 140 56
92 141 96
92 142 18
92 143 45
92 144 27
92 145 22
92 146 84
92 147 35
92 148 11
92 149 87
92 150 30
92 151 4
92 152 60
92 153 6
92 154 85
92 155 29
92 156 22
92 157 2
92 158 9
92 159 74
93 94 51
93 95 41
93 96 95
93 97 67
93 98 92
93 99 62
93 100 97
93 101 45
93 102 86
93 103 52
93 104 60
93 105 53
93 106 66
93 107 10
93 108 17
93 109 23
93 110 42
93 111 15
93 112 1
93 113 57
93 114 81
93 115 50
93 116 86
93 117 97
93 118 59
93 119 97
93 120 33
93 121 93
93 122 65
93 123 88
93 124 59
93 125 26
93 126 41
93 127 87
93 128 92
93 129 24
93 130 24
93 131 30
93 132 36
93 133 99
93 134 56
93 135 35
93 136 20
93 137 10
93 138 21
93 139 65
93 140 60
93 141 68
93 142 47
93 143 59
93 144 19
93 145 9
93 146 12
93 147 91
93 148 91
93 149 72
93 150 84
93 151 3
93 152 30
93 153 88
93 154 1
93 155 18
93 156 87
93 157 55
93 158 79
93 159 82
94 95 22
94 96 87
94 97 53
94 98 68
94 99 79
94 100 12
94 101 72
94 102 39
94 103 54
94 104 5
94 105 86
94 106 26
94 107 79
94 108 5
94 109 91
94 110 57
94 111 23
94 112 27
94 113 6
94 114 17
94 115 31
94 116 60
94 117 38
94 118 87
94 119 13
94 120 7
94 121 40
94 122 80
94 123 67
94 124 8
94 125 95
94 126 36
94 127 68
94 128 2
94 129 100
94 130 48
94 131 60
94 132 92
94 133 89
94 134 71
94 135 2
94 136 28
94 137 82
94 138 29
94 139 96
94 140 18
94 141 69
94 142 61
94 143 19
94 144 56
94 145 24
94 146 53
94 147 44
94 148 46
94 149 25
94 150 56
94 151 32
94 152 56
94 153 58
94 154 91
94 155 38
94 156 84
94 157 81
94 158 21
94 159 34
95 96 94
95 97 53
95 98 79
95 99 74
95 100 93
95 101 88
95 102 71
95 103 29
95 104 56
95 105 34
95 106 18
95 107 99
95 108 17
95 109 78
95 110 3
95 111 89
95 112 20
95 113 48
95 114 36
95 115 9
95 116 71
95 117 79
95 118 33
95 119 74
95 120 84
95 121 73
95 122 94
95 123 40
95 124 45
95 125 81
95 126 29
95 127 19
95 128 93
95 129 5
95 130 19
95 131 1
95 132 10
95 133 30
95 134 70
95 135 43
95 136 15
95 137 86
95 138 26
95 139 12
95 140 64
95 141 83
95 142 29
95 143 40
95 144 54
95 145 51
95 146 72
95 147 66
95 148 82
95 149 86
95 150 75
95 151 53
95 152 100
95 153 94
95 154 19
95 155 72
95 156 1
95 157 22
95 158 7
95 159 55
96 97 52
96 98 83
96 99 8
96 100 85
96 101 4
96 102 36
96 103 26
96 104 51
96 105 52
96 106 78
96 107 48
96 108 24
96 109 67
96 110 3
96 111 56
96 112 4
96 113 99
96 114 33
96 115 39
96 116 21
96 117 62
96 118 81
96 119 71
96 120 81
96 121 82
96 122 36
96 123 52
96 124 5
96 125 52
96 126 43
96 127 49
96 128 31
96 129 67
96 130 47
96 131 31
96 132 54
96 133 83
96 134 41
96 135 18
96 136 57
96 137 91
96 138 49
96 139 54
96 140 71
96 141 16
96 142 4
96 143 46
96 144 25
96 145 62
96 146 25
96 147 58
96 148 98
96 149 78
96 150 87
96 151 5
96 152 34
96 153 34
96 154 60
96 155 34
96 156 64
96 157 29
96 158 50
96 159 82
97 98 20
97 99 42
97 100 100
97 101 44
97 102 18
97 103 19
97 104 21
97 105 36
97 106 34
97 107 28
97 108 92
97 109 84
97 110 100
97 111 74
97 112 21
97 113 35
97 114 10
97 115 79
97 116 93
97 117 17
97 118 68
97 119 71
97 120 3
97 121 100
97 122 14
97 123 2
97 124 25
97 125 32
97 126 77
97 127 27
97 128 98
97 129 32
97 130 50
97 131 95
97 132 11
97 133 56
97 134 78
97 135 85
97 136 84
97 137 11
97 138 4
97 139 70
97 140 24
97 141 5
97 142 54
97 143 34
97 144 63
97 145 61
97 146 28
97 147 58
97 148 29
97 149 67
97 150 1
97 151 94
97 152 77
97 153 45
97 154 54
97 155 78
97 156 66
97 157 44
97 158 31
97 159 93
98 99 2
98 100 4
98 101 31
98 102 9
98 103 55
98 104 17
98 105 50
98 106 11
98 107 97
98 108 47
98 109 15
98 110 11
98 111 65
98 112 93
98 113 3
98 114 18
98 115 16
98 116 38
98 117 14
98 118 51
98 119 25
98 120 23
98 121 27
98 122 99
98 123 49
98 124 13
98 125 84
98 126 8
98 127 29
98 128 29
98 129 34
98 130 87
98 131 14
98 132 56
98 133 79
98 134 42
98 135 4
98 136 88
98 137 28
98 138 31
98 139 80
98 140 28
98 141 37
98 142 19
98 143 70
98 144 79
98 145 20
98 146 16
98 147 38
98 148 4
98 149 28
98 150 35
98 151 14
98 152 48
98 153 86
98 154 34
98 155 5
98 156 59
98 157 60
98 158 38
98 159 89
99 100 28
99 101 87
99 102 41
99 103 66
99 104 95
99 105 9
99 106 94
99 107 47
99 108 83
99 109 56
99 110 96
99 111 14
99 112 13
99 113 99
99 114 75
99 115 91
99 116 11
99 117 26
99 118 24
99 119 98
99 120 9
99 121 72
99 122 15
99 123 30
99 124 40
99 125 36
99 126 23
99 127 35
99 128 79
99 129 84
99 130 43
99 131 21
99 132 29
99 133 58
99 134 75
99 135 39
99 136 6
99 137 22
99 138 2
99 139 96
99 140 2
99 141 48
99 142 82
99 143 97
99 144 61
99 145 62
99 146 11
99 147 50
99 148 86
99 149 96
99 150 18
99 151 76
99 152 56
99 153 58
99 154 98
99 155 44
99 156 70
99 157 82
99 158 91
99 159 13
100 101 64
100 102 76
100 103 7
100 104 42
100 105 27
100 106 72
100 107 76
100 108 87
100 109 100
100 110 86
100 111 57
100 112 76
100 113 60
100 114 11
100 115 37
100 116 30
100 117 35
100 118 87
100 119 38
100 120 21
100 121 94
100 122 13
100 123 71
100 124 7
100 125 4
100 126 92
100 127 54
100 128 83
100 129 57
100 130 41
100 131 60
100 132 79
100 133 24
100 134 68
100 135 50
100 136 79
100 137 83
100 138 40
100 139 73
100 140 16
100 141 58
100 142 76
100 143 76
100 144 67
100 145 76
100 146 68
100 147 22
100 148 32
100 149 74
100 150 1
100 151 71
100 152 16
100 153 67
100 154 23
100 155 76
100 156 25
100 157 62
100 158 8
100 159 92
101 102 8
101 103 61
101 104 24
101 105 83
101 106 99
101 107 21
101 108 61
101 109 22
101 110 77
101 111 21
101 112 7
101 113 55
101 114 37
101 115 85
101 116 42
101 117 36
101 118 59
101 119 96
101 120 97
101 121 64
101 122 57
101 123 60
101 124 4
101 125 71
101 126 15
101 127 97
101 128 86
101 129 4
101 130 61
101 131 86
101 132 56
101 133 62
101 134 62
101 135 66
101 136 98
101 137 75
101 138 12
101 139 94
101 140 22
101 141 76
101 142 40
101 143 74
101 144 10
101 145 3
101 146 71
101 147 72
101 148 99
101 149 25
101 150 93
101 151 48
101 152 14
101 153 50
101 154 37
101 155 83
101 156 80
101 157 35
101 158 85
101 159 74
102 103 74
102 104 83
102 105 99
102 106 79
102 107 98
102 108 58
102 109 52
102 110 49
102 111 75
102 112 92
102 113 54
102 114 3
102 115 90
102 116 33
102 117 84
102 118 31
102 119 95
102 120 23
102 121 68
102 122 94
102 123 60
102 124 12
102 125 8
102 126 48
102 127 73
102 128 70
102 129 46
102 130 72
102 131 84
102 132 79
102 133 13
102 134 63
102 135 39
102 136 22
102 137 72
102 138 71
102 139 41
102 140 53
102 141 21
102 142 9
102 143 84
102 144 47
102 145 43
102 146 76
102 147 9
102 148 37
102 149 41
102 150 2
102 151 34
102 152 25
102 153 2
102 154 34
102 155 14
102 156 45
102 157 78
102 158 52
102 159 9
103 104 12
103 105 88
103 106 44
103 107 80
103 108 80
103 109 6
103 110 27
103 111 31
103 112 66
103 113 89
103 114 75
103 115 58
103 116 60
103 117 72
103 118 73
103 119 4
103 120 37
103 121 38
103 122 37
103 123 25
103 124 64
103 125 55
103 126 98
103 127 75
103 128 55
103 129 42
103 130 33
103 131 41
103 132 21
103 133 84
103 134 69
103 135 31
103 136 83
103 137 12
103 138 66
103 139 60
103 140 34
103 141 89
103 142 89
103 143 100
103 144 55
103 145 82
103 146 61
103 147 21
103 148 24
103 149 57
103 150 87
103 151 30
103 152 69
103 153 6
103 154 67
103 155 8
103 156 54
103 157 22
103 158 90
103 159 50
104 105 45
104 106 81
104 107 80
104 108 35
104 109 35
104 110 19
104 111 77
104 112 52
104 113 92
104 114 49
104 115 16
104 116 42
104 117 41
104 118 79
104 119 40
104 120 37
104 121 1
104 122 40
104 123 58
104 124 95
104 125 61
104 126 23
104 127 71
104 128 73
104 129 97
104 130 63
104 131 84
104 132 36
104 133 89
104 134 71
104 135 22
104 136 67
104 137 46
104 138 89
104 139 31
104 140 46
104 141 28
104 142 87
104 143 78
104 144 77
104 145 7
104 146 95
104 147 7
104 148 3
104 149 83
104 150 33
104 151 52
104 152 14
104 153 87
104 154 85
104 155 17
104 156 43
104 157 21
104 158 21
104 159 67
105 106 81
105 107 18
105 108 33
105 109 6
105 110 35
105 111 1
105 112 18
105 113 44
105 114 26
105 115 45
105 116 91
105 117 30
105 118 76
105 119 78
105 120 53
105 121 71
105 122 58
105 123 45
105 124 73
105 125 21
105 126 79
105 127 20
105 128 80
105 129 49
105 130 35
105 131 76
105 132 55
105 133 22
105 134 78
105 135 60
105 136 68
105 137 76
105 138 91
105 139 71
105 140 44
105 141 42
105 142 71
105 143 61
105 144 52
105 145 68
105 146 25
105 147 55
105 148 52
105 149 45
105 150 71
105 151 50
105 152 18
105 153 3
105 154 49
105 155 70
105 156 18
105 157 53
105 158 50
105 159 35
106 107 54
106 108 14
106 109 82
106 110 80
106 111 15
106 112 31
106 113 80
106 114 76
106 115 46
106 116 88
106 117 37
106 118 33
106 119 84
106 120 99
106 121 54
106 122 65
106 123 12
106 124 29
106 125 16
106 126 34
106 127 97
106 128 4
106 129 35
106 130 71
106 131 89
106 132 92
106 133 27
106 134 76
106 135 78
106 136 62
106 137 20
106 138 10
106 139 5
106 140 43
106 141 36
106 142 9
106 143 42
106 144 87
106 145 51
106 146 84
106 147 13
106 148 98
106 149 48
106 150 9
106 151 30
106 152 74
106 153 14
106 154 67
106 155 7
106 156 79
106 157 88
106 158 46
106 159 68
107 108 18
107 109 59
107 110 78
107 111 100
107 112 100
107 113 66
107 114 7
107 115 84
107 116 73
107 117 82
107 118 27
107 119 14
107 120 47
107 121 34
107 122 70
107 123 14
107 124 18
107 125 71
107 126 36
107 127 73
107 128 80
107 129 95
107 130 91
107 131 38
107 132 68
107 133 69
107 134 46
107 135 16
107 136 70
107 137 91
107 138 19
107 139 7
107 140 32
107 141 34
107 142 23
107 143 36
107 144 2
107 145 34
107 146 54
107 147 50
107 148 78
107 149 88
107 150 79
107 151 91
107 152 71
107 153 39
107 154 73
107 155 3
107 156 64
107 157 21
107 158 36
107 159 7
108 109 43
108 110 56
108 111 8
108 112 72
108 113 90
108 114 69
108 115 65
108 116 90
108 117 100
108 118 70
108 119 85
108 120 97
108 121 34
108 122 32
108 123 91
108 124 16
108 125 36
108 126 12
108 127 55
108 128 29
108 129 31
108 130 98
108 131 8
108 132 94
108 133 34
108 134 14
108 135 98
108 136 68
108 137 86
108 138 14
108 139 61
108 140 31
108 141 98
108 142 78
108 143 13
108 144 31
108 145 31
108 146 87
108 147 67
108 148 25
108 149 6
108 150 11
108 151 49
108 152 79
108 153 40
108 154 15
108 155 58
108 156 8
108 157 30
108 158 63
108 159 27
109 110 54
109 111 39
109 112 37
109 113 70
109 114 84
109 115 76
109 116 81
109 117 62
109 118 16
109 119 1
109 120 68
109 121 27
109 122 97
109 123 33
109 124 39
109 125 51
109 126 4
109 127 12
109 128 22
109 129 4
109 130 31
109 131 99
109 132 62
109 133 92
109 134 48
109 135 22
109 136 98
109 137 94
109 138 6
109 139 40
109 140 78
109 141 33
109 142 9
109 143 12
109 144 79
109 145 93
109 146 43
109 147 28
109 148 78
109 149 14
109 150 40
109 151 79
109 152 86
109 153 88
109 154 74
109 155 58
109 156 44
109 157 100
109 158 94
109 159 3
110 111 26
110 112 42
110 113 92
110 114 71
110 115 56
110 116 75
110 117 16
110 118 70
110 119 27
110 120 20
110 121 5
110 122 17
110 123 38
110 124 34
110 125 27
110 126 75
110 127 93
110 128 22
110 129 6
110 130 32
110 131 81
110 132 56
110 133 32
110 134 41
110 135 87
110 136 49
110 137 85
110 138 49
110 139 97
110 140 8
110 141 52
110 142 19
110 143 41
110 144 91
110 145 93
110 146 45
110 147 6
110 148 24
110 149 96
110 150 21
110 151 100
110 152 23
110 153 62
110 154 64
110 155 93
110 156 55
110 157 64
110 158 83
110 159 74
111 112 46
111 113 17
111 114 10
111 115 25
111 116 77
111 117 84
111 118 34
111 119 48
111 120 6
111 121 92
111 122 51
111 123 89
111 124 86
111 125 92
111 126 7
111 127 60
111 128 69
111 129 83
111 130 4
111 131 24
111 132 19
111 133 98
111 134 49
111 135 65
111 136 93
111 137 10
111 138 23
111 139 68
111 140 73
111 141 55
111 142 16
111 143 50
111 144 28
111 145 71
111 146 99
111 147 5
111 148 81
111 149 96
111 150 28
111 151 3
111 152 48
111 153 12
111 154 6
111 155 80
111 156 23
111 157 23
111 158 6
111 159 2
112 113 26
112 114 33
112 115 10
112 116 86
112 117 44
112 118 46
112 119 77
112 120 20
112 121 19
112 122 27
112 123 73
112 124 40
112 125 94
112 126 82
112 127 60
112 128 80
112 129 92
112 130 85
112 131 45
112 132 50
112 133 86
112 134 66
112 135 22
112 136 36
112 137 58
112 138 30
112 139 93
112 140 99
112 141 32
112 142 48
112 143 26
112 144 24
112 145 52
112 146 96
112 147 32
112 148 54
112 149 66
112 150 11
112 151 84
112 152 70
112 153 8
112 154 67
112 155 1
112 156 92
112 157 58
112 158 1
112 159 87
113 114 6
113 115 87
113 116 28
113 117 9
113 118 39
113 119 76
113 120 69
113 121 6
113 122 26
113 123 35
113 124 29
113 125 92
113 126 45
113 127 95
113 128 19
113 129 45
113 130 90
113 131 61
113 132 32
113 133 89
113 134 65
113 135 24
113 136 84
113 137 76
113 138 51
113 139 49
113 140 40
113 141 48
113 142 57
113 143 33
113 144 76
113 145 18
113 146 1
113 147 90
113 148 79
113 149 59
113 150 29
113 151 19
113 152 99
113 153 44
113 154 14
113 155 84
113 156 87
113 157 71
113 158 31
113 159 61
114 115 57
114 116 49
114 117 50
114 118 84
114 119 25
114 120 4
114 121 97
114 122 37
114 123 12
114 124 11
114 125 41
114 126 46
114 127 97
114 128 36
114 129 59
114 130 16
114 131 51
114 132 50
114 133 48
114 134 88
114 135 94
114 136 87
114 137 60
114 138 89
114 139 91
114 140 65
114 141 68
114 142 22
114 143 50
114 144 76
114 145 67
114 146 94
114 147 54
114 148 30
114 149 63
114 150 3
114 151 24
114 152 31
114 153 31
114 154 10
114 155 23
114 156 9
114 157 31
114 158 55
114 159 88
115 116 54
115 117 70
115 118 81
115 119 99
115 120 60
115 121 3
115 122 73
115 123 33
115 124 3
115 125 85
115 126 35
115 127 21
115 128 64
115 129 20
115 130 1
115 131 97
115 132 6
115 133 65
115 134 20
115 135 66
115 136 52
115 137 22
115 138 51
115 139 19
115 140 100
115 141 92
115 142 55
115 143 56
115 144 90
115 145 25
115 146 67
115 147 41
115 148 41
115 149 39
115 150 98
115 151 39
115 152 66
115 153 91
115 154 63
115 155 39
115 156 81
115 157 71
115 158 19
115 159 66
116 117 30
116 118 55
116 119 85
116 120 85
116 121 62
116 122 2
116 123 67
116 124 79
116 125 72
116 126 43
116 127 80
116 128 50
116 129 54
116 130 7
116 131 93
116 132 50
116 133 68
116 134 2
116 135 76
116 136 14
116 137 59
116 138 33
116 139 45
116 140 6
116 141 38
116 142 1
116 143 100
116 144 90
116 145 1
116 146 52
116 147 14
116 148 78
116 149 46
116 150 73
116 151 72
116 152 14
116 153 100
116 154 36
116 155 26
116 156 8
116 157 49
116 158 73
116 159 95
117 118 85
117 119 36
117 120 4
117 121 57
117 122 92
117 123 59
117 124 2
117 125 75
117 126 31
117 127 9
117 128 70
117 129 47
117 130 30
117 131 9
117 132 31
117 133 66
117 134 40
117 135 36
117 136 88
117 137 11
117 138 82
117 139 68
117 140 81
117 141 88
117 142 50
117 143 30
117 144 36
117 145 85
117 146 93
117 147 32
117 148 36
117 149 49
117 150 78
117 151 67
117 152 65
117 153 34
117 154 79
117 155 94
117 156 56
117 157 97
117 158 65
117 159 66
118 119 53
118 120 23
118 121 12
118 122 63
118 123 32
118 124 61
118 125 32
118 126 87
118 127 40
118 128 71
118 129 23
118 130 46
118 131 69
118 132 90
118 133 86
118 134 30
118 135 31
118 136 90
118 137 47
118 138 94
118 139 47
118 140 54
118 141 12
118 142 82
118 143 7
118 144 21
118 145 55
118 146 43
118 147 73
118 148 83
118 149 87
118 150 48
118 151 85
118 152 49
118 153 62
118 154 33
118 155 78
118 156 24
118 157 93
118 158 93
118 159 94
119 120 1
119 121 33
119 122 4
119 123 6
119 124 31
119 125 8
119 126 61
119 127 84
119 128 62
119 129 43
119 130 43
119 131 100
119 132 7
119 133 15
119 134 77
119 135 62
119 136 88
119 137 60
119 138 72
119 139 38
119 140 55
119 141 35
119 142 9
119 143 36
119 144 84
119 145 68
119 146 75
119 147 43
119 148 85
119 149 93
119 150 81
119 151 44
119 152 39
119 153 7
119 154 70
119 155 5
119 156 92
119 157 37
119 158 80
119 159 47
120 121 34
120 122 31
120 123 22
120 124 94
120 125 11
120 126 22
120 127 46
120 128 22
120 129 79
120 130 35
120 131 52
120 132 30
120 133 3
120 134 90
120 135 22
120 136 14
120 137 23
120 138 84
120 139 90
120 140 70
120 141 7
120 142 50
120 143 1
120 144 93
120 145 49
120 146 28
120 147 93
120 148 86
120 149 35
120 150 100
120 151 50
120 152 83
120 153 59
120 154 18
120 155 81
120 156 91
120 157 16
120 158 66
120 159 58
121 122 7
121 123 62
121 124 41
121 125 87
121 126 94
121 127 21
121 128 94
121 129 98
121 130 55
121 131 54
121 132 63
121 133 1
121 134 77
121 135 28
121 136 20
121 137 73
121 138 53
121 139 92
121 140 68
121 141 88
121 142 89
121 143 36
121 144 32
121 145 51
121 146 12
121 147 65
121 148 89
121 149 28
121 150 58
121 151 8
121 152 92
121 153 31
121 154 86
121 155 12
121 156 60
121 157 33
121 158 58
121 159 79
122 123 59
122 124 80
122 125 12
122 126 15
122 127 1
122 128 71
122 129 80
122 130 48
122 131 17
122 132 85
122 133 15
122 134 69
122 135 3
122 136 78
122 137 20
122 138 76
122 139 70
122 140 70
122 141 10
122 142 42
122 143 59
122 144 36
122 145 61
122 146 81
122 147 21
122 148 39
122 149 89
122 150 81
122 151 31
122 152 67
122 153 8
122 154 38
122 155 14
122 156 20
122 157 24
122 158 15
122 159 23
123 124 9
123 125 58
123 126 8
123 127 6
123 128 56
123 129 14
123 130 14
123 131 51
123 132 85
123 133 96
123 134 93
123 135 3
123 136 81
123 137 24
123 138 13
123 139 9
123 140 57
123 141 97
123 142 29
123 143 98
123 144 61
123 145 90
123 146 34
123 147 57
123 148 39
123 149 43
123 150 63
123 151 54
123 152 39
123 153 6
123 154 51
123 155 44
123 156 54
123 157 46
123 158 1
123 159 66
124 125 42
124 126 11
124 127 31
124 128 79
124 129 84
124 130 66
124 131 42
124 132 24
124 133 30
124 134 29
124 135 24
124 136 90
124 137 84
124 138 32
124 139 58
124 140 76
124 141 46
124 142 49
124 143 9
124 144 89
124 145 91
124 146 55
124 147 71
124 148 80
124 149 74
124 150 28
124 151 20
124 152 57
124 153 25
124 154 13
124 155 49
124 156 7
124 157 82
124 158 7
124 159 100
125 126 55
125 127 68
125 128 57
125 129 29
125 130 33
125 131 21
125 132 42
125 133 71
125 134 2
125 135 75
125 136 68
125 137 77
125 138 87
125 139 65
125 140 55
125 141 94
125 142 2
125 143 54
125 144 23
125 145 81
125 146 19
125 147 81
125 148 11
125 149 14
125 150 75
125 151 11
125 152 10
125 153 66
125 154 67
125 155 57
125 156 66
125 157 61
125 158 52
125 159 70
126 127 84
126 128 28
126 129 14
126 130 54
126 131 85
126 132 1
126 133 43
126 134 39
126 135 80
126 136 74
126 137 93
126 138 68
126 139 84
126 140 18
126 141 64
126 142 21
126 143 68
126 144 38
126 145 94
126 146 34
126 147 88
126 148 84
126 149 4
126 150 5
126 151 25
126 152 88
126 153 85
126 154 63
126 155 76
126 156 6
126 157 31
126 158 29
126 159 48
127 128 6
127 129 96
127 130 9
127 131 53
127 132 9
127 133 11
127 134 98
127 135 15
127 136 68
127 137 54
127 138 52
127 139 92
127 140 42
127 141 14
127 142 47
127 143 93
127 144 53
127 145 87
127 146 52
127 147 95
127 148 72
127 149 63
127 150 30
127 151 59
127 152 2
127 153 10
127 154 83
127 155 29
127 156 14
127 157 77
127 158 93
127 159 32
128 129 37
128 130 87
128 131 4
128 132 45
128 133 67
128 134 13
128 135 74
128 136 12
128 137 54
128 138 70
128 139 88
128 140 86
128 141 93
128 142 43
128 143 61
128 144 6
128 145 84
128 146 98
128 147 57
128 148 56
128 149 45
128 150 71
128 151 45
128 152 18
128 153 63
128 154 32
128 155 29
128 156 100
128 157 95
128 158 38
128 159 33
129 130 82
129 131 57
129 132 72
129 133 98
129 134 1
129 135 35
129 136 63
129 137 18
129 138 33
129 139 71
129 140 1
129 141 41
129 142 65
129 143 57
129 144 52
129 145 4
129 146 86
129 147 34
129 148 83
129 149 59
129 150 55
129 151 83
129 152 98
129 153 32
129 154 6
129 155 4
129 156 40
129 157 79
129 158 42
129 159 37
130 131 32
130 132 14
130 133 54
130 134 56
130 135 36
130 136 59
130 137 85
130 138 24
130 139 15
130 140 84
130 141 100
130 142 12
130 143 65
130 144 80
130 145 95
130 146 68
130 147 92
130 148 29
130 149 59
130 150 87
130 151 53
130 152 8
130 153 86
130 154 29
130 155 63
130 156 18
130 157 93
130 158 27
130 159 45
131 132 55
131 133 21
131 134 58
131 135 79
131 136 44
131 137 93
131 138 43
131 139 79
131 140 81
131 141 93
131 142 53
131 143 38
131 144 90
131 145 48
131 146 53
131 147 65
131 148 85
131 149 10
131 150 41
131 151 79
131 152 95
131 153 7
131 154 91
131 155 29
131 156 85
131 157 45
131 158 57
131 159 25
132 133 56
132 134 77
132 135 100
132 136 13
132 137 9
132 138 67
132 139 99
132 140 34
132 141 54
132 142 20
132 143 26
132 144 69
132 145 35
132 146 72
132 147 68
132 148 39
132 149 58
132 150 85
132 151 19
132 152 59
132 153 57
132 154 86
132 155 89
132 156 84
132 157 44
132 158 94
132 159 89
133 134 94
133 135 75
133 136 81
133 137 81
133 138 72
133 139 8
133 140 30
133 141 12
133 142 10
133 143 42
133 144 51
133 145 59
133 146 35
133 147 93
133 148 64
133 149 86
133 150 24
133 151 7
133 152 38
133 153 60
133 154 24
133 155 92
133 156 94
133 157 61
133 158 29
133 159 67
134 135 5
134 136 45
134 137 47
134 138 16
134 139 54
134 140 66
134 141 74
134 142 56
134 143 65
134 144 38
134 145 30
134 146 81
134 147 71
134 148 72
134 149 80
134 150 37
134 151 52
134 152 99
134 153 58
134 154 53
134 155 48
134 156 5
134 157 11
134 158 4
134 159 96
135 136 10
135 137 66
135 138 8
135 139 37
135 140 1
135 141 86
135 142 73
135 143 62
135 144 22
135 145 52
135 146 95
135 147 25
135 148 54
135 149 14
135 150 13
135 151 50
135 152 41
135 153 14
135 154 6
135 155 88
135 156 21
135 157 84
135 158 20
135 159 53
136 137 30
136 138 13
136 139 93
136 140 28
136 141 27
136 142 60
136 143 42
136 144 32
136 145 34
136 146 85
136 147 44
136 148 80
136 149 11
136 150 93
136 151 80
136 152 85
136 153 59
136 154 52
136 155 21
136 156 88
136 157 83
136 158 79
136 159 86
137 138 94
137 139 100
137 140 89
137 141 34
137 142 47
137 143 61
137 144 94
137 145 85
137 146 28
137 147 74
137 148 83
137 149 93
137 150 17
137 151 89
137 152 6
137 153 41
137 154 85
137 155 64
137 156 41
137 157 43
137 158 93
137 159 45
138 139 65
138 140 49
138 141 98
138 142 80
138 143 1
138 144 38
138 145 56
138 146 8
138 147 63
138 148 41
138 149 4
138 150 17
138 151 55
138 152 54
138 153 32
138 154 82
138 155 81
138 156 26
138 157 49
138 158 14
138 159 100
139 140 86
139 141 89
139 142 41
139 143 83
139 144 52
139 145 49
139 146 42
139 147 56
139 148 10
139 149 54
139 150 51
139 151 82
139 152 52
139 153 11
139 154 19
139 155 55
139 156 9
139 157 17
139 158 56
139 159 37
140 141 28
140 142 10
140 143 8
140 144 72
140 145 78
140 146 49
140 147 66
140 148 96
140 149 20
140 150 53
140 151 77
140 152 99
140 153 27
140 154 99
140 155 16
140 156 27
140 157 78
140 158 40
140 159 15
141 142 21
141 143 36
141 144 14
141 145 16
141 146 51
141 147 100
141 148 44
141 149 62
141 150 18
141 151 27
141 152 89
141 153 12
141 154 40
141 155 2
141 156 58
141 157 21
141 158 72
141 159 58
142 143 24
142 144 80
142 145 16
142 146 6
142 147 64
142 148 5
142 149 3
142 150 73
142 151 7
142 152 78
142 153 6
142 154 64
142 155 57
142 156 20
142 157 84
142 158 93
142 159 45
143 144 31
143 145 71
143 146 72
143 147 21
143 148 27
143 149 97
143 150 80
143 151 41
143 152 97
143 153 15
143 154 1
143 155 50
143 156 66
143 157 14
143 158 97
143 159 88
144 145 17
144 146 12
144 147 32
144 148 4
144 149 39
144 150 20
144 151 31
144 152 35
144 153 57
144 154 1
144 155 71
144 156 34
144 157 94
144 158 62
144 159 55
145 146 92
145 147 34
145 148 40
145 149 79
145 150 25
145 151 86
145 152 50
145 153 49
145 154 30
145 155 98
145 156 16
145 157 79
145 158 70
145 159 14
146 147 50
146 148 52
146 149 94
146 150 33
146 151 53
146 152 80
146 153 68
146 154 49
146 155 34
146 156 67
146 157 85
146 158 45
146 159 10
147 148 77
147 149 49
147 150 89
147 151 15
147 152 70
147 153 80
147 154 28
147 155 31
147 156 24
147 157 15
147 158 25
147 159 22
148 149 99
148 150 67
148 151 92
148 152 95
148 153 95
148 154 42
148 155 66
148 156 66
148 157 6
148 158 67
148 159 47
149 150 13
149 151 6
149 152 20
149 153 51
149 154 34
149 155 34
149 156 24
149 157 45
149 158 94
149 159 2
150 151 18
150 152 38
150 153 67
150 154 98
150 155 43
150 156 66
150 157 11
150 158 52
150 159 17
151 152 78
151 153 60
151 154 2
151 155 74
151 156 90
151 157 57
151 158 8
151 159 66
152 153 6
152 154 86
152 155 94
152 156 28
152 157 79
152 158 31
152 159 54
153 154 38
153 155 71
153 156 88
153 157 72
153 158 51
153 159 83
154 155 75
154 156 24
154 157 69
154 158 81
154 159 9
155 156 40
155 157 27
155 158 100
155 159 83
156 157 70
156 158 78
156 159 46
157 158 16
157 159 35
158 159 12
